Unity Editor version:    6000.5.7f1 (017862109af0)
Branch:                  6000.5/staging
Build type:              Release
Batch mode:              YES
macOS version:           Version 26.5.2 (Build 25F84)
Darwin version:          25.5.0
Architecture:            arm64
Running under Rosetta:   NO
Available memory:        36864 MB
Date:                    2026-09-06T20:27:30Z
[Licensing::Module] Trying to connect to existing licensing client channel...
[Licensing::IpcConnector] Successfully connected to: "LicenseClient-lucas-furini" at "2026-09-06T20:27:30.565693Z"
Launching external process: /Applications/Unity/Hub/Editor/6000.5.7f1/Unity.app/Contents/Helpers/PackageManager/Server/UnityPackageManager

COMMAND LINE ARGUMENTS:
/Applications/Unity/Hub/Editor/6000.5.7f1/Unity.app/Contents/MacOS/Unity
-batchmode
-quit
-projectPath
/Users/lucas-furini/repos/checkout/unity/CheckoutSimulator
-executeMethod
CheckoutBuilder.IOS
-logFile
/Users/lucas-furini/repos/checkout/unity/ios-build.log
Successfully changed project path to: /Users/lucas-furini/repos/checkout/unity/CheckoutSimulator
/Users/lucas-furini/repos/checkout/unity/CheckoutSimulator
[UnityMemory] Configuration Parameters - Can be set up in boot.config
    "memorysetup-temp-allocator-size-gi-baking-worker=262144"
    "memorysetup-temp-allocator-size-gi-baking-worker=262144"
    "memorysetup-temp-allocator-size-gi-baking-worker=262144"
    "memorysetup-temp-allocator-size-gi-baking-worker=262144"
    "memorysetup-temp-allocator-size-gi-baking-worker=262144"
    "memorysetup-temp-allocator-size-nav-mesh-worker=65536"
    "memorysetup-temp-allocator-size-audio-worker=65536"
    "memorysetup-temp-allocator-size-cloud-worker=32768"
    "memorysetup-allocator-temp-initial-block-size-main=262144"
    "memorysetup-allocator-temp-initial-block-size-worker=262144"
    "memorysetup-temp-allocator-size-preload-manager=33554432"
    "memorysetup-temp-allocator-size-gfx=262144"
    "memorysetup-temp-allocator-size-background-worker=32768"
    "memorysetup-temp-allocator-size-job-worker=262144"
    "memorysetup-bucket-allocator-granularity=16"
    "memorysetup-bucket-allocator-bucket-count=8"
    "memorysetup-bucket-allocator-block-size=33554432"
    "memorysetup-bucket-allocator-block-count=8"
    "memorysetup-main-allocator-block-size=16777216"
    "memorysetup-thread-allocator-block-size=16777216"
    "memorysetup-main-allocator-mimalloc-enabled=0"
    "memorysetup-gfx-main-allocator-block-size=16777216"
    "memorysetup-gfx-thread-allocator-block-size=16777216"
    "memorysetup-cache-allocator-block-size=4194304"
    "memorysetup-typetree-allocator-block-size=2097152"
    "memorysetup-profiler-bucket-allocator-granularity=16"
    "memorysetup-profiler-bucket-allocator-bucket-count=8"
    "memorysetup-profiler-bucket-allocator-block-size=33554432"
    "memorysetup-profiler-bucket-allocator-block-count=8"
    "memorysetup-profiler-allocator-block-size=16777216"
    "memorysetup-profiler-editor-allocator-block-size=1048576"
    "memorysetup-temp-allocator-size-main=16777216"
    "memorysetup-job-temp-allocator-block-size=2097152"
    "memorysetup-job-temp-allocator-block-size-background=1048576"
    "memorysetup-job-temp-allocator-reduction-small-platforms=262144"
Logging is directed to a specific file, skipping project log.Player connection [8290065792]  Target information:

Player connection [8290065792]  * "[IP] 192.168.1.108 [Port] 55504 [Flags] 2 [Guid] 1122735860 [EditorId] 1122735860 [Version] 1048832 [Id] OSXEditor(0,S24-LT1PYPMVF1) [Debug] 1 [PackageName] OSXEditor [ProjectName] Editor" 

Player connection [8290065792] Host joined multi-casting on [225.0.0.222:54997]...
Player connection [8290065792] Host joined alternative multi-casting on [225.0.0.222:34997]...
Input System module state changed to: Initialized.
[Physics::Module] Initialized fallback backend.
[Physics::Module] Id: 0xdecafbad
[Licensing::Client] Error: HandshakeResponse reported an error:
	ResponseCode: 505
	ResponseStatus: Unsupported protocol version '1.18.1'.
[Licensing::Module] Error: Failed to handshake to channel: "LicenseClient-lucas-furini"
[Licensing::IpcConnector] LicenseClient-lucas-furini channel disconnected successfully.
[Licensing::IpcConnector] Channel LicenseClient-lucas-furini-6000.5.7 doesn't exist
Launching external process: /Applications/Unity/Hub/Editor/6000.5.7f1/Unity.app/Contents/Helpers/UnityLicensingClient.app/Contents/MacOS/Unity.Licensing.Client
[Licensing::Module] Successfully launched the LicensingClient (PId: 37353)
[Licensing::IpcConnector] Successfully connected to: "LicenseClient-lucas-furini-6000.5.7" at "2026-09-06T20:27:31.733817Z"
[Package Manager] Connected to IPC stream "Upm-37306" after 1.2 seconds.
[Licensing::Module] Licensing is not yet initialized.
[Licensing::Client] Handshaking with LicensingClient:
  Version:                 1.18.1+9fbee8e
  Session Id:              b413ee7d23d243e1a6e79bce4b94e605
  Correlation Id:          4afe2e83d696993d91a8f7738f2c8f86
  External correlation Id: 2317303176198108199
  Machine Id:              ndsxFgK9oCM6n9D0/BNZ1wKm9RU=
[Licensing::Module] Successfully connected to LicensingClient on channel: "LicenseClient-lucas-furini-6000.5.7" (connect: 0.87s, validation: 0.05s, handshake: 0.42s)
[Licensing::IpcConnector] Successfully connected to: "LicenseClient-lucas-furini-6000.5.7-notifications" at "2026-09-06T20:27:32.208087Z"
[Licensing::Module] Connected to LicensingClient (PId: 37353, launch time: 0.01, total connection time: 1.34s)
[Licensing::Module] Error: Access token is unavailable; failed to update
[Licensing::Client] Successfully resolved entitlement details
[Licensing::Module] License group:
  Id: 9072431765316-UnityPersXXXX
  Product: Unity Personal
  Type: Assigned
  Expiration: Unlimited
[Licensing::Client] Successfully updated license, isAsync: True, time: 0.03
[Licensing::Client] Successfully resolved entitlement details
[Licensing::Module] Licensing Background thread has ended after 1.81s
[Licensing::Module] Licensing is initialized (took 0.40s).
[Licensing::Client] Successfully resolved entitlement details
Library Redirect Path: Library/
[Physics::Module] Selected backend.
[Physics::Module] Name: PhysX
[Physics::Module] Id: 0xf2b8ea05
[Physics::Module] SDK Version: 4.1.2
[Physics::Module] Integration Version: 1.0.0
[Physics::Module] Threading Mode: Multi-Threaded
Artifact Garbage Collection - Removed 1 unused hashed content files
[Licensing::Client] Successfully resolved entitlement details
Initialize engine version: 6000.5.7f1 (017862109af0)
[Subsystems] Discovering subsystems at path /Applications/Unity/Hub/Editor/6000.5.7f1/Unity.app/Contents/Resources/UnitySubsystems
[Subsystems] Discovering subsystems at path /Users/lucas-furini/repos/checkout/unity/CheckoutSimulator/Assets
GfxDevice: creating device client; kGfxThreadingModeNonThreaded
 preferred device: Apple M3 Pro (high power)
Metal devices available: 1
0: Apple M3 Pro (high power)
Using device Apple M3 Pro (high power)
Initializing Metal device caps: Apple M3 Pro
Mac GPU Family: 2
Apple GPU Family: 9
MSL Version: 3.0
Has Float MSAA: 1
Has Float Filtering: 1
ReadWrite Texture Tier: 2
Initialize mono
Mono path[0] = '/Applications/Unity/Hub/Editor/6000.5.7f1/Unity.app/Contents/Resources/Scripting/Managed'
Mono path[1] = '/Applications/Unity/Hub/Editor/6000.5.7f1/Unity.app/Contents/Resources/Scripting/BCLExtensions/runtime/netstandard2.1'
Mono path[2] = '/Applications/Unity/Hub/Editor/6000.5.7f1/Unity.app/Contents/Resources/Scripting/MonoBleedingEdge/lib/mono/unityjit-macos'
Mono config path = '/Applications/Unity/Hub/Editor/6000.5.7f1/Unity.app/Contents/Resources/Scripting/MonoBleedingEdge/etc'
Using monoOptions --debugger-agent=transport=dt_socket,embedding=1,server=y,suspend=n,address=127.0.0.1:56306
CodeReloadManager initialized
ImportWorker Server TCP listen port: 0
AcceleratorClientConnectionCallback - disconnected - :0
Begin MonoManager ReloadAssembly
Registering precompiled unity dll's ...
Register platform support module: /Applications/Unity/Hub/Editor/6000.5.7f1/PlaybackEngines/MacStandaloneSupport/UnityEditor.OSXStandalone.Extensions.dll
Register platform support module: /Applications/Unity/Hub/Editor/6000.5.7f1/PlaybackEngines/iOSSupport/UnityEditor.iOS.Extensions.dll
Registered in 0.003034 seconds.
[usbmuxd] Start listen thread
[usbmuxd] Listen thread started
[usbmuxd] Send listen message
Native extension for iOS target not found
Native extension for OSXStandalone target not found
Package Manager log level set to [2]
ScheduleIndexationOnStartup MainProcess:False IndexOnStartup:False
Mono: successfully reloaded assembly
- Finished resetting the current domain, in  0.311 seconds
Domain Reload Profiling: 749ms
	BeginReloadAssembly (158ms)
		CreateAndSetChildDomain (9ms)
	RebuildCommonClasses (3ms)
	RebuildNativeTypeToScriptingClass (17ms)
	initialDomainReloadingComplete (41ms)
	LoadAllAssembliesAndSetupDomain (217ms)
		LoadAssemblies (152ms)
		AnalyzeDomain (170ms)
			TypeCache.Refresh (170ms)
				TypeCache.ScanAssembly (155ms)
	FinalizeReload (312ms)
		SetupLoadedEditorAssemblies (0ms)
			InitializePlatformSupportModulesInManaged (32ms)
			BeforeProcessingInitializeOnLoad (52ms)
			ProcessInitializeOnLoadAttributes (63ms)
			ProcessInitializeOnLoadMethodAttributes (119ms)
[Licensing::Client] Successfully resolved entitlement details
[Licensing::Client] Successfully resolved entitlement details
Application.AssetDatabase Initial Refresh Start
[Package Manager] Restoring resolved packages state from cache
[Licensing::Client] Successfully resolved entitlement details
[Package Manager] Registered 43 packages:
  Packages from [https://packages.unity.com]:
    com.unity.ai.assistant@2.19.0-pre.2 (location: /Users/lucas-furini/repos/checkout/unity/CheckoutSimulator/Library/PackageCache/com.unity.ai.assistant@8d1e3e89e3a7)
    com.unity.nuget.mono-cecil@1.11.6 (location: /Users/lucas-furini/repos/checkout/unity/CheckoutSimulator/Library/PackageCache/com.unity.nuget.mono-cecil@ecb9724e46ff)
    com.unity.nuget.newtonsoft-json@3.2.2 (location: /Users/lucas-furini/repos/checkout/unity/CheckoutSimulator/Library/PackageCache/com.unity.nuget.newtonsoft-json@4dfd81071c64)
  Built-in packages:
    com.unity.multiplayer.center@1.0.1 (location: /Users/lucas-furini/repos/checkout/unity/CheckoutSimulator/Library/PackageCache/com.unity.multiplayer.center@b860850997d0)
    com.unity.modules.accessibility@1.0.0 (location: /Users/lucas-furini/repos/checkout/unity/CheckoutSimulator/Library/PackageCache/com.unity.modules.accessibility)
    com.unity.modules.adaptiveperformance@1.0.0 (location: /Users/lucas-furini/repos/checkout/unity/CheckoutSimulator/Library/PackageCache/com.unity.modules.adaptiveperformance)
    com.unity.modules.ai@1.0.0 (location: /Users/lucas-furini/repos/checkout/unity/CheckoutSimulator/Library/PackageCache/com.unity.modules.ai)
    com.unity.modules.androidjni@1.0.0 (location: /Users/lucas-furini/repos/checkout/unity/CheckoutSimulator/Library/PackageCache/com.unity.modules.androidjni)
    com.unity.modules.animation@1.0.0 (location: /Users/lucas-furini/repos/checkout/unity/CheckoutSimulator/Library/PackageCache/com.unity.modules.animation)
    com.unity.modules.assetbundle@1.0.0 (location: /Users/lucas-furini/repos/checkout/unity/CheckoutSimulator/Library/PackageCache/com.unity.modules.assetbundle)
    com.unity.modules.audio@1.0.0 (location: /Users/lucas-furini/repos/checkout/unity/CheckoutSimulator/Library/PackageCache/com.unity.modules.audio)
    com.unity.modules.cloth@1.0.0 (location: /Users/lucas-furini/repos/checkout/unity/CheckoutSimulator/Library/PackageCache/com.unity.modules.cloth)
    com.unity.modules.director@1.0.0 (location: /Users/lucas-furini/repos/checkout/unity/CheckoutSimulator/Library/PackageCache/com.unity.modules.director)
    com.unity.modules.imageconversion@1.0.0 (location: /Users/lucas-furini/repos/checkout/unity/CheckoutSimulator/Library/PackageCache/com.unity.modules.imageconversion)
    com.unity.modules.imgui@1.0.0 (location: /Users/lucas-furini/repos/checkout/unity/CheckoutSimulator/Library/PackageCache/com.unity.modules.imgui)
    com.unity.modules.jsonserialize@1.0.0 (location: /Users/lucas-furini/repos/checkout/unity/CheckoutSimulator/Library/PackageCache/com.unity.modules.jsonserialize)
    com.unity.modules.particlesystem@1.0.0 (location: /Users/lucas-furini/repos/checkout/unity/CheckoutSimulator/Library/PackageCache/com.unity.modules.particlesystem)
    com.unity.modules.physics@1.0.0 (location: /Users/lucas-furini/repos/checkout/unity/CheckoutSimulator/Library/PackageCache/com.unity.modules.physics)
    com.unity.modules.physics2d@1.0.0 (location: /Users/lucas-furini/repos/checkout/unity/CheckoutSimulator/Library/PackageCache/com.unity.modules.physics2d)
    com.unity.modules.physicscore2d@1.0.0 (location: /Users/lucas-furini/repos/checkout/unity/CheckoutSimulator/Library/PackageCache/com.unity.modules.physicscore2d)
    com.unity.modules.screencapture@1.0.0 (location: /Users/lucas-furini/repos/checkout/unity/CheckoutSimulator/Library/PackageCache/com.unity.modules.screencapture)
    com.unity.modules.terrain@1.0.0 (location: /Users/lucas-furini/repos/checkout/unity/CheckoutSimulator/Library/PackageCache/com.unity.modules.terrain)
    com.unity.modules.terrainphysics@1.0.0 (location: /Users/lucas-furini/repos/checkout/unity/CheckoutSimulator/Library/PackageCache/com.unity.modules.terrainphysics)
    com.unity.modules.tilemap@1.0.0 (location: /Users/lucas-furini/repos/checkout/unity/CheckoutSimulator/Library/PackageCache/com.unity.modules.tilemap)
    com.unity.modules.ui@1.0.0 (location: /Users/lucas-furini/repos/checkout/unity/CheckoutSimulator/Library/PackageCache/com.unity.modules.ui)
    com.unity.modules.uielements@1.0.0 (location: /Users/lucas-furini/repos/checkout/unity/CheckoutSimulator/Library/PackageCache/com.unity.modules.uielements)
    com.unity.modules.umbra@1.0.0 (location: /Users/lucas-furini/repos/checkout/unity/CheckoutSimulator/Library/PackageCache/com.unity.modules.umbra)
    com.unity.modules.unityanalytics@1.0.0 (location: /Users/lucas-furini/repos/checkout/unity/CheckoutSimulator/Library/PackageCache/com.unity.modules.unityanalytics)
    com.unity.modules.unitywebrequest@1.0.0 (location: /Users/lucas-furini/repos/checkout/unity/CheckoutSimulator/Library/PackageCache/com.unity.modules.unitywebrequest)
    com.unity.modules.unitywebrequestassetbundle@1.0.0 (location: /Users/lucas-furini/repos/checkout/unity/CheckoutSimulator/Library/PackageCache/com.unity.modules.unitywebrequestassetbundle)
    com.unity.modules.unitywebrequestaudio@1.0.0 (location: /Users/lucas-furini/repos/checkout/unity/CheckoutSimulator/Library/PackageCache/com.unity.modules.unitywebrequestaudio)
    com.unity.modules.unitywebrequesttexture@1.0.0 (location: /Users/lucas-furini/repos/checkout/unity/CheckoutSimulator/Library/PackageCache/com.unity.modules.unitywebrequesttexture)
    com.unity.modules.unitywebrequestwww@1.0.0 (location: /Users/lucas-furini/repos/checkout/unity/CheckoutSimulator/Library/PackageCache/com.unity.modules.unitywebrequestwww)
    com.unity.modules.vectorgraphics@1.0.0 (location: /Users/lucas-furini/repos/checkout/unity/CheckoutSimulator/Library/PackageCache/com.unity.modules.vectorgraphics)
    com.unity.modules.vehicles@1.0.0 (location: /Users/lucas-furini/repos/checkout/unity/CheckoutSimulator/Library/PackageCache/com.unity.modules.vehicles)
    com.unity.modules.video@1.0.0 (location: /Users/lucas-furini/repos/checkout/unity/CheckoutSimulator/Library/PackageCache/com.unity.modules.video)
    com.unity.modules.wind@1.0.0 (location: /Users/lucas-furini/repos/checkout/unity/CheckoutSimulator/Library/PackageCache/com.unity.modules.wind)
    com.unity.modules.xr@1.0.0 (location: /Users/lucas-furini/repos/checkout/unity/CheckoutSimulator/Library/PackageCache/com.unity.modules.xr)
    com.unity.ugui@2.5.0 (location: /Users/lucas-furini/repos/checkout/unity/CheckoutSimulator/Library/PackageCache/com.unity.ugui@67707a67a4ab)
    com.unity.2d.sprite@1.0.0 (location: /Users/lucas-furini/repos/checkout/unity/CheckoutSimulator/Library/PackageCache/com.unity.2d.sprite@053a968eab56)
    com.unity.mathematics@1.4.0 (location: /Users/lucas-furini/repos/checkout/unity/CheckoutSimulator/Library/PackageCache/com.unity.mathematics@981956d94fb6)
    com.unity.modules.subsystems@1.0.0 (location: /Users/lucas-furini/repos/checkout/unity/CheckoutSimulator/Library/PackageCache/com.unity.modules.subsystems)
    com.unity.modules.hierarchycore@1.0.0 (location: /Users/lucas-furini/repos/checkout/unity/CheckoutSimulator/Library/PackageCache/com.unity.modules.hierarchycore)
[Subsystems] No new subsystems found in resolved package list.
[Package Manager] Done registering packages in 0.41 seconds
[ScriptCompilation] Requested script compilation because: AssetDatabase observed changes in script compilation related files
info: Microsoft.Hosting.Lifetime[14]
      Now listening on: http://unix:/tmp/ilpp.sock-43d6a90eb382e8e04bf8c41d9ed1d025
info: Microsoft.Hosting.Lifetime[0]
      Application started. Press Ctrl+C to shut down.
info: Microsoft.Hosting.Lifetime[0]
      Hosting environment: Production
info: Microsoft.Hosting.Lifetime[0]
      Content root path: /Users/lucas-furini/repos/checkout/unity/CheckoutSimulator
info: Microsoft.AspNetCore.Hosting.Diagnostics[1]
      Request starting HTTP/2 POST http://ilpp/UnityILPP.PostProcessing/Ping - application/grpc -
info: Microsoft.AspNetCore.Routing.EndpointMiddleware[0]
      Executing endpoint 'gRPC - /UnityILPP.PostProcessing/Ping'
info: Microsoft.AspNetCore.Routing.EndpointMiddleware[1]
      Executed endpoint 'gRPC - /UnityILPP.PostProcessing/Ping'
info: Microsoft.AspNetCore.Hosting.Diagnostics[2]
      Request finished HTTP/2 POST http://ilpp/UnityILPP.PostProcessing/Ping - 200 - application/grpc 29.1186ms
Starting: /Applications/Unity/Hub/Editor/6000.5.7f1/Unity.app/Contents/Resources/BuildPipeline/bee_backend --ipc --defer-dag-verification --dagfile="Library/Bee/900b0aE.dag" --continue-on-failure --profile="Library/Bee/backend1.traceevents" ScriptAssemblies
WorkingDir: /Users/lucas-furini/repos/checkout/unity/CheckoutSimulator
DisplayProgressbar: Compiling Scripts
ExitCode: 0 Duration: 2s165ms
[609/612    2s] Csc Library/Bee/artifacts/900b0aE.dag/Assembly-CSharp-Editor.dll (+2 others)
[610/612    0s] CopyFiles Library/ScriptAssemblies/Assembly-CSharp-Editor.dll
[611/612    0s] CopyFiles Library/ScriptAssemblies/Assembly-CSharp-Editor.pdb
*** Tundra build success (2.08 seconds), 3 items updated, 612 evaluated
Total cache size 268318716
Total cache size after purge 268318716, took 00:00:00.3051663
AssetDatabase: script compilation time: 3.694722s
Begin MonoManager ReloadAssembly
Symbol file LoadedFromMemory is not a mono symbol file
Native extension for iOS target not found
Native extension for OSXStandalone target not found
[Licensing::Client] Error: Code 404 while processing request (status: Found 0 entitlement groups and 0 free entitlements matching requested entitlement ids)
[Licensing::Client] Error: Code 404 while processing request (status: Found 0 entitlement groups and 0 free entitlements matching requested entitlement ids)
[Licensing::Client] Error: Code 404 while processing request (status: Found 0 entitlement groups and 0 free entitlements matching requested entitlement ids)
ScheduleIndexationOnStartup MainProcess:True IndexOnStartup:True
Mono: successfully reloaded assembly
- Finished resetting the current domain, in  1.357 seconds
Domain Reload Profiling: 1939ms
	BeginReloadAssembly (150ms)
		DisableScriptedObjects (18ms)
		CreateAndSetChildDomain (30ms)
	RebuildCommonClasses (5ms)
	RebuildNativeTypeToScriptingClass (11ms)
	initialDomainReloadingComplete (48ms)
	LoadAllAssembliesAndSetupDomain (367ms)
		LoadAssemblies (258ms)
		AnalyzeDomain (132ms)
			TypeCache.Refresh (118ms)
				TypeCache.ScanAssembly (108ms)
			BuildScriptInfoCaches (13ms)
	FinalizeReload (1358ms)
		SetupLoadedEditorAssemblies (0ms)
			InitializePlatformSupportModulesInManaged (14ms)
			BeforeProcessingInitializeOnLoad (62ms)
			ProcessInitializeOnLoadAttributes (984ms)
			ProcessInitializeOnLoadMethodAttributes (182ms)
		AwakeInstancesAfterBackupRestoration (11ms)
Starting new worker id: 0 with log in /Users/lucas-furini/repos/checkout/unity/CheckoutSimulator/Logs/AssetImportWorkerHW0.log
Refreshing native plugins compatible for Editor in 2.62 ms, found 0 plugins.

Asset Pipeline Refresh (id=01a86d8efcd014c7c9c9acf4d2e27d49): Total: 9.197 seconds - Initiated by InitialRefreshV2(ForceSynchronousImport)
	(Values over 0.05ms)
	Summary:
		Imports: total=0 (actual=0, local cache=0, cache server=0)
		Asset DB Process Time: managed=0 ms, native=4255 ms
		Asset DB Callback time: managed=164 ms, native=424 ms
		Scripting: domain reloads=1, domain reload time=639 ms, compile time=3696 ms, other=15 ms
		Project Asset Count: scripts=763, non-scripts=1022
		Asset File Changes: new=0, changed=1, moved=0, deleted=0
		Scan Filter Count: 1
	InvokePackagesCallback: 422.925ms
	ApplyChangesToAssetFolders: 0.245ms
	Scan: 2724.707ms
	Collect global state as custom dependencies: 8.497ms
	OnSourceAssetsModified: 0.402ms
	CategorizeScriptCompilationAssets: 23.455ms
	ProcessAssetsWithTransientArtifactChanges: 17.569ms
	CategorizeAssets: 14.067ms
	CompileScripts: 3695.994ms
	ImportOutOfDateAssets: 1376.763ms (1364.572ms without children)
		UnloadImportedAssets: 0.178ms
		EnsureUptoDateAssetsAreRegisteredWithGuidPM: 0.231ms
		ImportSchedulerStart: 11.779ms
	PostProcessAllAssets: 165.605ms
		VCAutoAddAssetPostprocess 0.755ms
		MonoPostProcessAllAssets: 164.572ms
			AssetPostprocessor.OnPostprocessAllAssets 31.828ms
			AssetReferenceReimportMonitor.OnPostprocessAllAssets 13.969ms
			StyleCatalogPostProcessor.OnPostprocessAllAssets 10.799ms
			BuilderAssetPostprocessor.OnPostprocessAllAssets 4.283ms
			SyncVS.PostprocessSyncProject 3.297ms
			SpriteSlicePostprocessor.OnPostprocessAllAssets 1.494ms
			WindowAssetPostprocessingWatcher.OnPostprocessAllAssets 1.315ms
			GraphRefreshPostprocessor.OnPostprocessAllAssets 1.143ms
			AssetChangedListener.OnPostprocessAllAssets 0.762ms
			RetainedModeAssetPostprocessor.OnPostprocessAllAssets 0.711ms
			EditModeScopePostprocessor.OnPostprocessAllAssets 0.516ms
			AssetChangeDetector.OnPostprocessAllAssets 0.487ms
			SpeedTree9Postprocessor.OnPostprocessAllAssets 0.429ms
			ArtifactBrowserPostProcessor.OnPostprocessAllAssets 0.380ms
			TextAssetPostProcessor.OnPostprocessAllAssets 0.310ms
			SpriteEditorTexturePostprocessor.OnPostprocessAllAssets 0.305ms
			SkillsProjectAssetPostprocessor.OnPostprocessAllAssets 0.222ms
			TMPro_TexturePostProcessor.OnPostprocessAllAssets 0.191ms
			ReferencedClipsPostProcessor.OnPostprocessAllAssets 0.185ms
			AssetEvents.OnPostprocessAllAssets 0.175ms
			AudioMixerPostprocessor.OnPostprocessAllAssets 0.169ms
			TerrainToolbarOverlayPostProcessor.OnPostprocessAllAssets 0.119ms
			AssetDatabaseCallbacks.OnPostprocessAllAssets 0.082ms
			SpeedTreePostProcessor.OnPostprocessAllAssets 0.081ms
			ConfigAssetsTracker.OnPostprocessAllAssets 0.060ms
			ScenarioDriftAssetsTracker.OnPostprocessAllAssets 0.055ms
			RenderPipelineGlobalSettingsPostprocessor.OnPostprocessAllAssets 0.055ms
	PostAssetChangesProfiler: 7.682ms
	UnloadStreamsBegin: 0.697ms
	GenerateScriptTypeHashes: 1.154ms
	GenerateScriptTypeSerializationHashes: 1.963ms
	Untracked: 733.778ms

Application.AssetDatabase Initial Refresh End
Launching external process: /Applications/Unity/Hub/Editor/6000.5.7f1/Unity.app/Contents/Helpers/UnityShaderCompiler
Launched and connected shader compiler UnityShaderCompiler after 0.42 seconds
Scanning for USB devices : 0.034ms
Initializing Unity extensions:
[MODES] ModeService[none].Initialize
[MODES] ModeService[none].LoadModes
[MODES] Loading mode Default (0) for mode-current-id-Checkout Simulator
2026-09-06 22:27:43.792 Unity[37306:233665] NSEventModifierFlagFunction specified to -setKeyEquivalentModifierMask: for item <NSMenuItem: 0xa48caca00 SDF, ke='Command-F12'>, but is only supported for system-provided menu items; will not be used
Unloading 18 Unused Serialized files (Serialized files now loaded: 0)
Unloading 2548 unused Assets / (3.1 MB). Loaded Objects now: 3169.
Memory consumption went from 163.6 MB to 160.6 MB.
Total: 16.812292 ms (FindLiveObjects: 0.208041 ms CreateObjectMapping: 0.356625 ms MarkObjects: 14.846542 ms  DeleteObjects: 1.400375 ms)

2026-09-06 22:27:43.854 Unity[37306:233665] NSEventModifierFlagFunction specified to -setKeyEquivalentModifierMask: for item <NSMenuItem: 0xa48cacb40 SDF, ke='Command-F12'>, but is only supported for system-provided menu items; will not be used
Importing 'GUID: a9e41a839c2b8ce40b75b5ee4cb90902 - Path: Assets/Art/Models/MarketWorld.fbx' with importer (FBXImporter)
Can't calculate tangents, because mesh 'Butcher' doesn't contain normals.
UnityEngine.Debug:ExtractStackTraceNoAlloc (byte*,int,string)
UnityEngine.StackTraceUtility:ExtractStackTrace () (at /Users/bokken/build/output/unity/unity/Runtime/Export/Scripting/StackTrace.cs:35)
UnityEditor.AssetDatabase:ImportAsset (string,UnityEditor.ImportAssetOptions)
UnityEditor.AssetDatabase:ImportAsset (string) (at /Users/bokken/build/output/unity/unity/Modules/AssetDatabase/Editor/ScriptBindings/AssetDatabase.bindings.cs:342)
UnityEditor.AssetImporter:SaveAndReimport () (at /Users/bokken/build/output/unity/unity/Editor/Mono/AssetPipeline/AssetImporter.bindings.cs:115)
MarketBuilder:Build () (at Assets/Editor/MarketBuilder.cs:22)
CheckoutBuilder:Build () (at Assets/Editor/CheckoutBuilder.cs:9)
CheckoutBuilder:IOS () (at Assets/Editor/CheckoutBuilder.cs:27)

[/Users/bokken/build/output/unity/unity/Modules/AssetDatabase/Editor/ScriptBindings/AssetDatabase.bindings.cs line 342]

Can't calculate tangents, because mesh 'Fishery' doesn't contain normals.
UnityEngine.Debug:ExtractStackTraceNoAlloc (byte*,int,string)
UnityEngine.StackTraceUtility:ExtractStackTrace () (at /Users/bokken/build/output/unity/unity/Runtime/Export/Scripting/StackTrace.cs:35)
UnityEditor.AssetDatabase:ImportAsset (string,UnityEditor.ImportAssetOptions)
UnityEditor.AssetDatabase:ImportAsset (string) (at /Users/bokken/build/output/unity/unity/Modules/AssetDatabase/Editor/ScriptBindings/AssetDatabase.bindings.cs:342)
UnityEditor.AssetImporter:SaveAndReimport () (at /Users/bokken/build/output/unity/unity/Editor/Mono/AssetPipeline/AssetImporter.bindings.cs:115)
MarketBuilder:Build () (at Assets/Editor/MarketBuilder.cs:22)
CheckoutBuilder:Build () (at Assets/Editor/CheckoutBuilder.cs:9)
CheckoutBuilder:IOS () (at Assets/Editor/CheckoutBuilder.cs:27)

[/Users/bokken/build/output/unity/unity/Modules/AssetDatabase/Editor/ScriptBindings/AssetDatabase.bindings.cs line 342]

Imported 'GUID: a9e41a839c2b8ce40b75b5ee4cb90902' -> (Import Result ID: 'c0489c1cb035e1ab11d1abc5baffaa42') in 0.417 seconds [static and dynamic dependencies]. Details - ImportResultOutputID=c983efddf820e1ba522c0df31e391fa3 DependenciesID=a66bd4aabf4b1f264c1409d80ff2b018 StaticDependenciesID=19a0f9e47305fddaa21f15ec8ff617dd 

Asset Pipeline Refresh (id=2ce883bd2576946359ff40442e26fc3f): Total: 0.465 seconds - Initiated by StopAssetImportingV2(NoUpdateAssetOptions)
	(Values over 0.05ms)
	Summary:
		Imports: total=1 (actual=1, local cache=0, cache server=0)
		Asset DB Process Time: managed=3 ms, native=457 ms
		Asset DB Callback time: managed=2 ms, native=1 ms
		Scripting: domain reloads=0, domain reload time=0 ms, compile time=0 ms, other=0 ms
		Project Asset Count: scripts=763, non-scripts=1022
		Asset File Changes: new=0, changed=0, moved=0, deleted=0
		Scan Filter Count: 4
	ApplyChangesToAssetFolders: 0.092ms
	Scan: 26.936ms
	Collect global state as custom dependencies: 0.537ms
	CategorizeAssets: 0.745ms
	ImportOutOfDateAssets: 427.947ms (3.166ms without children)
		ImportManagerImport: 418.315ms (0.677ms without children)
		UnloadImportedAssets: 0.125ms
		ReloadImportedAssets: 0.298ms
		EnsureUptoDateAssetsAreRegisteredWithGuidPM: 0.131ms
		ImportSchedulerStart: 6.205ms
	PostProcessAllAssets: 3.540ms
		XRBuildSystem.XRAssetImported 1.368ms
		MonoPostProcessAllAssets: 2.074ms
			AssetPostprocessor.OnPostprocessAllAssets 1.697ms
	PostAssetChangesProfiler: 0.337ms
	GatherAllCurrentPrimaryImportResultRevisions: 0.064ms
	UnloadStreamsBegin: 0.106ms
	Untracked: 2.142ms

Importing 'GUID: d4963cb7d9bd4d946993e9c7381547ba - Path: Assets/Art/Textures/MarketAtlas.png' with importer (TextureImporter)
Imported 'GUID: d4963cb7d9bd4d946993e9c7381547ba' -> (Import Result ID: '7221a26cc004e5f291ff4c53a8929c67') in 0.021 seconds [static and dynamic dependencies]. Details - ImportResultOutputID=350945bbf69012e52dcf58780fa7392b DependenciesID=93b03a93bc8ace5110fb7f8dfa4627d2 StaticDependenciesID=411a6cf7af7a5d94149db07a631d10eb 
Asset Pipeline Refresh (id=fe3cbee25cf4d4bd18b3b68c78741342): Total: 0.043 seconds - Initiated by StopAssetImportingV2(NoUpdateAssetOptions)
Unloading 3 Unused Serialized files (Serialized files now loaded: 0)
Unloading 5 unused Assets / (155.4 KB). Loaded Objects now: 3174.
Memory consumption went from 177.1 MB to 177.0 MB.
Total: 14.066917 ms (FindLiveObjects: 0.116875 ms CreateObjectMapping: 0.125375 ms MarkObjects: 13.792459 ms  DeleteObjects: 0.031667 ms)

Importing 'GUID: 6724c6a1d0602d541810b092c147b840 - Path: Assets/Art/Characters/Customer_01.fbx' with importer (FBXImporter)
Worker ready: AssetImportWorkerHW0 0
Imported 'GUID: 6724c6a1d0602d541810b092c147b840' -> (Import Result ID: '93846de60b08b91ce72497e542322fa3') in 0.136 seconds [static and dynamic dependencies]. Details - ImportResultOutputID=179f4afcfd90f7cedfa27d6b9d2bcbea DependenciesID=84e273404cc010bf07c97987f78b89f7 StaticDependenciesID=b0a4474955a9d227a799971278d9ce0e 
Asset Pipeline Refresh (id=a57476e308baf431fbb1b07a385dddc8): Total: 0.161 seconds - Initiated by StopAssetImportingV2(NoUpdateAssetOptions)
CHARACTER_CLIP Customer_01 BuyAtSpecialSector 2.5
UnityEngine.Debug:ExtractStackTraceNoAlloc (byte*,int,string)
UnityEngine.StackTraceUtility:ExtractStackTrace () (at /Users/bokken/build/output/unity/unity/Runtime/Export/Scripting/StackTrace.cs:35)
UnityEngine.DebugLogHandler:Internal_Log (UnityEngine.LogType,UnityEngine.LogOption,string,UnityEngine.Object)
UnityEngine.DebugLogHandler:LogFormat (UnityEngine.LogType,UnityEngine.Object,string,object[])
UnityEngine.Logger:Log (UnityEngine.LogType,object)
UnityEngine.Debug:Log (object)
MarketBuilder:Build () (at Assets/Editor/MarketBuilder.cs:51)
CheckoutBuilder:Build () (at Assets/Editor/CheckoutBuilder.cs:9)
CheckoutBuilder:IOS () (at Assets/Editor/CheckoutBuilder.cs:27)

(Filename: Assets/Editor/MarketBuilder.cs Line: 51)

CHARACTER_CLIP Customer_01 GetFromShelf 2
UnityEngine.Debug:ExtractStackTraceNoAlloc (byte*,int,string)
UnityEngine.StackTraceUtility:ExtractStackTrace () (at /Users/bokken/build/output/unity/unity/Runtime/Export/Scripting/StackTrace.cs:35)
UnityEngine.DebugLogHandler:Internal_Log (UnityEngine.LogType,UnityEngine.LogOption,string,UnityEngine.Object)
UnityEngine.DebugLogHandler:LogFormat (UnityEngine.LogType,UnityEngine.Object,string,object[])
UnityEngine.Logger:Log (UnityEngine.LogType,object)
UnityEngine.Debug:Log (object)
MarketBuilder:Build () (at Assets/Editor/MarketBuilder.cs:51)
CheckoutBuilder:Build () (at Assets/Editor/CheckoutBuilder.cs:9)
CheckoutBuilder:IOS () (at Assets/Editor/CheckoutBuilder.cs:27)

(Filename: Assets/Editor/MarketBuilder.cs Line: 51)

CHARACTER_CLIP Customer_01 Idle 2
UnityEngine.Debug:ExtractStackTraceNoAlloc (byte*,int,string)
UnityEngine.StackTraceUtility:ExtractStackTrace () (at /Users/bokken/build/output/unity/unity/Runtime/Export/Scripting/StackTrace.cs:35)
UnityEngine.DebugLogHandler:Internal_Log (UnityEngine.LogType,UnityEngine.LogOption,string,UnityEngine.Object)
UnityEngine.DebugLogHandler:LogFormat (UnityEngine.LogType,UnityEngine.Object,string,object[])
UnityEngine.Logger:Log (UnityEngine.LogType,object)
UnityEngine.Debug:Log (object)
MarketBuilder:Build () (at Assets/Editor/MarketBuilder.cs:51)
CheckoutBuilder:Build () (at Assets/Editor/CheckoutBuilder.cs:9)
CheckoutBuilder:IOS () (at Assets/Editor/CheckoutBuilder.cs:27)

(Filename: Assets/Editor/MarketBuilder.cs Line: 51)

CHARACTER_CLIP Customer_01 PayAtCheckout 2
UnityEngine.Debug:ExtractStackTraceNoAlloc (byte*,int,string)
UnityEngine.StackTraceUtility:ExtractStackTrace () (at /Users/bokken/build/output/unity/unity/Runtime/Export/Scripting/StackTrace.cs:35)
UnityEngine.DebugLogHandler:Internal_Log (UnityEngine.LogType,UnityEngine.LogOption,string,UnityEngine.Object)
UnityEngine.DebugLogHandler:LogFormat (UnityEngine.LogType,UnityEngine.Object,string,object[])
UnityEngine.Logger:Log (UnityEngine.LogType,object)
UnityEngine.Debug:Log (object)
MarketBuilder:Build () (at Assets/Editor/MarketBuilder.cs:51)
CheckoutBuilder:Build () (at Assets/Editor/CheckoutBuilder.cs:9)
CheckoutBuilder:IOS () (at Assets/Editor/CheckoutBuilder.cs:27)

(Filename: Assets/Editor/MarketBuilder.cs Line: 51)

CHARACTER_CLIP Customer_01 Walking 1
UnityEngine.Debug:ExtractStackTraceNoAlloc (byte*,int,string)
UnityEngine.StackTraceUtility:ExtractStackTrace () (at /Users/bokken/build/output/unity/unity/Runtime/Export/Scripting/StackTrace.cs:35)
UnityEngine.DebugLogHandler:Internal_Log (UnityEngine.LogType,UnityEngine.LogOption,string,UnityEngine.Object)
UnityEngine.DebugLogHandler:LogFormat (UnityEngine.LogType,UnityEngine.Object,string,object[])
UnityEngine.Logger:Log (UnityEngine.LogType,object)
UnityEngine.Debug:Log (object)
MarketBuilder:Build () (at Assets/Editor/MarketBuilder.cs:51)
CheckoutBuilder:Build () (at Assets/Editor/CheckoutBuilder.cs:9)
CheckoutBuilder:IOS () (at Assets/Editor/CheckoutBuilder.cs:27)

(Filename: Assets/Editor/MarketBuilder.cs Line: 51)

Importing 'GUID: 6358810d01814e64fb49501450a4c9a7 - Path: Assets/Art/Characters/Customer_02.fbx' with importer (FBXImporter)
Imported 'GUID: 6358810d01814e64fb49501450a4c9a7' -> (Import Result ID: 'f733011083c3ed88ba863445ccd3bbb7') in 0.144 seconds [static and dynamic dependencies]. Details - ImportResultOutputID=735fec2ff5e8213315f196dd196df50f DependenciesID=7ecfe4c7afe35ee3bda2cabd5f810b02 StaticDependenciesID=f365c6f5dea0bdcf4ff697456779e467 
Refreshing native plugins compatible for Editor in 4.07 ms, found 0 plugins.
Asset Pipeline Refresh (id=28961f5ec9d1b4bec9f654739ec3ca0b): Total: 0.169 seconds - Initiated by StopAssetImportingV2(NoUpdateAssetOptions)
CHARACTER_CLIP Customer_02 BuyAtSpecialSector 2.5
UnityEngine.Debug:ExtractStackTraceNoAlloc (byte*,int,string)
UnityEngine.StackTraceUtility:ExtractStackTrace () (at /Users/bokken/build/output/unity/unity/Runtime/Export/Scripting/StackTrace.cs:35)
UnityEngine.DebugLogHandler:Internal_Log (UnityEngine.LogType,UnityEngine.LogOption,string,UnityEngine.Object)
UnityEngine.DebugLogHandler:LogFormat (UnityEngine.LogType,UnityEngine.Object,string,object[])
UnityEngine.Logger:Log (UnityEngine.LogType,object)
UnityEngine.Debug:Log (object)
MarketBuilder:Build () (at Assets/Editor/MarketBuilder.cs:51)
CheckoutBuilder:Build () (at Assets/Editor/CheckoutBuilder.cs:9)
CheckoutBuilder:IOS () (at Assets/Editor/CheckoutBuilder.cs:27)

(Filename: Assets/Editor/MarketBuilder.cs Line: 51)

CHARACTER_CLIP Customer_02 GetFromShelf 2
UnityEngine.Debug:ExtractStackTraceNoAlloc (byte*,int,string)
UnityEngine.StackTraceUtility:ExtractStackTrace () (at /Users/bokken/build/output/unity/unity/Runtime/Export/Scripting/StackTrace.cs:35)
UnityEngine.DebugLogHandler:Internal_Log (UnityEngine.LogType,UnityEngine.LogOption,string,UnityEngine.Object)
UnityEngine.DebugLogHandler:LogFormat (UnityEngine.LogType,UnityEngine.Object,string,object[])
UnityEngine.Logger:Log (UnityEngine.LogType,object)
UnityEngine.Debug:Log (object)
MarketBuilder:Build () (at Assets/Editor/MarketBuilder.cs:51)
CheckoutBuilder:Build () (at Assets/Editor/CheckoutBuilder.cs:9)
CheckoutBuilder:IOS () (at Assets/Editor/CheckoutBuilder.cs:27)

(Filename: Assets/Editor/MarketBuilder.cs Line: 51)

CHARACTER_CLIP Customer_02 Idle 2
UnityEngine.Debug:ExtractStackTraceNoAlloc (byte*,int,string)
UnityEngine.StackTraceUtility:ExtractStackTrace () (at /Users/bokken/build/output/unity/unity/Runtime/Export/Scripting/StackTrace.cs:35)
UnityEngine.DebugLogHandler:Internal_Log (UnityEngine.LogType,UnityEngine.LogOption,string,UnityEngine.Object)
UnityEngine.DebugLogHandler:LogFormat (UnityEngine.LogType,UnityEngine.Object,string,object[])
UnityEngine.Logger:Log (UnityEngine.LogType,object)
UnityEngine.Debug:Log (object)
MarketBuilder:Build () (at Assets/Editor/MarketBuilder.cs:51)
CheckoutBuilder:Build () (at Assets/Editor/CheckoutBuilder.cs:9)
CheckoutBuilder:IOS () (at Assets/Editor/CheckoutBuilder.cs:27)

(Filename: Assets/Editor/MarketBuilder.cs Line: 51)

CHARACTER_CLIP Customer_02 PayAtCheckout 2
UnityEngine.Debug:ExtractStackTraceNoAlloc (byte*,int,string)
UnityEngine.StackTraceUtility:ExtractStackTrace () (at /Users/bokken/build/output/unity/unity/Runtime/Export/Scripting/StackTrace.cs:35)
UnityEngine.DebugLogHandler:Internal_Log (UnityEngine.LogType,UnityEngine.LogOption,string,UnityEngine.Object)
UnityEngine.DebugLogHandler:LogFormat (UnityEngine.LogType,UnityEngine.Object,string,object[])
UnityEngine.Logger:Log (UnityEngine.LogType,object)
UnityEngine.Debug:Log (object)
MarketBuilder:Build () (at Assets/Editor/MarketBuilder.cs:51)
CheckoutBuilder:Build () (at Assets/Editor/CheckoutBuilder.cs:9)
CheckoutBuilder:IOS () (at Assets/Editor/CheckoutBuilder.cs:27)

(Filename: Assets/Editor/MarketBuilder.cs Line: 51)

CHARACTER_CLIP Customer_02 Walking 1
UnityEngine.Debug:ExtractStackTraceNoAlloc (byte*,int,string)
UnityEngine.StackTraceUtility:ExtractStackTrace () (at /Users/bokken/build/output/unity/unity/Runtime/Export/Scripting/StackTrace.cs:35)
UnityEngine.DebugLogHandler:Internal_Log (UnityEngine.LogType,UnityEngine.LogOption,string,UnityEngine.Object)
UnityEngine.DebugLogHandler:LogFormat (UnityEngine.LogType,UnityEngine.Object,string,object[])
UnityEngine.Logger:Log (UnityEngine.LogType,object)
UnityEngine.Debug:Log (object)
MarketBuilder:Build () (at Assets/Editor/MarketBuilder.cs:51)
CheckoutBuilder:Build () (at Assets/Editor/CheckoutBuilder.cs:9)
CheckoutBuilder:IOS () (at Assets/Editor/CheckoutBuilder.cs:27)

(Filename: Assets/Editor/MarketBuilder.cs Line: 51)

Importing 'GUID: 5ef2d425bccb3114c81c57c23527bc26 - Path: Assets/Art/Characters/Customer_03.fbx' with importer (FBXImporter)
Imported 'GUID: 5ef2d425bccb3114c81c57c23527bc26' -> (Import Result ID: '1e0a51a990b7de7711387dc275a3db86') in 0.147 seconds [static and dynamic dependencies]. Details - ImportResultOutputID=89218f586df570377b6ff27f857cdad6 DependenciesID=5898a95e5f48ac115962b8e1ca056af4 StaticDependenciesID=7bab3878332a8abad17227d0b254385e 
Asset Pipeline Refresh (id=4cda9016912f74afc8e0e532a7ec67b9): Total: 0.165 seconds - Initiated by StopAssetImportingV2(NoUpdateAssetOptions)
CHARACTER_CLIP Customer_03 BuyAtSpecialSector 2.5
UnityEngine.Debug:ExtractStackTraceNoAlloc (byte*,int,string)
UnityEngine.StackTraceUtility:ExtractStackTrace () (at /Users/bokken/build/output/unity/unity/Runtime/Export/Scripting/StackTrace.cs:35)
UnityEngine.DebugLogHandler:Internal_Log (UnityEngine.LogType,UnityEngine.LogOption,string,UnityEngine.Object)
UnityEngine.DebugLogHandler:LogFormat (UnityEngine.LogType,UnityEngine.Object,string,object[])
UnityEngine.Logger:Log (UnityEngine.LogType,object)
UnityEngine.Debug:Log (object)
MarketBuilder:Build () (at Assets/Editor/MarketBuilder.cs:51)
CheckoutBuilder:Build () (at Assets/Editor/CheckoutBuilder.cs:9)
CheckoutBuilder:IOS () (at Assets/Editor/CheckoutBuilder.cs:27)

(Filename: Assets/Editor/MarketBuilder.cs Line: 51)

CHARACTER_CLIP Customer_03 GetFromShelf 2
UnityEngine.Debug:ExtractStackTraceNoAlloc (byte*,int,string)
UnityEngine.StackTraceUtility:ExtractStackTrace () (at /Users/bokken/build/output/unity/unity/Runtime/Export/Scripting/StackTrace.cs:35)
UnityEngine.DebugLogHandler:Internal_Log (UnityEngine.LogType,UnityEngine.LogOption,string,UnityEngine.Object)
UnityEngine.DebugLogHandler:LogFormat (UnityEngine.LogType,UnityEngine.Object,string,object[])
UnityEngine.Logger:Log (UnityEngine.LogType,object)
UnityEngine.Debug:Log (object)
MarketBuilder:Build () (at Assets/Editor/MarketBuilder.cs:51)
CheckoutBuilder:Build () (at Assets/Editor/CheckoutBuilder.cs:9)
CheckoutBuilder:IOS () (at Assets/Editor/CheckoutBuilder.cs:27)

(Filename: Assets/Editor/MarketBuilder.cs Line: 51)

CHARACTER_CLIP Customer_03 Idle 2
UnityEngine.Debug:ExtractStackTraceNoAlloc (byte*,int,string)
UnityEngine.StackTraceUtility:ExtractStackTrace () (at /Users/bokken/build/output/unity/unity/Runtime/Export/Scripting/StackTrace.cs:35)
UnityEngine.DebugLogHandler:Internal_Log (UnityEngine.LogType,UnityEngine.LogOption,string,UnityEngine.Object)
UnityEngine.DebugLogHandler:LogFormat (UnityEngine.LogType,UnityEngine.Object,string,object[])
UnityEngine.Logger:Log (UnityEngine.LogType,object)
UnityEngine.Debug:Log (object)
MarketBuilder:Build () (at Assets/Editor/MarketBuilder.cs:51)
CheckoutBuilder:Build () (at Assets/Editor/CheckoutBuilder.cs:9)
CheckoutBuilder:IOS () (at Assets/Editor/CheckoutBuilder.cs:27)

(Filename: Assets/Editor/MarketBuilder.cs Line: 51)

CHARACTER_CLIP Customer_03 PayAtCheckout 2
UnityEngine.Debug:ExtractStackTraceNoAlloc (byte*,int,string)
UnityEngine.StackTraceUtility:ExtractStackTrace () (at /Users/bokken/build/output/unity/unity/Runtime/Export/Scripting/StackTrace.cs:35)
UnityEngine.DebugLogHandler:Internal_Log (UnityEngine.LogType,UnityEngine.LogOption,string,UnityEngine.Object)
UnityEngine.DebugLogHandler:LogFormat (UnityEngine.LogType,UnityEngine.Object,string,object[])
UnityEngine.Logger:Log (UnityEngine.LogType,object)
UnityEngine.Debug:Log (object)
MarketBuilder:Build () (at Assets/Editor/MarketBuilder.cs:51)
CheckoutBuilder:Build () (at Assets/Editor/CheckoutBuilder.cs:9)
CheckoutBuilder:IOS () (at Assets/Editor/CheckoutBuilder.cs:27)

(Filename: Assets/Editor/MarketBuilder.cs Line: 51)

CHARACTER_CLIP Customer_03 Walking 1
UnityEngine.Debug:ExtractStackTraceNoAlloc (byte*,int,string)
UnityEngine.StackTraceUtility:ExtractStackTrace () (at /Users/bokken/build/output/unity/unity/Runtime/Export/Scripting/StackTrace.cs:35)
UnityEngine.DebugLogHandler:Internal_Log (UnityEngine.LogType,UnityEngine.LogOption,string,UnityEngine.Object)
UnityEngine.DebugLogHandler:LogFormat (UnityEngine.LogType,UnityEngine.Object,string,object[])
UnityEngine.Logger:Log (UnityEngine.LogType,object)
UnityEngine.Debug:Log (object)
MarketBuilder:Build () (at Assets/Editor/MarketBuilder.cs:51)
CheckoutBuilder:Build () (at Assets/Editor/CheckoutBuilder.cs:9)
CheckoutBuilder:IOS () (at Assets/Editor/CheckoutBuilder.cs:27)

(Filename: Assets/Editor/MarketBuilder.cs Line: 51)

Importing 'GUID: db790eee0b0fd6b459cee6320f0e1d09 - Path: Assets/Art/Characters/Customer_04.fbx' with importer (FBXImporter)
Imported 'GUID: db790eee0b0fd6b459cee6320f0e1d09' -> (Import Result ID: '80c031a23a33eec9799bbaae5f020e7f') in 0.135 seconds [static and dynamic dependencies]. Details - ImportResultOutputID=c4749729ac73b591351384ab5be2a5da DependenciesID=78d93f0d1d9b0e5113b9156ea3785121 StaticDependenciesID=5e34e91a3117e975762444efc73969f4 
Asset Pipeline Refresh (id=7e9d09df2bf164bb89c2dee3b9c493e9): Total: 0.191 seconds - Initiated by StopAssetImportingV2(NoUpdateAssetOptions)
CHARACTER_CLIP Customer_04 BuyAtSpecialSector 2.5
UnityEngine.Debug:ExtractStackTraceNoAlloc (byte*,int,string)
UnityEngine.StackTraceUtility:ExtractStackTrace () (at /Users/bokken/build/output/unity/unity/Runtime/Export/Scripting/StackTrace.cs:35)
UnityEngine.DebugLogHandler:Internal_Log (UnityEngine.LogType,UnityEngine.LogOption,string,UnityEngine.Object)
UnityEngine.DebugLogHandler:LogFormat (UnityEngine.LogType,UnityEngine.Object,string,object[])
UnityEngine.Logger:Log (UnityEngine.LogType,object)
UnityEngine.Debug:Log (object)
MarketBuilder:Build () (at Assets/Editor/MarketBuilder.cs:51)
CheckoutBuilder:Build () (at Assets/Editor/CheckoutBuilder.cs:9)
CheckoutBuilder:IOS () (at Assets/Editor/CheckoutBuilder.cs:27)

(Filename: Assets/Editor/MarketBuilder.cs Line: 51)

CHARACTER_CLIP Customer_04 GetFromShelf 2
UnityEngine.Debug:ExtractStackTraceNoAlloc (byte*,int,string)
UnityEngine.StackTraceUtility:ExtractStackTrace () (at /Users/bokken/build/output/unity/unity/Runtime/Export/Scripting/StackTrace.cs:35)
UnityEngine.DebugLogHandler:Internal_Log (UnityEngine.LogType,UnityEngine.LogOption,string,UnityEngine.Object)
UnityEngine.DebugLogHandler:LogFormat (UnityEngine.LogType,UnityEngine.Object,string,object[])
UnityEngine.Logger:Log (UnityEngine.LogType,object)
UnityEngine.Debug:Log (object)
MarketBuilder:Build () (at Assets/Editor/MarketBuilder.cs:51)
CheckoutBuilder:Build () (at Assets/Editor/CheckoutBuilder.cs:9)
CheckoutBuilder:IOS () (at Assets/Editor/CheckoutBuilder.cs:27)

(Filename: Assets/Editor/MarketBuilder.cs Line: 51)

CHARACTER_CLIP Customer_04 Idle 2
UnityEngine.Debug:ExtractStackTraceNoAlloc (byte*,int,string)
UnityEngine.StackTraceUtility:ExtractStackTrace () (at /Users/bokken/build/output/unity/unity/Runtime/Export/Scripting/StackTrace.cs:35)
UnityEngine.DebugLogHandler:Internal_Log (UnityEngine.LogType,UnityEngine.LogOption,string,UnityEngine.Object)
UnityEngine.DebugLogHandler:LogFormat (UnityEngine.LogType,UnityEngine.Object,string,object[])
UnityEngine.Logger:Log (UnityEngine.LogType,object)
UnityEngine.Debug:Log (object)
MarketBuilder:Build () (at Assets/Editor/MarketBuilder.cs:51)
CheckoutBuilder:Build () (at Assets/Editor/CheckoutBuilder.cs:9)
CheckoutBuilder:IOS () (at Assets/Editor/CheckoutBuilder.cs:27)

(Filename: Assets/Editor/MarketBuilder.cs Line: 51)

CHARACTER_CLIP Customer_04 PayAtCheckout 2
UnityEngine.Debug:ExtractStackTraceNoAlloc (byte*,int,string)
UnityEngine.StackTraceUtility:ExtractStackTrace () (at /Users/bokken/build/output/unity/unity/Runtime/Export/Scripting/StackTrace.cs:35)
UnityEngine.DebugLogHandler:Internal_Log (UnityEngine.LogType,UnityEngine.LogOption,string,UnityEngine.Object)
UnityEngine.DebugLogHandler:LogFormat (UnityEngine.LogType,UnityEngine.Object,string,object[])
UnityEngine.Logger:Log (UnityEngine.LogType,object)
UnityEngine.Debug:Log (object)
MarketBuilder:Build () (at Assets/Editor/MarketBuilder.cs:51)
CheckoutBuilder:Build () (at Assets/Editor/CheckoutBuilder.cs:9)
CheckoutBuilder:IOS () (at Assets/Editor/CheckoutBuilder.cs:27)

(Filename: Assets/Editor/MarketBuilder.cs Line: 51)

CHARACTER_CLIP Customer_04 Walking 1
UnityEngine.Debug:ExtractStackTraceNoAlloc (byte*,int,string)
UnityEngine.StackTraceUtility:ExtractStackTrace () (at /Users/bokken/build/output/unity/unity/Runtime/Export/Scripting/StackTrace.cs:35)
UnityEngine.DebugLogHandler:Internal_Log (UnityEngine.LogType,UnityEngine.LogOption,string,UnityEngine.Object)
UnityEngine.DebugLogHandler:LogFormat (UnityEngine.LogType,UnityEngine.Object,string,object[])
UnityEngine.Logger:Log (UnityEngine.LogType,object)
UnityEngine.Debug:Log (object)
MarketBuilder:Build () (at Assets/Editor/MarketBuilder.cs:51)
CheckoutBuilder:Build () (at Assets/Editor/CheckoutBuilder.cs:9)
CheckoutBuilder:IOS () (at Assets/Editor/CheckoutBuilder.cs:27)

(Filename: Assets/Editor/MarketBuilder.cs Line: 51)

Importing 'GUID: 6683f262d14cce34dbf5001680cac952 - Path: Assets/Art/Characters/Customer_05.fbx' with importer (FBXImporter)
Imported 'GUID: 6683f262d14cce34dbf5001680cac952' -> (Import Result ID: 'fb1671f1d50f42cc5afaa44b4373013e') in 0.156 seconds [static and dynamic dependencies]. Details - ImportResultOutputID=eb221582027a0517ddfcc76b6d010c1c DependenciesID=1e5a8bdb04203a574dee9eb0c8bd3eff StaticDependenciesID=4052dcc9a8f5b7ee8f02182dafc84ec0 
Asset Pipeline Refresh (id=31b494ffdfefc4698b6a6f276a82f07e): Total: 0.178 seconds - Initiated by StopAssetImportingV2(NoUpdateAssetOptions)
CHARACTER_CLIP Customer_05 BuyAtSpecialSector 2.5
UnityEngine.Debug:ExtractStackTraceNoAlloc (byte*,int,string)
UnityEngine.StackTraceUtility:ExtractStackTrace () (at /Users/bokken/build/output/unity/unity/Runtime/Export/Scripting/StackTrace.cs:35)
UnityEngine.DebugLogHandler:Internal_Log (UnityEngine.LogType,UnityEngine.LogOption,string,UnityEngine.Object)
UnityEngine.DebugLogHandler:LogFormat (UnityEngine.LogType,UnityEngine.Object,string,object[])
UnityEngine.Logger:Log (UnityEngine.LogType,object)
UnityEngine.Debug:Log (object)
MarketBuilder:Build () (at Assets/Editor/MarketBuilder.cs:51)
CheckoutBuilder:Build () (at Assets/Editor/CheckoutBuilder.cs:9)
CheckoutBuilder:IOS () (at Assets/Editor/CheckoutBuilder.cs:27)

(Filename: Assets/Editor/MarketBuilder.cs Line: 51)

CHARACTER_CLIP Customer_05 GetFromShelf 2
UnityEngine.Debug:ExtractStackTraceNoAlloc (byte*,int,string)
UnityEngine.StackTraceUtility:ExtractStackTrace () (at /Users/bokken/build/output/unity/unity/Runtime/Export/Scripting/StackTrace.cs:35)
UnityEngine.DebugLogHandler:Internal_Log (UnityEngine.LogType,UnityEngine.LogOption,string,UnityEngine.Object)
UnityEngine.DebugLogHandler:LogFormat (UnityEngine.LogType,UnityEngine.Object,string,object[])
UnityEngine.Logger:Log (UnityEngine.LogType,object)
UnityEngine.Debug:Log (object)
MarketBuilder:Build () (at Assets/Editor/MarketBuilder.cs:51)
CheckoutBuilder:Build () (at Assets/Editor/CheckoutBuilder.cs:9)
CheckoutBuilder:IOS () (at Assets/Editor/CheckoutBuilder.cs:27)

(Filename: Assets/Editor/MarketBuilder.cs Line: 51)

CHARACTER_CLIP Customer_05 Idle 2
UnityEngine.Debug:ExtractStackTraceNoAlloc (byte*,int,string)
UnityEngine.StackTraceUtility:ExtractStackTrace () (at /Users/bokken/build/output/unity/unity/Runtime/Export/Scripting/StackTrace.cs:35)
UnityEngine.DebugLogHandler:Internal_Log (UnityEngine.LogType,UnityEngine.LogOption,string,UnityEngine.Object)
UnityEngine.DebugLogHandler:LogFormat (UnityEngine.LogType,UnityEngine.Object,string,object[])
UnityEngine.Logger:Log (UnityEngine.LogType,object)
UnityEngine.Debug:Log (object)
MarketBuilder:Build () (at Assets/Editor/MarketBuilder.cs:51)
CheckoutBuilder:Build () (at Assets/Editor/CheckoutBuilder.cs:9)
CheckoutBuilder:IOS () (at Assets/Editor/CheckoutBuilder.cs:27)

(Filename: Assets/Editor/MarketBuilder.cs Line: 51)

CHARACTER_CLIP Customer_05 PayAtCheckout 2
UnityEngine.Debug:ExtractStackTraceNoAlloc (byte*,int,string)
UnityEngine.StackTraceUtility:ExtractStackTrace () (at /Users/bokken/build/output/unity/unity/Runtime/Export/Scripting/StackTrace.cs:35)
UnityEngine.DebugLogHandler:Internal_Log (UnityEngine.LogType,UnityEngine.LogOption,string,UnityEngine.Object)
UnityEngine.DebugLogHandler:LogFormat (UnityEngine.LogType,UnityEngine.Object,string,object[])
UnityEngine.Logger:Log (UnityEngine.LogType,object)
UnityEngine.Debug:Log (object)
MarketBuilder:Build () (at Assets/Editor/MarketBuilder.cs:51)
CheckoutBuilder:Build () (at Assets/Editor/CheckoutBuilder.cs:9)
CheckoutBuilder:IOS () (at Assets/Editor/CheckoutBuilder.cs:27)

(Filename: Assets/Editor/MarketBuilder.cs Line: 51)

CHARACTER_CLIP Customer_05 Walking 1
UnityEngine.Debug:ExtractStackTraceNoAlloc (byte*,int,string)
UnityEngine.StackTraceUtility:ExtractStackTrace () (at /Users/bokken/build/output/unity/unity/Runtime/Export/Scripting/StackTrace.cs:35)
UnityEngine.DebugLogHandler:Internal_Log (UnityEngine.LogType,UnityEngine.LogOption,string,UnityEngine.Object)
UnityEngine.DebugLogHandler:LogFormat (UnityEngine.LogType,UnityEngine.Object,string,object[])
UnityEngine.Logger:Log (UnityEngine.LogType,object)
UnityEngine.Debug:Log (object)
MarketBuilder:Build () (at Assets/Editor/MarketBuilder.cs:51)
CheckoutBuilder:Build () (at Assets/Editor/CheckoutBuilder.cs:9)
CheckoutBuilder:IOS () (at Assets/Editor/CheckoutBuilder.cs:27)

(Filename: Assets/Editor/MarketBuilder.cs Line: 51)

Importing 'GUID: adeb1cdb0a5b9d640bd26ffff3113ce7 - Path: Assets/Art/Characters/Worker_Baker.fbx' with importer (FBXImporter)
Imported 'GUID: adeb1cdb0a5b9d640bd26ffff3113ce7' -> (Import Result ID: '8db9252bdcb74446ecc84ac75b6f6041') in 0.150 seconds [static and dynamic dependencies]. Details - ImportResultOutputID=774c77d9203e4f20139ebcfc5a1d7868 DependenciesID=50b55794c0821367b4d19df86c5b2009 StaticDependenciesID=a62d17a44d33042e87a95bfc261065f1 
Asset Pipeline Refresh (id=c2ec16e7074b5423fb015b545e8f8e20): Total: 0.168 seconds - Initiated by StopAssetImportingV2(NoUpdateAssetOptions)
CHARACTER_CLIP Worker_Baker BuyAtSpecialSector 2.5
UnityEngine.Debug:ExtractStackTraceNoAlloc (byte*,int,string)
UnityEngine.StackTraceUtility:ExtractStackTrace () (at /Users/bokken/build/output/unity/unity/Runtime/Export/Scripting/StackTrace.cs:35)
UnityEngine.DebugLogHandler:Internal_Log (UnityEngine.LogType,UnityEngine.LogOption,string,UnityEngine.Object)
UnityEngine.DebugLogHandler:LogFormat (UnityEngine.LogType,UnityEngine.Object,string,object[])
UnityEngine.Logger:Log (UnityEngine.LogType,object)
UnityEngine.Debug:Log (object)
MarketBuilder:Build () (at Assets/Editor/MarketBuilder.cs:51)
CheckoutBuilder:Build () (at Assets/Editor/CheckoutBuilder.cs:9)
CheckoutBuilder:IOS () (at Assets/Editor/CheckoutBuilder.cs:27)

(Filename: Assets/Editor/MarketBuilder.cs Line: 51)

CHARACTER_CLIP Worker_Baker GetFromShelf 2
UnityEngine.Debug:ExtractStackTraceNoAlloc (byte*,int,string)
UnityEngine.StackTraceUtility:ExtractStackTrace () (at /Users/bokken/build/output/unity/unity/Runtime/Export/Scripting/StackTrace.cs:35)
UnityEngine.DebugLogHandler:Internal_Log (UnityEngine.LogType,UnityEngine.LogOption,string,UnityEngine.Object)
UnityEngine.DebugLogHandler:LogFormat (UnityEngine.LogType,UnityEngine.Object,string,object[])
UnityEngine.Logger:Log (UnityEngine.LogType,object)
UnityEngine.Debug:Log (object)
MarketBuilder:Build () (at Assets/Editor/MarketBuilder.cs:51)
CheckoutBuilder:Build () (at Assets/Editor/CheckoutBuilder.cs:9)
CheckoutBuilder:IOS () (at Assets/Editor/CheckoutBuilder.cs:27)

(Filename: Assets/Editor/MarketBuilder.cs Line: 51)

CHARACTER_CLIP Worker_Baker Idle 2
UnityEngine.Debug:ExtractStackTraceNoAlloc (byte*,int,string)
UnityEngine.StackTraceUtility:ExtractStackTrace () (at /Users/bokken/build/output/unity/unity/Runtime/Export/Scripting/StackTrace.cs:35)
UnityEngine.DebugLogHandler:Internal_Log (UnityEngine.LogType,UnityEngine.LogOption,string,UnityEngine.Object)
UnityEngine.DebugLogHandler:LogFormat (UnityEngine.LogType,UnityEngine.Object,string,object[])
UnityEngine.Logger:Log (UnityEngine.LogType,object)
UnityEngine.Debug:Log (object)
MarketBuilder:Build () (at Assets/Editor/MarketBuilder.cs:51)
CheckoutBuilder:Build () (at Assets/Editor/CheckoutBuilder.cs:9)
CheckoutBuilder:IOS () (at Assets/Editor/CheckoutBuilder.cs:27)

(Filename: Assets/Editor/MarketBuilder.cs Line: 51)

CHARACTER_CLIP Worker_Baker PayAtCheckout 2
UnityEngine.Debug:ExtractStackTraceNoAlloc (byte*,int,string)
UnityEngine.StackTraceUtility:ExtractStackTrace () (at /Users/bokken/build/output/unity/unity/Runtime/Export/Scripting/StackTrace.cs:35)
UnityEngine.DebugLogHandler:Internal_Log (UnityEngine.LogType,UnityEngine.LogOption,string,UnityEngine.Object)
UnityEngine.DebugLogHandler:LogFormat (UnityEngine.LogType,UnityEngine.Object,string,object[])
UnityEngine.Logger:Log (UnityEngine.LogType,object)
UnityEngine.Debug:Log (object)
MarketBuilder:Build () (at Assets/Editor/MarketBuilder.cs:51)
CheckoutBuilder:Build () (at Assets/Editor/CheckoutBuilder.cs:9)
CheckoutBuilder:IOS () (at Assets/Editor/CheckoutBuilder.cs:27)

(Filename: Assets/Editor/MarketBuilder.cs Line: 51)

CHARACTER_CLIP Worker_Baker Walking 1
UnityEngine.Debug:ExtractStackTraceNoAlloc (byte*,int,string)
UnityEngine.StackTraceUtility:ExtractStackTrace () (at /Users/bokken/build/output/unity/unity/Runtime/Export/Scripting/StackTrace.cs:35)
UnityEngine.DebugLogHandler:Internal_Log (UnityEngine.LogType,UnityEngine.LogOption,string,UnityEngine.Object)
UnityEngine.DebugLogHandler:LogFormat (UnityEngine.LogType,UnityEngine.Object,string,object[])
UnityEngine.Logger:Log (UnityEngine.LogType,object)
UnityEngine.Debug:Log (object)
MarketBuilder:Build () (at Assets/Editor/MarketBuilder.cs:51)
CheckoutBuilder:Build () (at Assets/Editor/CheckoutBuilder.cs:9)
CheckoutBuilder:IOS () (at Assets/Editor/CheckoutBuilder.cs:27)

(Filename: Assets/Editor/MarketBuilder.cs Line: 51)

Importing 'GUID: 8c3be057c2d85dc4f804f17a79ce35ea - Path: Assets/Art/Characters/Worker_Butcher.fbx' with importer (FBXImporter)
Imported 'GUID: 8c3be057c2d85dc4f804f17a79ce35ea' -> (Import Result ID: '376feb70b7d40dd3cc356e43a1126b38') in 0.134 seconds [static and dynamic dependencies]. Details - ImportResultOutputID=640617bc1e7157f327ac2c5447aa69e6 DependenciesID=0b7fb87a6327ed980df00f8c3c4e6368 StaticDependenciesID=8a775c18fcb591e650f9127c9c176fe8 
Asset Pipeline Refresh (id=291e5aeddf82e487daa36c4393b751ec): Total: 0.150 seconds - Initiated by StopAssetImportingV2(NoUpdateAssetOptions)
CHARACTER_CLIP Worker_Butcher BuyAtSpecialSector 2.5
UnityEngine.Debug:ExtractStackTraceNoAlloc (byte*,int,string)
UnityEngine.StackTraceUtility:ExtractStackTrace () (at /Users/bokken/build/output/unity/unity/Runtime/Export/Scripting/StackTrace.cs:35)
UnityEngine.DebugLogHandler:Internal_Log (UnityEngine.LogType,UnityEngine.LogOption,string,UnityEngine.Object)
UnityEngine.DebugLogHandler:LogFormat (UnityEngine.LogType,UnityEngine.Object,string,object[])
UnityEngine.Logger:Log (UnityEngine.LogType,object)
UnityEngine.Debug:Log (object)
MarketBuilder:Build () (at Assets/Editor/MarketBuilder.cs:51)
CheckoutBuilder:Build () (at Assets/Editor/CheckoutBuilder.cs:9)
CheckoutBuilder:IOS () (at Assets/Editor/CheckoutBuilder.cs:27)

(Filename: Assets/Editor/MarketBuilder.cs Line: 51)

CHARACTER_CLIP Worker_Butcher GetFromShelf 2
UnityEngine.Debug:ExtractStackTraceNoAlloc (byte*,int,string)
UnityEngine.StackTraceUtility:ExtractStackTrace () (at /Users/bokken/build/output/unity/unity/Runtime/Export/Scripting/StackTrace.cs:35)
UnityEngine.DebugLogHandler:Internal_Log (UnityEngine.LogType,UnityEngine.LogOption,string,UnityEngine.Object)
UnityEngine.DebugLogHandler:LogFormat (UnityEngine.LogType,UnityEngine.Object,string,object[])
UnityEngine.Logger:Log (UnityEngine.LogType,object)
UnityEngine.Debug:Log (object)
MarketBuilder:Build () (at Assets/Editor/MarketBuilder.cs:51)
CheckoutBuilder:Build () (at Assets/Editor/CheckoutBuilder.cs:9)
CheckoutBuilder:IOS () (at Assets/Editor/CheckoutBuilder.cs:27)

(Filename: Assets/Editor/MarketBuilder.cs Line: 51)

CHARACTER_CLIP Worker_Butcher Idle 2
UnityEngine.Debug:ExtractStackTraceNoAlloc (byte*,int,string)
UnityEngine.StackTraceUtility:ExtractStackTrace () (at /Users/bokken/build/output/unity/unity/Runtime/Export/Scripting/StackTrace.cs:35)
UnityEngine.DebugLogHandler:Internal_Log (UnityEngine.LogType,UnityEngine.LogOption,string,UnityEngine.Object)
UnityEngine.DebugLogHandler:LogFormat (UnityEngine.LogType,UnityEngine.Object,string,object[])
UnityEngine.Logger:Log (UnityEngine.LogType,object)
UnityEngine.Debug:Log (object)
MarketBuilder:Build () (at Assets/Editor/MarketBuilder.cs:51)
CheckoutBuilder:Build () (at Assets/Editor/CheckoutBuilder.cs:9)
CheckoutBuilder:IOS () (at Assets/Editor/CheckoutBuilder.cs:27)

(Filename: Assets/Editor/MarketBuilder.cs Line: 51)

CHARACTER_CLIP Worker_Butcher PayAtCheckout 2
UnityEngine.Debug:ExtractStackTraceNoAlloc (byte*,int,string)
UnityEngine.StackTraceUtility:ExtractStackTrace () (at /Users/bokken/build/output/unity/unity/Runtime/Export/Scripting/StackTrace.cs:35)
UnityEngine.DebugLogHandler:Internal_Log (UnityEngine.LogType,UnityEngine.LogOption,string,UnityEngine.Object)
UnityEngine.DebugLogHandler:LogFormat (UnityEngine.LogType,UnityEngine.Object,string,object[])
UnityEngine.Logger:Log (UnityEngine.LogType,object)
UnityEngine.Debug:Log (object)
MarketBuilder:Build () (at Assets/Editor/MarketBuilder.cs:51)
CheckoutBuilder:Build () (at Assets/Editor/CheckoutBuilder.cs:9)
CheckoutBuilder:IOS () (at Assets/Editor/CheckoutBuilder.cs:27)

(Filename: Assets/Editor/MarketBuilder.cs Line: 51)

CHARACTER_CLIP Worker_Butcher Walking 1
UnityEngine.Debug:ExtractStackTraceNoAlloc (byte*,int,string)
UnityEngine.StackTraceUtility:ExtractStackTrace () (at /Users/bokken/build/output/unity/unity/Runtime/Export/Scripting/StackTrace.cs:35)
UnityEngine.DebugLogHandler:Internal_Log (UnityEngine.LogType,UnityEngine.LogOption,string,UnityEngine.Object)
UnityEngine.DebugLogHandler:LogFormat (UnityEngine.LogType,UnityEngine.Object,string,object[])
UnityEngine.Logger:Log (UnityEngine.LogType,object)
UnityEngine.Debug:Log (object)
MarketBuilder:Build () (at Assets/Editor/MarketBuilder.cs:51)
CheckoutBuilder:Build () (at Assets/Editor/CheckoutBuilder.cs:9)
CheckoutBuilder:IOS () (at Assets/Editor/CheckoutBuilder.cs:27)

(Filename: Assets/Editor/MarketBuilder.cs Line: 51)

Importing 'GUID: 55acc07348a49c04f8a0144efc43722a - Path: Assets/Art/Characters/Worker_Cashier.fbx' with importer (FBXImporter)
Imported 'GUID: 55acc07348a49c04f8a0144efc43722a' -> (Import Result ID: '452dbdabd02a1fd6fb4ad7a9430ca357') in 0.134 seconds [static and dynamic dependencies]. Details - ImportResultOutputID=aec7678b9a717790908c95bb2119399f DependenciesID=d8669ed93d5fb55747b54237cb52afd8 StaticDependenciesID=2f63b6c07446057571368c99afa91e3f 
Asset Pipeline Refresh (id=fd343916fd60d4a43831b654c5691ca5): Total: 0.157 seconds - Initiated by StopAssetImportingV2(NoUpdateAssetOptions)
CHARACTER_CLIP Worker_Cashier BuyAtSpecialSector 2.5
UnityEngine.Debug:ExtractStackTraceNoAlloc (byte*,int,string)
UnityEngine.StackTraceUtility:ExtractStackTrace () (at /Users/bokken/build/output/unity/unity/Runtime/Export/Scripting/StackTrace.cs:35)
UnityEngine.DebugLogHandler:Internal_Log (UnityEngine.LogType,UnityEngine.LogOption,string,UnityEngine.Object)
UnityEngine.DebugLogHandler:LogFormat (UnityEngine.LogType,UnityEngine.Object,string,object[])
UnityEngine.Logger:Log (UnityEngine.LogType,object)
UnityEngine.Debug:Log (object)
MarketBuilder:Build () (at Assets/Editor/MarketBuilder.cs:51)
CheckoutBuilder:Build () (at Assets/Editor/CheckoutBuilder.cs:9)
CheckoutBuilder:IOS () (at Assets/Editor/CheckoutBuilder.cs:27)

(Filename: Assets/Editor/MarketBuilder.cs Line: 51)

CHARACTER_CLIP Worker_Cashier GetFromShelf 2
UnityEngine.Debug:ExtractStackTraceNoAlloc (byte*,int,string)
UnityEngine.StackTraceUtility:ExtractStackTrace () (at /Users/bokken/build/output/unity/unity/Runtime/Export/Scripting/StackTrace.cs:35)
UnityEngine.DebugLogHandler:Internal_Log (UnityEngine.LogType,UnityEngine.LogOption,string,UnityEngine.Object)
UnityEngine.DebugLogHandler:LogFormat (UnityEngine.LogType,UnityEngine.Object,string,object[])
UnityEngine.Logger:Log (UnityEngine.LogType,object)
UnityEngine.Debug:Log (object)
MarketBuilder:Build () (at Assets/Editor/MarketBuilder.cs:51)
CheckoutBuilder:Build () (at Assets/Editor/CheckoutBuilder.cs:9)
CheckoutBuilder:IOS () (at Assets/Editor/CheckoutBuilder.cs:27)

(Filename: Assets/Editor/MarketBuilder.cs Line: 51)

CHARACTER_CLIP Worker_Cashier Idle 2
UnityEngine.Debug:ExtractStackTraceNoAlloc (byte*,int,string)
UnityEngine.StackTraceUtility:ExtractStackTrace () (at /Users/bokken/build/output/unity/unity/Runtime/Export/Scripting/StackTrace.cs:35)
UnityEngine.DebugLogHandler:Internal_Log (UnityEngine.LogType,UnityEngine.LogOption,string,UnityEngine.Object)
UnityEngine.DebugLogHandler:LogFormat (UnityEngine.LogType,UnityEngine.Object,string,object[])
UnityEngine.Logger:Log (UnityEngine.LogType,object)
UnityEngine.Debug:Log (object)
MarketBuilder:Build () (at Assets/Editor/MarketBuilder.cs:51)
CheckoutBuilder:Build () (at Assets/Editor/CheckoutBuilder.cs:9)
CheckoutBuilder:IOS () (at Assets/Editor/CheckoutBuilder.cs:27)

(Filename: Assets/Editor/MarketBuilder.cs Line: 51)

CHARACTER_CLIP Worker_Cashier PayAtCheckout 2
UnityEngine.Debug:ExtractStackTraceNoAlloc (byte*,int,string)
UnityEngine.StackTraceUtility:ExtractStackTrace () (at /Users/bokken/build/output/unity/unity/Runtime/Export/Scripting/StackTrace.cs:35)
UnityEngine.DebugLogHandler:Internal_Log (UnityEngine.LogType,UnityEngine.LogOption,string,UnityEngine.Object)
UnityEngine.DebugLogHandler:LogFormat (UnityEngine.LogType,UnityEngine.Object,string,object[])
UnityEngine.Logger:Log (UnityEngine.LogType,object)
UnityEngine.Debug:Log (object)
MarketBuilder:Build () (at Assets/Editor/MarketBuilder.cs:51)
CheckoutBuilder:Build () (at Assets/Editor/CheckoutBuilder.cs:9)
CheckoutBuilder:IOS () (at Assets/Editor/CheckoutBuilder.cs:27)

(Filename: Assets/Editor/MarketBuilder.cs Line: 51)

CHARACTER_CLIP Worker_Cashier Walking 1
UnityEngine.Debug:ExtractStackTraceNoAlloc (byte*,int,string)
UnityEngine.StackTraceUtility:ExtractStackTrace () (at /Users/bokken/build/output/unity/unity/Runtime/Export/Scripting/StackTrace.cs:35)
UnityEngine.DebugLogHandler:Internal_Log (UnityEngine.LogType,UnityEngine.LogOption,string,UnityEngine.Object)
UnityEngine.DebugLogHandler:LogFormat (UnityEngine.LogType,UnityEngine.Object,string,object[])
UnityEngine.Logger:Log (UnityEngine.LogType,object)
UnityEngine.Debug:Log (object)
MarketBuilder:Build () (at Assets/Editor/MarketBuilder.cs:51)
CheckoutBuilder:Build () (at Assets/Editor/CheckoutBuilder.cs:9)
CheckoutBuilder:IOS () (at Assets/Editor/CheckoutBuilder.cs:27)

(Filename: Assets/Editor/MarketBuilder.cs Line: 51)

Importing 'GUID: ab43683c00648484e8b730ff043c2830 - Path: Assets/Art/Characters/Worker_Delivery.fbx' with importer (FBXImporter)
Imported 'GUID: ab43683c00648484e8b730ff043c2830' -> (Import Result ID: 'a48a0702ac95e6da9b115600acd71626') in 0.134 seconds [static and dynamic dependencies]. Details - ImportResultOutputID=72a415b01944de5319d9624adc33ece5 DependenciesID=928a2c97828aa39e75612ae815380e86 StaticDependenciesID=c376a2eef4ade473304672220ccca3c1 
Asset Pipeline Refresh (id=233057fc13cb14576ad8a0f0822280e6): Total: 0.163 seconds - Initiated by StopAssetImportingV2(NoUpdateAssetOptions)
CHARACTER_CLIP Worker_Delivery BuyAtSpecialSector 2.5
UnityEngine.Debug:ExtractStackTraceNoAlloc (byte*,int,string)
UnityEngine.StackTraceUtility:ExtractStackTrace () (at /Users/bokken/build/output/unity/unity/Runtime/Export/Scripting/StackTrace.cs:35)
UnityEngine.DebugLogHandler:Internal_Log (UnityEngine.LogType,UnityEngine.LogOption,string,UnityEngine.Object)
UnityEngine.DebugLogHandler:LogFormat (UnityEngine.LogType,UnityEngine.Object,string,object[])
UnityEngine.Logger:Log (UnityEngine.LogType,object)
UnityEngine.Debug:Log (object)
MarketBuilder:Build () (at Assets/Editor/MarketBuilder.cs:51)
CheckoutBuilder:Build () (at Assets/Editor/CheckoutBuilder.cs:9)
CheckoutBuilder:IOS () (at Assets/Editor/CheckoutBuilder.cs:27)

(Filename: Assets/Editor/MarketBuilder.cs Line: 51)

CHARACTER_CLIP Worker_Delivery GetFromShelf 2
UnityEngine.Debug:ExtractStackTraceNoAlloc (byte*,int,string)
UnityEngine.StackTraceUtility:ExtractStackTrace () (at /Users/bokken/build/output/unity/unity/Runtime/Export/Scripting/StackTrace.cs:35)
UnityEngine.DebugLogHandler:Internal_Log (UnityEngine.LogType,UnityEngine.LogOption,string,UnityEngine.Object)
UnityEngine.DebugLogHandler:LogFormat (UnityEngine.LogType,UnityEngine.Object,string,object[])
UnityEngine.Logger:Log (UnityEngine.LogType,object)
UnityEngine.Debug:Log (object)
MarketBuilder:Build () (at Assets/Editor/MarketBuilder.cs:51)
CheckoutBuilder:Build () (at Assets/Editor/CheckoutBuilder.cs:9)
CheckoutBuilder:IOS () (at Assets/Editor/CheckoutBuilder.cs:27)

(Filename: Assets/Editor/MarketBuilder.cs Line: 51)

CHARACTER_CLIP Worker_Delivery Idle 2
UnityEngine.Debug:ExtractStackTraceNoAlloc (byte*,int,string)
UnityEngine.StackTraceUtility:ExtractStackTrace () (at /Users/bokken/build/output/unity/unity/Runtime/Export/Scripting/StackTrace.cs:35)
UnityEngine.DebugLogHandler:Internal_Log (UnityEngine.LogType,UnityEngine.LogOption,string,UnityEngine.Object)
UnityEngine.DebugLogHandler:LogFormat (UnityEngine.LogType,UnityEngine.Object,string,object[])
UnityEngine.Logger:Log (UnityEngine.LogType,object)
UnityEngine.Debug:Log (object)
MarketBuilder:Build () (at Assets/Editor/MarketBuilder.cs:51)
CheckoutBuilder:Build () (at Assets/Editor/CheckoutBuilder.cs:9)
CheckoutBuilder:IOS () (at Assets/Editor/CheckoutBuilder.cs:27)

(Filename: Assets/Editor/MarketBuilder.cs Line: 51)

CHARACTER_CLIP Worker_Delivery PayAtCheckout 2
UnityEngine.Debug:ExtractStackTraceNoAlloc (byte*,int,string)
UnityEngine.StackTraceUtility:ExtractStackTrace () (at /Users/bokken/build/output/unity/unity/Runtime/Export/Scripting/StackTrace.cs:35)
UnityEngine.DebugLogHandler:Internal_Log (UnityEngine.LogType,UnityEngine.LogOption,string,UnityEngine.Object)
UnityEngine.DebugLogHandler:LogFormat (UnityEngine.LogType,UnityEngine.Object,string,object[])
UnityEngine.Logger:Log (UnityEngine.LogType,object)
UnityEngine.Debug:Log (object)
MarketBuilder:Build () (at Assets/Editor/MarketBuilder.cs:51)
CheckoutBuilder:Build () (at Assets/Editor/CheckoutBuilder.cs:9)
CheckoutBuilder:IOS () (at Assets/Editor/CheckoutBuilder.cs:27)

(Filename: Assets/Editor/MarketBuilder.cs Line: 51)

CHARACTER_CLIP Worker_Delivery Walking 1
UnityEngine.Debug:ExtractStackTraceNoAlloc (byte*,int,string)
UnityEngine.StackTraceUtility:ExtractStackTrace () (at /Users/bokken/build/output/unity/unity/Runtime/Export/Scripting/StackTrace.cs:35)
UnityEngine.DebugLogHandler:Internal_Log (UnityEngine.LogType,UnityEngine.LogOption,string,UnityEngine.Object)
UnityEngine.DebugLogHandler:LogFormat (UnityEngine.LogType,UnityEngine.Object,string,object[])
UnityEngine.Logger:Log (UnityEngine.LogType,object)
UnityEngine.Debug:Log (object)
MarketBuilder:Build () (at Assets/Editor/MarketBuilder.cs:51)
CheckoutBuilder:Build () (at Assets/Editor/CheckoutBuilder.cs:9)
CheckoutBuilder:IOS () (at Assets/Editor/CheckoutBuilder.cs:27)

(Filename: Assets/Editor/MarketBuilder.cs Line: 51)

Importing 'GUID: dd2e629033de5bd4c90b7b7978e1c9bb - Path: Assets/Art/Characters/Worker_Fishmonger.fbx' with importer (FBXImporter)
Imported 'GUID: dd2e629033de5bd4c90b7b7978e1c9bb' -> (Import Result ID: '76ecc71c4dde8672bc41614d80a63f45') in 0.148 seconds [static and dynamic dependencies]. Details - ImportResultOutputID=2f185b709736e3459c8803ec899c1e8f DependenciesID=fdb8817bb9d4671d6de42394c0cc256e StaticDependenciesID=ea0362f7861eed52cbf46de2d722267f 
Asset Pipeline Refresh (id=f9d9e97fdb0b44e54bd065f228ac9f1a): Total: 0.164 seconds - Initiated by StopAssetImportingV2(NoUpdateAssetOptions)
CHARACTER_CLIP Worker_Fishmonger BuyAtSpecialSector 2.5
UnityEngine.Debug:ExtractStackTraceNoAlloc (byte*,int,string)
UnityEngine.StackTraceUtility:ExtractStackTrace () (at /Users/bokken/build/output/unity/unity/Runtime/Export/Scripting/StackTrace.cs:35)
UnityEngine.DebugLogHandler:Internal_Log (UnityEngine.LogType,UnityEngine.LogOption,string,UnityEngine.Object)
UnityEngine.DebugLogHandler:LogFormat (UnityEngine.LogType,UnityEngine.Object,string,object[])
UnityEngine.Logger:Log (UnityEngine.LogType,object)
UnityEngine.Debug:Log (object)
MarketBuilder:Build () (at Assets/Editor/MarketBuilder.cs:51)
CheckoutBuilder:Build () (at Assets/Editor/CheckoutBuilder.cs:9)
CheckoutBuilder:IOS () (at Assets/Editor/CheckoutBuilder.cs:27)

(Filename: Assets/Editor/MarketBuilder.cs Line: 51)

CHARACTER_CLIP Worker_Fishmonger GetFromShelf 2
UnityEngine.Debug:ExtractStackTraceNoAlloc (byte*,int,string)
UnityEngine.StackTraceUtility:ExtractStackTrace () (at /Users/bokken/build/output/unity/unity/Runtime/Export/Scripting/StackTrace.cs:35)
UnityEngine.DebugLogHandler:Internal_Log (UnityEngine.LogType,UnityEngine.LogOption,string,UnityEngine.Object)
UnityEngine.DebugLogHandler:LogFormat (UnityEngine.LogType,UnityEngine.Object,string,object[])
UnityEngine.Logger:Log (UnityEngine.LogType,object)
UnityEngine.Debug:Log (object)
MarketBuilder:Build () (at Assets/Editor/MarketBuilder.cs:51)
CheckoutBuilder:Build () (at Assets/Editor/CheckoutBuilder.cs:9)
CheckoutBuilder:IOS () (at Assets/Editor/CheckoutBuilder.cs:27)

(Filename: Assets/Editor/MarketBuilder.cs Line: 51)

CHARACTER_CLIP Worker_Fishmonger Idle 2
UnityEngine.Debug:ExtractStackTraceNoAlloc (byte*,int,string)
UnityEngine.StackTraceUtility:ExtractStackTrace () (at /Users/bokken/build/output/unity/unity/Runtime/Export/Scripting/StackTrace.cs:35)
UnityEngine.DebugLogHandler:Internal_Log (UnityEngine.LogType,UnityEngine.LogOption,string,UnityEngine.Object)
UnityEngine.DebugLogHandler:LogFormat (UnityEngine.LogType,UnityEngine.Object,string,object[])
UnityEngine.Logger:Log (UnityEngine.LogType,object)
UnityEngine.Debug:Log (object)
MarketBuilder:Build () (at Assets/Editor/MarketBuilder.cs:51)
CheckoutBuilder:Build () (at Assets/Editor/CheckoutBuilder.cs:9)
CheckoutBuilder:IOS () (at Assets/Editor/CheckoutBuilder.cs:27)

(Filename: Assets/Editor/MarketBuilder.cs Line: 51)

CHARACTER_CLIP Worker_Fishmonger PayAtCheckout 2
UnityEngine.Debug:ExtractStackTraceNoAlloc (byte*,int,string)
UnityEngine.StackTraceUtility:ExtractStackTrace () (at /Users/bokken/build/output/unity/unity/Runtime/Export/Scripting/StackTrace.cs:35)
UnityEngine.DebugLogHandler:Internal_Log (UnityEngine.LogType,UnityEngine.LogOption,string,UnityEngine.Object)
UnityEngine.DebugLogHandler:LogFormat (UnityEngine.LogType,UnityEngine.Object,string,object[])
UnityEngine.Logger:Log (UnityEngine.LogType,object)
UnityEngine.Debug:Log (object)
MarketBuilder:Build () (at Assets/Editor/MarketBuilder.cs:51)
CheckoutBuilder:Build () (at Assets/Editor/CheckoutBuilder.cs:9)
CheckoutBuilder:IOS () (at Assets/Editor/CheckoutBuilder.cs:27)

(Filename: Assets/Editor/MarketBuilder.cs Line: 51)

CHARACTER_CLIP Worker_Fishmonger Walking 1
UnityEngine.Debug:ExtractStackTraceNoAlloc (byte*,int,string)
UnityEngine.StackTraceUtility:ExtractStackTrace () (at /Users/bokken/build/output/unity/unity/Runtime/Export/Scripting/StackTrace.cs:35)
UnityEngine.DebugLogHandler:Internal_Log (UnityEngine.LogType,UnityEngine.LogOption,string,UnityEngine.Object)
UnityEngine.DebugLogHandler:LogFormat (UnityEngine.LogType,UnityEngine.Object,string,object[])
UnityEngine.Logger:Log (UnityEngine.LogType,object)
UnityEngine.Debug:Log (object)
MarketBuilder:Build () (at Assets/Editor/MarketBuilder.cs:51)
CheckoutBuilder:Build () (at Assets/Editor/CheckoutBuilder.cs:9)
CheckoutBuilder:IOS () (at Assets/Editor/CheckoutBuilder.cs:27)

(Filename: Assets/Editor/MarketBuilder.cs Line: 51)

Importing 'GUID: 678c4648089a4fc4d8c2ddcfb22cc8f8 - Path: Assets/Art/Characters/Worker_Stocker.fbx' with importer (FBXImporter)
Imported 'GUID: 678c4648089a4fc4d8c2ddcfb22cc8f8' -> (Import Result ID: '00cb3206534bfeae497975f3de2c01ff') in 0.138 seconds [static and dynamic dependencies]. Details - ImportResultOutputID=5b1b842b80d0d8db73e61cb8079f4656 DependenciesID=2e044b7784a018e86797d24e4eb1e68f StaticDependenciesID=efe621021c4d2a3e45607bc4a9f2b1f3 
Asset Pipeline Refresh (id=795ba5c94c307430788b882a3cdd7dfb): Total: 0.154 seconds - Initiated by StopAssetImportingV2(NoUpdateAssetOptions)
CHARACTER_CLIP Worker_Stocker BuyAtSpecialSector 2.5
UnityEngine.Debug:ExtractStackTraceNoAlloc (byte*,int,string)
UnityEngine.StackTraceUtility:ExtractStackTrace () (at /Users/bokken/build/output/unity/unity/Runtime/Export/Scripting/StackTrace.cs:35)
UnityEngine.DebugLogHandler:Internal_Log (UnityEngine.LogType,UnityEngine.LogOption,string,UnityEngine.Object)
UnityEngine.DebugLogHandler:LogFormat (UnityEngine.LogType,UnityEngine.Object,string,object[])
UnityEngine.Logger:Log (UnityEngine.LogType,object)
UnityEngine.Debug:Log (object)
MarketBuilder:Build () (at Assets/Editor/MarketBuilder.cs:51)
CheckoutBuilder:Build () (at Assets/Editor/CheckoutBuilder.cs:9)
CheckoutBuilder:IOS () (at Assets/Editor/CheckoutBuilder.cs:27)

(Filename: Assets/Editor/MarketBuilder.cs Line: 51)

CHARACTER_CLIP Worker_Stocker GetFromShelf 2
UnityEngine.Debug:ExtractStackTraceNoAlloc (byte*,int,string)
UnityEngine.StackTraceUtility:ExtractStackTrace () (at /Users/bokken/build/output/unity/unity/Runtime/Export/Scripting/StackTrace.cs:35)
UnityEngine.DebugLogHandler:Internal_Log (UnityEngine.LogType,UnityEngine.LogOption,string,UnityEngine.Object)
UnityEngine.DebugLogHandler:LogFormat (UnityEngine.LogType,UnityEngine.Object,string,object[])
UnityEngine.Logger:Log (UnityEngine.LogType,object)
UnityEngine.Debug:Log (object)
MarketBuilder:Build () (at Assets/Editor/MarketBuilder.cs:51)
CheckoutBuilder:Build () (at Assets/Editor/CheckoutBuilder.cs:9)
CheckoutBuilder:IOS () (at Assets/Editor/CheckoutBuilder.cs:27)

(Filename: Assets/Editor/MarketBuilder.cs Line: 51)

CHARACTER_CLIP Worker_Stocker Idle 2
UnityEngine.Debug:ExtractStackTraceNoAlloc (byte*,int,string)
UnityEngine.StackTraceUtility:ExtractStackTrace () (at /Users/bokken/build/output/unity/unity/Runtime/Export/Scripting/StackTrace.cs:35)
UnityEngine.DebugLogHandler:Internal_Log (UnityEngine.LogType,UnityEngine.LogOption,string,UnityEngine.Object)
UnityEngine.DebugLogHandler:LogFormat (UnityEngine.LogType,UnityEngine.Object,string,object[])
UnityEngine.Logger:Log (UnityEngine.LogType,object)
UnityEngine.Debug:Log (object)
MarketBuilder:Build () (at Assets/Editor/MarketBuilder.cs:51)
CheckoutBuilder:Build () (at Assets/Editor/CheckoutBuilder.cs:9)
CheckoutBuilder:IOS () (at Assets/Editor/CheckoutBuilder.cs:27)

(Filename: Assets/Editor/MarketBuilder.cs Line: 51)

CHARACTER_CLIP Worker_Stocker PayAtCheckout 2
UnityEngine.Debug:ExtractStackTraceNoAlloc (byte*,int,string)
UnityEngine.StackTraceUtility:ExtractStackTrace () (at /Users/bokken/build/output/unity/unity/Runtime/Export/Scripting/StackTrace.cs:35)
UnityEngine.DebugLogHandler:Internal_Log (UnityEngine.LogType,UnityEngine.LogOption,string,UnityEngine.Object)
UnityEngine.DebugLogHandler:LogFormat (UnityEngine.LogType,UnityEngine.Object,string,object[])
UnityEngine.Logger:Log (UnityEngine.LogType,object)
UnityEngine.Debug:Log (object)
MarketBuilder:Build () (at Assets/Editor/MarketBuilder.cs:51)
CheckoutBuilder:Build () (at Assets/Editor/CheckoutBuilder.cs:9)
CheckoutBuilder:IOS () (at Assets/Editor/CheckoutBuilder.cs:27)

(Filename: Assets/Editor/MarketBuilder.cs Line: 51)

CHARACTER_CLIP Worker_Stocker Walking 1
UnityEngine.Debug:ExtractStackTraceNoAlloc (byte*,int,string)
UnityEngine.StackTraceUtility:ExtractStackTrace () (at /Users/bokken/build/output/unity/unity/Runtime/Export/Scripting/StackTrace.cs:35)
UnityEngine.DebugLogHandler:Internal_Log (UnityEngine.LogType,UnityEngine.LogOption,string,UnityEngine.Object)
UnityEngine.DebugLogHandler:LogFormat (UnityEngine.LogType,UnityEngine.Object,string,object[])
UnityEngine.Logger:Log (UnityEngine.LogType,object)
UnityEngine.Debug:Log (object)
MarketBuilder:Build () (at Assets/Editor/MarketBuilder.cs:51)
CheckoutBuilder:Build () (at Assets/Editor/CheckoutBuilder.cs:9)
CheckoutBuilder:IOS () (at Assets/Editor/CheckoutBuilder.cs:27)

(Filename: Assets/Editor/MarketBuilder.cs Line: 51)

AcceleratorClientConnectionCallback - disconnected - :0
Importing 'GUID: 00000000000000004000000000000000 - Path: ProjectSettings/ProjectSettings.asset' with importer (LibraryAssetImporter)
Imported 'GUID: 00000000000000004000000000000000' -> (Import Result ID: '102e6e106e7a7f01236e6a56a8162eda') in 0.001 seconds [static dependencies only]. Details - ImportResultOutputID=276a810dac73e1f29404d5e5f692e214 DependenciesID=06df6fce4074100eb077ecaf36251c5d StaticDependenciesID=1ad312018715819f495c5ad245c49884 
Importing 'GUID: acce61c26a164b54daa2cf8697cb47fd - Path: Assets/Art/Materials/MarketPaint.mat' with importer (NativeFormatImporter)
Imported 'GUID: acce61c26a164b54daa2cf8697cb47fd' -> (Import Result ID: 'e4b537d320957e2c4d75bb713a7d7461') in 0.001 seconds [static dependencies only]. Details - ImportResultOutputID=52fba7543915683a3934ce1bbc5c20a0 DependenciesID=0a054488943a2c8a1e2fb3b3dd022b4e StaticDependenciesID=a5ef356921dbd959e82a16fae05b0cb5 
Asset Pipeline Refresh (id=90f612065e8044079affd6df0a313f20): Total: 0.020 seconds - Initiated by StopAssetImportingV2(NoUpdateAssetOptions)
Importing 'GUID: 15d4495edbf127a4b9cff9d0bd553f93 - Path: Assets/Scenes/Supermarket.unity' with importer (DefaultImporter)
Imported 'GUID: 15d4495edbf127a4b9cff9d0bd553f93' -> (Import Result ID: '35531a516025e701c92d768aab6f5271') in 0.002 seconds [static dependencies only]. Details - ImportResultOutputID=af5f5ec01b66cb5c852712edaf9d6de0 DependenciesID=9b905fba3531bc6847bd4884d558605e StaticDependenciesID=91664e4ebc054d58123f5f2605deee77 
Asset Pipeline Refresh (id=26a91c557013a48df8b3fbcf6d3340c8): Total: 0.021 seconds - Initiated by StopAssetImportingV2(NoUpdateAssetOptions)
MARKET_BUILD_OK | 334070 vertices | 76 renderers
UnityEngine.Debug:ExtractStackTraceNoAlloc (byte*,int,string)
UnityEngine.StackTraceUtility:ExtractStackTrace () (at /Users/bokken/build/output/unity/unity/Runtime/Export/Scripting/StackTrace.cs:35)
UnityEngine.DebugLogHandler:Internal_Log (UnityEngine.LogType,UnityEngine.LogOption,string,UnityEngine.Object)
UnityEngine.DebugLogHandler:LogFormat (UnityEngine.LogType,UnityEngine.Object,string,object[])
UnityEngine.Logger:Log (UnityEngine.LogType,object)
UnityEngine.Debug:Log (object)
MarketBuilder:Build () (at Assets/Editor/MarketBuilder.cs:92)
CheckoutBuilder:Build () (at Assets/Editor/CheckoutBuilder.cs:9)
CheckoutBuilder:IOS () (at Assets/Editor/CheckoutBuilder.cs:27)

(Filename: Assets/Editor/MarketBuilder.cs Line: 92)

AcceleratorClientConnectionCallback - disconnected - :0
Importing 'GUID: 00000000000000004000000000000000 - Path: ProjectSettings/ProjectSettings.asset' with importer (LibraryAssetImporter)
Imported 'GUID: 00000000000000004000000000000000' -> (Import Result ID: '221337c2c38c40d0bc1785e60d79aab7') in 0.001 seconds [static dependencies only]. Details - ImportResultOutputID=276a810dac73e1f29404d5e5f692e214 DependenciesID=aeca06697be1119f878da2e4e6333bf6 StaticDependenciesID=b7a7342c02e886f30f6f122f0aed1504 
Asset Pipeline Refresh (id=82d5e08e8360042a1bd36fc545c097b4): Total: 0.026 seconds - Initiated by StopAssetImportingV2(NoUpdateAssetOptions)
Importing 'GUID: 15d4495edbf127a4b9cff9d0bd553f93 - Path: Assets/Scenes/Supermarket.unity' with importer (DefaultImporter)
Imported 'GUID: 15d4495edbf127a4b9cff9d0bd553f93' -> (Import Result ID: '9a4a306af95b3111472373ba8c71c0d7') in 0.001 seconds [static dependencies only]. Details - ImportResultOutputID=af5f5ec01b66cb5c852712edaf9d6de0 DependenciesID=629f6eb7d934f137e0bbb525bf6743cc StaticDependenciesID=07c0723242910dc906455ce697566a72 
Asset Pipeline Refresh (id=184f5dde5f6b6499699dcf911d1cf820): Total: 0.027 seconds - Initiated by StopAssetImportingV2(NoUpdateAssetOptions)
CHECKOUT_SCENE_OK
UnityEngine.Debug:ExtractStackTraceNoAlloc (byte*,int,string)
UnityEngine.StackTraceUtility:ExtractStackTrace () (at /Users/bokken/build/output/unity/unity/Runtime/Export/Scripting/StackTrace.cs:35)
UnityEngine.DebugLogHandler:Internal_Log (UnityEngine.LogType,UnityEngine.LogOption,string,UnityEngine.Object)
UnityEngine.DebugLogHandler:LogFormat (UnityEngine.LogType,UnityEngine.Object,string,object[])
UnityEngine.Logger:Log (UnityEngine.LogType,object)
UnityEngine.Debug:Log (object)
CheckoutBuilder:Build () (at Assets/Editor/CheckoutBuilder.cs:11)
CheckoutBuilder:IOS () (at Assets/Editor/CheckoutBuilder.cs:27)

(Filename: Assets/Editor/CheckoutBuilder.cs Line: 11)

AcceleratorClientConnectionCallback - disconnected - :0
Importing 'GUID: 00000000000000004000000000000000 - Path: ProjectSettings/ProjectSettings.asset' with importer (LibraryAssetImporter)
Imported 'GUID: 00000000000000004000000000000000' -> (Import Result ID: 'eba45f6700cf82b0f3127313ebc7f64b') in 0.001 seconds [static dependencies only]. Details - ImportResultOutputID=276a810dac73e1f29404d5e5f692e214 DependenciesID=a3c89b26bea1b2c91810eb27dd012eb0 StaticDependenciesID=0a3743a2ef6f432e7b07ad34f275270b 
Asset Pipeline Refresh (id=14016409bbb994e20967e31e8863d913): Total: 0.031 seconds - Initiated by StopAssetImportingV2(NoUpdateAssetOptions)
info: Microsoft.AspNetCore.Hosting.Diagnostics[1]
      Request starting HTTP/2 POST http://ilpp/UnityILPP.PostProcessing/Ping - application/grpc -
info: Microsoft.AspNetCore.Routing.EndpointMiddleware[0]
      Executing endpoint 'gRPC - /UnityILPP.PostProcessing/Ping'
info: Microsoft.AspNetCore.Routing.EndpointMiddleware[1]
      Executed endpoint 'gRPC - /UnityILPP.PostProcessing/Ping'
info: Microsoft.AspNetCore.Hosting.Diagnostics[2]
      Request finished HTTP/2 POST http://ilpp/UnityILPP.PostProcessing/Ping - 200 - application/grpc 1.3504ms
Starting: /Applications/Unity/Hub/Editor/6000.5.7f1/Unity.app/Contents/Resources/BuildPipeline/bee_backend --ipc --defer-dag-verification --dagfile="Library/Bee/900b0aESkipCompile.dag" --continue-on-failure --profile="Library/Bee/backend1.traceevents" ScriptAssembliesAndTypeDB
WorkingDir: /Users/lucas-furini/repos/checkout/unity/CheckoutSimulator
ExitCode: 0 Duration: 0s125ms
*** Tundra build success (0.10 seconds), 0 items updated, 3 evaluated

Asset Pipeline Refresh (id=fae0f641098024fc4a3c86f4e703d221): Total: 0.364 seconds - Initiated by RefreshV2(NoUpdateAssetOptions)
	(Values over 0.05ms)
	Summary:
		Imports: total=0 (actual=0, local cache=0, cache server=0)
		Asset DB Process Time: managed=0 ms, native=363 ms
		Asset DB Callback time: managed=0 ms, native=0 ms
		Scripting: domain reloads=0, domain reload time=0 ms, compile time=0 ms, other=0 ms
		Project Asset Count: scripts=763, non-scripts=1022
		Asset File Changes: new=0, changed=0, moved=0, deleted=0
		Scan Filter Count: 1
	Scan: 363.329ms
	Collect global state as custom dependencies: 0.111ms
	UnloadStreamsEnd: 0.114ms
	Untracked: 0.336ms

[ScriptCompilation] Requested script compilation because: Recompiling scripts for player build.
BuildPlayer: start building target 9
info: Microsoft.AspNetCore.Hosting.Diagnostics[1]
      Request starting HTTP/2 POST http://ilpp/UnityILPP.PostProcessing/Ping - application/grpc -
info: Microsoft.AspNetCore.Routing.EndpointMiddleware[0]
      Executing endpoint 'gRPC - /UnityILPP.PostProcessing/Ping'
info: Microsoft.AspNetCore.Routing.EndpointMiddleware[1]
      Executed endpoint 'gRPC - /UnityILPP.PostProcessing/Ping'
info: Microsoft.AspNetCore.Hosting.Diagnostics[2]
      Request finished HTTP/2 POST http://ilpp/UnityILPP.PostProcessing/Ping - 200 - application/grpc 0.4197ms
Starting: /Applications/Unity/Hub/Editor/6000.5.7f1/Unity.app/Contents/Resources/BuildPipeline/bee_backend --ipc --defer-dag-verification --dagfile="Library/Bee/900b0aP.dag" --continue-on-failure --profile="Library/Bee/backend1.traceevents" ScriptAssembliesAndTypeDB
WorkingDir: /Users/lucas-furini/repos/checkout/unity/CheckoutSimulator
Total cache size 268318716
Total cache size after purge 268318716, took 00:00:00.6608287
ExitCode: 0 Duration: 0s913ms
[135/153    0s] CopyFiles Library/Bee/PlayerScriptAssemblies/UnityEngine.UI.dll
[136/153    0s] CopyFiles Library/Bee/PlayerScriptAssemblies/Unity.TextMeshPro.dll
[137/153    0s] CopyFiles Library/Bee/PlayerScriptAssemblies/Assembly-CSharp.pdb
[138/153    0s] CopyFiles Library/Bee/PlayerScriptAssemblies/Unity.TextMeshPro.pdb
[139/153    0s] CopyFiles Library/Bee/PlayerScriptAssemblies/Unity.AI.MCP.Runtime.pdb
[140/153    0s] CopyFiles Library/Bee/PlayerScriptAssemblies/UnityEngine.UI.pdb
[141/153    0s] CopyFiles Library/Bee/PlayerScriptAssemblies/Unity.AI.Tracing.dll
[142/153    0s] CopyFiles Library/Bee/PlayerScriptAssemblies/Unity.AI.Tracing.pdb
[143/153    0s] CopyFiles Library/Bee/PlayerScriptAssemblies/Unity.InternalAPIEngineBridge.004.pdb
[144/153    0s] CopyFiles Library/Bee/PlayerScriptAssemblies/Unity.InternalAPIEngineBridge.004.dll
[145/153    0s] CopyFiles Library/Bee/PlayerScriptAssemblies/Unity.Multiplayer.Center.Common.pdb
[146/153    0s] CopyFiles Library/Bee/PlayerScriptAssemblies/Unity.Multiplayer.Center.Common.dll
[147/153    0s] CopyFiles Library/Bee/PlayerScriptAssemblies/Unity.AI.MCP.Runtime.dll
[148/153    0s] CopyFiles Library/Bee/PlayerScriptAssemblies/Unity.Mathematics.dll
[149/153    0s] CopyFiles Library/Bee/PlayerScriptAssemblies/Unity.Mathematics.pdb
[150/153    0s] CopyFiles Library/Bee/PlayerScriptAssemblies/Assembly-CSharp.dll
*** Tundra build success (0.78 seconds), 16 items updated, 153 evaluated
Rebuilding Data files because Assets/Scenes/Supermarket.unity is dirty (hash)
Total cache size 268318716
Total cache size after purge 268318716, took 00:00:00.9164908

Asset Pipeline Refresh (id=9fca05e9526cc49ffb14b91ce56ce2cc): Total: 0.899 seconds - Initiated by RefreshV2(NoUpdateAssetOptions)
	(Values over 0.05ms)
	Summary:
		Imports: total=0 (actual=0, local cache=0, cache server=0)
		Asset DB Process Time: managed=0 ms, native=898 ms
		Asset DB Callback time: managed=0 ms, native=0 ms
		Scripting: domain reloads=0, domain reload time=0 ms, compile time=0 ms, other=0 ms
		Project Asset Count: scripts=763, non-scripts=1022
		Asset File Changes: new=0, changed=0, moved=0, deleted=0
		Scan Filter Count: 1
	ApplyChangesToAssetFolders: 0.073ms
	Scan: 877.265ms
	Collect global state as custom dependencies: 0.586ms
	CategorizeAssets: 7.435ms
	ImportOutOfDateAssets: 9.397ms (3.062ms without children)
		UnloadImportedAssets: 0.081ms
		EnsureUptoDateAssetsAreRegisteredWithGuidPM: 0.169ms
		ImportSchedulerStart: 6.073ms
	Untracked: 3.278ms

Asset Pipeline Refresh (id=25f38c98f5fe940ddaa7798448541ddd): Total: 0.275 seconds - Initiated by RefreshV2(NoUpdateAssetOptions)


Mono dependencies included in the build
Dependency assembly - System.ServiceModel.NetTcp.dll
Dependency assembly - System.Security.dll
Dependency assembly - System.ServiceModel.Activation.dll
Dependency assembly - System.Security.Cryptography.Pkcs.dll
Dependency assembly - System.Security.Cryptography.Encryption.dll
Dependency assembly - System.Net.Ping.dll
Dependency assembly - System.Security.Cryptography.DeriveBytes.dll
Dependency assembly - Unity.InternalAPIEngineBridge.004.dll
Dependency assembly - System.ServiceModel.Security.dll
Dependency assembly - System.Collections.NonGeneric.dll
Dependency assembly - Mono.Data.Sqlite.dll
Dependency assembly - System.Xml.Linq.dll
Dependency assembly - System.Net.WebHeaderCollection.dll
Dependency assembly - System.Security.Cryptography.Hashing.dll
Dependency assembly - Microsoft.Extensions.Logging.Abstractions.dll
Dependency assembly - System.Data.Services.dll
Dependency assembly - System.Security.Cryptography.RandomNumberGenerator.dll
Dependency assembly - System.Security.Principal.dll
Dependency assembly - System.ObjectModel.dll
Dependency assembly - System.Runtime.Serialization.Json.dll
Dependency assembly - System.Runtime.Serialization.Formatters.Soap.dll
Dependency assembly - System.Runtime.DurableInstancing.dll
Dependency assembly - System.Threading.Tasks.Extensions.dll
Dependency assembly - System.ServiceModel.Routing.dll
Dependency assembly - System.Net.Sockets.dll
Dependency assembly - System.Diagnostics.Debug.dll
Dependency assembly - System.Buffers.dll
Dependency assembly - System.Threading.AccessControl.dll
Dependency assembly - System.Web.ApplicationServices.dll
Dependency assembly - System.Drawing.Primitives.dll
Dependency assembly - Microsoft.Win32.Primitives.dll
Dependency assembly - System.IO.MemoryMappedFiles.dll
Dependency assembly - System.Security.Claims.dll
Dependency assembly - System.Text.Encoding.CodePages.dll
Dependency assembly - System.Reflection.TypeExtensions.dll
Dependency assembly - System.IdentityModel.Selectors.dll
Dependency assembly - System.Xml.XmlSerializer.dll
Dependency assembly - Assembly-CSharp.dll
Dependency assembly - System.Data.Entity.dll
Dependency assembly - System.DirectoryServices.Protocols.dll
Dependency assembly - System.Diagnostics.Tracing.dll
Dependency assembly - System.Net.dll
Dependency assembly - System.Threading.ThreadPool.dll
Dependency assembly - System.Data.Linq.dll
Dependency assembly - System.ServiceModel.Primitives.dll
Dependency assembly - System.IO.UnmanagedMemoryStream.dll
Dependency assembly - System.Security.Cryptography.Hashing.Algorithms.dll
Dependency assembly - System.Memory.dll
Dependency assembly - System.Runtime.Numerics.dll
Dependency assembly - I18N.MidEast.dll
Dependency assembly - System.Security.Cryptography.RSA.dll
Dependency assembly - System.Xml.XDocument.dll
Dependency assembly - Microsoft.Bcl.AsyncInterfaces.dll
Dependency assembly - System.Xml.Serialization.dll
Dependency assembly - System.Data.SqlClient.dll
Dependency assembly - System.EnterpriseServices.dll
Dependency assembly - System.Core.dll
Dependency assembly - System.IO.Hashing.dll
Dependency assembly - System.Reflection.Metadata.dll
Dependency assembly - System.Runtime.Loader.dll
Dependency assembly - Microsoft.Win32.Registry.dll
Dependency assembly - I18N.dll
Dependency assembly - System.Runtime.InteropServices.dll
Dependency assembly - System.Text.Encoding.dll
Dependency assembly - I18N.Other.dll
Dependency assembly - System.Globalization.Extensions.dll
Dependency assembly - System.Threading.Thread.dll
Dependency assembly - System.Security.Cryptography.Encoding.dll
Dependency assembly - System.Resources.Reader.dll
Dependency assembly - System.Net.HttpListener.dll
Dependency assembly - System.Runtime.Serialization.Primitives.dll
Dependency assembly - System.Web.RegularExpressions.dll
Dependency assembly - System.Collections.Concurrent.dll
Dependency assembly - Microsoft.Extensions.DependencyInjection.Abstractions.dll
Dependency assembly - System.ComponentModel.Annotations.dll
Dependency assembly - System.Data.OracleClient.dll
Dependency assembly - System.Text.RegularExpressions.dll
Dependency assembly - System.Threading.Tasks.dll
Dependency assembly - System.AppContext.dll
Dependency assembly - System.Net.AuthenticationManager.dll
Dependency assembly - System.Collections.dll
Dependency assembly - System.Text.Json.dll
Dependency assembly - System.IO.Compression.dll
Dependency assembly - System.Diagnostics.Tools.dll
Dependency assembly - System.Runtime.Remoting.dll
Dependency assembly - Mono.Data.Tds.dll
Dependency assembly - System.Security.Cryptography.Algorithms.dll
Dependency assembly - System.Security.Principal.Windows.dll
Dependency assembly - I18N.West.dll
Dependency assembly - System.Xaml.dll
Dependency assembly - System.Reflection.DispatchProxy.dll
Dependency assembly - System.Net.Http.dll
Dependency assembly - System.Data.Common.dll
Dependency assembly - System.Diagnostics.FileVersionInfo.dll
Dependency assembly - System.Reflection.Emit.Lightweight.dll
Dependency assembly - System.ComponentModel.DataAnnotations.dll
Dependency assembly - System.IO.IsolatedStorage.dll
Dependency assembly - System.IO.FileSystem.Watcher.dll
Dependency assembly - System.Runtime.CompilerServices.VisualC.dll
Dependency assembly - System.Resources.Writer.dll
Dependency assembly - System.Security.Cryptography.Encryption.ECDiffieHellman.dll
Dependency assembly - System.Diagnostics.TextWriterTraceListener.dll
Dependency assembly - System.Design.dll
Dependency assembly - System.Threading.Timer.dll
Dependency assembly - System.IO.FileSystem.DriveInfo.dll
Dependency assembly - System.Globalization.Calendars.dll
Dependency assembly - System.Numerics.Vectors.dll
Dependency assembly - System.Runtime.Serialization.Xml.dll
Dependency assembly - System.Diagnostics.TraceSource.dll
Dependency assembly - I18N.Rare.dll
Dependency assembly - System.Runtime.Caching.dll
Dependency assembly - System.Linq.Parallel.dll
Dependency assembly - System.ServiceModel.Http.dll
Dependency assembly - System.Drawing.dll
Dependency assembly - System.Collections.Immutable.dll
Dependency assembly - System.IO.FileSystem.AccessControl.dll
Dependency assembly - System.ServiceModel.dll
Dependency assembly - System.Net.NetworkInformation.dll
Dependency assembly - System.Reflection.Extensions.dll
Dependency assembly - System.Security.AccessControl.dll
Dependency assembly - System.Diagnostics.DiagnosticSource.dll
Dependency assembly - System.Security.Cryptography.OpenSsl.dll
Dependency assembly - System.Net.ServicePoint.dll
Dependency assembly - System.Resources.ReaderWriter.dll
Dependency assembly - System.DirectoryServices.dll
Dependency assembly - System.Security.Cryptography.Encryption.ECDsa.dll
Dependency assembly - System.IO.FileSystem.dll
Dependency assembly - System.ComponentModel.EventBasedAsync.dll
Dependency assembly - System.Diagnostics.TraceEvent.dll
Dependency assembly - System.ComponentModel.Composition.dll
Dependency assembly - System.Numerics.dll
Dependency assembly - System.Data.Services.Client.dll
Dependency assembly - System.ComponentModel.TypeConverter.dll
Dependency assembly - Microsoft.CSharp.dll
Dependency assembly - System.Windows.dll
Dependency assembly - System.Net.Requests.dll
Dependency assembly - System.Runtime.Serialization.Formatters.dll
Dependency assembly - Unity.Multiplayer.Center.Common.dll
Dependency assembly - System.Windows.Forms.dll
Dependency assembly - System.Threading.dll
Dependency assembly - System.Web.Extensions.Design.dll
Dependency assembly - netstandard.dll
Dependency assembly - System.Globalization.dll
Dependency assembly - System.Data.DataSetExtensions.dll
Dependency assembly - System.Xml.XPath.dll
Dependency assembly - System.Net.Primitives.dll
Dependency assembly - System.Net.Utilities.dll
Dependency assembly - System.Web.Services.dll
Dependency assembly - System.Xml.XPath.XDocument.dll
Dependency assembly - System.Web.Extensions.dll
Dependency assembly - UnityEngine.UI.dll
Dependency assembly - System.Net.NameResolution.dll
Dependency assembly - System.IO.FileSystem.Primitives.dll
Dependency assembly - System.Security.Cryptography.Csp.dll
Dependency assembly - System.IO.Compression.ZipFile.dll
Dependency assembly - System.Management.dll
Dependency assembly - System.Web.DynamicData.dll
Dependency assembly - System.Reflection.Emit.dll
Dependency assembly - System.Xml.Xsl.Primitives.dll
Dependency assembly - System.Dynamic.Runtime.dll
Dependency assembly - System.Collections.Specialized.dll
Dependency assembly - System.Runtime.Handles.dll
Dependency assembly - I18N.CJK.dll
Dependency assembly - System.IO.Compression.FileSystem.dll
Dependency assembly - System.Diagnostics.Process.dll
Dependency assembly - System.ComponentModel.Primitives.dll
Dependency assembly - System.Xml.ReaderWriter.dll
Dependency assembly - System.Net.Cache.dll
Dependency assembly - System.IO.Pipes.dll
Dependency assembly - System.Security.SecureString.dll
Dependency assembly - System.IdentityModel.dll
Dependency assembly - System.Net.WebSockets.Client.dll
Dependency assembly - Unity.AI.MCP.Runtime.dll
Dependency assembly - Unity.TextMeshPro.dll
Dependency assembly - System.Net.Http.WebRequest.dll
Dependency assembly - System.ServiceProcess.dll
Dependency assembly - System.ServiceModel.Web.dll
Dependency assembly - System.Xml.XPath.XmlDocument.dll
Dependency assembly - System.Reflection.Emit.ILGeneration.dll
Dependency assembly - System.Linq.Queryable.dll
Dependency assembly - Unity.AI.Tracing.dll
Dependency assembly - System.Runtime.CompilerServices.Unsafe.dll
Dependency assembly - System.Runtime.InteropServices.WindowsRuntime.dll
Dependency assembly - Microsoft.Win32.Registry.AccessControl.dll
Dependency assembly - System.Windows.Forms.DataVisualization.dll
Dependency assembly - System.ServiceModel.Duplex.dll
Dependency assembly - System.Net.Security.dll
Dependency assembly - System.Data.dll
Dependency assembly - System.Reflection.dll
Dependency assembly - System.Threading.Overlapped.dll
Dependency assembly - System.Xml.XmlDocument.dll
Dependency assembly - System.Diagnostics.Contracts.dll
Dependency assembly - Mono.Security.dll
Dependency assembly - System.Runtime.Serialization.dll
Dependency assembly - System.Threading.Tasks.Parallel.dll
Dependency assembly - System.Net.WebSockets.dll
Dependency assembly - System.IO.dll
Dependency assembly - System.Console.dll
Dependency assembly - System.Diagnostics.StackTrace.dll
Dependency assembly - System.Runtime.dll
Dependency assembly - System.Configuration.Install.dll
Dependency assembly - System.Configuration.dll
Dependency assembly - System.Text.Encoding.Extensions.dll
Dependency assembly - System.Runtime.Extensions.dll
Dependency assembly - System.Json.dll
Dependency assembly - System.Security.Cryptography.Cng.dll
Dependency assembly - System.Security.Cryptography.X509Certificates.dll
Dependency assembly - System.ServiceProcess.ServiceController.dll
Dependency assembly - System.Messaging.dll
Dependency assembly - System.ServiceModel.Discovery.dll
Dependency assembly - System.Security.Cryptography.ProtectedData.dll
Dependency assembly - Unity.Mathematics.dll
Dependency assembly - System.ValueTuple.dll
Dependency assembly - System.Web.dll
Dependency assembly - System.Runtime.InteropServices.RuntimeInformation.dll
Dependency assembly - System.Linq.dll
Dependency assembly - Newtonsoft.Json.dll
Dependency assembly - System.ServiceModel.Internals.dll
Dependency assembly - System.Transactions.dll
Dependency assembly - mscorlib.dll
Dependency assembly - System.Security.Cryptography.Primitives.dll
Dependency assembly - System.dll
Dependency assembly - System.Resources.ResourceManager.dll
Dependency assembly - System.Drawing.Design.dll
Dependency assembly - System.Reflection.Context.dll
Dependency assembly - Accessibility.dll
Dependency assembly - System.ComponentModel.dll
Dependency assembly - System.Linq.Expressions.dll
Dependency assembly - System.Net.Mail.dll
Dependency assembly - System.Xml.dll
Dependency assembly - System.Text.Encodings.Web.dll
Dependency assembly - System.Reflection.Primitives.dll
Dependency assembly - System.Security.Cryptography.Encryption.Aes.dll

DisplayProgressbar: Fetching assembly references
Opening scene 'Assets/Scenes/Supermarket.unity'
Unloading 2 Unused Serialized files (Serialized files now loaded: 0)
Loaded scene 'Assets/Scenes/Supermarket.unity'
	Deserialize:            6.176 ms
	Integration:            6.130 ms
	Integration of assets:  0.003 ms
	Thread Wait Time:       0.006 ms
	Total Operation Time:   12.315 ms
Unloading 1963 unused Assets / (10.8 MB). Loaded Objects now: 4115.
Memory consumption went from 247.4 MB to 236.6 MB.
Total: 17.799750 ms (FindLiveObjects: 0.187708 ms CreateObjectMapping: 0.300417 ms MarkObjects: 15.567583 ms  DeleteObjects: 1.743083 ms)

Unloading 7 Unused Serialized files (Serialized files now loaded: 0)
Unloading 166 unused Assets / (1.3 MB). Loaded Objects now: 3212.
Memory consumption went from 224.2 MB to 222.9 MB.
Total: 16.071917 ms (FindLiveObjects: 0.114375 ms CreateObjectMapping: 0.141083 ms MarkObjects: 15.212417 ms  DeleteObjects: 0.603209 ms)

Unloading 0 Unused Serialized files (Serialized files now loaded: 0)
Unloading 0 unused Assets / (7.6 MB). Loaded Objects now: 3212.
Memory consumption went from 220.4 MB to 212.8 MB.
Total: 15.330208 ms (FindLiveObjects: 0.111833 ms CreateObjectMapping: 0.140750 ms MarkObjects: 14.865250 ms  DeleteObjects: 0.211917 ms)

Unloading 1 Unused Serialized files (Serialized files now loaded: 0)
Unloading 179 unused Assets / (147.6 MB). Loaded Objects now: 3212.
Memory consumption went from 356.4 MB to 208.8 MB.
Total: 25.603792 ms (FindLiveObjects: 0.105875 ms CreateObjectMapping: 0.148834 ms MarkObjects: 14.908875 ms  DeleteObjects: 10.439958 ms)

Compiling shader "Standard"
  Pass "FORWARD" (vp)
    Target graphics API: metal
    Full variant space:         664
    After settings filtering:   664
    After built-in stripping:   24
    After scriptable stripping: 24
    Processed in 0.01 seconds
  Pass "FORWARD" (fp)
    Target graphics API: metal
    Full variant space:         504
    After settings filtering:   504
    After built-in stripping:   12
    After scriptable stripping: 12
    Processed in 0.00 seconds
  Pass "FORWARD_DELTA" (vp)
    Target graphics API: metal
    Full variant space:         188
    After settings filtering:   188
    After built-in stripping:   39
    After scriptable stripping: 39
    Processed in 0.00 seconds
  Pass "FORWARD_DELTA" (fp)
    Target graphics API: metal
    Full variant space:         188
    After settings filtering:   188
    After built-in stripping:   39
    After scriptable stripping: 39
    Processed in 0.00 seconds
  Pass "ShadowCaster" (vp)
    Target graphics API: metal
    Full variant space:         4
    After settings filtering:   4
    After built-in stripping:   6
    After scriptable stripping: 6
    Processed in 0.00 seconds
  Pass "ShadowCaster" (fp)
    Target graphics API: metal
    Full variant space:         4
    After settings filtering:   4
    After built-in stripping:   6
    After scriptable stripping: 6
    Processed in 0.00 seconds
  Pass "DEFERRED" (vp)
    Target graphics API: metal
    Full variant space:         76
    After settings filtering:   76
    After built-in stripping:   12
    After scriptable stripping: 12
    Processed in 0.00 seconds
  Pass "DEFERRED" (fp)
    Target graphics API: metal
    Full variant space:         76
    After settings filtering:   76
    After built-in stripping:   12
    After scriptable stripping: 12
    Processed in 0.00 seconds
  Pass "FORWARD" (vp)
    Target graphics API: metal
    Full variant space:         208
    After settings filtering:   208
    After built-in stripping:   24
    After scriptable stripping: 24
    Processed in 0.00 seconds
  Pass "FORWARD" (fp)
    Target graphics API: metal
    Full variant space:         148
    After settings filtering:   148
    After built-in stripping:   12
    After scriptable stripping: 12
    Processed in 0.00 seconds
  Pass "FORWARD_DELTA" (vp)
    Target graphics API: metal
    Full variant space:         140
    After settings filtering:   140
    After built-in stripping:   30
    After scriptable stripping: 30
    Processed in 0.00 seconds
  Pass "FORWARD_DELTA" (fp)
    Target graphics API: metal
    Full variant space:         140
    After settings filtering:   140
    After built-in stripping:   30
    After scriptable stripping: 30
    Processed in 0.00 seconds
  Pass "ShadowCaster" (vp)
    Target graphics API: metal
    Full variant space:         2
    After settings filtering:   2
    After built-in stripping:   6
    After scriptable stripping: 6
    Processed in 0.00 seconds
  Pass "ShadowCaster" (fp)
    Target graphics API: metal
    Full variant space:         2
    After settings filtering:   2
    After built-in stripping:   6
    After scriptable stripping: 6
    Processed in 0.00 seconds
  Pass FORWARD (vp, metal) finished in 0.05 seconds. Local cache hits 24 (0.46s CPU time), remote cache hits 0 (0.00s CPU time), compiled 0 variants (0.00s CPU time), skipped 0 variants.
    Prepared data for serialisation in 0.00s
  Pass FORWARD (fp, metal) finished in 0.04 seconds. Local cache hits 12 (0.26s CPU time), remote cache hits 0 (0.00s CPU time), compiled 0 variants (0.00s CPU time), skipped 0 variants.
    Prepared data for serialisation in 0.00s
  Pass FORWARD_DELTA (vp, metal) finished in 0.06 seconds. Local cache hits 39 (0.45s CPU time), remote cache hits 0 (0.00s CPU time), compiled 0 variants (0.00s CPU time), skipped 0 variants.
    Prepared data for serialisation in 0.00s
  Pass FORWARD_DELTA (fp, metal) finished in 0.03 seconds. Local cache hits 39 (0.32s CPU time), remote cache hits 0 (0.00s CPU time), compiled 0 variants (0.00s CPU time), skipped 0 variants.
    Prepared data for serialisation in 0.00s
  Pass ShadowCaster (vp, metal) finished in 0.01 seconds. Local cache hits 6 (0.03s CPU time), remote cache hits 0 (0.00s CPU time), compiled 0 variants (0.00s CPU time), skipped 0 variants.
    Prepared data for serialisation in 0.00s
  Pass ShadowCaster (fp, metal) finished in 0.01 seconds. Local cache hits 6 (0.05s CPU time), remote cache hits 0 (0.00s CPU time), compiled 0 variants (0.00s CPU time), skipped 0 variants.
    Prepared data for serialisation in 0.00s
  Pass DEFERRED (vp, metal) finished in 0.02 seconds. Local cache hits 12 (0.12s CPU time), remote cache hits 0 (0.00s CPU time), compiled 0 variants (0.00s CPU time), skipped 0 variants.
    Prepared data for serialisation in 0.00s
  Pass DEFERRED (fp, metal) finished in 0.03 seconds. Local cache hits 12 (0.19s CPU time), remote cache hits 0 (0.00s CPU time), compiled 0 variants (0.00s CPU time), skipped 0 variants.
    Prepared data for serialisation in 0.00s
  Pass FORWARD (vp, metal) finished in 0.04 seconds. Local cache hits 24 (0.23s CPU time), remote cache hits 0 (0.00s CPU time), compiled 0 variants (0.00s CPU time), skipped 0 variants.
    Prepared data for serialisation in 0.00s
  Pass FORWARD (fp, metal) finished in 0.04 seconds. Local cache hits 12 (0.28s CPU time), remote cache hits 0 (0.00s CPU time), compiled 0 variants (0.00s CPU time), skipped 0 variants.
    Prepared data for serialisation in 0.00s
  Pass FORWARD_DELTA (vp, metal) finished in 0.07 seconds. Local cache hits 30 (0.43s CPU time), remote cache hits 0 (0.00s CPU time), compiled 0 variants (0.00s CPU time), skipped 0 variants.
    Prepared data for serialisation in 0.00s
  Pass FORWARD_DELTA (fp, metal) finished in 0.05 seconds. Local cache hits 30 (0.41s CPU time), remote cache hits 0 (0.00s CPU time), compiled 0 variants (0.00s CPU time), skipped 0 variants.
    Prepared data for serialisation in 0.00s
  Pass ShadowCaster (vp, metal) finished in 0.01 seconds. Local cache hits 6 (0.06s CPU time), remote cache hits 0 (0.00s CPU time), compiled 0 variants (0.00s CPU time), skipped 0 variants.
    Prepared data for serialisation in 0.00s
  Pass ShadowCaster (fp, metal) finished in 0.01 seconds. Local cache hits 6 (0.04s CPU time), remote cache hits 0 (0.00s CPU time), compiled 0 variants (0.00s CPU time), skipped 0 variants.
    Prepared data for serialisation in 0.00s
Serialized binary data for shader Standard in 0.00s
    metal (total internal programs: 258, unique: 89)
Compiling shader "Hidden/MarketDay/Native Clarity"
  Pass "" (vp)
    Target graphics API: metal
    Full variant space:         1
    After settings filtering:   1
    After built-in stripping:   3
    After scriptable stripping: 3
    Processed in 0.00 seconds
  Pass "" (fp)
    Target graphics API: metal
    Full variant space:         1
    After settings filtering:   1
    After built-in stripping:   3
    After scriptable stripping: 3
    Processed in 0.00 seconds
  Pass  (vp, metal) finished in 0.01 seconds. Local cache hits 3 (0.01s CPU time), remote cache hits 0 (0.00s CPU time), compiled 0 variants (0.00s CPU time), skipped 0 variants.
    Prepared data for serialisation in 0.00s
  Pass  (fp, metal) finished in 0.01 seconds. Local cache hits 3 (0.01s CPU time), remote cache hits 0 (0.00s CPU time), compiled 0 variants (0.00s CPU time), skipped 0 variants.
    Prepared data for serialisation in 0.00s
Serialized binary data for shader Hidden/MarketDay/Native Clarity in 0.00s
    metal (total internal programs: 6, unique: 2)
Compiling shader "MarketDay/Soft Painted"
  Pass "Illustrated contour" (vp)
    Target graphics API: metal
    Full variant space:         1
    After settings filtering:   1
    After built-in stripping:   3
    After scriptable stripping: 3
    Processed in 0.00 seconds
  Pass "Illustrated contour" (fp)
    Target graphics API: metal
    Full variant space:         1
    After settings filtering:   1
    After built-in stripping:   3
    After scriptable stripping: 3
    Processed in 0.00 seconds
  Pass "FORWARD" (vp)
    Target graphics API: metal
    Full variant space:         664
    After settings filtering:   664
    After built-in stripping:   24
    After scriptable stripping: 24
    Processed in 0.00 seconds
  Pass "FORWARD" (fp)
    Target graphics API: metal
    Full variant space:         504
    After settings filtering:   504
    After built-in stripping:   12
    After scriptable stripping: 12
    Processed in 0.00 seconds
  Pass "FORWARD" (vp)
    Target graphics API: metal
    Full variant space:         188
    After settings filtering:   188
    After built-in stripping:   39
    After scriptable stripping: 39
    Processed in 0.00 seconds
  Pass "FORWARD" (fp)
    Target graphics API: metal
    Full variant space:         188
    After settings filtering:   188
    After built-in stripping:   39
    After scriptable stripping: 39
    Processed in 0.00 seconds
  Pass "ShadowCaster" (vp)
    Target graphics API: metal
    Full variant space:         4
    After settings filtering:   4
    After built-in stripping:   6
    After scriptable stripping: 6
    Processed in 0.00 seconds
  Pass "ShadowCaster" (fp)
    Target graphics API: metal
    Full variant space:         4
    After settings filtering:   4
    After built-in stripping:   6
    After scriptable stripping: 6
    Processed in 0.00 seconds
  Pass Illustrated contour (vp, metal) finished in 0.01 seconds. Local cache hits 3 (0.01s CPU time), remote cache hits 0 (0.00s CPU time), compiled 0 variants (0.00s CPU time), skipped 0 variants.
    Prepared data for serialisation in 0.00s
  Pass Illustrated contour (fp, metal) finished in 0.01 seconds. Local cache hits 3 (0.02s CPU time), remote cache hits 0 (0.00s CPU time), compiled 0 variants (0.00s CPU time), skipped 0 variants.
    Prepared data for serialisation in 0.00s
  Pass FORWARD (vp, metal) finished in 0.03 seconds. Local cache hits 24 (0.22s CPU time), remote cache hits 0 (0.00s CPU time), compiled 0 variants (0.00s CPU time), skipped 0 variants.
    Prepared data for serialisation in 0.00s
  Pass FORWARD (fp, metal) finished in 0.04 seconds. Local cache hits 12 (0.17s CPU time), remote cache hits 0 (0.00s CPU time), compiled 0 variants (0.00s CPU time), skipped 0 variants.
    Prepared data for serialisation in 0.00s
  Pass FORWARD (vp, metal) finished in 0.05 seconds. Local cache hits 39 (0.45s CPU time), remote cache hits 0 (0.00s CPU time), compiled 0 variants (0.00s CPU time), skipped 0 variants.
    Prepared data for serialisation in 0.00s
  Pass FORWARD (fp, metal) finished in 0.04 seconds. Local cache hits 39 (0.44s CPU time), remote cache hits 0 (0.00s CPU time), compiled 0 variants (0.00s CPU time), skipped 0 variants.
    Prepared data for serialisation in 0.00s
  Pass ShadowCaster (vp, metal) finished in 0.01 seconds. Local cache hits 6 (0.01s CPU time), remote cache hits 0 (0.00s CPU time), compiled 0 variants (0.00s CPU time), skipped 0 variants.
    Prepared data for serialisation in 0.00s
  Pass ShadowCaster (fp, metal) finished in 0.00 seconds. Local cache hits 6 (0.01s CPU time), remote cache hits 0 (0.00s CPU time), compiled 0 variants (0.00s CPU time), skipped 0 variants.
    Prepared data for serialisation in 0.00s
Serialized binary data for shader MarketDay/Soft Painted in 0.00s
    metal (total internal programs: 132, unique: 44)
Compiling shader "Legacy Shaders/VertexLit"
  Pass "" (vp)
    Target graphics API: metal
    Full variant space:         12
    After settings filtering:   12
    After built-in stripping:   9
    After scriptable stripping: 9
    Processed in 0.00 seconds
  Pass "" (fp)
    Target graphics API: metal
    Full variant space:         12
    After settings filtering:   12
    After built-in stripping:   9
    After scriptable stripping: 9
    Processed in 0.00 seconds
  Pass "" (vp)
    Target graphics API: metal
    Full variant space:         4
    After settings filtering:   4
    After built-in stripping:   3
    After scriptable stripping: 3
    Processed in 0.00 seconds
  Pass "" (fp)
    Target graphics API: metal
    Full variant space:         4
    After settings filtering:   4
    After built-in stripping:   3
    After scriptable stripping: 3
    Processed in 0.00 seconds
  Pass "ShadowCaster" (vp)
    Target graphics API: metal
    Full variant space:         4
    After settings filtering:   4
    After built-in stripping:   6
    After scriptable stripping: 6
    Processed in 0.00 seconds
  Pass "ShadowCaster" (fp)
    Target graphics API: metal
    Full variant space:         4
    After settings filtering:   4
    After built-in stripping:   6
    After scriptable stripping: 6
    Processed in 0.00 seconds
  Pass  (vp, metal) finished in 0.02 seconds. Local cache hits 9 (0.16s CPU time), remote cache hits 0 (0.00s CPU time), compiled 0 variants (0.00s CPU time), skipped 0 variants.
    Prepared data for serialisation in 0.00s
  Pass  (fp, metal) finished in 0.03 seconds. Local cache hits 9 (0.15s CPU time), remote cache hits 0 (0.00s CPU time), compiled 0 variants (0.00s CPU time), skipped 0 variants.
    Prepared data for serialisation in 0.00s
  Pass  (vp, metal) finished in 0.02 seconds. Local cache hits 3 (0.06s CPU time), remote cache hits 0 (0.00s CPU time), compiled 0 variants (0.00s CPU time), skipped 0 variants.
    Prepared data for serialisation in 0.00s
  Pass  (fp, metal) finished in 0.02 seconds. Local cache hits 3 (0.05s CPU time), remote cache hits 0 (0.00s CPU time), compiled 0 variants (0.00s CPU time), skipped 0 variants.
    Prepared data for serialisation in 0.00s
  Pass ShadowCaster (vp, metal) finished in 0.01 seconds. Local cache hits 6 (0.05s CPU time), remote cache hits 0 (0.00s CPU time), compiled 0 variants (0.00s CPU time), skipped 0 variants.
    Prepared data for serialisation in 0.00s
  Pass ShadowCaster (fp, metal) finished in 0.02 seconds. Local cache hits 6 (0.06s CPU time), remote cache hits 0 (0.00s CPU time), compiled 0 variants (0.00s CPU time), skipped 0 variants.
    Prepared data for serialisation in 0.00s
Serialized binary data for shader Legacy Shaders/VertexLit in 0.00s
    metal (total internal programs: 36, unique: 12)
Compiling shader "Legacy Shaders/Diffuse"
  Pass "FORWARD" (vp)
    Target graphics API: metal
    Full variant space:         664
    After settings filtering:   664
    After built-in stripping:   24
    After scriptable stripping: 24
    Processed in 0.00 seconds
  Pass "FORWARD" (fp)
    Target graphics API: metal
    Full variant space:         504
    After settings filtering:   504
    After built-in stripping:   12
    After scriptable stripping: 12
    Processed in 0.00 seconds
  Pass "FORWARD" (vp)
    Target graphics API: metal
    Full variant space:         20
    After settings filtering:   20
    After built-in stripping:   15
    After scriptable stripping: 15
    Processed in 0.00 seconds
  Pass "FORWARD" (fp)
    Target graphics API: metal
    Full variant space:         20
    After settings filtering:   20
    After built-in stripping:   15
    After scriptable stripping: 15
    Processed in 0.00 seconds
  Pass "DEFERRED" (vp)
    Target graphics API: metal
    Full variant space:         76
    After settings filtering:   76
    After built-in stripping:   12
    After scriptable stripping: 12
    Processed in 0.00 seconds
  Pass "DEFERRED" (fp)
    Target graphics API: metal
    Full variant space:         76
    After settings filtering:   76
    After built-in stripping:   12
    After scriptable stripping: 12
    Processed in 0.00 seconds
  Pass FORWARD (vp, metal) finished in 0.03 seconds. Local cache hits 24 (0.34s CPU time), remote cache hits 0 (0.00s CPU time), compiled 0 variants (0.00s CPU time), skipped 0 variants.
    Prepared data for serialisation in 0.00s
  Pass FORWARD (fp, metal) finished in 0.03 seconds. Local cache hits 12 (0.23s CPU time), remote cache hits 0 (0.00s CPU time), compiled 0 variants (0.00s CPU time), skipped 0 variants.
    Prepared data for serialisation in 0.00s
  Pass FORWARD (vp, metal) finished in 0.03 seconds. Local cache hits 15 (0.14s CPU time), remote cache hits 0 (0.00s CPU time), compiled 0 variants (0.00s CPU time), skipped 0 variants.
    Prepared data for serialisation in 0.00s
  Pass FORWARD (fp, metal) finished in 0.05 seconds. Local cache hits 15 (0.41s CPU time), remote cache hits 0 (0.00s CPU time), compiled 0 variants (0.00s CPU time), skipped 0 variants.
    Prepared data for serialisation in 0.00s
  Pass DEFERRED (vp, metal) finished in 0.05 seconds. Local cache hits 12 (0.29s CPU time), remote cache hits 0 (0.00s CPU time), compiled 0 variants (0.00s CPU time), skipped 0 variants.
    Prepared data for serialisation in 0.00s
  Pass DEFERRED (fp, metal) finished in 0.03 seconds. Local cache hits 12 (0.22s CPU time), remote cache hits 0 (0.00s CPU time), compiled 0 variants (0.00s CPU time), skipped 0 variants.
    Prepared data for serialisation in 0.00s
Serialized binary data for shader Legacy Shaders/Diffuse in 0.00s
    metal (total internal programs: 90, unique: 29)
Compiling shader "Hidden/Internal-StencilWrite"
  Pass "" (vp)
    Target graphics API: metal
    Full variant space:         1
    After settings filtering:   1
    After built-in stripping:   3
    After scriptable stripping: 3
    Processed in 0.00 seconds
  Pass "" (fp)
    Target graphics API: metal
    Full variant space:         1
    After settings filtering:   1
    After built-in stripping:   3
    After scriptable stripping: 3
    Processed in 0.00 seconds
  Pass  (vp, metal) finished in 0.01 seconds. Local cache hits 3 (0.02s CPU time), remote cache hits 0 (0.00s CPU time), compiled 0 variants (0.00s CPU time), skipped 0 variants.
    Prepared data for serialisation in 0.00s
  Pass  (fp, metal) finished in 0.01 seconds. Local cache hits 3 (0.02s CPU time), remote cache hits 0 (0.00s CPU time), compiled 0 variants (0.00s CPU time), skipped 0 variants.
    Prepared data for serialisation in 0.00s
Serialized binary data for shader Hidden/Internal-StencilWrite in 0.00s
    metal (total internal programs: 6, unique: 2)
Compiling shader "Hidden/Internal-DepthNormalsTexture"
  Pass "" (vp)
    Target graphics API: metal
    Full variant space:         1
    After settings filtering:   1
    After built-in stripping:   3
    After scriptable stripping: 3
    Processed in 0.00 seconds
  Pass "" (fp)
    Target graphics API: metal
    Full variant space:         1
    After settings filtering:   1
    After built-in stripping:   3
    After scriptable stripping: 3
    Processed in 0.00 seconds
  Pass "" (vp)
    Target graphics API: metal
    Full variant space:         1
    After settings filtering:   1
    After built-in stripping:   3
    After scriptable stripping: 3
    Processed in 0.00 seconds
  Pass "" (fp)
    Target graphics API: metal
    Full variant space:         1
    After settings filtering:   1
    After built-in stripping:   3
    After scriptable stripping: 3
    Processed in 0.00 seconds
  Pass "" (vp)
    Target graphics API: metal
    Full variant space:         1
    After settings filtering:   1
    After built-in stripping:   3
    After scriptable stripping: 3
    Processed in 0.00 seconds
  Pass "" (fp)
    Target graphics API: metal
    Full variant space:         1
    After settings filtering:   1
    After built-in stripping:   3
    After scriptable stripping: 3
    Processed in 0.00 seconds
  Pass "" (vp)
    Target graphics API: metal
    Full variant space:         1
    After settings filtering:   1
    After built-in stripping:   3
    After scriptable stripping: 3
    Processed in 0.00 seconds
  Pass "" (fp)
    Target graphics API: metal
    Full variant space:         1
    After settings filtering:   1
    After built-in stripping:   3
    After scriptable stripping: 3
    Processed in 0.00 seconds
  Pass "" (vp)
    Target graphics API: metal
    Full variant space:         1
    After settings filtering:   1
    After built-in stripping:   3
    After scriptable stripping: 3
    Processed in 0.00 seconds
  Pass "" (fp)
    Target graphics API: metal
    Full variant space:         1
    After settings filtering:   1
    After built-in stripping:   3
    After scriptable stripping: 3
    Processed in 0.00 seconds
  Pass "" (vp)
    Target graphics API: metal
    Full variant space:         1
    After settings filtering:   1
    After built-in stripping:   3
    After scriptable stripping: 3
    Processed in 0.00 seconds
  Pass "" (fp)
    Target graphics API: metal
    Full variant space:         1
    After settings filtering:   1
    After built-in stripping:   3
    After scriptable stripping: 3
    Processed in 0.00 seconds
  Pass "" (vp)
    Target graphics API: metal
    Full variant space:         1
    After settings filtering:   1
    After built-in stripping:   3
    After scriptable stripping: 3
    Processed in 0.00 seconds
  Pass "" (fp)
    Target graphics API: metal
    Full variant space:         1
    After settings filtering:   1
    After built-in stripping:   3
    After scriptable stripping: 3
    Processed in 0.00 seconds
  Pass "" (vp)
    Target graphics API: metal
    Full variant space:         1
    After settings filtering:   1
    After built-in stripping:   3
    After scriptable stripping: 3
    Processed in 0.00 seconds
  Pass "" (fp)
    Target graphics API: metal
    Full variant space:         1
    After settings filtering:   1
    After built-in stripping:   3
    After scriptable stripping: 3
    Processed in 0.00 seconds
  Pass "" (vp)
    Target graphics API: metal
    Full variant space:         1
    After settings filtering:   1
    After built-in stripping:   3
    After scriptable stripping: 3
    Processed in 0.00 seconds
  Pass "" (fp)
    Target graphics API: metal
    Full variant space:         1
    After settings filtering:   1
    After built-in stripping:   3
    After scriptable stripping: 3
    Processed in 0.00 seconds
  Pass "" (vp)
    Target graphics API: metal
    Full variant space:         1
    After settings filtering:   1
    After built-in stripping:   3
    After scriptable stripping: 3
    Processed in 0.00 seconds
  Pass "" (fp)
    Target graphics API: metal
    Full variant space:         1
    After settings filtering:   1
    After built-in stripping:   3
    After scriptable stripping: 3
    Processed in 0.00 seconds
  Pass  (vp, metal) finished in 0.02 seconds. Local cache hits 3 (0.03s CPU time), remote cache hits 0 (0.00s CPU time), compiled 0 variants (0.00s CPU time), skipped 0 variants.
    Prepared data for serialisation in 0.00s
  Pass  (fp, metal) finished in 0.02 seconds. Local cache hits 3 (0.03s CPU time), remote cache hits 0 (0.00s CPU time), compiled 0 variants (0.00s CPU time), skipped 0 variants.
    Prepared data for serialisation in 0.00s
  Pass  (vp, metal) finished in 0.02 seconds. Local cache hits 3 (0.02s CPU time), remote cache hits 0 (0.00s CPU time), compiled 0 variants (0.00s CPU time), skipped 0 variants.
    Prepared data for serialisation in 0.00s
  Pass  (fp, metal) finished in 0.02 seconds. Local cache hits 3 (0.04s CPU time), remote cache hits 0 (0.00s CPU time), compiled 0 variants (0.00s CPU time), skipped 0 variants.
    Prepared data for serialisation in 0.00s
  Pass  (vp, metal) finished in 0.01 seconds. Local cache hits 3 (0.03s CPU time), remote cache hits 0 (0.00s CPU time), compiled 0 variants (0.00s CPU time), skipped 0 variants.
    Prepared data for serialisation in 0.00s
  Pass  (fp, metal) finished in 0.01 seconds. Local cache hits 3 (0.03s CPU time), remote cache hits 0 (0.00s CPU time), compiled 0 variants (0.00s CPU time), skipped 0 variants.
    Prepared data for serialisation in 0.00s
  Pass  (vp, metal) finished in 0.04 seconds. Local cache hits 3 (0.05s CPU time), remote cache hits 0 (0.00s CPU time), compiled 0 variants (0.00s CPU time), skipped 0 variants.
    Prepared data for serialisation in 0.00s
  Pass  (fp, metal) finished in 0.03 seconds. Local cache hits 3 (0.03s CPU time), remote cache hits 0 (0.00s CPU time), compiled 0 variants (0.00s CPU time), skipped 0 variants.
    Prepared data for serialisation in 0.00s
  Pass  (vp, metal) finished in 0.03 seconds. Local cache hits 3 (0.03s CPU time), remote cache hits 0 (0.00s CPU time), compiled 0 variants (0.00s CPU time), skipped 0 variants.
    Prepared data for serialisation in 0.00s
  Pass  (fp, metal) finished in 0.03 seconds. Local cache hits 3 (0.01s CPU time), remote cache hits 0 (0.00s CPU time), compiled 0 variants (0.00s CPU time), skipped 0 variants.
    Prepared data for serialisation in 0.00s
  Pass  (vp, metal) finished in 0.03 seconds. Local cache hits 3 (0.02s CPU time), remote cache hits 0 (0.00s CPU time), compiled 0 variants (0.00s CPU time), skipped 0 variants.
    Prepared data for serialisation in 0.00s
  Pass  (fp, metal) finished in 0.03 seconds. Local cache hits 3 (0.01s CPU time), remote cache hits 0 (0.00s CPU time), compiled 0 variants (0.00s CPU time), skipped 0 variants.
    Prepared data for serialisation in 0.00s
  Pass  (vp, metal) finished in 0.03 seconds. Local cache hits 3 (0.06s CPU time), remote cache hits 0 (0.00s CPU time), compiled 0 variants (0.00s CPU time), skipped 0 variants.
    Prepared data for serialisation in 0.00s
  Pass  (fp, metal) finished in 0.03 seconds. Local cache hits 3 (0.01s CPU time), remote cache hits 0 (0.00s CPU time), compiled 0 variants (0.00s CPU time), skipped 0 variants.
    Prepared data for serialisation in 0.00s
  Pass  (vp, metal) finished in 0.03 seconds. Local cache hits 3 (0.06s CPU time), remote cache hits 0 (0.00s CPU time), compiled 0 variants (0.00s CPU time), skipped 0 variants.
    Prepared data for serialisation in 0.00s
  Pass  (fp, metal) finished in 0.03 seconds. Local cache hits 3 (0.03s CPU time), remote cache hits 0 (0.00s CPU time), compiled 0 variants (0.00s CPU time), skipped 0 variants.
    Prepared data for serialisation in 0.00s
  Pass  (vp, metal) finished in 0.04 seconds. Local cache hits 3 (0.07s CPU time), remote cache hits 0 (0.00s CPU time), compiled 0 variants (0.00s CPU time), skipped 0 variants.
    Prepared data for serialisation in 0.00s
  Pass  (fp, metal) finished in 0.03 seconds. Local cache hits 3 (0.04s CPU time), remote cache hits 0 (0.00s CPU time), compiled 0 variants (0.00s CPU time), skipped 0 variants.
    Prepared data for serialisation in 0.00s
  Pass  (vp, metal) finished in 0.03 seconds. Local cache hits 3 (0.05s CPU time), remote cache hits 0 (0.00s CPU time), compiled 0 variants (0.00s CPU time), skipped 0 variants.
    Prepared data for serialisation in 0.00s
  Pass  (fp, metal) finished in 0.02 seconds. Local cache hits 3 (0.02s CPU time), remote cache hits 0 (0.00s CPU time), compiled 0 variants (0.00s CPU time), skipped 0 variants.
    Prepared data for serialisation in 0.00s
Serialized binary data for shader Hidden/Internal-DepthNormalsTexture in 0.00s
    metal (total internal programs: 60, unique: 16)
Compiling shader "Hidden/Internal-ScreenSpaceShadows"
  Pass "" (vp)
    Target graphics API: metal
    Full variant space:         4
    After settings filtering:   4
    After built-in stripping:   12
    After scriptable stripping: 12
    Processed in 0.00 seconds
  Pass "" (fp)
    Target graphics API: metal
    Full variant space:         4
    After settings filtering:   4
    After built-in stripping:   12
    After scriptable stripping: 12
    Processed in 0.00 seconds
  Pass "" (vp)
    Target graphics API: metal
    Full variant space:         4
    After settings filtering:   4
    After built-in stripping:   12
    After scriptable stripping: 12
    Processed in 0.00 seconds
  Pass "" (fp)
    Target graphics API: metal
    Full variant space:         4
    After settings filtering:   4
    After built-in stripping:   12
    After scriptable stripping: 12
    Processed in 0.00 seconds
  Pass "" (vp)
    Target graphics API: metal
    Full variant space:         4
    After settings filtering:   4
    After built-in stripping:   12
    After scriptable stripping: 12
    Processed in 0.00 seconds
  Pass "" (fp)
    Target graphics API: metal
    Full variant space:         4
    After settings filtering:   4
    After built-in stripping:   12
    After scriptable stripping: 12
    Processed in 0.00 seconds
  Pass "" (vp)
    Target graphics API: metal
    Full variant space:         4
    After settings filtering:   4
    After built-in stripping:   12
    After scriptable stripping: 12
    Processed in 0.00 seconds
  Pass "" (fp)
    Target graphics API: metal
    Full variant space:         4
    After settings filtering:   4
    After built-in stripping:   12
    After scriptable stripping: 12
    Processed in 0.00 seconds
  Pass  (vp, metal) finished in 0.03 seconds. Local cache hits 12 (0.26s CPU time), remote cache hits 0 (0.00s CPU time), compiled 0 variants (0.00s CPU time), skipped 0 variants.
    Prepared data for serialisation in 0.00s
  Pass  (fp, metal) finished in 0.03 seconds. Local cache hits 12 (0.22s CPU time), remote cache hits 0 (0.00s CPU time), compiled 0 variants (0.00s CPU time), skipped 0 variants.
    Prepared data for serialisation in 0.00s
  Pass  (vp, metal) finished in 0.02 seconds. Local cache hits 12 (0.08s CPU time), remote cache hits 0 (0.00s CPU time), compiled 0 variants (0.00s CPU time), skipped 0 variants.
    Prepared data for serialisation in 0.00s
  Pass  (fp, metal) finished in 0.03 seconds. Local cache hits 12 (0.23s CPU time), remote cache hits 0 (0.00s CPU time), compiled 0 variants (0.00s CPU time), skipped 0 variants.
    Prepared data for serialisation in 0.00s
  Pass  (vp, metal) finished in 0.02 seconds. Local cache hits 12 (0.10s CPU time), remote cache hits 0 (0.00s CPU time), compiled 0 variants (0.00s CPU time), skipped 0 variants.
    Prepared data for serialisation in 0.00s
  Pass  (fp, metal) finished in 0.03 seconds. Local cache hits 12 (0.25s CPU time), remote cache hits 0 (0.00s CPU time), compiled 0 variants (0.00s CPU time), skipped 0 variants.
    Prepared data for serialisation in 0.00s
  Pass  (vp, metal) finished in 0.01 seconds. Local cache hits 12 (0.08s CPU time), remote cache hits 0 (0.00s CPU time), compiled 0 variants (0.00s CPU time), skipped 0 variants.
    Prepared data for serialisation in 0.00s
  Pass  (fp, metal) finished in 0.02 seconds. Local cache hits 12 (0.14s CPU time), remote cache hits 0 (0.00s CPU time), compiled 0 variants (0.00s CPU time), skipped 0 variants.
    Prepared data for serialisation in 0.00s
Serialized binary data for shader Hidden/Internal-ScreenSpaceShadows in 0.00s
    metal (total internal programs: 96, unique: 20)
Compiling shader "Hidden/Internal-CombineDepthNormals"
  Pass "" (vp)
    Target graphics API: metal
    Full variant space:         1
    After settings filtering:   1
    After built-in stripping:   3
    After scriptable stripping: 3
    Processed in 0.00 seconds
  Pass "" (fp)
    Target graphics API: metal
    Full variant space:         1
    After settings filtering:   1
    After built-in stripping:   3
    After scriptable stripping: 3
    Processed in 0.00 seconds
  Pass  (vp, metal) finished in 0.01 seconds. Local cache hits 3 (0.02s CPU time), remote cache hits 0 (0.00s CPU time), compiled 0 variants (0.00s CPU time), skipped 0 variants.
    Prepared data for serialisation in 0.00s
  Pass  (fp, metal) finished in 0.01 seconds. Local cache hits 3 (0.02s CPU time), remote cache hits 0 (0.00s CPU time), compiled 0 variants (0.00s CPU time), skipped 0 variants.
    Prepared data for serialisation in 0.00s
Serialized binary data for shader Hidden/Internal-CombineDepthNormals in 0.00s
    metal (total internal programs: 6, unique: 2)
Compiling shader "Hidden/BlitCopy"
  Pass "" (vp)
    Target graphics API: metal
    Full variant space:         1
    After settings filtering:   1
    After built-in stripping:   3
    After scriptable stripping: 3
    Processed in 0.00 seconds
  Pass "" (fp)
    Target graphics API: metal
    Full variant space:         1
    After settings filtering:   1
    After built-in stripping:   3
    After scriptable stripping: 3
    Processed in 0.00 seconds
  Pass  (vp, metal) finished in 0.01 seconds. Local cache hits 3 (0.01s CPU time), remote cache hits 0 (0.00s CPU time), compiled 0 variants (0.00s CPU time), skipped 0 variants.
    Prepared data for serialisation in 0.00s
  Pass  (fp, metal) finished in 0.00 seconds. Local cache hits 3 (0.01s CPU time), remote cache hits 0 (0.00s CPU time), compiled 0 variants (0.00s CPU time), skipped 0 variants.
    Prepared data for serialisation in 0.00s
Serialized binary data for shader Hidden/BlitCopy in 0.00s
    metal (total internal programs: 6, unique: 2)
Compiling shader "Hidden/BlitCopyDepth"
  Pass "" (vp)
    Target graphics API: metal
    Full variant space:         1
    After settings filtering:   1
    After built-in stripping:   3
    After scriptable stripping: 3
    Processed in 0.00 seconds
  Pass "" (fp)
    Target graphics API: metal
    Full variant space:         1
    After settings filtering:   1
    After built-in stripping:   3
    After scriptable stripping: 3
    Processed in 0.00 seconds
  Pass  (vp, metal) finished in 0.00 seconds. Local cache hits 3 (0.00s CPU time), remote cache hits 0 (0.00s CPU time), compiled 0 variants (0.00s CPU time), skipped 0 variants.
    Prepared data for serialisation in 0.00s
  Pass  (fp, metal) finished in 0.01 seconds. Local cache hits 3 (0.01s CPU time), remote cache hits 0 (0.00s CPU time), compiled 0 variants (0.00s CPU time), skipped 0 variants.
    Prepared data for serialisation in 0.00s
Serialized binary data for shader Hidden/BlitCopyDepth in 0.00s
    metal (total internal programs: 6, unique: 2)
Compiling shader "Hidden/ConvertTexture"
  Pass "" (vp)
    Target graphics API: metal
    Full variant space:         1
    After settings filtering:   1
    After built-in stripping:   3
    After scriptable stripping: 3
    Processed in 0.00 seconds
  Pass "" (fp)
    Target graphics API: metal
    Full variant space:         1
    After settings filtering:   1
    After built-in stripping:   3
    After scriptable stripping: 3
    Processed in 0.00 seconds
  Pass  (vp, metal) finished in 0.01 seconds. Local cache hits 3 (0.02s CPU time), remote cache hits 0 (0.00s CPU time), compiled 0 variants (0.00s CPU time), skipped 0 variants.
    Prepared data for serialisation in 0.00s
  Pass  (fp, metal) finished in 0.01 seconds. Local cache hits 3 (0.01s CPU time), remote cache hits 0 (0.00s CPU time), compiled 0 variants (0.00s CPU time), skipped 0 variants.
    Prepared data for serialisation in 0.00s
Serialized binary data for shader Hidden/ConvertTexture in 0.00s
    metal (total internal programs: 6, unique: 2)
Compiling shader "Hidden/Internal-DeferredShading"
  Pass "" (vp)
    Target graphics API: metal
    Full variant space:         94
    After settings filtering:   94
    After built-in stripping:   78
    After scriptable stripping: 78
    Processed in 0.01 seconds
  Pass "" (fp)
    Target graphics API: metal
    Full variant space:         94
    After settings filtering:   94
    After built-in stripping:   78
    After scriptable stripping: 78
    Processed in 0.00 seconds
  Pass "" (vp)
    Target graphics API: metal
    Full variant space:         1
    After settings filtering:   1
    After built-in stripping:   3
    After scriptable stripping: 3
    Processed in 0.00 seconds
  Pass "" (fp)
    Target graphics API: metal
    Full variant space:         1
    After settings filtering:   1
    After built-in stripping:   3
    After scriptable stripping: 3
    Processed in 0.00 seconds
  Pass  (vp, metal) finished in 0.08 seconds. Local cache hits 78 (0.86s CPU time), remote cache hits 0 (0.00s CPU time), compiled 0 variants (0.00s CPU time), skipped 0 variants.
    Prepared data for serialisation in 0.00s
  Pass  (fp, metal) finished in 0.13 seconds. Local cache hits 78 (1.35s CPU time), remote cache hits 0 (0.00s CPU time), compiled 0 variants (0.00s CPU time), skipped 0 variants.
    Prepared data for serialisation in 0.00s
  Pass  (vp, metal) finished in 0.02 seconds. Local cache hits 3 (0.04s CPU time), remote cache hits 0 (0.00s CPU time), compiled 0 variants (0.00s CPU time), skipped 0 variants.
    Prepared data for serialisation in 0.00s
  Pass  (fp, metal) finished in 0.01 seconds. Local cache hits 3 (0.04s CPU time), remote cache hits 0 (0.00s CPU time), compiled 0 variants (0.00s CPU time), skipped 0 variants.
    Prepared data for serialisation in 0.00s
Serialized binary data for shader Hidden/Internal-DeferredShading in 0.00s
    metal (total internal programs: 162, unique: 80)
Compiling shader "Hidden/Internal-DeferredReflections"
  Pass "" (vp)
    Target graphics API: metal
    Full variant space:         1
    After settings filtering:   1
    After built-in stripping:   3
    After scriptable stripping: 3
    Processed in 0.00 seconds
  Pass "" (fp)
    Target graphics API: metal
    Full variant space:         1
    After settings filtering:   1
    After built-in stripping:   3
    After scriptable stripping: 3
    Processed in 0.00 seconds
  Pass "" (vp)
    Target graphics API: metal
    Full variant space:         2
    After settings filtering:   2
    After built-in stripping:   6
    After scriptable stripping: 6
    Processed in 0.00 seconds
  Pass "" (fp)
    Target graphics API: metal
    Full variant space:         2
    After settings filtering:   2
    After built-in stripping:   6
    After scriptable stripping: 6
    Processed in 0.00 seconds
  Pass  (vp, metal) finished in 0.03 seconds. Local cache hits 3 (0.06s CPU time), remote cache hits 0 (0.00s CPU time), compiled 0 variants (0.00s CPU time), skipped 0 variants.
    Prepared data for serialisation in 0.00s
  Pass  (fp, metal) finished in 0.03 seconds. Local cache hits 3 (0.08s CPU time), remote cache hits 0 (0.00s CPU time), compiled 0 variants (0.00s CPU time), skipped 0 variants.
    Prepared data for serialisation in 0.00s
  Pass  (vp, metal) finished in 0.04 seconds. Local cache hits 6 (0.13s CPU time), remote cache hits 0 (0.00s CPU time), compiled 0 variants (0.00s CPU time), skipped 0 variants.
    Prepared data for serialisation in 0.00s
  Pass  (fp, metal) finished in 0.03 seconds. Local cache hits 6 (0.11s CPU time), remote cache hits 0 (0.00s CPU time), compiled 0 variants (0.00s CPU time), skipped 0 variants.
    Prepared data for serialisation in 0.00s
Serialized binary data for shader Hidden/Internal-DeferredReflections in 0.00s
    metal (total internal programs: 18, unique: 7)
Compiling shader "Hidden/Internal-MotionVectors"
  Pass "" (vp)
    Target graphics API: metal
    Full variant space:         1
    After settings filtering:   1
    After built-in stripping:   3
    After scriptable stripping: 3
    Processed in 0.00 seconds
  Pass "" (fp)
    Target graphics API: metal
    Full variant space:         1
    After settings filtering:   1
    After built-in stripping:   3
    After scriptable stripping: 3
    Processed in 0.00 seconds
  Pass "" (vp)
    Target graphics API: metal
    Full variant space:         1
    After settings filtering:   1
    After built-in stripping:   3
    After scriptable stripping: 3
    Processed in 0.00 seconds
  Pass "" (fp)
    Target graphics API: metal
    Full variant space:         1
    After settings filtering:   1
    After built-in stripping:   3
    After scriptable stripping: 3
    Processed in 0.00 seconds
  Pass "" (vp)
    Target graphics API: metal
    Full variant space:         1
    After settings filtering:   1
    After built-in stripping:   3
    After scriptable stripping: 3
    Processed in 0.00 seconds
  Pass "" (fp)
    Target graphics API: metal
    Full variant space:         1
    After settings filtering:   1
    After built-in stripping:   3
    After scriptable stripping: 3
    Processed in 0.00 seconds
  Pass  (vp, metal) finished in 0.03 seconds. Local cache hits 3 (0.06s CPU time), remote cache hits 0 (0.00s CPU time), compiled 0 variants (0.00s CPU time), skipped 0 variants.
    Prepared data for serialisation in 0.00s
  Pass  (fp, metal) finished in 0.03 seconds. Local cache hits 3 (0.05s CPU time), remote cache hits 0 (0.00s CPU time), compiled 0 variants (0.00s CPU time), skipped 0 variants.
    Prepared data for serialisation in 0.00s
  Pass  (vp, metal) finished in 0.03 seconds. Local cache hits 3 (0.05s CPU time), remote cache hits 0 (0.00s CPU time), compiled 0 variants (0.00s CPU time), skipped 0 variants.
    Prepared data for serialisation in 0.00s
  Pass  (fp, metal) finished in 0.03 seconds. Local cache hits 3 (0.05s CPU time), remote cache hits 0 (0.00s CPU time), compiled 0 variants (0.00s CPU time), skipped 0 variants.
    Prepared data for serialisation in 0.00s
  Pass  (vp, metal) finished in 0.01 seconds. Local cache hits 3 (0.01s CPU time), remote cache hits 0 (0.00s CPU time), compiled 0 variants (0.00s CPU time), skipped 0 variants.
    Prepared data for serialisation in 0.00s
  Pass  (fp, metal) finished in 0.02 seconds. Local cache hits 3 (0.05s CPU time), remote cache hits 0 (0.00s CPU time), compiled 0 variants (0.00s CPU time), skipped 0 variants.
    Prepared data for serialisation in 0.00s
Serialized binary data for shader Hidden/Internal-MotionVectors in 0.00s
    metal (total internal programs: 18, unique: 5)
Compiling shader "Hidden/Internal-Flare"
  Pass "" (vp)
    Target graphics API: metal
    Full variant space:         1
    After settings filtering:   1
    After built-in stripping:   3
    After scriptable stripping: 3
    Processed in 0.00 seconds
  Pass "" (fp)
    Target graphics API: metal
    Full variant space:         1
    After settings filtering:   1
    After built-in stripping:   3
    After scriptable stripping: 3
    Processed in 0.00 seconds
  Pass  (vp, metal) finished in 0.01 seconds. Local cache hits 3 (0.02s CPU time), remote cache hits 0 (0.00s CPU time), compiled 0 variants (0.00s CPU time), skipped 0 variants.
    Prepared data for serialisation in 0.00s
  Pass  (fp, metal) finished in 0.01 seconds. Local cache hits 3 (0.02s CPU time), remote cache hits 0 (0.00s CPU time), compiled 0 variants (0.00s CPU time), skipped 0 variants.
    Prepared data for serialisation in 0.00s
Serialized binary data for shader Hidden/Internal-Flare in 0.00s
    metal (total internal programs: 6, unique: 2)
Compiling shader "Hidden/Internal-Halo"
  Pass "" (vp)
    Target graphics API: metal
    Full variant space:         4
    After settings filtering:   4
    After built-in stripping:   3
    After scriptable stripping: 3
    Processed in 0.00 seconds
  Pass "" (fp)
    Target graphics API: metal
    Full variant space:         4
    After settings filtering:   4
    After built-in stripping:   3
    After scriptable stripping: 3
    Processed in 0.00 seconds
  Pass  (vp, metal) finished in 0.01 seconds. Local cache hits 3 (0.02s CPU time), remote cache hits 0 (0.00s CPU time), compiled 0 variants (0.00s CPU time), skipped 0 variants.
    Prepared data for serialisation in 0.00s
  Pass  (fp, metal) finished in 0.01 seconds. Local cache hits 3 (0.02s CPU time), remote cache hits 0 (0.00s CPU time), compiled 0 variants (0.00s CPU time), skipped 0 variants.
    Prepared data for serialisation in 0.00s
Serialized binary data for shader Hidden/Internal-Halo in 0.00s
    metal (total internal programs: 6, unique: 2)
Compiling shader "Hidden/BlitCopyWithDepth"
  Pass "" (vp)
    Target graphics API: metal
    Full variant space:         1
    After settings filtering:   1
    After built-in stripping:   3
    After scriptable stripping: 3
    Processed in 0.00 seconds
  Pass "" (fp)
    Target graphics API: metal
    Full variant space:         1
    After settings filtering:   1
    After built-in stripping:   3
    After scriptable stripping: 3
    Processed in 0.00 seconds
  Pass  (vp, metal) finished in 0.00 seconds. Local cache hits 3 (0.00s CPU time), remote cache hits 0 (0.00s CPU time), compiled 0 variants (0.00s CPU time), skipped 0 variants.
    Prepared data for serialisation in 0.00s
  Pass  (fp, metal) finished in 0.00 seconds. Local cache hits 3 (0.01s CPU time), remote cache hits 0 (0.00s CPU time), compiled 0 variants (0.00s CPU time), skipped 0 variants.
    Prepared data for serialisation in 0.00s
Serialized binary data for shader Hidden/BlitCopyWithDepth in 0.00s
    metal (total internal programs: 6, unique: 2)
Compiling shader "Hidden/BlitToDepth"
  Pass "" (vp)
    Target graphics API: metal
    Full variant space:         1
    After settings filtering:   1
    After built-in stripping:   3
    After scriptable stripping: 3
    Processed in 0.00 seconds
  Pass "" (fp)
    Target graphics API: metal
    Full variant space:         1
    After settings filtering:   1
    After built-in stripping:   3
    After scriptable stripping: 3
    Processed in 0.00 seconds
  Pass  (vp, metal) finished in 0.00 seconds. Local cache hits 3 (0.01s CPU time), remote cache hits 0 (0.00s CPU time), compiled 0 variants (0.00s CPU time), skipped 0 variants.
    Prepared data for serialisation in 0.00s
  Pass  (fp, metal) finished in 0.00 seconds. Local cache hits 3 (0.01s CPU time), remote cache hits 0 (0.00s CPU time), compiled 0 variants (0.00s CPU time), skipped 0 variants.
    Prepared data for serialisation in 0.00s
Serialized binary data for shader Hidden/BlitToDepth in 0.00s
    metal (total internal programs: 6, unique: 2)
Compiling shader "Hidden/BlitToDepth_MSAA"
  Pass "" (vp)
    Target graphics API: metal
    Full variant space:         1
    After settings filtering:   1
    After built-in stripping:   3
    After scriptable stripping: 3
    Processed in 0.00 seconds
  Pass "" (fp)
    Target graphics API: metal
    Full variant space:         1
    After settings filtering:   1
    After built-in stripping:   3
    After scriptable stripping: 3
    Processed in 0.00 seconds
  Pass  (vp, metal) finished in 0.00 seconds. Local cache hits 3 (0.00s CPU time), remote cache hits 0 (0.00s CPU time), compiled 0 variants (0.00s CPU time), skipped 0 variants.
    Prepared data for serialisation in 0.00s
  Pass  (fp, metal) finished in 0.01 seconds. Local cache hits 3 (0.02s CPU time), remote cache hits 0 (0.00s CPU time), compiled 0 variants (0.00s CPU time), skipped 0 variants.
    Prepared data for serialisation in 0.00s
Serialized binary data for shader Hidden/BlitToDepth_MSAA in 0.00s
    metal (total internal programs: 6, unique: 2)
Compiling shader "Hidden/BlitCopyHDRTonemap"
  Pass "" (vp)
    Target graphics API: metal
    Full variant space:         1
    After settings filtering:   1
    After built-in stripping:   3
    After scriptable stripping: 3
    Processed in 0.00 seconds
  Pass "" (fp)
    Target graphics API: metal
    Full variant space:         1
    After settings filtering:   1
    After built-in stripping:   3
    After scriptable stripping: 3
    Processed in 0.00 seconds
  Pass  (vp, metal) finished in 0.00 seconds. Local cache hits 3 (0.00s CPU time), remote cache hits 0 (0.00s CPU time), compiled 0 variants (0.00s CPU time), skipped 0 variants.
    Prepared data for serialisation in 0.00s
  Pass  (fp, metal) finished in 0.00 seconds. Local cache hits 3 (0.01s CPU time), remote cache hits 0 (0.00s CPU time), compiled 0 variants (0.00s CPU time), skipped 0 variants.
    Prepared data for serialisation in 0.00s
Serialized binary data for shader Hidden/BlitCopyHDRTonemap in 0.00s
    metal (total internal programs: 6, unique: 2)
Compiling shader "Hidden/Internal-DebugPattern"
  Pass "Target Color and DepthStencil" (vp)
    Target graphics API: metal
    Full variant space:         1
    After settings filtering:   1
    After built-in stripping:   3
    After scriptable stripping: 3
    Processed in 0.00 seconds
  Pass "Target Color and DepthStencil" (fp)
    Target graphics API: metal
    Full variant space:         1
    After settings filtering:   1
    After built-in stripping:   3
    After scriptable stripping: 3
    Processed in 0.00 seconds
  Pass "Target only Color" (vp)
    Target graphics API: metal
    Full variant space:         1
    After settings filtering:   1
    After built-in stripping:   3
    After scriptable stripping: 3
    Processed in 0.00 seconds
  Pass "Target only Color" (fp)
    Target graphics API: metal
    Full variant space:         1
    After settings filtering:   1
    After built-in stripping:   3
    After scriptable stripping: 3
    Processed in 0.00 seconds
  Pass "Target only DepthStencil" (vp)
    Target graphics API: metal
    Full variant space:         1
    After settings filtering:   1
    After built-in stripping:   3
    After scriptable stripping: 3
    Processed in 0.00 seconds
  Pass "Target only DepthStencil" (fp)
    Target graphics API: metal
    Full variant space:         1
    After settings filtering:   1
    After built-in stripping:   3
    After scriptable stripping: 3
    Processed in 0.00 seconds
  Pass Target Color and DepthStencil (vp, metal) finished in 0.04 seconds. Local cache hits 3 (0.09s CPU time), remote cache hits 0 (0.00s CPU time), compiled 0 variants (0.00s CPU time), skipped 0 variants.
    Prepared data for serialisation in 0.00s
  Pass Target Color and DepthStencil (fp, metal) finished in 0.04 seconds. Local cache hits 3 (0.09s CPU time), remote cache hits 0 (0.00s CPU time), compiled 0 variants (0.00s CPU time), skipped 0 variants.
    Prepared data for serialisation in 0.00s
  Pass Target only Color (vp, metal) finished in 0.04 seconds. Local cache hits 3 (0.09s CPU time), remote cache hits 0 (0.00s CPU time), compiled 0 variants (0.00s CPU time), skipped 0 variants.
    Prepared data for serialisation in 0.00s
  Pass Target only Color (fp, metal) finished in 0.03 seconds. Local cache hits 3 (0.07s CPU time), remote cache hits 0 (0.00s CPU time), compiled 0 variants (0.00s CPU time), skipped 0 variants.
    Prepared data for serialisation in 0.00s
  Pass Target only DepthStencil (vp, metal) finished in 0.01 seconds. Local cache hits 3 (0.03s CPU time), remote cache hits 0 (0.00s CPU time), compiled 0 variants (0.00s CPU time), skipped 0 variants.
    Prepared data for serialisation in 0.00s
  Pass Target only DepthStencil (fp, metal) finished in 0.02 seconds. Local cache hits 3 (0.04s CPU time), remote cache hits 0 (0.00s CPU time), compiled 0 variants (0.00s CPU time), skipped 0 variants.
    Prepared data for serialisation in 0.00s
Serialized binary data for shader Hidden/Internal-DebugPattern in 0.00s
    metal (total internal programs: 18, unique: 4)
Compiling shader "Hidden/Internal-GUITextureClip"
  Pass "" (vp)
    Target graphics API: metal
    Full variant space:         1
    After settings filtering:   1
    After built-in stripping:   3
    After scriptable stripping: 3
    Processed in 0.00 seconds
  Pass "" (fp)
    Target graphics API: metal
    Full variant space:         1
    After settings filtering:   1
    After built-in stripping:   3
    After scriptable stripping: 3
    Processed in 0.00 seconds
  Pass "" (vp)
    Target graphics API: metal
    Full variant space:         1
    After settings filtering:   1
    After built-in stripping:   3
    After scriptable stripping: 3
    Processed in 0.00 seconds
  Pass "" (fp)
    Target graphics API: metal
    Full variant space:         1
    After settings filtering:   1
    After built-in stripping:   3
    After scriptable stripping: 3
    Processed in 0.00 seconds
  Pass  (vp, metal) finished in 0.01 seconds. Local cache hits 3 (0.02s CPU time), remote cache hits 0 (0.00s CPU time), compiled 0 variants (0.00s CPU time), skipped 0 variants.
    Prepared data for serialisation in 0.00s
  Pass  (fp, metal) finished in 0.01 seconds. Local cache hits 3 (0.03s CPU time), remote cache hits 0 (0.00s CPU time), compiled 0 variants (0.00s CPU time), skipped 0 variants.
    Prepared data for serialisation in 0.00s
  Pass  (vp, metal) finished in 0.01 seconds. Local cache hits 3 (0.03s CPU time), remote cache hits 0 (0.00s CPU time), compiled 0 variants (0.00s CPU time), skipped 0 variants.
    Prepared data for serialisation in 0.00s
  Pass  (fp, metal) finished in 0.01 seconds. Local cache hits 3 (0.03s CPU time), remote cache hits 0 (0.00s CPU time), compiled 0 variants (0.00s CPU time), skipped 0 variants.
    Prepared data for serialisation in 0.00s
Serialized binary data for shader Hidden/Internal-GUITextureClip in 0.00s
    metal (total internal programs: 12, unique: 2)
Compiling shader "Hidden/Internal-GUITextureClipText"
  Pass "" (vp)
    Target graphics API: metal
    Full variant space:         1
    After settings filtering:   1
    After built-in stripping:   3
    After scriptable stripping: 3
    Processed in 0.00 seconds
  Pass "" (fp)
    Target graphics API: metal
    Full variant space:         1
    After settings filtering:   1
    After built-in stripping:   3
    After scriptable stripping: 3
    Processed in 0.00 seconds
  Pass "" (vp)
    Target graphics API: metal
    Full variant space:         1
    After settings filtering:   1
    After built-in stripping:   3
    After scriptable stripping: 3
    Processed in 0.00 seconds
  Pass "" (fp)
    Target graphics API: metal
    Full variant space:         1
    After settings filtering:   1
    After built-in stripping:   3
    After scriptable stripping: 3
    Processed in 0.00 seconds
  Pass  (vp, metal) finished in 0.01 seconds. Local cache hits 3 (0.02s CPU time), remote cache hits 0 (0.00s CPU time), compiled 0 variants (0.00s CPU time), skipped 0 variants.
    Prepared data for serialisation in 0.00s
  Pass  (fp, metal) finished in 0.01 seconds. Local cache hits 3 (0.01s CPU time), remote cache hits 0 (0.00s CPU time), compiled 0 variants (0.00s CPU time), skipped 0 variants.
    Prepared data for serialisation in 0.00s
  Pass  (vp, metal) finished in 0.01 seconds. Local cache hits 3 (0.02s CPU time), remote cache hits 0 (0.00s CPU time), compiled 0 variants (0.00s CPU time), skipped 0 variants.
    Prepared data for serialisation in 0.00s
  Pass  (fp, metal) finished in 0.01 seconds. Local cache hits 3 (0.02s CPU time), remote cache hits 0 (0.00s CPU time), compiled 0 variants (0.00s CPU time), skipped 0 variants.
    Prepared data for serialisation in 0.00s
Serialized binary data for shader Hidden/Internal-GUITextureClipText in 0.00s
    metal (total internal programs: 12, unique: 2)
Compiling shader "Hidden/Internal-GUITexture"
  Pass "" (vp)
    Target graphics API: metal
    Full variant space:         1
    After settings filtering:   1
    After built-in stripping:   3
    After scriptable stripping: 3
    Processed in 0.00 seconds
  Pass "" (fp)
    Target graphics API: metal
    Full variant space:         1
    After settings filtering:   1
    After built-in stripping:   3
    After scriptable stripping: 3
    Processed in 0.00 seconds
  Pass "" (vp)
    Target graphics API: metal
    Full variant space:         1
    After settings filtering:   1
    After built-in stripping:   3
    After scriptable stripping: 3
    Processed in 0.00 seconds
  Pass "" (fp)
    Target graphics API: metal
    Full variant space:         1
    After settings filtering:   1
    After built-in stripping:   3
    After scriptable stripping: 3
    Processed in 0.00 seconds
  Pass  (vp, metal) finished in 0.01 seconds. Local cache hits 3 (0.01s CPU time), remote cache hits 0 (0.00s CPU time), compiled 0 variants (0.00s CPU time), skipped 0 variants.
    Prepared data for serialisation in 0.00s
  Pass  (fp, metal) finished in 0.01 seconds. Local cache hits 3 (0.02s CPU time), remote cache hits 0 (0.00s CPU time), compiled 0 variants (0.00s CPU time), skipped 0 variants.
    Prepared data for serialisation in 0.00s
  Pass  (vp, metal) finished in 0.01 seconds. Local cache hits 3 (0.02s CPU time), remote cache hits 0 (0.00s CPU time), compiled 0 variants (0.00s CPU time), skipped 0 variants.
    Prepared data for serialisation in 0.00s
  Pass  (fp, metal) finished in 0.01 seconds. Local cache hits 3 (0.02s CPU time), remote cache hits 0 (0.00s CPU time), compiled 0 variants (0.00s CPU time), skipped 0 variants.
    Prepared data for serialisation in 0.00s
Serialized binary data for shader Hidden/Internal-GUITexture in 0.00s
    metal (total internal programs: 12, unique: 2)
Compiling shader "Hidden/Internal-GUITextureBlit"
  Pass "" (vp)
    Target graphics API: metal
    Full variant space:         1
    After settings filtering:   1
    After built-in stripping:   3
    After scriptable stripping: 3
    Processed in 0.00 seconds
  Pass "" (fp)
    Target graphics API: metal
    Full variant space:         1
    After settings filtering:   1
    After built-in stripping:   3
    After scriptable stripping: 3
    Processed in 0.00 seconds
  Pass "" (vp)
    Target graphics API: metal
    Full variant space:         1
    After settings filtering:   1
    After built-in stripping:   3
    After scriptable stripping: 3
    Processed in 0.00 seconds
  Pass "" (fp)
    Target graphics API: metal
    Full variant space:         1
    After settings filtering:   1
    After built-in stripping:   3
    After scriptable stripping: 3
    Processed in 0.00 seconds
  Pass  (vp, metal) finished in 0.00 seconds. Local cache hits 3 (0.00s CPU time), remote cache hits 0 (0.00s CPU time), compiled 0 variants (0.00s CPU time), skipped 0 variants.
    Prepared data for serialisation in 0.00s
  Pass  (fp, metal) finished in 0.00 seconds. Local cache hits 3 (0.01s CPU time), remote cache hits 0 (0.00s CPU time), compiled 0 variants (0.00s CPU time), skipped 0 variants.
    Prepared data for serialisation in 0.00s
  Pass  (vp, metal) finished in 0.00 seconds. Local cache hits 3 (0.00s CPU time), remote cache hits 0 (0.00s CPU time), compiled 0 variants (0.00s CPU time), skipped 0 variants.
    Prepared data for serialisation in 0.00s
  Pass  (fp, metal) finished in 0.00 seconds. Local cache hits 3 (0.01s CPU time), remote cache hits 0 (0.00s CPU time), compiled 0 variants (0.00s CPU time), skipped 0 variants.
    Prepared data for serialisation in 0.00s
Serialized binary data for shader Hidden/Internal-GUITextureBlit in 0.00s
    metal (total internal programs: 12, unique: 2)
Compiling shader "Hidden/Internal-GUIRoundedRect"
  Pass "" (vp)
    Target graphics API: metal
    Full variant space:         1
    After settings filtering:   1
    After built-in stripping:   3
    After scriptable stripping: 3
    Processed in 0.00 seconds
  Pass "" (fp)
    Target graphics API: metal
    Full variant space:         1
    After settings filtering:   1
    After built-in stripping:   3
    After scriptable stripping: 3
    Processed in 0.00 seconds
  Pass "" (vp)
    Target graphics API: metal
    Full variant space:         1
    After settings filtering:   1
    After built-in stripping:   3
    After scriptable stripping: 3
    Processed in 0.00 seconds
  Pass "" (fp)
    Target graphics API: metal
    Full variant space:         1
    After settings filtering:   1
    After built-in stripping:   3
    After scriptable stripping: 3
    Processed in 0.00 seconds
  Pass  (vp, metal) finished in 0.01 seconds. Local cache hits 3 (0.01s CPU time), remote cache hits 0 (0.00s CPU time), compiled 0 variants (0.00s CPU time), skipped 0 variants.
    Prepared data for serialisation in 0.00s
  Pass  (fp, metal) finished in 0.01 seconds. Local cache hits 3 (0.02s CPU time), remote cache hits 0 (0.00s CPU time), compiled 0 variants (0.00s CPU time), skipped 0 variants.
    Prepared data for serialisation in 0.00s
  Pass  (vp, metal) finished in 0.01 seconds. Local cache hits 3 (0.02s CPU time), remote cache hits 0 (0.00s CPU time), compiled 0 variants (0.00s CPU time), skipped 0 variants.
    Prepared data for serialisation in 0.00s
  Pass  (fp, metal) finished in 0.01 seconds. Local cache hits 3 (0.02s CPU time), remote cache hits 0 (0.00s CPU time), compiled 0 variants (0.00s CPU time), skipped 0 variants.
    Prepared data for serialisation in 0.00s
Serialized binary data for shader Hidden/Internal-GUIRoundedRect in 0.00s
    metal (total internal programs: 12, unique: 2)
Compiling shader "Hidden/Internal-GUIRoundedRectWithColorPerBorder"
  Pass "" (vp)
    Target graphics API: metal
    Full variant space:         1
    After settings filtering:   1
    After built-in stripping:   3
    After scriptable stripping: 3
    Processed in 0.00 seconds
  Pass "" (fp)
    Target graphics API: metal
    Full variant space:         1
    After settings filtering:   1
    After built-in stripping:   3
    After scriptable stripping: 3
    Processed in 0.00 seconds
  Pass "" (vp)
    Target graphics API: metal
    Full variant space:         1
    After settings filtering:   1
    After built-in stripping:   3
    After scriptable stripping: 3
    Processed in 0.00 seconds
  Pass "" (fp)
    Target graphics API: metal
    Full variant space:         1
    After settings filtering:   1
    After built-in stripping:   3
    After scriptable stripping: 3
    Processed in 0.00 seconds
  Pass  (vp, metal) finished in 0.00 seconds. Local cache hits 3 (0.00s CPU time), remote cache hits 0 (0.00s CPU time), compiled 0 variants (0.00s CPU time), skipped 0 variants.
    Prepared data for serialisation in 0.00s
  Pass  (fp, metal) finished in 0.01 seconds. Local cache hits 3 (0.03s CPU time), remote cache hits 0 (0.00s CPU time), compiled 0 variants (0.00s CPU time), skipped 0 variants.
    Prepared data for serialisation in 0.00s
  Pass  (vp, metal) finished in 0.01 seconds. Local cache hits 3 (0.01s CPU time), remote cache hits 0 (0.00s CPU time), compiled 0 variants (0.00s CPU time), skipped 0 variants.
    Prepared data for serialisation in 0.00s
  Pass  (fp, metal) finished in 0.01 seconds. Local cache hits 3 (0.03s CPU time), remote cache hits 0 (0.00s CPU time), compiled 0 variants (0.00s CPU time), skipped 0 variants.
    Prepared data for serialisation in 0.00s
Serialized binary data for shader Hidden/Internal-GUIRoundedRectWithColorPerBorder in 0.00s
    metal (total internal programs: 12, unique: 2)
Compiling shader "Hidden/Internal-UIRDefault"
  Pass "" (vp)
    Target graphics API: metal
    Full variant space:         40
    After settings filtering:   40
    After built-in stripping:   120
    After scriptable stripping: 120
    Processed in 0.01 seconds
  Pass "" (fp)
    Target graphics API: metal
    Full variant space:         40
    After settings filtering:   40
    After built-in stripping:   120
    After scriptable stripping: 120
    Processed in 0.01 seconds
  Pass  (vp, metal) finished in 0.21 seconds. Local cache hits 120 (2.42s CPU time), remote cache hits 0 (0.00s CPU time), compiled 0 variants (0.00s CPU time), skipped 0 variants.
    Prepared data for serialisation in 0.00s
  Pass  (fp, metal) finished in 0.15 seconds. Local cache hits 120 (1.70s CPU time), remote cache hits 0 (0.00s CPU time), compiled 0 variants (0.00s CPU time), skipped 0 variants.
    Prepared data for serialisation in 0.00s
Serialized binary data for shader Hidden/Internal-UIRDefault in 0.00s
    metal (total internal programs: 240, unique: 80)
Compiling shader "Hidden/Internal-UIRAtlasBlitCopy"
  Pass "" (vp)
    Target graphics API: metal
    Full variant space:         1
    After settings filtering:   1
    After built-in stripping:   3
    After scriptable stripping: 3
    Processed in 0.00 seconds
  Pass "" (fp)
    Target graphics API: metal
    Full variant space:         1
    After settings filtering:   1
    After built-in stripping:   3
    After scriptable stripping: 3
    Processed in 0.00 seconds
  Pass  (vp, metal) finished in 0.05 seconds. Local cache hits 3 (0.10s CPU time), remote cache hits 0 (0.00s CPU time), compiled 0 variants (0.00s CPU time), skipped 0 variants.
    Prepared data for serialisation in 0.00s
  Pass  (fp, metal) finished in 0.05 seconds. Local cache hits 3 (0.10s CPU time), remote cache hits 0 (0.00s CPU time), compiled 0 variants (0.00s CPU time), skipped 0 variants.
    Prepared data for serialisation in 0.00s
Serialized binary data for shader Hidden/Internal-UIRAtlasBlitCopy in 0.00s
    metal (total internal programs: 6, unique: 2)
Compiling shader "Sprites/Default"
  Pass "" (vp)
    Target graphics API: metal
    Full variant space:         8
    After settings filtering:   8
    After built-in stripping:   12
    After scriptable stripping: 12
    Processed in 0.00 seconds
  Pass "" (fp)
    Target graphics API: metal
    Full variant space:         8
    After settings filtering:   8
    After built-in stripping:   12
    After scriptable stripping: 12
    Processed in 0.00 seconds
  Pass  (vp, metal) finished in 0.02 seconds. Local cache hits 12 (0.12s CPU time), remote cache hits 0 (0.00s CPU time), compiled 0 variants (0.00s CPU time), skipped 0 variants.
    Prepared data for serialisation in 0.00s
  Pass  (fp, metal) finished in 0.01 seconds. Local cache hits 12 (0.12s CPU time), remote cache hits 0 (0.00s CPU time), compiled 0 variants (0.00s CPU time), skipped 0 variants.
    Prepared data for serialisation in 0.00s
Serialized binary data for shader Sprites/Default in 0.00s
    metal (total internal programs: 24, unique: 8)
Compiling shader "Sprites/Mask"
  Pass "" (vp)
    Target graphics API: metal
    Full variant space:         4
    After settings filtering:   4
    After built-in stripping:   12
    After scriptable stripping: 12
    Processed in 0.01 seconds
  Pass "" (fp)
    Target graphics API: metal
    Full variant space:         4
    After settings filtering:   4
    After built-in stripping:   12
    After scriptable stripping: 12
    Processed in 0.00 seconds
  Pass  (vp, metal) finished in 0.01 seconds. Local cache hits 12 (0.11s CPU time), remote cache hits 0 (0.00s CPU time), compiled 0 variants (0.00s CPU time), skipped 0 variants.
    Prepared data for serialisation in 0.00s
  Pass  (fp, metal) finished in 0.04 seconds. Local cache hits 12 (0.18s CPU time), remote cache hits 0 (0.00s CPU time), compiled 0 variants (0.00s CPU time), skipped 0 variants.
    Prepared data for serialisation in 0.00s
Serialized binary data for shader Sprites/Mask in 0.00s
    metal (total internal programs: 24, unique: 8)
Compiling shader "UI/Default"
  Pass "Default" (vp)
    Target graphics API: metal
    Full variant space:         4
    After settings filtering:   4
    After built-in stripping:   12
    After scriptable stripping: 12
    Processed in 0.00 seconds
  Pass "Default" (fp)
    Target graphics API: metal
    Full variant space:         4
    After settings filtering:   4
    After built-in stripping:   12
    After scriptable stripping: 12
    Processed in 0.00 seconds
  Pass "XRMotionVectors" (vp)
    Target graphics API: metal
    Full variant space:         4
    After settings filtering:   4
    After built-in stripping:   12
    After scriptable stripping: 12
    Processed in 0.00 seconds
  Pass "XRMotionVectors" (fp)
    Target graphics API: metal
    Full variant space:         4
    After settings filtering:   4
    After built-in stripping:   12
    After scriptable stripping: 12
    Processed in 0.00 seconds
  Pass Default (vp, metal) finished in 0.05 seconds. Local cache hits 12 (0.39s CPU time), remote cache hits 0 (0.00s CPU time), compiled 0 variants (0.00s CPU time), skipped 0 variants.
    Prepared data for serialisation in 0.00s
  Pass Default (fp, metal) finished in 0.05 seconds. Local cache hits 12 (0.35s CPU time), remote cache hits 0 (0.00s CPU time), compiled 0 variants (0.00s CPU time), skipped 0 variants.
    Prepared data for serialisation in 0.00s
  Pass XRMotionVectors (vp, metal) finished in 0.05 seconds. Local cache hits 12 (0.33s CPU time), remote cache hits 0 (0.00s CPU time), compiled 0 variants (0.00s CPU time), skipped 0 variants.
    Prepared data for serialisation in 0.00s
  Pass XRMotionVectors (fp, metal) finished in 0.03 seconds. Local cache hits 12 (0.28s CPU time), remote cache hits 0 (0.00s CPU time), compiled 0 variants (0.00s CPU time), skipped 0 variants.
    Prepared data for serialisation in 0.00s
Serialized binary data for shader UI/Default in 0.00s
    metal (total internal programs: 48, unique: 16)
Compiling shader "UI/DefaultETC1"
  Pass "Default" (vp)
    Target graphics API: metal
    Full variant space:         4
    After settings filtering:   4
    After built-in stripping:   12
    After scriptable stripping: 12
    Processed in 0.00 seconds
  Pass "Default" (fp)
    Target graphics API: metal
    Full variant space:         4
    After settings filtering:   4
    After built-in stripping:   12
    After scriptable stripping: 12
    Processed in 0.00 seconds
  Pass "XRMotionVectors" (vp)
    Target graphics API: metal
    Full variant space:         4
    After settings filtering:   4
    After built-in stripping:   12
    After scriptable stripping: 12
    Processed in 0.00 seconds
  Pass "XRMotionVectors" (fp)
    Target graphics API: metal
    Full variant space:         4
    After settings filtering:   4
    After built-in stripping:   12
    After scriptable stripping: 12
    Processed in 0.00 seconds
  Pass Default (vp, metal) finished in 0.00 seconds. Local cache hits 12 (0.03s CPU time), remote cache hits 0 (0.00s CPU time), compiled 0 variants (0.00s CPU time), skipped 0 variants.
    Prepared data for serialisation in 0.00s
  Pass Default (fp, metal) finished in 0.02 seconds. Local cache hits 12 (0.11s CPU time), remote cache hits 0 (0.00s CPU time), compiled 0 variants (0.00s CPU time), skipped 0 variants.
    Prepared data for serialisation in 0.00s
  Pass XRMotionVectors (vp, metal) finished in 0.02 seconds. Local cache hits 12 (0.13s CPU time), remote cache hits 0 (0.00s CPU time), compiled 0 variants (0.00s CPU time), skipped 0 variants.
    Prepared data for serialisation in 0.00s
  Pass XRMotionVectors (fp, metal) finished in 0.01 seconds. Local cache hits 12 (0.09s CPU time), remote cache hits 0 (0.00s CPU time), compiled 0 variants (0.00s CPU time), skipped 0 variants.
    Prepared data for serialisation in 0.00s
Serialized binary data for shader UI/DefaultETC1 in 0.00s
    metal (total internal programs: 48, unique: 16)
Compiling shader "Hidden/CubeBlur"
  Pass "" (vp)
    Target graphics API: metal
    Full variant space:         1
    After settings filtering:   1
    After built-in stripping:   3
    After scriptable stripping: 3
    Processed in 0.00 seconds
  Pass "" (fp)
    Target graphics API: metal
    Full variant space:         1
    After settings filtering:   1
    After built-in stripping:   3
    After scriptable stripping: 3
    Processed in 0.00 seconds
  Pass "" (vp)
    Target graphics API: metal
    Full variant space:         1
    After settings filtering:   1
    After built-in stripping:   3
    After scriptable stripping: 3
    Processed in 0.00 seconds
  Pass "" (fp)
    Target graphics API: metal
    Full variant space:         1
    After settings filtering:   1
    After built-in stripping:   3
    After scriptable stripping: 3
    Processed in 0.00 seconds
  Pass  (vp, metal) finished in 0.01 seconds. Local cache hits 3 (0.01s CPU time), remote cache hits 0 (0.00s CPU time), compiled 0 variants (0.00s CPU time), skipped 0 variants.
    Prepared data for serialisation in 0.00s
  Pass  (fp, metal) finished in 0.02 seconds. Local cache hits 3 (0.04s CPU time), remote cache hits 0 (0.00s CPU time), compiled 0 variants (0.00s CPU time), skipped 0 variants.
    Prepared data for serialisation in 0.00s
  Pass  (vp, metal) finished in 0.02 seconds. Local cache hits 3 (0.03s CPU time), remote cache hits 0 (0.00s CPU time), compiled 0 variants (0.00s CPU time), skipped 0 variants.
    Prepared data for serialisation in 0.00s
  Pass  (fp, metal) finished in 0.02 seconds. Local cache hits 3 (0.04s CPU time), remote cache hits 0 (0.00s CPU time), compiled 0 variants (0.00s CPU time), skipped 0 variants.
    Prepared data for serialisation in 0.00s
Serialized binary data for shader Hidden/CubeBlur in 0.00s
    metal (total internal programs: 12, unique: 3)
Compiling shader "Hidden/CubeCopy"
  Pass "" (vp)
    Target graphics API: metal
    Full variant space:         1
    After settings filtering:   1
    After built-in stripping:   3
    After scriptable stripping: 3
    Processed in 0.00 seconds
  Pass "" (fp)
    Target graphics API: metal
    Full variant space:         1
    After settings filtering:   1
    After built-in stripping:   3
    After scriptable stripping: 3
    Processed in 0.00 seconds
  Pass "" (vp)
    Target graphics API: metal
    Full variant space:         1
    After settings filtering:   1
    After built-in stripping:   3
    After scriptable stripping: 3
    Processed in 0.00 seconds
  Pass "" (fp)
    Target graphics API: metal
    Full variant space:         1
    After settings filtering:   1
    After built-in stripping:   3
    After scriptable stripping: 3
    Processed in 0.00 seconds
  Pass  (vp, metal) finished in 0.02 seconds. Local cache hits 3 (0.06s CPU time), remote cache hits 0 (0.00s CPU time), compiled 0 variants (0.00s CPU time), skipped 0 variants.
    Prepared data for serialisation in 0.00s
  Pass  (fp, metal) finished in 0.02 seconds. Local cache hits 3 (0.06s CPU time), remote cache hits 0 (0.00s CPU time), compiled 0 variants (0.00s CPU time), skipped 0 variants.
    Prepared data for serialisation in 0.00s
  Pass  (vp, metal) finished in 0.03 seconds. Local cache hits 3 (0.07s CPU time), remote cache hits 0 (0.00s CPU time), compiled 0 variants (0.00s CPU time), skipped 0 variants.
    Prepared data for serialisation in 0.00s
  Pass  (fp, metal) finished in 0.03 seconds. Local cache hits 3 (0.06s CPU time), remote cache hits 0 (0.00s CPU time), compiled 0 variants (0.00s CPU time), skipped 0 variants.
    Prepared data for serialisation in 0.00s
Serialized binary data for shader Hidden/CubeCopy in 0.00s
    metal (total internal programs: 12, unique: 2)
Compiling shader "Hidden/CubeBlend"
  Pass "" (vp)
    Target graphics API: metal
    Full variant space:         1
    After settings filtering:   1
    After built-in stripping:   3
    After scriptable stripping: 3
    Processed in 0.00 seconds
  Pass "" (fp)
    Target graphics API: metal
    Full variant space:         1
    After settings filtering:   1
    After built-in stripping:   3
    After scriptable stripping: 3
    Processed in 0.00 seconds
  Pass "" (vp)
    Target graphics API: metal
    Full variant space:         1
    After settings filtering:   1
    After built-in stripping:   3
    After scriptable stripping: 3
    Processed in 0.00 seconds
  Pass "" (fp)
    Target graphics API: metal
    Full variant space:         1
    After settings filtering:   1
    After built-in stripping:   3
    After scriptable stripping: 3
    Processed in 0.00 seconds
  Pass  (vp, metal) finished in 0.02 seconds. Local cache hits 3 (0.06s CPU time), remote cache hits 0 (0.00s CPU time), compiled 0 variants (0.00s CPU time), skipped 0 variants.
    Prepared data for serialisation in 0.00s
  Pass  (fp, metal) finished in 0.02 seconds. Local cache hits 3 (0.06s CPU time), remote cache hits 0 (0.00s CPU time), compiled 0 variants (0.00s CPU time), skipped 0 variants.
    Prepared data for serialisation in 0.00s
  Pass  (vp, metal) finished in 0.03 seconds. Local cache hits 3 (0.07s CPU time), remote cache hits 0 (0.00s CPU time), compiled 0 variants (0.00s CPU time), skipped 0 variants.
    Prepared data for serialisation in 0.00s
  Pass  (fp, metal) finished in 0.03 seconds. Local cache hits 3 (0.05s CPU time), remote cache hits 0 (0.00s CPU time), compiled 0 variants (0.00s CPU time), skipped 0 variants.
    Prepared data for serialisation in 0.00s
Serialized binary data for shader Hidden/CubeBlend in 0.00s
    metal (total internal programs: 12, unique: 2)
Compiling shader "Hidden/VR/BlitTexArraySlice"
  Pass "" (vp)
    Target graphics API: metal
    Full variant space:         1
    After settings filtering:   1
    After built-in stripping:   3
    After scriptable stripping: 3
    Processed in 0.00 seconds
  Pass "" (fp)
    Target graphics API: metal
    Full variant space:         1
    After settings filtering:   1
    After built-in stripping:   3
    After scriptable stripping: 3
    Processed in 0.00 seconds
  Pass  (vp, metal) finished in 0.00 seconds. Local cache hits 3 (0.01s CPU time), remote cache hits 0 (0.00s CPU time), compiled 0 variants (0.00s CPU time), skipped 0 variants.
    Prepared data for serialisation in 0.00s
  Pass  (fp, metal) finished in 0.02 seconds. Local cache hits 3 (0.04s CPU time), remote cache hits 0 (0.00s CPU time), compiled 0 variants (0.00s CPU time), skipped 0 variants.
    Prepared data for serialisation in 0.00s
Serialized binary data for shader Hidden/VR/BlitTexArraySlice in 0.00s
    metal (total internal programs: 6, unique: 2)
Compiling shader "Hidden/Internal-ODSWorldTexture"
  Pass "" (vp)
    Target graphics API: metal
    Full variant space:         1
    After settings filtering:   1
    After built-in stripping:   3
    After scriptable stripping: 3
    Processed in 0.00 seconds
  Pass "" (fp)
    Target graphics API: metal
    Full variant space:         1
    After settings filtering:   1
    After built-in stripping:   3
    After scriptable stripping: 3
    Processed in 0.00 seconds
  Pass "" (vp)
    Target graphics API: metal
    Full variant space:         1
    After settings filtering:   1
    After built-in stripping:   3
    After scriptable stripping: 3
    Processed in 0.00 seconds
  Pass "" (fp)
    Target graphics API: metal
    Full variant space:         1
    After settings filtering:   1
    After built-in stripping:   3
    After scriptable stripping: 3
    Processed in 0.00 seconds
  Pass "" (vp)
    Target graphics API: metal
    Full variant space:         1
    After settings filtering:   1
    After built-in stripping:   3
    After scriptable stripping: 3
    Processed in 0.00 seconds
  Pass "" (fp)
    Target graphics API: metal
    Full variant space:         1
    After settings filtering:   1
    After built-in stripping:   3
    After scriptable stripping: 3
    Processed in 0.00 seconds
  Pass "" (vp)
    Target graphics API: metal
    Full variant space:         1
    After settings filtering:   1
    After built-in stripping:   3
    After scriptable stripping: 3
    Processed in 0.00 seconds
  Pass "" (fp)
    Target graphics API: metal
    Full variant space:         1
    After settings filtering:   1
    After built-in stripping:   3
    After scriptable stripping: 3
    Processed in 0.00 seconds
  Pass "" (vp)
    Target graphics API: metal
    Full variant space:         1
    After settings filtering:   1
    After built-in stripping:   3
    After scriptable stripping: 3
    Processed in 0.00 seconds
  Pass "" (fp)
    Target graphics API: metal
    Full variant space:         1
    After settings filtering:   1
    After built-in stripping:   3
    After scriptable stripping: 3
    Processed in 0.00 seconds
  Pass "" (vp)
    Target graphics API: metal
    Full variant space:         1
    After settings filtering:   1
    After built-in stripping:   3
    After scriptable stripping: 3
    Processed in 0.00 seconds
  Pass "" (fp)
    Target graphics API: metal
    Full variant space:         1
    After settings filtering:   1
    After built-in stripping:   3
    After scriptable stripping: 3
    Processed in 0.00 seconds
  Pass "" (vp)
    Target graphics API: metal
    Full variant space:         1
    After settings filtering:   1
    After built-in stripping:   3
    After scriptable stripping: 3
    Processed in 0.00 seconds
  Pass "" (fp)
    Target graphics API: metal
    Full variant space:         1
    After settings filtering:   1
    After built-in stripping:   3
    After scriptable stripping: 3
    Processed in 0.00 seconds
  Pass "" (vp)
    Target graphics API: metal
    Full variant space:         1
    After settings filtering:   1
    After built-in stripping:   3
    After scriptable stripping: 3
    Processed in 0.00 seconds
  Pass "" (fp)
    Target graphics API: metal
    Full variant space:         1
    After settings filtering:   1
    After built-in stripping:   3
    After scriptable stripping: 3
    Processed in 0.00 seconds
  Pass "" (vp)
    Target graphics API: metal
    Full variant space:         1
    After settings filtering:   1
    After built-in stripping:   3
    After scriptable stripping: 3
    Processed in 0.00 seconds
  Pass "" (fp)
    Target graphics API: metal
    Full variant space:         1
    After settings filtering:   1
    After built-in stripping:   3
    After scriptable stripping: 3
    Processed in 0.00 seconds
  Pass "" (vp)
    Target graphics API: metal
    Full variant space:         1
    After settings filtering:   1
    After built-in stripping:   3
    After scriptable stripping: 3
    Processed in 0.00 seconds
  Pass "" (fp)
    Target graphics API: metal
    Full variant space:         1
    After settings filtering:   1
    After built-in stripping:   3
    After scriptable stripping: 3
    Processed in 0.00 seconds
  Pass  (vp, metal) finished in 0.03 seconds. Local cache hits 3 (0.07s CPU time), remote cache hits 0 (0.00s CPU time), compiled 0 variants (0.00s CPU time), skipped 0 variants.
    Prepared data for serialisation in 0.00s
  Pass  (fp, metal) finished in 0.03 seconds. Local cache hits 3 (0.09s CPU time), remote cache hits 0 (0.00s CPU time), compiled 0 variants (0.00s CPU time), skipped 0 variants.
    Prepared data for serialisation in 0.00s
  Pass  (vp, metal) finished in 0.04 seconds. Local cache hits 3 (0.10s CPU time), remote cache hits 0 (0.00s CPU time), compiled 0 variants (0.00s CPU time), skipped 0 variants.
    Prepared data for serialisation in 0.00s
  Pass  (fp, metal) finished in 0.06 seconds. Local cache hits 3 (0.12s CPU time), remote cache hits 0 (0.00s CPU time), compiled 0 variants (0.00s CPU time), skipped 0 variants.
    Prepared data for serialisation in 0.00s
  Pass  (vp, metal) finished in 0.05 seconds. Local cache hits 3 (0.11s CPU time), remote cache hits 0 (0.00s CPU time), compiled 0 variants (0.00s CPU time), skipped 0 variants.
    Prepared data for serialisation in 0.00s
  Pass  (fp, metal) finished in 0.04 seconds. Local cache hits 3 (0.05s CPU time), remote cache hits 0 (0.00s CPU time), compiled 0 variants (0.00s CPU time), skipped 0 variants.
    Prepared data for serialisation in 0.00s
  Pass  (vp, metal) finished in 0.04 seconds. Local cache hits 3 (0.07s CPU time), remote cache hits 0 (0.00s CPU time), compiled 0 variants (0.00s CPU time), skipped 0 variants.
    Prepared data for serialisation in 0.00s
  Pass  (fp, metal) finished in 0.03 seconds. Local cache hits 3 (0.07s CPU time), remote cache hits 0 (0.00s CPU time), compiled 0 variants (0.00s CPU time), skipped 0 variants.
    Prepared data for serialisation in 0.00s
  Pass  (vp, metal) finished in 0.03 seconds. Local cache hits 3 (0.08s CPU time), remote cache hits 0 (0.00s CPU time), compiled 0 variants (0.00s CPU time), skipped 0 variants.
    Prepared data for serialisation in 0.00s
  Pass  (fp, metal) finished in 0.02 seconds. Local cache hits 3 (0.03s CPU time), remote cache hits 0 (0.00s CPU time), compiled 0 variants (0.00s CPU time), skipped 0 variants.
    Prepared data for serialisation in 0.00s
  Pass  (vp, metal) finished in 0.02 seconds. Local cache hits 3 (0.06s CPU time), remote cache hits 0 (0.00s CPU time), compiled 0 variants (0.00s CPU time), skipped 0 variants.
    Prepared data for serialisation in 0.00s
  Pass  (fp, metal) finished in 0.02 seconds. Local cache hits 3 (0.02s CPU time), remote cache hits 0 (0.00s CPU time), compiled 0 variants (0.00s CPU time), skipped 0 variants.
    Prepared data for serialisation in 0.00s
  Pass  (vp, metal) finished in 0.02 seconds. Local cache hits 3 (0.06s CPU time), remote cache hits 0 (0.00s CPU time), compiled 0 variants (0.00s CPU time), skipped 0 variants.
    Prepared data for serialisation in 0.00s
  Pass  (fp, metal) finished in 0.02 seconds. Local cache hits 3 (0.04s CPU time), remote cache hits 0 (0.00s CPU time), compiled 0 variants (0.00s CPU time), skipped 0 variants.
    Prepared data for serialisation in 0.00s
  Pass  (vp, metal) finished in 0.03 seconds. Local cache hits 3 (0.08s CPU time), remote cache hits 0 (0.00s CPU time), compiled 0 variants (0.00s CPU time), skipped 0 variants.
    Prepared data for serialisation in 0.00s
  Pass  (fp, metal) finished in 0.03 seconds. Local cache hits 3 (0.08s CPU time), remote cache hits 0 (0.00s CPU time), compiled 0 variants (0.00s CPU time), skipped 0 variants.
    Prepared data for serialisation in 0.00s
  Pass  (vp, metal) finished in 0.03 seconds. Local cache hits 3 (0.07s CPU time), remote cache hits 0 (0.00s CPU time), compiled 0 variants (0.00s CPU time), skipped 0 variants.
    Prepared data for serialisation in 0.00s
  Pass  (fp, metal) finished in 0.03 seconds. Local cache hits 3 (0.07s CPU time), remote cache hits 0 (0.00s CPU time), compiled 0 variants (0.00s CPU time), skipped 0 variants.
    Prepared data for serialisation in 0.00s
  Pass  (vp, metal) finished in 0.01 seconds. Local cache hits 3 (0.04s CPU time), remote cache hits 0 (0.00s CPU time), compiled 0 variants (0.00s CPU time), skipped 0 variants.
    Prepared data for serialisation in 0.00s
  Pass  (fp, metal) finished in 0.01 seconds. Local cache hits 3 (0.03s CPU time), remote cache hits 0 (0.00s CPU time), compiled 0 variants (0.00s CPU time), skipped 0 variants.
    Prepared data for serialisation in 0.00s
Serialized binary data for shader Hidden/Internal-ODSWorldTexture in 0.00s
    metal (total internal programs: 60, unique: 14)
Compiling shader "Hidden/Internal-CubemapToEquirect"
  Pass "" (vp)
    Target graphics API: metal
    Full variant space:         1
    After settings filtering:   1
    After built-in stripping:   3
    After scriptable stripping: 3
    Processed in 0.00 seconds
  Pass "" (fp)
    Target graphics API: metal
    Full variant space:         1
    After settings filtering:   1
    After built-in stripping:   3
    After scriptable stripping: 3
    Processed in 0.00 seconds
  Pass  (vp, metal) finished in 0.00 seconds. Local cache hits 3 (0.01s CPU time), remote cache hits 0 (0.00s CPU time), compiled 0 variants (0.00s CPU time), skipped 0 variants.
    Prepared data for serialisation in 0.00s
  Pass  (fp, metal) finished in 0.01 seconds. Local cache hits 3 (0.02s CPU time), remote cache hits 0 (0.00s CPU time), compiled 0 variants (0.00s CPU time), skipped 0 variants.
    Prepared data for serialisation in 0.00s
Serialized binary data for shader Hidden/Internal-CubemapToEquirect in 0.00s
    metal (total internal programs: 6, unique: 2)
Compiling shader "Hidden/VR/BlitFromTex2DToTexArraySlice"
  Pass "" (vp)
    Target graphics API: metal
    Full variant space:         1
    After settings filtering:   1
    After built-in stripping:   3
    After scriptable stripping: 3
    Processed in 0.00 seconds
  Pass "" (fp)
    Target graphics API: metal
    Full variant space:         1
    After settings filtering:   1
    After built-in stripping:   3
    After scriptable stripping: 3
    Processed in 0.00 seconds
  Pass "" (vp)
    Target graphics API: metal
    Full variant space:         1
    After settings filtering:   1
    After built-in stripping:   3
    After scriptable stripping: 3
    Processed in 0.00 seconds
  Pass "" (fp)
    Target graphics API: metal
    Full variant space:         1
    After settings filtering:   1
    After built-in stripping:   3
    After scriptable stripping: 3
    Processed in 0.00 seconds
  Pass "" (gp)
    Target graphics API: metal
    Full variant space:         1
    After settings filtering:   1
    After built-in stripping:   3
    After scriptable stripping: 3
    Processed in 0.00 seconds
  Pass  (vp, metal) finished in 0.01 seconds. Local cache hits 3 (0.02s CPU time), remote cache hits 0 (0.00s CPU time), compiled 0 variants (0.00s CPU time), skipped 0 variants.
    Prepared data for serialisation in 0.00s
  Pass  (fp, metal) finished in 0.01 seconds. Local cache hits 3 (0.00s CPU time), remote cache hits 0 (0.00s CPU time), compiled 0 variants (0.00s CPU time), skipped 0 variants.
    Prepared data for serialisation in 0.00s
  Pass  (vp, metal) finished in -0.00 seconds. Local cache hits 0 (0.00s CPU time), remote cache hits 0 (0.00s CPU time), compiled 0 variants (0.00s CPU time), skipped 3 variants.
    Prepared data for serialisation in 0.00s
  Pass  (fp, metal) finished in -0.00 seconds. Local cache hits 0 (0.00s CPU time), remote cache hits 0 (0.00s CPU time), compiled 0 variants (0.00s CPU time), skipped 3 variants.
    Prepared data for serialisation in 0.00s
  Pass  (gp, metal) finished in -0.00 seconds. Local cache hits 0 (0.00s CPU time), remote cache hits 0 (0.00s CPU time), compiled 0 variants (0.00s CPU time), skipped 3 variants.
    Prepared data for serialisation in 0.00s
Serialized binary data for shader Hidden/VR/BlitFromTex2DToTexArraySlice in 0.00s
    metal (total internal programs: 6, unique: 2)
Compiling shader "Hidden/VideoComposite"
  Pass "Default" (vp)
    Target graphics API: metal
    Full variant space:         1
    After settings filtering:   1
    After built-in stripping:   3
    After scriptable stripping: 3
    Processed in 0.00 seconds
  Pass "Default" (fp)
    Target graphics API: metal
    Full variant space:         1
    After settings filtering:   1
    After built-in stripping:   3
    After scriptable stripping: 3
    Processed in 0.00 seconds
  Pass Default (vp, metal) finished in 0.01 seconds. Local cache hits 3 (0.03s CPU time), remote cache hits 0 (0.00s CPU time), compiled 0 variants (0.00s CPU time), skipped 0 variants.
    Prepared data for serialisation in 0.00s
  Pass Default (fp, metal) finished in 0.01 seconds. Local cache hits 3 (0.02s CPU time), remote cache hits 0 (0.00s CPU time), compiled 0 variants (0.00s CPU time), skipped 0 variants.
    Prepared data for serialisation in 0.00s
Serialized binary data for shader Hidden/VideoComposite in 0.00s
    metal (total internal programs: 6, unique: 2)
Compiling shader "Hidden/VideoDecode"
  Pass "YCbCr_To_RGB1" (vp)
    Target graphics API: metal
    Full variant space:         2
    After settings filtering:   2
    After built-in stripping:   6
    After scriptable stripping: 6
    Processed in 0.00 seconds
  Pass "YCbCr_To_RGB1" (fp)
    Target graphics API: metal
    Full variant space:         2
    After settings filtering:   2
    After built-in stripping:   6
    After scriptable stripping: 6
    Processed in 0.00 seconds
  Pass "YCbCrA_To_RGBAFull" (vp)
    Target graphics API: metal
    Full variant space:         2
    After settings filtering:   2
    After built-in stripping:   6
    After scriptable stripping: 6
    Processed in 0.00 seconds
  Pass "YCbCrA_To_RGBAFull" (fp)
    Target graphics API: metal
    Full variant space:         2
    After settings filtering:   2
    After built-in stripping:   6
    After scriptable stripping: 6
    Processed in 0.00 seconds
  Pass "YCbCrA_To_RGBA" (vp)
    Target graphics API: metal
    Full variant space:         2
    After settings filtering:   2
    After built-in stripping:   6
    After scriptable stripping: 6
    Processed in 0.00 seconds
  Pass "YCbCrA_To_RGBA" (fp)
    Target graphics API: metal
    Full variant space:         2
    After settings filtering:   2
    After built-in stripping:   6
    After scriptable stripping: 6
    Processed in 0.00 seconds
  Pass "Flip_RGBA_To_RGBA" (vp)
    Target graphics API: metal
    Full variant space:         2
    After settings filtering:   2
    After built-in stripping:   6
    After scriptable stripping: 6
    Processed in 0.00 seconds
  Pass "Flip_RGBA_To_RGBA" (fp)
    Target graphics API: metal
    Full variant space:         2
    After settings filtering:   2
    After built-in stripping:   6
    After scriptable stripping: 6
    Processed in 0.00 seconds
  Pass "Flip_RGBASplit_To_RGBA" (vp)
    Target graphics API: metal
    Full variant space:         2
    After settings filtering:   2
    After built-in stripping:   6
    After scriptable stripping: 6
    Processed in 0.00 seconds
  Pass "Flip_RGBASplit_To_RGBA" (fp)
    Target graphics API: metal
    Full variant space:         2
    After settings filtering:   2
    After built-in stripping:   6
    After scriptable stripping: 6
    Processed in 0.00 seconds
  Pass "Flip_NV12_To_RGB1" (vp)
    Target graphics API: metal
    Full variant space:         2
    After settings filtering:   2
    After built-in stripping:   6
    After scriptable stripping: 6
    Processed in 0.00 seconds
  Pass "Flip_NV12_To_RGB1" (fp)
    Target graphics API: metal
    Full variant space:         2
    After settings filtering:   2
    After built-in stripping:   6
    After scriptable stripping: 6
    Processed in 0.00 seconds
  Pass "Flip_NV12_To_RGBA" (vp)
    Target graphics API: metal
    Full variant space:         2
    After settings filtering:   2
    After built-in stripping:   6
    After scriptable stripping: 6
    Processed in 0.00 seconds
  Pass "Flip_NV12_To_RGBA" (fp)
    Target graphics API: metal
    Full variant space:         2
    After settings filtering:   2
    After built-in stripping:   6
    After scriptable stripping: 6
    Processed in 0.00 seconds
  Pass "Flip_P010_To_RGB1" (vp)
    Target graphics API: metal
    Full variant space:         1
    After settings filtering:   1
    After built-in stripping:   3
    After scriptable stripping: 3
    Processed in 0.00 seconds
  Pass "Flip_P010_To_RGB1" (fp)
    Target graphics API: metal
    Full variant space:         1
    After settings filtering:   1
    After built-in stripping:   3
    After scriptable stripping: 3
    Processed in 0.00 seconds
  Pass YCbCr_To_RGB1 (vp, metal) finished in 0.01 seconds. Local cache hits 6 (0.03s CPU time), remote cache hits 0 (0.00s CPU time), compiled 0 variants (0.00s CPU time), skipped 0 variants.
    Prepared data for serialisation in 0.00s
  Pass YCbCr_To_RGB1 (fp, metal) finished in 0.03 seconds. Local cache hits 6 (0.10s CPU time), remote cache hits 0 (0.00s CPU time), compiled 0 variants (0.00s CPU time), skipped 0 variants.
    Prepared data for serialisation in 0.00s
  Pass YCbCrA_To_RGBAFull (vp, metal) finished in 0.03 seconds. Local cache hits 6 (0.05s CPU time), remote cache hits 0 (0.00s CPU time), compiled 0 variants (0.00s CPU time), skipped 0 variants.
    Prepared data for serialisation in 0.00s
  Pass YCbCrA_To_RGBAFull (fp, metal) finished in 0.03 seconds. Local cache hits 6 (0.16s CPU time), remote cache hits 0 (0.00s CPU time), compiled 0 variants (0.00s CPU time), skipped 0 variants.
    Prepared data for serialisation in 0.00s
  Pass YCbCrA_To_RGBA (vp, metal) finished in 0.03 seconds. Local cache hits 6 (0.05s CPU time), remote cache hits 0 (0.00s CPU time), compiled 0 variants (0.00s CPU time), skipped 0 variants.
    Prepared data for serialisation in 0.00s
  Pass YCbCrA_To_RGBA (fp, metal) finished in 0.03 seconds. Local cache hits 6 (0.15s CPU time), remote cache hits 0 (0.00s CPU time), compiled 0 variants (0.00s CPU time), skipped 0 variants.
    Prepared data for serialisation in 0.00s
  Pass Flip_RGBA_To_RGBA (vp, metal) finished in 0.03 seconds. Local cache hits 6 (0.12s CPU time), remote cache hits 0 (0.00s CPU time), compiled 0 variants (0.00s CPU time), skipped 0 variants.
    Prepared data for serialisation in 0.00s
  Pass Flip_RGBA_To_RGBA (fp, metal) finished in 0.02 seconds. Local cache hits 6 (0.08s CPU time), remote cache hits 0 (0.00s CPU time), compiled 0 variants (0.00s CPU time), skipped 0 variants.
    Prepared data for serialisation in 0.00s
  Pass Flip_RGBASplit_To_RGBA (vp, metal) finished in 0.03 seconds. Local cache hits 6 (0.10s CPU time), remote cache hits 0 (0.00s CPU time), compiled 0 variants (0.00s CPU time), skipped 0 variants.
    Prepared data for serialisation in 0.00s
  Pass Flip_RGBASplit_To_RGBA (fp, metal) finished in 0.02 seconds. Local cache hits 6 (0.13s CPU time), remote cache hits 0 (0.00s CPU time), compiled 0 variants (0.00s CPU time), skipped 0 variants.
    Prepared data for serialisation in 0.00s
  Pass Flip_NV12_To_RGB1 (vp, metal) finished in 0.03 seconds. Local cache hits 6 (0.09s CPU time), remote cache hits 0 (0.00s CPU time), compiled 0 variants (0.00s CPU time), skipped 0 variants.
    Prepared data for serialisation in 0.00s
  Pass Flip_NV12_To_RGB1 (fp, metal) finished in 0.02 seconds. Local cache hits 6 (0.09s CPU time), remote cache hits 0 (0.00s CPU time), compiled 0 variants (0.00s CPU time), skipped 0 variants.
    Prepared data for serialisation in 0.00s
  Pass Flip_NV12_To_RGBA (vp, metal) finished in 0.02 seconds. Local cache hits 6 (0.03s CPU time), remote cache hits 0 (0.00s CPU time), compiled 0 variants (0.00s CPU time), skipped 0 variants.
    Prepared data for serialisation in 0.00s
  Pass Flip_NV12_To_RGBA (fp, metal) finished in 0.01 seconds. Local cache hits 6 (0.05s CPU time), remote cache hits 0 (0.00s CPU time), compiled 0 variants (0.00s CPU time), skipped 0 variants.
    Prepared data for serialisation in 0.00s
  Pass Flip_P010_To_RGB1 (vp, metal) finished in 0.01 seconds. Local cache hits 3 (0.01s CPU time), remote cache hits 0 (0.00s CPU time), compiled 0 variants (0.00s CPU time), skipped 0 variants.
    Prepared data for serialisation in 0.00s
  Pass Flip_P010_To_RGB1 (fp, metal) finished in 0.01 seconds. Local cache hits 3 (0.03s CPU time), remote cache hits 0 (0.00s CPU time), compiled 0 variants (0.00s CPU time), skipped 0 variants.
    Prepared data for serialisation in 0.00s
Serialized binary data for shader Hidden/VideoDecode in 0.00s
    metal (total internal programs: 90, unique: 19)
Compiling shader "Hidden/TextCore/Distance Field SSD"
  Pass "" (vp)
    Target graphics API: metal
    Full variant space:         1
    After settings filtering:   1
    After built-in stripping:   3
    After scriptable stripping: 3
    Processed in 0.00 seconds
  Pass "" (fp)
    Target graphics API: metal
    Full variant space:         1
    After settings filtering:   1
    After built-in stripping:   3
    After scriptable stripping: 3
    Processed in 0.00 seconds
  Pass  (vp, metal) finished in 0.01 seconds. Local cache hits 3 (0.02s CPU time), remote cache hits 0 (0.00s CPU time), compiled 0 variants (0.00s CPU time), skipped 0 variants.
    Prepared data for serialisation in 0.00s
  Pass  (fp, metal) finished in 0.01 seconds. Local cache hits 3 (0.02s CPU time), remote cache hits 0 (0.00s CPU time), compiled 0 variants (0.00s CPU time), skipped 0 variants.
    Prepared data for serialisation in 0.00s
Serialized binary data for shader Hidden/TextCore/Distance Field SSD in 0.00s
    metal (total internal programs: 6, unique: 2)
Compiling shader "Hidden/Physics2D/SDF_CircleGeometry"
  Pass "" (vp)
    Target graphics API: metal
    Full variant space:         2
    After settings filtering:   2
    After built-in stripping:   3
    After scriptable stripping: 3
    Processed in 0.00 seconds
  Pass "" (fp)
    Target graphics API: metal
    Full variant space:         2
    After settings filtering:   2
    After built-in stripping:   3
    After scriptable stripping: 3
    Processed in 0.00 seconds
  Pass  (vp, metal) finished in 0.01 seconds. Local cache hits 3 (0.02s CPU time), remote cache hits 0 (0.00s CPU time), compiled 0 variants (0.00s CPU time), skipped 0 variants.
    Prepared data for serialisation in 0.00s
  Pass  (fp, metal) finished in 0.01 seconds. Local cache hits 3 (0.02s CPU time), remote cache hits 0 (0.00s CPU time), compiled 0 variants (0.00s CPU time), skipped 0 variants.
    Prepared data for serialisation in 0.00s
Serialized binary data for shader Hidden/Physics2D/SDF_CircleGeometry in 0.00s
    metal (total internal programs: 6, unique: 2)
Compiling shader "Hidden/Physics2D/SDF_CapsuleGeometry"
  Pass "" (vp)
    Target graphics API: metal
    Full variant space:         2
    After settings filtering:   2
    After built-in stripping:   3
    After scriptable stripping: 3
    Processed in 0.00 seconds
  Pass "" (fp)
    Target graphics API: metal
    Full variant space:         2
    After settings filtering:   2
    After built-in stripping:   3
    After scriptable stripping: 3
    Processed in 0.00 seconds
  Pass  (vp, metal) finished in 0.01 seconds. Local cache hits 3 (0.02s CPU time), remote cache hits 0 (0.00s CPU time), compiled 0 variants (0.00s CPU time), skipped 0 variants.
    Prepared data for serialisation in 0.00s
  Pass  (fp, metal) finished in 0.01 seconds. Local cache hits 3 (0.02s CPU time), remote cache hits 0 (0.00s CPU time), compiled 0 variants (0.00s CPU time), skipped 0 variants.
    Prepared data for serialisation in 0.00s
Serialized binary data for shader Hidden/Physics2D/SDF_CapsuleGeometry in 0.00s
    metal (total internal programs: 6, unique: 2)
Compiling shader "Hidden/Physics2D/SDF_PolygonGeometry"
  Pass "" (vp)
    Target graphics API: metal
    Full variant space:         2
    After settings filtering:   2
    After built-in stripping:   3
    After scriptable stripping: 3
    Processed in 0.00 seconds
  Pass "" (fp)
    Target graphics API: metal
    Full variant space:         2
    After settings filtering:   2
    After built-in stripping:   3
    After scriptable stripping: 3
    Processed in 0.00 seconds
  Pass  (vp, metal) finished in 0.01 seconds. Local cache hits 3 (0.02s CPU time), remote cache hits 0 (0.00s CPU time), compiled 0 variants (0.00s CPU time), skipped 0 variants.
    Prepared data for serialisation in 0.00s
  Pass  (fp, metal) finished in 0.01 seconds. Local cache hits 3 (0.03s CPU time), remote cache hits 0 (0.00s CPU time), compiled 0 variants (0.00s CPU time), skipped 0 variants.
    Prepared data for serialisation in 0.00s
Serialized binary data for shader Hidden/Physics2D/SDF_PolygonGeometry in 0.00s
    metal (total internal programs: 6, unique: 2)
Compiling shader "Hidden/Physics2D/SDF_Line"
  Pass "" (vp)
    Target graphics API: metal
    Full variant space:         2
    After settings filtering:   2
    After built-in stripping:   3
    After scriptable stripping: 3
    Processed in 0.00 seconds
  Pass "" (fp)
    Target graphics API: metal
    Full variant space:         2
    After settings filtering:   2
    After built-in stripping:   3
    After scriptable stripping: 3
    Processed in 0.00 seconds
  Pass  (vp, metal) finished in 0.02 seconds. Local cache hits 3 (0.05s CPU time), remote cache hits 0 (0.00s CPU time), compiled 0 variants (0.00s CPU time), skipped 0 variants.
    Prepared data for serialisation in 0.00s
  Pass  (fp, metal) finished in 0.02 seconds. Local cache hits 3 (0.05s CPU time), remote cache hits 0 (0.00s CPU time), compiled 0 variants (0.00s CPU time), skipped 0 variants.
    Prepared data for serialisation in 0.00s
Serialized binary data for shader Hidden/Physics2D/SDF_Line in 0.00s
    metal (total internal programs: 6, unique: 2)
Compiling shader "Hidden/Physics2D/SDF_Point"
  Pass "" (vp)
    Target graphics API: metal
    Full variant space:         2
    After settings filtering:   2
    After built-in stripping:   3
    After scriptable stripping: 3
    Processed in 0.00 seconds
  Pass "" (fp)
    Target graphics API: metal
    Full variant space:         2
    After settings filtering:   2
    After built-in stripping:   3
    After scriptable stripping: 3
    Processed in 0.00 seconds
  Pass  (vp, metal) finished in 0.02 seconds. Local cache hits 3 (0.07s CPU time), remote cache hits 0 (0.00s CPU time), compiled 0 variants (0.00s CPU time), skipped 0 variants.
    Prepared data for serialisation in 0.00s
  Pass  (fp, metal) finished in 0.02 seconds. Local cache hits 3 (0.06s CPU time), remote cache hits 0 (0.00s CPU time), compiled 0 variants (0.00s CPU time), skipped 0 variants.
    Prepared data for serialisation in 0.00s
Serialized binary data for shader Hidden/Physics2D/SDF_Point in 0.00s
    metal (total internal programs: 6, unique: 2)
SpriteAtlasDatabase::Cleanup
DisplayProgressbar: Closing open Unity projects in Xcode
info: Microsoft.AspNetCore.Hosting.Diagnostics[1]
      Request starting HTTP/2 POST http://ilpp/UnityILPP.PostProcessing/Ping - application/grpc -
info: Microsoft.AspNetCore.Routing.EndpointMiddleware[0]
      Executing endpoint 'gRPC - /UnityILPP.PostProcessing/Ping'
info: Microsoft.AspNetCore.Routing.EndpointMiddleware[1]
      Executed endpoint 'gRPC - /UnityILPP.PostProcessing/Ping'
info: Microsoft.AspNetCore.Hosting.Diagnostics[2]
      Request finished HTTP/2 POST http://ilpp/UnityILPP.PostProcessing/Ping - 200 - application/grpc 0.1899ms
Starting: /Applications/Unity/Hub/Editor/6000.5.7f1/Unity.app/Contents/Resources/BuildPipeline/bee_backend --ipc --dagfile="Library/Bee/Playere5eb183b.dag" --profile="Library/Bee/backend1.traceevents" Player
WorkingDir: /Users/lucas-furini/repos/checkout/unity/CheckoutSimulator
Rebuilding DAG because FileSignature timestamp changed: Library/Bee/Playere5eb183b-inputdata.json
*** Tundra requires additional run (0.06 seconds), 0 items updated, 0 evaluated
Starting: /Applications/Unity/Hub/Editor/6000.5.7f1/Unity.app/Contents/Resources/Scripting/netcorerun/netcorerun "/Applications/Unity/Hub/Editor/6000.5.7f1/PlaybackEngines/iOSSupport/iOSPlayerBuildProgram.exe" "/Applications/Unity/Hub/Editor/6000.5.7f1/PlaybackEngines/iOSSupport/Bee:/Applications/Unity/Hub/Editor/6000.5.7f1/Unity.app/Contents/Resources/BuildPipeline" "Library/Bee/Playere5eb183b.dag.json" "Library/Bee/Playere5eb183b-inputdata.json" "Library/Bee/buildprogram0.traceevents"
WorkingDir: /Users/lucas-furini/repos/checkout/unity/CheckoutSimulator
ExitCode: 4 Duration: 0s114ms
DisplayProgressbar: Incremental Player Build
ExitCode: 0 Duration: 1s32ms
Starting: /Applications/Unity/Hub/Editor/6000.5.7f1/Unity.app/Contents/Resources/BuildPipeline/bee_backend --ipc --dagfile="Library/Bee/Playere5eb183b.dag" --dagfilejson="Library/Bee/Playere5eb183b.dag.json" --profile="Library/Bee/backend2.traceevents" Player
WorkingDir: /Users/lucas-furini/repos/checkout/unity/CheckoutSimulator
Finished compiling graph: 3207 nodes, 6736 flattened edges (6734 ToBuild, 2 ToUse), maximum node priority 288
[  45/3206  0s] CopyFiles /Users/lucas-furini/repos/checkout/unity/builds/ios/Frameworks/UnityRuntime.framework/UnityRuntime
[  46/3206  0s] CopyFiles /Users/lucas-furini/repos/checkout/unity/builds/ios/Frameworks/UnityRuntime.framework/PrivacyInfo.xcprivacy
[  47/3206  0s] CopyFiles /Users/lucas-furini/repos/checkout/unity/builds/ios/Frameworks/UnityRuntime.framework/Info.plist
[  48/3206  0s] CopyFiles /Users/lucas-furini/repos/checkout/unity/builds/ios/UnityFramework/ApplePrivacyManifestsMerge.txt
[  49/3206  0s] CopyFiles /Users/lucas-furini/repos/checkout/unity/builds/ios/Il2CppOutputProject/IL2CPP/libil2cpp/vm/ScopedThreadAttacher.cpp
[  50/3206  0s] CopyFiles /Users/lucas-furini/repos/checkout/unity/builds/ios/Il2CppOutputProject/IL2CPP/libil2cpp/vm/Runtime.h
[  51/3206  0s] CopyFiles /Users/lucas-furini/repos/checkout/unity/builds/ios/Il2CppOutputProject/IL2CPP/libil2cpp/vm/ScopedThreadAttacher.h
[  52/3206  0s] CopyFiles /Users/lucas-furini/repos/checkout/unity/builds/ios/Il2CppOutputProject/IL2CPP/libil2cpp/vm/Runtime.cpp
[  53/3206  0s] CopyFiles /Users/lucas-furini/repos/checkout/unity/builds/ios/Il2CppOutputProject/IL2CPP/libil2cpp/vm/String.h
[  54/3206  0s] CopyFiles /Users/lucas-furini/repos/checkout/unity/builds/ios/Il2CppOutputProject/IL2CPP/libil2cpp/vm/Reflection.h
[  55/3206  0s] CopyFiles /Users/lucas-furini/repos/checkout/unity/builds/ios/Il2CppOutputProject/IL2CPP/libil2cpp/vm/Reflection.cpp
[  56/3206  0s] CopyFiles /Users/lucas-furini/repos/checkout/unity/builds/ios/Il2CppOutputProject/IL2CPP/libil2cpp/vm/RCW.h
[  57/3206  0s] CopyFiles /Users/lucas-furini/repos/checkout/unity/builds/ios/Il2CppOutputProject/IL2CPP/libil2cpp/vm/String.cpp
[  58/3206  0s] CopyFiles /Users/lucas-furini/repos/checkout/unity/builds/ios/Il2CppOutputProject/IL2CPP/libil2cpp/vm/Random.h
[  59/3206  0s] CopyFiles /Users/lucas-furini/repos/checkout/unity/builds/ios/Il2CppOutputProject/IL2CPP/libil2cpp/vm/Random.cpp
[  60/3206  0s] CopyFiles /Users/lucas-furini/repos/checkout/unity/builds/ios/Il2CppOutputProject/IL2CPP/libil2cpp/vm/Thread-mono-net8.h
[  61/3206  0s] CopyFiles /Users/lucas-furini/repos/checkout/unity/builds/ios/Il2CppOutputProject/IL2CPP/libil2cpp/vm/RCW.cpp
[  62/3206  0s] CopyFiles /Users/lucas-furini/repos/checkout/unity/builds/ios/Il2CppOutputProject/IL2CPP/libil2cpp/vm/Property.h
[  63/3206  0s] CopyFiles /Users/lucas-furini/repos/checkout/unity/builds/ios/Il2CppOutputProject/IL2CPP/libil2cpp/vm/PlatformInvoke.h
[  64/3206  0s] CopyFiles /Users/lucas-furini/repos/checkout/unity/builds/ios/Il2CppOutputProject/IL2CPP/libil2cpp/vm/StackTrace.cpp
[  65/3206  0s] CopyFiles /Users/lucas-furini/repos/checkout/unity/builds/ios/Il2CppOutputProject/IL2CPP/libil2cpp/vm/PlatformInvoke.cpp
[  66/3206  0s] CopyFiles /Users/lucas-furini/repos/checkout/unity/builds/ios/Il2CppOutputProject/IL2CPP/libil2cpp/vm/Path.h
[  67/3206  0s] CopyFiles /Users/lucas-furini/repos/checkout/unity/builds/ios/Il2CppOutputProject/IL2CPP/libil2cpp/vm/Profiler.cpp
[  68/3206  0s] CopyFiles /Users/lucas-furini/repos/checkout/unity/builds/ios/Il2CppOutputProject/IL2CPP/libil2cpp/vm/Property.cpp
[  69/3206  0s] CopyFiles /Users/lucas-furini/repos/checkout/unity/builds/ios/Il2CppOutputProject/IL2CPP/libil2cpp/vm/Profiler.h
[  70/3206  0s] CopyFiles /Users/lucas-furini/repos/checkout/unity/builds/ios/Il2CppOutputProject/IL2CPP/libil2cpp/vm/Path.cpp
[  71/3206  0s] CopyFiles /Users/lucas-furini/repos/checkout/unity/builds/ios/Il2CppOutputProject/IL2CPP/libil2cpp/vm/Object.h
[  72/3206  0s] CopyFiles /Users/lucas-furini/repos/checkout/unity/builds/ios/Il2CppOutputProject/IL2CPP/libil2cpp/vm/Parameter.cpp
[  73/3206  0s] CopyFiles /Users/lucas-furini/repos/checkout/unity/builds/ios/Il2CppOutputProject/IL2CPP/libil2cpp/vm/ObjectInlines.h
[  74/3206  0s] CopyFiles /Users/lucas-furini/repos/checkout/unity/builds/ios/Il2CppOutputProject/IL2CPP/libil2cpp/vm/Parameter.h
[  75/3206  0s] CopyFiles /Users/lucas-furini/repos/checkout/unity/builds/ios/Il2CppOutputProject/IL2CPP/libil2cpp/vm/NonCachedCCWBase.h
[  76/3206  0s] CopyFiles /Users/lucas-furini/repos/checkout/unity/builds/ios/Il2CppOutputProject/IL2CPP/libil2cpp/vm/Object.cpp
[  77/3206  0s] CopyFiles /Users/lucas-furini/repos/checkout/unity/builds/ios/Il2CppOutputProject/IL2CPP/libil2cpp/vm/Monitor.h
[  78/3206  0s] CopyFiles /Users/lucas-furini/repos/checkout/unity/builds/ios/Il2CppOutputProject/IL2CPP/libil2cpp/vm/Monitor.cpp
[  79/3206  0s] CopyFiles /Users/lucas-furini/repos/checkout/unity/builds/ios/Il2CppOutputProject/IL2CPP/libil2cpp/vm/Module.h
[  80/3206  0s] CopyFiles /Users/lucas-furini/repos/checkout/unity/builds/ios/Il2CppOutputProject/IL2CPP/libil2cpp/vm/Method.h
[  81/3206  0s] CopyFiles /Users/lucas-furini/repos/checkout/unity/builds/ios/Il2CppOutputProject/IL2CPP/libil2cpp/vm/Module.cpp
[  82/3206  0s] CopyFiles /Users/lucas-furini/repos/checkout/unity/builds/ios/Il2CppOutputProject/IL2CPP/libil2cpp/vm/Method.cpp
[  83/3206  0s] CopyFiles /Users/lucas-furini/repos/checkout/unity/builds/ios/Il2CppOutputProject/IL2CPP/libil2cpp/vm/MetadataLock.h
[  84/3206  0s] CopyFiles /Users/lucas-furini/repos/checkout/unity/builds/ios/Il2CppOutputProject/IL2CPP/libil2cpp/vm/MetadataLoader.h
[  85/3206  0s] CopyFiles /Users/lucas-furini/repos/checkout/unity/builds/ios/Il2CppOutputProject/IL2CPP/libil2cpp/vm/MetadataLoader.cpp
[  86/3206  0s] CopyFiles /Users/lucas-furini/repos/checkout/unity/builds/ios/Il2CppOutputProject/IL2CPP/libil2cpp/vm/MetadataDeserialization.h
[  87/3206  0s] CopyFiles /Users/lucas-furini/repos/checkout/unity/builds/ios/Il2CppOutputProject/IL2CPP/libil2cpp/vm/MetadataDeserialization.cpp
[  88/3206  0s] CopyFiles /Users/lucas-furini/repos/checkout/unity/builds/ios/Il2CppOutputProject/IL2CPP/libil2cpp/vm/MetadataCache.h
[  89/3206  0s] CopyFiles /Users/lucas-furini/repos/checkout/unity/builds/ios/Il2CppOutputProject/IL2CPP/libil2cpp/vm/MetadataAlloc.h
[  90/3206  0s] CopyFiles /Users/lucas-furini/repos/checkout/unity/builds/ios/Il2CppOutputProject/IL2CPP/libil2cpp/vm/MetadataAlloc.cpp
[  91/3206  0s] CopyFiles /Users/lucas-furini/repos/checkout/unity/builds/ios/Il2CppOutputProject/IL2CPP/libil2cpp/vm/MemoryInformation.cpp
[  92/3206  0s] CopyFiles /Users/lucas-furini/repos/checkout/unity/builds/ios/Il2CppOutputProject/IL2CPP/libil2cpp/vm/MemoryInformation.h
[  93/3206  0s] CopyFiles /Users/lucas-furini/repos/checkout/unity/builds/ios/Il2CppOutputProject/IL2CPP/libil2cpp/vm/MarshalAlloc.h
[  94/3206  0s] CopyFiles /Users/lucas-furini/repos/checkout/unity/builds/ios/Il2CppOutputProject/IL2CPP/libil2cpp/vm/MarshalAlloc.cpp
[  95/3206  0s] CopyFiles /Users/lucas-furini/repos/checkout/unity/builds/ios/Il2CppOutputProject/IL2CPP/libil2cpp/vm/Liveness.cpp
[  96/3206  0s] CopyFiles /Users/lucas-furini/repos/checkout/unity/builds/ios/Il2CppOutputProject/IL2CPP/libil2cpp/vm/LastError.h
[  97/3206  0s] CopyFiles /Users/lucas-furini/repos/checkout/unity/builds/ios/Il2CppOutputProject/IL2CPP/libil2cpp/vm/LastError.cpp
[  98/3206  0s] CopyFiles /Users/lucas-furini/repos/checkout/unity/builds/ios/Il2CppOutputProject/IL2CPP/libil2cpp/vm/Thread-mono-net8.cpp
[  99/3206  0s] CopyFiles /Users/lucas-furini/repos/checkout/unity/builds/ios/Il2CppOutputProject/IL2CPP/libil2cpp/vm/InternalCalls.h
[ 100/3206  0s] CopyFiles /Users/lucas-furini/repos/checkout/unity/builds/ios/UnityFramework/PrivacyInfo.xcprivacy
[ 101/3206  0s] CopyFiles /Users/lucas-furini/repos/checkout/unity/builds/ios/Il2CppOutputProject/IL2CPP/libil2cpp/vm/InternalCalls.cpp
[ 102/3206  0s] CopyFiles /Users/lucas-furini/repos/checkout/unity/builds/ios/Il2CppOutputProject/IL2CPP/libil2cpp/vm/MetadataCache.cpp
[ 103/3206  0s] CopyFiles /Users/lucas-furini/repos/checkout/unity/builds/ios/Il2CppOutputProject/IL2CPP/libil2cpp/vm/Liveness.h
[ 104/3206  0s] CopyFiles /Users/lucas-furini/repos/checkout/unity/builds/ios/Il2CppOutputProject/IL2CPP/libil2cpp/vm/Il2CppHStringReference.h
[ 105/3206  0s] CopyFiles /Users/lucas-furini/repos/checkout/unity/builds/ios/Il2CppOutputProject/IL2CPP/libil2cpp/vm/Image.cpp
[ 106/3206  0s] CopyFiles /Users/lucas-furini/repos/checkout/unity/builds/ios/Il2CppOutputProject/IL2CPP/libil2cpp/vm/StackTrace.h
[ 107/3206  0s] CopyFiles /Users/lucas-furini/repos/checkout/unity/builds/ios/Il2CppOutputProject/IL2CPP/libil2cpp/vm/GenericContainer.h
[ 108/3206  0s] CopyFiles /Users/lucas-furini/repos/checkout/unity/builds/ios/Il2CppOutputProject/IL2CPP/libil2cpp/vm/GenericContainer.cpp
[ 109/3206  0s] CopyFiles /Users/lucas-furini/repos/checkout/unity/builds/ios/Il2CppOutputProject/IL2CPP/libil2cpp/vm/GlobalMetadata.cpp
[ 110/3206  0s] CopyFiles /Users/lucas-furini/repos/checkout/unity/builds/ios/Il2CppOutputProject/IL2CPP/libil2cpp/vm/Image.h
[ 111/3206  0s] CopyFiles /Users/lucas-furini/repos/checkout/unity/builds/ios/Il2CppOutputProject/IL2CPP/libil2cpp/vm/GenericClass.h
[ 112/3206  0s] CopyFiles /Users/lucas-furini/repos/checkout/unity/builds/ios/Il2CppOutputProject/IL2CPP/libil2cpp/vm/Field.h
[ 113/3206  0s] CopyFiles /Users/lucas-furini/repos/checkout/unity/builds/ios/Il2CppOutputProject/IL2CPP/libil2cpp/vm/Exception.cpp
[ 114/3206  0s] CopyFiles /Users/lucas-furini/repos/checkout/unity/builds/ios/Il2CppOutputProject/IL2CPP/libil2cpp/vm/Exception.h
[ 115/3206  0s] CopyFiles /Users/lucas-furini/repos/checkout/unity/builds/ios/Il2CppOutputProject/IL2CPP/libil2cpp/vm/Field.cpp
[ 116/3206  0s] CopyFiles /Users/lucas-furini/repos/checkout/unity/builds/ios/Il2CppOutputProject/IL2CPP/libil2cpp/vm/Il2CppHStringReference.cpp
[ 117/3206  0s] CopyFiles /Users/lucas-furini/repos/checkout/unity/builds/ios/Il2CppOutputProject/IL2CPP/libil2cpp/vm/IcuData.cpp
[ 118/3206  0s] CopyFiles /Users/lucas-furini/repos/checkout/unity/builds/ios/Il2CppOutputProject/IL2CPP/libil2cpp/vm/Event.h
[ 119/3206  0s] CopyFiles /Users/lucas-furini/repos/checkout/unity/builds/ios/Il2CppOutputProject/IL2CPP/libil2cpp/vm/Enum.cpp
[ 120/3206  0s] CopyFiles /Users/lucas-furini/repos/checkout/unity/builds/ios/Il2CppOutputProject/IL2CPP/libil2cpp/vm/Domain.h
[ 121/3206  0s] CopyFiles /Users/lucas-furini/repos/checkout/unity/builds/ios/Il2CppOutputProject/IL2CPP/libil2cpp/vm/Enum.h
[ 122/3206  0s] CopyFiles /Users/lucas-furini/repos/checkout/unity/builds/ios/Il2CppOutputProject/IL2CPP/libil2cpp/vm/Event.cpp
[ 123/3206  0s] CopyFiles /Users/lucas-furini/repos/checkout/unity/builds/ios/Il2CppOutputProject/IL2CPP/libil2cpp/vm/IcuData.h
[ 124/3206  0s] CopyFiles /Users/lucas-furini/repos/checkout/unity/builds/ios/Il2CppOutputProject/IL2CPP/libil2cpp/vm/GlobalMetadata.h
[ 125/3206  0s] CopyFiles /Users/lucas-furini/repos/checkout/unity/builds/ios/Il2CppOutputProject/IL2CPP/libil2cpp/vm/COMEntryPoints.h
[ 126/3206  0s] CopyFiles /Users/lucas-furini/repos/checkout/unity/builds/ios/Il2CppOutputProject/IL2CPP/libil2cpp/vm/GlobalMetadataFileInternals.h
[ 127/3206  0s] CopyFiles /Users/lucas-furini/repos/checkout/unity/builds/ios/Il2CppOutputProject/IL2CPP/libil2cpp/vm/ComObjectBase.h
[ 128/3206  0s] CopyFiles /Users/lucas-furini/repos/checkout/unity/builds/ios/Il2CppOutputProject/IL2CPP/libil2cpp/vm/COM.h
[ 129/3206  0s] CopyFiles /Users/lucas-furini/repos/checkout/unity/builds/ios/Il2CppOutputProject/IL2CPP/libil2cpp/vm/COMEntryPoints.cpp
[ 130/3206  0s] CopyFiles /Users/lucas-furini/repos/checkout/unity/builds/ios/Il2CppOutputProject/IL2CPP/libil2cpp/vm/GenericClass.cpp
[ 131/3206  0s] CopyFiles /Users/lucas-furini/repos/checkout/unity/builds/ios/Il2CppOutputProject/IL2CPP/libil2cpp/vm/COM.cpp
[ 132/3206  0s] CopyFiles /Users/lucas-furini/repos/checkout/unity/builds/ios/Il2CppOutputProject/IL2CPP/libil2cpp/vm/ClassLibraryPAL.h
[ 133/3206  0s] AddBootConfigGUID Library/Bee/artifacts/iOS/boot.config
[ 134/3206  0s] CopyFiles /Users/lucas-furini/repos/checkout/unity/builds/ios/Il2CppOutputProject/IL2CPP/libil2cpp/vm/ClassLibraryPAL.cpp
[ 135/3206  0s] CopyFiles /Users/lucas-furini/repos/checkout/unity/builds/ios/Il2CppOutputProject/IL2CPP/libil2cpp/vm/Class.cpp
[ 136/3206  0s] CopyFiles /Users/lucas-furini/repos/checkout/unity/builds/ios/Il2CppOutputProject/IL2CPP/libil2cpp/vm/CCWBase.h
[ 137/3206  0s] CopyFiles /Users/lucas-furini/repos/checkout/unity/builds/ios/Il2CppOutputProject/IL2CPP/libil2cpp/vm/Class.h
[ 138/3206  0s] CopyFiles /Users/lucas-furini/repos/checkout/unity/builds/ios/Il2CppOutputProject/IL2CPP/libil2cpp/vm/Domain.cpp
[ 139/3206  0s] CopyFiles /Users/lucas-furini/repos/checkout/unity/builds/ios/Il2CppOutputProject/IL2CPP/libil2cpp/vm/CCWBase.cpp
[ 140/3206  0s] CopyFiles /Users/lucas-furini/repos/checkout/unity/builds/ios/Il2CppOutputProject/IL2CPP/libil2cpp/vm/ComObjectBase.cpp
[ 141/3206  0s] CopyFiles /Users/lucas-furini/repos/checkout/unity/builds/ios/Il2CppOutputProject/IL2CPP/libil2cpp/vm/CachedCCWBase.h
[ 142/3206  0s] CopyFiles /Users/lucas-furini/repos/checkout/unity/builds/ios/Il2CppOutputProject/IL2CPP/libil2cpp/vm/CCW.h
[ 143/3206  0s] CopyFiles /Users/lucas-furini/repos/checkout/unity/builds/ios/Il2CppOutputProject/IL2CPP/libil2cpp/vm/AssemblyName.cpp
[ 144/3206  0s] CopyFiles /Users/lucas-furini/repos/checkout/unity/builds/ios/Il2CppOutputProject/IL2CPP/libil2cpp/vm/Array.h
[ 145/3206  0s] CopyFiles /Users/lucas-furini/repos/checkout/unity/builds/ios/Il2CppOutputProject/IL2CPP/libil2cpp/vm/Assembly.h
[ 146/3206  0s] CopyFiles /Users/lucas-furini/repos/checkout/unity/builds/ios/Il2CppOutputProject/IL2CPP/libil2cpp/vm/Assembly.cpp
[ 147/3206  0s] CopyFiles /Users/lucas-furini/repos/checkout/unity/builds/ios/Data/boot.config
[ 148/3206  0s] CopyFiles /Users/lucas-furini/repos/checkout/unity/builds/ios/Il2CppOutputProject/IL2CPP/libil2cpp/vm/CCW.cpp
[ 149/3206  0s] CopyFiles /Users/lucas-furini/repos/checkout/unity/builds/ios/Il2CppOutputProject/IL2CPP/libil2cpp/vm/AndroidRuntime.h
[ 150/3206  0s] CopyFiles /Users/lucas-furini/repos/checkout/unity/builds/ios/Il2CppOutputProject/IL2CPP/libil2cpp/vm/AppContext.cpp
[ 151/3206  0s] CopyFiles /Users/lucas-furini/repos/checkout/unity/builds/ios/Il2CppOutputProject/IL2CPP/libil2cpp/vm/AndroidRuntime.cpp
[ 152/3206  0s] CopyFiles /Users/lucas-furini/repos/checkout/unity/builds/ios/Il2CppOutputProject/IL2CPP/libil2cpp/vm/AppContext.h
[ 153/3206  0s] CopyFiles /Users/lucas-furini/repos/checkout/unity/builds/ios/Il2CppOutputProject/IL2CPP/libil2cpp/vm/Array.cpp
[ 154/3206  0s] CopyFiles /Users/lucas-furini/repos/checkout/unity/builds/ios/Il2CppOutputProject/IL2CPP/libil2cpp/vm/ActivationFactoryBase.h
[ 155/3206  0s] CopyFiles /Users/lucas-furini/repos/checkout/unity/builds/ios/Il2CppOutputProject/IL2CPP/libil2cpp/vm-utils/VmThreadUtils.cpp
[ 156/3206  0s] CopyFiles /Users/lucas-furini/repos/checkout/unity/builds/ios/Il2CppOutputProject/IL2CPP/libil2cpp/vm/AssemblyName.h
[ 157/3206  0s] CopyFiles /Users/lucas-furini/repos/checkout/unity/builds/ios/Il2CppOutputProject/IL2CPP/libil2cpp/vm/ClassInlines.cpp
[ 158/3206  0s] CopyFiles /Users/lucas-furini/repos/checkout/unity/builds/ios/Il2CppOutputProject/IL2CPP/libil2cpp/vm/ClassInlines.h
[ 159/3206  0s] CopyFiles /Users/lucas-furini/repos/checkout/unity/builds/ios/Il2CppOutputProject/IL2CPP/libil2cpp/vm-utils/VmStringUtils.h
[ 160/3206  0s] CopyFiles /Users/lucas-furini/repos/checkout/unity/builds/ios/Il2CppOutputProject/IL2CPP/libil2cpp/vm-utils/MethodDefinitionKey.h
[ 161/3206  0s] CopyFiles /Users/lucas-furini/repos/checkout/unity/builds/ios/Il2CppOutputProject/IL2CPP/libil2cpp/vm-utils/VmThreadUtils.h
[ 162/3206  0s] CopyFiles /Users/lucas-furini/repos/checkout/unity/builds/ios/Il2CppOutputProject/IL2CPP/libil2cpp/vm-utils/VmMethod.h
[ 163/3206  0s] CopyFiles /Users/lucas-furini/repos/checkout/unity/builds/ios/Il2CppOutputProject/IL2CPP/libil2cpp/vm-utils/Finally.h
[ 164/3206  0s] CopyFiles /Users/lucas-furini/repos/checkout/unity/builds/ios/Il2CppOutputProject/IL2CPP/libil2cpp/vm-utils/Finally.cpp
[ 165/3206  0s] CopyFiles /Users/lucas-furini/repos/checkout/unity/builds/ios/Il2CppOutputProject/IL2CPP/libil2cpp/vm-utils/ImageStackCrawlMark.h
[ 166/3206  0s] CopyFiles /Users/lucas-furini/repos/checkout/unity/builds/ios/Il2CppOutputProject/IL2CPP/libil2cpp/vm-utils/DebugSymbolReader.h
[ 167/3206  0s] CopyFiles /Users/lucas-furini/repos/checkout/unity/builds/ios/Il2CppOutputProject/IL2CPP/libil2cpp/vm-utils/NativeSymbol.cpp
[ 168/3206  0s] CopyFiles /Users/lucas-furini/repos/checkout/unity/builds/ios/Il2CppOutputProject/IL2CPP/libil2cpp/vm-utils/VmStringUtils.cpp
[ 169/3206  0s] CopyFiles /Users/lucas-furini/repos/checkout/unity/builds/ios/Il2CppOutputProject/IL2CPP/libil2cpp/vm-utils/BlobReader.h
[ 170/3206  0s] CopyFiles /Users/lucas-furini/repos/checkout/unity/builds/ios/Il2CppOutputProject/IL2CPP/libil2cpp/vm-utils/NativeSymbol.h
[ 171/3206  0s] CopyFiles /Users/lucas-furini/repos/checkout/unity/builds/ios/Il2CppOutputProject/IL2CPP/libil2cpp/vm-utils/Debugger.h
[ 172/3206  0s] CopyFiles /Users/lucas-furini/repos/checkout/unity/builds/ios/Il2CppOutputProject/IL2CPP/libil2cpp/vm-utils/DebugSymbolReader.cpp
[ 173/3206  0s] CopyFiles /Users/lucas-furini/repos/checkout/unity/builds/ios/Il2CppOutputProject/IL2CPP/libil2cpp/utils/ThreadSafeFreeList.h
[ 174/3206  0s] CopyFiles /Users/lucas-furini/repos/checkout/unity/builds/ios/Il2CppOutputProject/IL2CPP/libil2cpp/utils/StringViewUtils.h
[ 175/3206  0s] CopyFiles /Users/lucas-furini/repos/checkout/unity/builds/ios/Il2CppOutputProject/IL2CPP/libil2cpp/vm-utils/BlobReader.cpp
[ 176/3206  0s] CopyFiles /Users/lucas-furini/repos/checkout/unity/builds/ios/Il2CppOutputProject/IL2CPP/libil2cpp/vm-utils/Debugger.cpp
[ 177/3206  0s] CopyFiles /Users/lucas-furini/repos/checkout/unity/builds/ios/Il2CppOutputProject/IL2CPP/libil2cpp/utils/TemplateUtils.h
[ 178/3206  0s] CopyFiles /Users/lucas-furini/repos/checkout/unity/builds/ios/Il2CppOutputProject/IL2CPP/libil2cpp/utils/StringView.h
[ 179/3206  0s] CopyFiles /Users/lucas-furini/repos/checkout/unity/builds/ios/Il2CppOutputProject/IL2CPP/libil2cpp/utils/StringUtils.cpp
[ 180/3206  0s] CopyFiles /Users/lucas-furini/repos/checkout/unity/builds/ios/Il2CppOutputProject/IL2CPP/libil2cpp/utils/sha1.cpp
[ 181/3206  0s] CopyFiles /Users/lucas-furini/repos/checkout/unity/builds/ios/Il2CppOutputProject/IL2CPP/libil2cpp/utils/NonCopyable.h
[ 182/3206  0s] CopyFiles /Users/lucas-furini/repos/checkout/unity/builds/ios/Il2CppOutputProject/IL2CPP/libil2cpp/utils/PathUtils.cpp
[ 183/3206  0s] CopyFiles /Users/lucas-furini/repos/checkout/unity/builds/ios/Il2CppOutputProject/IL2CPP/libil2cpp/utils/New.h
[ 184/3206  0s] CopyFiles /Users/lucas-furini/repos/checkout/unity/builds/ios/Il2CppOutputProject/IL2CPP/libil2cpp/utils/mono-structs.cpp
[ 185/3206  0s] CopyFiles /Users/lucas-furini/repos/checkout/unity/builds/ios/Il2CppOutputProject/IL2CPP/libil2cpp/utils/Output.cpp
[ 186/3206  0s] CopyFiles /Users/lucas-furini/repos/checkout/unity/builds/ios/Il2CppOutputProject/IL2CPP/libil2cpp/utils/MemoryUtils.h
[ 187/3206  0s] CopyFiles /Users/lucas-furini/repos/checkout/unity/builds/ios/Il2CppOutputProject/IL2CPP/libil2cpp/utils/MemoryRead.h
[ 188/3206  0s] CopyFiles /Users/lucas-furini/repos/checkout/unity/builds/ios/Il2CppOutputProject/IL2CPP/libil2cpp/utils/Output.h
[ 189/3206  0s] CopyFiles /Users/lucas-furini/repos/checkout/unity/builds/ios/Il2CppOutputProject/IL2CPP/libil2cpp/utils/MemoryRead.cpp
[ 190/3206  0s] CopyFiles /Users/lucas-furini/repos/checkout/unity/builds/ios/Il2CppOutputProject/IL2CPP/libil2cpp/utils/MemoryPoolAddressSanitizer.cpp
[ 191/3206  0s] CopyFiles /Users/lucas-furini/repos/checkout/unity/builds/ios/Il2CppOutputProject/IL2CPP/libil2cpp/utils/MemoryPoolAddressSanitizer.h
[ 192/3206  0s] CopyFiles /Users/lucas-furini/repos/checkout/unity/builds/ios/Il2CppOutputProject/IL2CPP/libil2cpp/utils/MemoryPool.cpp
[ 193/3206  0s] CopyFiles /Users/lucas-furini/repos/checkout/unity/builds/ios/Il2CppOutputProject/IL2CPP/libil2cpp/utils/MemoryPool.h
[ 194/3206  0s] CopyFiles /Users/lucas-furini/repos/checkout/unity/builds/ios/Il2CppOutputProject/IL2CPP/libil2cpp/utils/MemoryMappedFile.h
[ 195/3206  0s] CopyFiles /Users/lucas-furini/repos/checkout/unity/builds/ios/Il2CppOutputProject/IL2CPP/libil2cpp/utils/MemoryMappedFile.cpp
[ 196/3206  0s] CopyFiles /Users/lucas-furini/repos/checkout/unity/builds/ios/Il2CppOutputProject/IL2CPP/libil2cpp/utils/MarshalingUtils.h
[ 197/3206  0s] CopyFiles /Users/lucas-furini/repos/checkout/unity/builds/ios/Il2CppOutputProject/IL2CPP/libil2cpp/utils/Logging.h
[ 198/3206  0s] CopyFiles /Users/lucas-furini/repos/checkout/unity/builds/ios/Il2CppOutputProject/IL2CPP/libil2cpp/utils/Memory.cpp
[ 199/3206  0s] CopyFiles /Users/lucas-furini/repos/checkout/unity/builds/ios/Il2CppOutputProject/IL2CPP/libil2cpp/utils/MarshalingUtils.cpp
[ 200/3206  0s] CopyFiles /Users/lucas-furini/repos/checkout/unity/builds/ios/Il2CppOutputProject/IL2CPP/libil2cpp/utils/Logging.cpp
[ 201/3206  0s] CopyFiles /Users/lucas-furini/repos/checkout/unity/builds/ios/Il2CppOutputProject/IL2CPP/libil2cpp/utils/Memory.h
[ 202/3206  0s] CopyFiles /Users/lucas-furini/repos/checkout/unity/builds/ios/Il2CppOutputProject/IL2CPP/libil2cpp/utils/InitOnce.h
[ 203/3206  0s] CopyFiles /Users/lucas-furini/repos/checkout/unity/builds/ios/Il2CppOutputProject/IL2CPP/libil2cpp/utils/KeyWrapper.h
[ 204/3206  0s] CopyFiles /Users/lucas-furini/repos/checkout/unity/builds/ios/Il2CppOutputProject/IL2CPP/libil2cpp/utils/Il2CppError.h
[ 205/3206  0s] CopyFiles /Users/lucas-furini/repos/checkout/unity/builds/ios/Il2CppOutputProject/IL2CPP/libil2cpp/utils/Il2CppHashSet.h
[ 206/3206  0s] CopyFiles /Users/lucas-furini/repos/checkout/unity/builds/ios/Il2CppOutputProject/IL2CPP/libil2cpp/utils/Runtime.h
[ 207/3206  0s] CopyFiles /Users/lucas-furini/repos/checkout/unity/builds/ios/Il2CppOutputProject/IL2CPP/libil2cpp/utils/Runtime.cpp
[ 208/3206  0s] CopyFiles /Users/lucas-furini/repos/checkout/unity/builds/ios/Il2CppOutputProject/IL2CPP/libil2cpp/utils/PathUtils.h
[ 209/3206  0s] CopyFiles /Users/lucas-furini/repos/checkout/unity/builds/ios/Il2CppOutputProject/IL2CPP/libil2cpp/utils/HashUtils.h
[ 210/3206  0s] CopyFiles /Users/lucas-furini/repos/checkout/unity/builds/ios/Il2CppOutputProject/IL2CPP/libil2cpp/utils/Expected.h
[ 211/3206  0s] CopyFiles /Users/lucas-furini/repos/checkout/unity/builds/ios/Il2CppOutputProject/IL2CPP/libil2cpp/utils/ExceptionSupportStack.h
[ 212/3206  0s] CopyFiles /Users/lucas-furini/repos/checkout/unity/builds/ios/Il2CppOutputProject/IL2CPP/libil2cpp/utils/Il2CppHashMap.h
[ 213/3206  0s] CopyFiles /Users/lucas-furini/repos/checkout/unity/builds/ios/Il2CppOutputProject/IL2CPP/libil2cpp/utils/Il2CppError.cpp
[ 214/3206  0s] CopyFiles /Users/lucas-furini/repos/checkout/unity/builds/ios/Il2CppOutputProject/IL2CPP/libil2cpp/utils/Functional.h
[ 215/3206  0s] CopyFiles /Users/lucas-furini/repos/checkout/unity/builds/ios/Il2CppOutputProject/IL2CPP/libil2cpp/utils/Exception.cpp
[ 216/3206  0s] CopyFiles /Users/lucas-furini/repos/checkout/unity/builds/ios/Il2CppOutputProject/IL2CPP/libil2cpp/utils/Environment.h
[ 217/3206  0s] CopyFiles /Users/lucas-furini/repos/checkout/unity/builds/ios/Il2CppOutputProject/IL2CPP/libil2cpp/utils/Exception.h
[ 218/3206  0s] CopyFiles /Users/lucas-furini/repos/checkout/unity/builds/ios/Il2CppOutputProject/IL2CPP/libil2cpp/utils/DirectoryUtils.cpp
[ 219/3206  0s] CopyFiles /Users/lucas-furini/repos/checkout/unity/builds/ios/Il2CppOutputProject/IL2CPP/libil2cpp/utils/CallOnce.h
[ 220/3206  0s] CopyFiles /Users/lucas-furini/repos/checkout/unity/builds/ios/Il2CppOutputProject/IL2CPP/libil2cpp/utils/ExtendedAtomicTypes.h
[ 221/3206  0s] CopyFiles /Users/lucas-furini/repos/checkout/unity/builds/ios/Il2CppOutputProject/IL2CPP/libil2cpp/utils/Environment.cpp
[ 222/3206  0s] CopyFiles /Users/lucas-furini/repos/checkout/unity/builds/ios/Il2CppOutputProject/IL2CPP/libil2cpp/UnityAdsStubs.cpp
[ 223/3206  0s] CopyFiles /Users/lucas-furini/repos/checkout/unity/builds/ios/Il2CppOutputProject/IL2CPP/libil2cpp/utils/DirectoryUtils.h
[ 224/3206  0s] CopyFiles /Users/lucas-furini/repos/checkout/unity/builds/ios/Il2CppOutputProject/IL2CPP/libil2cpp/utils/Collections.h
[ 225/3206  0s] CopyFiles /Users/lucas-furini/repos/checkout/unity/builds/ios/Il2CppOutputProject/IL2CPP/libil2cpp/utils/dynamic_array.h
[ 226/3206  0s] CopyFiles /Users/lucas-furini/repos/checkout/unity/builds/ios/Il2CppOutputProject/IL2CPP/libil2cpp/pch/pch-cpp.hpp
[ 227/3206  0s] CopyFiles /Users/lucas-furini/repos/checkout/unity/builds/ios/Il2CppOutputProject/IL2CPP/libil2cpp/pch/pch-cpp.cpp
[ 228/3206  0s] CopyFiles /Users/lucas-furini/repos/checkout/unity/builds/ios/Il2CppOutputProject/IL2CPP/libil2cpp/pch/pch-c.c
[ 229/3206  0s] CopyFiles /Users/lucas-furini/repos/checkout/unity/builds/ios/Il2CppOutputProject/IL2CPP/libil2cpp/utils/BaselibHandleUtils.h
[ 230/3206  0s] CopyFiles /Users/lucas-furini/repos/checkout/unity/builds/ios/Il2CppOutputProject/IL2CPP/libil2cpp/pch/pch-c.h
[ 231/3206  0s] CopyFiles /Users/lucas-furini/repos/checkout/unity/builds/ios/Il2CppOutputProject/IL2CPP/libil2cpp/os/WinRT/Win32ApiWinRTEmulation.h
[ 232/3206  0s] CopyFiles /Users/lucas-furini/repos/checkout/unity/builds/ios/Il2CppOutputProject/IL2CPP/libil2cpp/os/WinRT/Win32ApiSharedEmulation.cpp
[ 233/3206  0s] CopyFiles /Users/lucas-furini/repos/checkout/unity/builds/ios/Il2CppOutputProject/IL2CPP/libil2cpp/os/WinRT/Locale.cpp
[ 234/3206  0s] CopyFiles /Users/lucas-furini/repos/checkout/unity/builds/ios/Il2CppOutputProject/IL2CPP/libil2cpp/os/WinRT/ReferenceCounter.h
[ 235/3206  0s] CopyFiles /Users/lucas-furini/repos/checkout/unity/builds/ios/Il2CppOutputProject/IL2CPP/libil2cpp/os/WinRT/Win32ApiWinRTEmulation.cpp
[ 236/3206  0s] CopyFiles /Users/lucas-furini/repos/checkout/unity/builds/ios/Il2CppOutputProject/IL2CPP/libil2cpp/os/WinRT/Win32ApiSharedEmulation.h
[ 237/3206  0s] CopyFiles /Users/lucas-furini/repos/checkout/unity/builds/ios/Il2CppOutputProject/IL2CPP/libil2cpp/os/WinRT/WinRTVector.h
[ 238/3206  0s] CopyFiles /Users/lucas-furini/repos/checkout/unity/builds/ios/Il2CppOutputProject/IL2CPP/libil2cpp/os/WinRT/SynchronousOperation.h
[ 239/3206  0s] CopyFiles /Users/lucas-furini/repos/checkout/unity/builds/ios/Il2CppOutputProject/IL2CPP/libil2cpp/os/WinRT/Process.cpp
[ 240/3206  0s] CopyFiles /Users/lucas-furini/repos/checkout/unity/builds/ios/Il2CppOutputProject/IL2CPP/libil2cpp/os/WindowsRuntime.h
[ 241/3206  0s] CopyFiles /Users/lucas-furini/repos/checkout/unity/builds/ios/Il2CppOutputProject/IL2CPP/libil2cpp/os/WinRT/File.cpp
[ 242/3206  0s] CopyFiles /Users/lucas-furini/repos/checkout/unity/builds/ios/Il2CppOutputProject/IL2CPP/libil2cpp/os/WinRT/Initialize.cpp
[ 243/3206  0s] CopyFiles /Users/lucas-furini/repos/checkout/unity/builds/ios/Il2CppOutputProject/IL2CPP/libil2cpp/os/Win32/WindowsRuntime.cpp
[ 244/3206  0s] CopyFiles /Users/lucas-furini/repos/checkout/unity/builds/ios/Il2CppOutputProject/IL2CPP/libil2cpp/os/Win32/WindowsHelpers.h
[ 245/3206  0s] CopyFiles /Users/lucas-furini/repos/checkout/unity/builds/ios/Il2CppOutputProject/IL2CPP/libil2cpp/os/WinRT/Environment.cpp
[ 246/3206  0s] CopyFiles /Users/lucas-furini/repos/checkout/unity/builds/ios/Il2CppOutputProject/IL2CPP/libil2cpp/os/WinRT/BrokeredFileSystem.cpp
[ 247/3206  0s] CopyFiles /Users/lucas-furini/repos/checkout/unity/builds/ios/Il2CppOutputProject/IL2CPP/libil2cpp/os/WindowsGames/Win32ApiWindowsGamesEmulation.cpp
[ 248/3206  0s] CopyFiles /Users/lucas-furini/repos/checkout/unity/builds/ios/Il2CppOutputProject/IL2CPP/libil2cpp/os/Win32/TimeZone.cpp
[ 249/3206  0s] CopyFiles /Users/lucas-furini/repos/checkout/unity/builds/ios/Il2CppOutputProject/IL2CPP/libil2cpp/os/Win32/WindowsHelpers.cpp
[ 250/3206  0s] CopyFiles /Users/lucas-furini/repos/checkout/unity/builds/ios/Il2CppOutputProject/IL2CPP/libil2cpp/os/Win32/WindowsHeaders.h
[ 251/3206  0s] CopyFiles /Users/lucas-furini/repos/checkout/unity/builds/ios/Il2CppOutputProject/IL2CPP/libil2cpp/os/Win32/ThreadLocalValueImpl.h
[ 252/3206  0s] CopyFiles /Users/lucas-furini/repos/checkout/unity/builds/ios/Il2CppOutputProject/IL2CPP/libil2cpp/os/Win32/Time.cpp
[ 253/3206  0s] CopyFiles /Users/lucas-furini/repos/checkout/unity/builds/ios/Il2CppOutputProject/IL2CPP/libil2cpp/os/Win32/ThreadImpl.h
[ 254/3206  0s] CopyFiles /Users/lucas-furini/repos/checkout/unity/builds/ios/Il2CppOutputProject/IL2CPP/libil2cpp/os/WindowsGames/Win32ApiWindowsGamesEmulation.h
[ 255/3206  0s] CopyFiles /Users/lucas-furini/repos/checkout/unity/builds/ios/Il2CppOutputProject/IL2CPP/libil2cpp/os/Win32/ThreadImpl.cpp
[ 256/3206  0s] CopyFiles /Users/lucas-furini/repos/checkout/unity/builds/ios/Il2CppOutputProject/IL2CPP/libil2cpp/os/Win32/ReaderWriterLockImpl.h
[ 257/3206  0s] CopyFiles /Users/lucas-furini/repos/checkout/unity/builds/ios/Il2CppOutputProject/IL2CPP/libil2cpp/os/Win32/Thread.cpp
[ 258/3206  0s] CopyFiles /Users/lucas-furini/repos/checkout/unity/builds/ios/Il2CppOutputProject/IL2CPP/libil2cpp/os/Win32/StackTrace.cpp
[ 259/3206  0s] CopyFiles /Users/lucas-furini/repos/checkout/unity/builds/ios/Il2CppOutputProject/IL2CPP/libil2cpp/os/Win32/SocketImpl.cpp
[ 260/3206  0s] CopyFiles /Users/lucas-furini/repos/checkout/unity/builds/ios/Il2CppOutputProject/IL2CPP/libil2cpp/os/Win32/SystemCertificates.cpp
[ 261/3206  0s] CopyFiles /Users/lucas-furini/repos/checkout/unity/builds/ios/Il2CppOutputProject/IL2CPP/libil2cpp/os/Win32/SocketImpl.h
[ 262/3206  0s] CopyFiles /Users/lucas-furini/repos/checkout/unity/builds/ios/Il2CppOutputProject/IL2CPP/libil2cpp/os/Win32/SynchronizationContext.cpp
[ 263/3206  0s] CopyFiles /Users/lucas-furini/repos/checkout/unity/builds/ios/Il2CppOutputProject/IL2CPP/libil2cpp/os/Win32/Process.cpp
[ 264/3206  0s] CopyFiles /Users/lucas-furini/repos/checkout/unity/builds/ios/Il2CppOutputProject/IL2CPP/libil2cpp/utils/sha1.h
[ 265/3206  0s] CopyFiles /Users/lucas-furini/repos/checkout/unity/builds/ios/Il2CppOutputProject/IL2CPP/libil2cpp/os/Win32/Path.cpp
[ 266/3206  0s] CopyFiles /Users/lucas-furini/repos/checkout/unity/builds/ios/Il2CppOutputProject/IL2CPP/libil2cpp/os/Win32/MarshalStringAlloc.cpp
[ 267/3206  0s] CopyFiles /Users/lucas-furini/repos/checkout/unity/builds/ios/Il2CppOutputProject/IL2CPP/libil2cpp/os/Win32/Initialize.cpp
[ 268/3206  0s] CopyFiles /Users/lucas-furini/repos/checkout/unity/builds/ios/Il2CppOutputProject/IL2CPP/libil2cpp/os/Win32/NativeMethods.cpp
[ 269/3206  0s] CopyFiles /Users/lucas-furini/repos/checkout/unity/builds/ios/Il2CppOutputProject/IL2CPP/libil2cpp/os/Win32/MemoryMappedFile.cpp
[ 270/3206  0s] CopyFiles /Users/lucas-furini/repos/checkout/unity/builds/ios/Il2CppOutputProject/IL2CPP/libil2cpp/os/Win32/MarshalAlloc.cpp
[ 271/3206  0s] CopyFiles /Users/lucas-furini/repos/checkout/unity/builds/ios/Il2CppOutputProject/IL2CPP/libil2cpp/os/Win32/Locale.cpp
[ 272/3206  0s] CopyFiles /Users/lucas-furini/repos/checkout/unity/builds/ios/Il2CppOutputProject/IL2CPP/libil2cpp/utils/StringUtils.h
[ 273/3206  0s] CopyFiles /Users/lucas-furini/repos/checkout/unity/builds/ios/Il2CppOutputProject/IL2CPP/libil2cpp/os/Win32/LastError.cpp
[ 274/3206  0s] CopyFiles /Users/lucas-furini/repos/checkout/unity/builds/ios/Il2CppOutputProject/IL2CPP/libil2cpp/os/Win32/MutexImpl.h
[ 275/3206  0s] CopyFiles /Users/lucas-furini/repos/checkout/unity/builds/ios/Il2CppOutputProject/IL2CPP/libil2cpp/os/Win32/Memory.cpp
[ 276/3206  0s] CopyFiles /Users/lucas-furini/repos/checkout/unity/builds/ios/Il2CppOutputProject/IL2CPP/libil2cpp/os/Win32/LibraryLoader.cpp
[ 277/3206  0s] CopyFiles /Users/lucas-furini/repos/checkout/unity/builds/ios/Il2CppOutputProject/IL2CPP/libil2cpp/os/Win32/Image.cpp
[ 278/3206  0s] CopyFiles /Users/lucas-furini/repos/checkout/unity/builds/ios/Il2CppOutputProject/IL2CPP/libil2cpp/os/Win32/DllMain.cpp
[ 279/3206  0s] CopyFiles /Users/lucas-furini/repos/checkout/unity/builds/ios/Il2CppOutputProject/IL2CPP/libil2cpp/os/Win32/DllMain.h
[ 280/3206  0s] CopyFiles /Users/lucas-furini/repos/checkout/unity/builds/ios/Il2CppOutputProject/IL2CPP/libil2cpp/os/Win32/Debug.cpp
[ 281/3206  0s] CopyFiles /Users/lucas-furini/repos/checkout/unity/builds/ios/Il2CppOutputProject/IL2CPP/libil2cpp/os/Win32/Encoding.cpp
[ 282/3206  0s] CopyFiles /Users/lucas-furini/repos/checkout/unity/builds/ios/Il2CppOutputProject/IL2CPP/libil2cpp/os/Win32/File.cpp
[ 283/3206  0s] CopyFiles /Users/lucas-furini/repos/checkout/unity/builds/ios/Il2CppOutputProject/IL2CPP/libil2cpp/os/Win32/FastReaderReaderWriterLockImpl.h
[ 284/3206  0s] CopyFiles /Users/lucas-furini/repos/checkout/unity/builds/ios/Il2CppOutputProject/IL2CPP/libil2cpp/os/Win32/CrashHelpers.cpp
[ 285/3206  0s] CopyFiles /Users/lucas-furini/repos/checkout/unity/builds/ios/Il2CppOutputProject/IL2CPP/libil2cpp/os/Win32/Directory.cpp
[ 286/3206  0s] CopyFiles /Users/lucas-furini/repos/checkout/unity/builds/ios/Il2CppOutputProject/IL2CPP/libil2cpp/os/Win32/Cryptography.cpp
[ 287/3206  0s] CopyFiles /Users/lucas-furini/repos/checkout/unity/builds/ios/Il2CppOutputProject/IL2CPP/libil2cpp/os/Win32/COM.cpp
[ 288/3206  0s] CopyFiles /Users/lucas-furini/repos/checkout/unity/builds/ios/Il2CppOutputProject/IL2CPP/libil2cpp/os/Win32/ConditionVariableImpl.cpp
[ 289/3206  0s] CopyFiles /Users/lucas-furini/repos/checkout/unity/builds/ios/Il2CppOutputProject/IL2CPP/libil2cpp/os/Win32/ConditionVariableImpl.h
[ 290/3206  0s] CopyFiles /Users/lucas-furini/repos/checkout/unity/builds/ios/Il2CppOutputProject/IL2CPP/libil2cpp/os/Win32/FileSystemWatcher.cpp
[ 291/3206  0s] CopyFiles /Users/lucas-furini/repos/checkout/unity/builds/ios/Il2CppOutputProject/IL2CPP/libil2cpp/os/Time.h
[ 292/3206  0s] CopyFiles /Users/lucas-furini/repos/checkout/unity/builds/ios/Il2CppOutputProject/IL2CPP/libil2cpp/os/Win32/Assert.cpp
[ 293/3206  0s] CopyFiles /Users/lucas-furini/repos/checkout/unity/builds/ios/Il2CppOutputProject/IL2CPP/libil2cpp/os/WaitStatus.h
[ 294/3206  0s] CopyFiles /Users/lucas-furini/repos/checkout/unity/builds/ios/Il2CppOutputProject/IL2CPP/libil2cpp/os/Win32/Environment.cpp
[ 295/3206  0s] CopyFiles /Users/lucas-furini/repos/checkout/unity/builds/ios/Il2CppOutputProject/IL2CPP/libil2cpp/os/Thread.cpp
[ 296/3206  0s] CopyFiles /Users/lucas-furini/repos/checkout/unity/builds/ios/Il2CppOutputProject/IL2CPP/libil2cpp/os/ThreadLocalValue.h
[ 297/3206  0s] CopyFiles /Users/lucas-furini/repos/checkout/unity/builds/ios/Il2CppOutputProject/IL2CPP/libil2cpp/os/SynchronizationContext.h
[ 298/3206  0s] CopyFiles /Users/lucas-furini/repos/checkout/unity/builds/ios/Il2CppOutputProject/IL2CPP/libil2cpp/os/Thread.h
[ 299/3206  0s] CopyFiles /Users/lucas-furini/repos/checkout/unity/builds/ios/Il2CppOutputProject/IL2CPP/libil2cpp/os/SystemCertificates.h
[ 300/3206  0s] CopyFiles /Users/lucas-furini/repos/checkout/unity/builds/ios/Il2CppOutputProject/IL2CPP/libil2cpp/os/Std/ThreadImpl.cpp
[ 301/3206  0s] CopyFiles /Users/lucas-furini/repos/checkout/unity/builds/ios/Il2CppOutputProject/IL2CPP/libil2cpp/os/Std/ThreadImpl.h
[ 302/3206  0s] CopyFiles /Users/lucas-furini/repos/checkout/unity/builds/ios/Il2CppOutputProject/IL2CPP/libil2cpp/os/TimeZone.h
[ 303/3206  0s] CopyFiles /Users/lucas-furini/repos/checkout/unity/builds/ios/Il2CppOutputProject/IL2CPP/libil2cpp/os/StackTrace.h
[ 304/3206  0s] CopyFiles /Users/lucas-furini/repos/checkout/unity/builds/ios/Il2CppOutputProject/IL2CPP/libil2cpp/os/SocketBridge.h
[ 305/3206  0s] CopyFiles /Users/lucas-furini/repos/checkout/unity/builds/ios/Il2CppOutputProject/IL2CPP/libil2cpp/os/StackTrace.cpp
[ 306/3206  0s] CopyFiles /Users/lucas-furini/repos/checkout/unity/builds/ios/Il2CppOutputProject/IL2CPP/libil2cpp/os/Semaphore.h
[ 307/3206  0s] CopyFiles /Users/lucas-furini/repos/checkout/unity/builds/ios/Il2CppOutputProject/IL2CPP/libil2cpp/os/Socket.h
[ 308/3206  0s] CopyFiles /Users/lucas-furini/repos/checkout/unity/builds/ios/Il2CppOutputProject/IL2CPP/libil2cpp/os/Semaphore.cpp
[ 309/3206  0s] CopyFiles /Users/lucas-furini/repos/checkout/unity/builds/ios/Il2CppOutputProject/IL2CPP/libil2cpp/os/Socket.cpp
[ 310/3206  0s] CopyFiles /Users/lucas-furini/repos/checkout/unity/builds/ios/Il2CppOutputProject/IL2CPP/libil2cpp/os/ReaderWriterLock.cpp
[ 311/3206  0s] CopyFiles /Users/lucas-furini/repos/checkout/unity/builds/ios/Il2CppOutputProject/IL2CPP/libil2cpp/os/ReaderWriterLock.h
[ 312/3206  0s] CopyFiles /Users/lucas-furini/repos/checkout/unity/builds/ios/Il2CppOutputProject/IL2CPP/libil2cpp/os/ReaderWriterLockImpl.h
[ 313/3206  0s] CopyFiles /Users/lucas-furini/repos/checkout/unity/builds/ios/Il2CppOutputProject/IL2CPP/libil2cpp/os/Process.h
[ 314/3206  0s] CopyFiles /Users/lucas-furini/repos/checkout/unity/builds/ios/Il2CppOutputProject/IL2CPP/libil2cpp/os/Posix/Time.cpp
[ 315/3206  0s] CopyFiles /Users/lucas-furini/repos/checkout/unity/builds/ios/Il2CppOutputProject/IL2CPP/libil2cpp/os/Posix/TimeZone.cpp
[ 316/3206  0s] CopyFiles /Users/lucas-furini/repos/checkout/unity/builds/ios/Il2CppOutputProject/IL2CPP/libil2cpp/os/Posix/ThreadLocalValueImpl.h
[ 317/3206  0s] CopyFiles /Users/lucas-furini/repos/checkout/unity/builds/ios/Il2CppOutputProject/IL2CPP/libil2cpp/os/Posix/ThreadImpl.h
[ 318/3206  0s] CopyFiles /Users/lucas-furini/repos/checkout/unity/builds/ios/Il2CppOutputProject/IL2CPP/libil2cpp/os/Posix/Thread.cpp
[ 319/3206  0s] CopyFiles /Users/lucas-furini/repos/checkout/unity/builds/ios/Il2CppOutputProject/IL2CPP/libil2cpp/os/Posix/SystemCertificates.cpp
[ 320/3206  0s] CopyFiles /Users/lucas-furini/repos/checkout/unity/builds/ios/Il2CppOutputProject/IL2CPP/libil2cpp/os/Posix/ThreadImpl.cpp
[ 321/3206  0s] CopyFiles /Users/lucas-furini/repos/checkout/unity/builds/ios/Il2CppOutputProject/IL2CPP/libil2cpp/os/Posix/SocketImpl.h
[ 322/3206  0s] CopyFiles /Users/lucas-furini/repos/checkout/unity/builds/ios/Il2CppOutputProject/IL2CPP/libil2cpp/os/Posix/StackTrace.cpp
[ 323/3206  0s] CopyFiles /Users/lucas-furini/repos/checkout/unity/builds/ios/Il2CppOutputProject/IL2CPP/libil2cpp/os/Posix/ReaderWriterLockImpl.h
[ 324/3206  0s] CopyFiles /Users/lucas-furini/repos/checkout/unity/builds/ios/Il2CppOutputProject/IL2CPP/libil2cpp/os/Posix/PosixHelpers.h
[ 325/3206  0s] CopyFiles /Users/lucas-furini/repos/checkout/unity/builds/ios/Il2CppOutputProject/IL2CPP/libil2cpp/os/Posix/PosixHelpers.cpp
[ 326/3206  0s] CopyFiles /Users/lucas-furini/repos/checkout/unity/builds/ios/Il2CppOutputProject/IL2CPP/libil2cpp/os/Posix/SocketImpl.cpp
[ 327/3206  0s] CopyFiles /Users/lucas-furini/repos/checkout/unity/builds/ios/Il2CppOutputProject/IL2CPP/libil2cpp/os/Posix/Process.cpp
[ 328/3206  0s] CopyFiles /Users/lucas-furini/repos/checkout/unity/builds/ios/Il2CppOutputProject/IL2CPP/libil2cpp/os/Posix/Path.cpp
[ 329/3206  0s] CopyFiles /Users/lucas-furini/repos/checkout/unity/builds/ios/Il2CppOutputProject/IL2CPP/libil2cpp/os/Posix/NetworkAccessHandlerStub.h
[ 330/3206  0s] CopyFiles /Users/lucas-furini/repos/checkout/unity/builds/ios/Il2CppOutputProject/IL2CPP/libil2cpp/os/Posix/NativeMethods.cpp
[ 331/3206  0s] CopyFiles /Users/lucas-furini/repos/checkout/unity/builds/ios/Il2CppOutputProject/IL2CPP/libil2cpp/os/Posix/MutexImpl.h
[ 332/3206  0s] CopyFiles /Users/lucas-furini/repos/checkout/unity/builds/ios/Il2CppOutputProject/IL2CPP/libil2cpp/os/Posix/MemoryMappedFile.cpp
[ 333/3206  0s] CopyFiles /Users/lucas-furini/repos/checkout/unity/builds/ios/Il2CppOutputProject/IL2CPP/libil2cpp/os/Posix/MarshalAlloc.cpp
[ 334/3206  0s] CopyFiles /Users/lucas-furini/repos/checkout/unity/builds/ios/Il2CppOutputProject/IL2CPP/libil2cpp/os/Posix/LibraryLoader.cpp
[ 335/3206  0s] CopyFiles /Users/lucas-furini/repos/checkout/unity/builds/ios/Il2CppOutputProject/IL2CPP/libil2cpp/os/Posix/Memory.cpp
[ 336/3206  0s] CopyFiles /Users/lucas-furini/repos/checkout/unity/builds/ios/Il2CppOutputProject/IL2CPP/libil2cpp/os/Posix/LastError.cpp
[ 337/3206  0s] CopyFiles /Users/lucas-furini/repos/checkout/unity/builds/ios/Il2CppOutputProject/IL2CPP/libil2cpp/os/Posix/FileSystemWatcher.cpp
[ 338/3206  0s] CopyFiles /Users/lucas-furini/repos/checkout/unity/builds/ios/Il2CppOutputProject/IL2CPP/libil2cpp/os/Posix/FileHandle.h
[ 339/3206  0s] CopyFiles /Users/lucas-furini/repos/checkout/unity/builds/ios/Il2CppOutputProject/IL2CPP/libil2cpp/os/Posix/File.cpp
[ 340/3206  0s] CopyFiles /Users/lucas-furini/repos/checkout/unity/builds/ios/Il2CppOutputProject/IL2CPP/libil2cpp/os/Posix/Error.h
[ 341/3206  0s] CopyFiles /Users/lucas-furini/repos/checkout/unity/builds/ios/Il2CppOutputProject/IL2CPP/libil2cpp/os/Posix/FastReaderReaderWriterLockImpl.h
[ 342/3206  0s] CopyFiles /Users/lucas-furini/repos/checkout/unity/builds/ios/Il2CppOutputProject/IL2CPP/libil2cpp/os/Posix/Locale.cpp
[ 343/3206  0s] CopyFiles /Users/lucas-furini/repos/checkout/unity/builds/ios/Il2CppOutputProject/IL2CPP/libil2cpp/os/Posix/Image.cpp
[ 344/3206  0s] CopyFiles /Users/lucas-furini/repos/checkout/unity/builds/ios/Il2CppOutputProject/IL2CPP/libil2cpp/os/Posix/Environment.cpp
[ 345/3206  0s] CopyFiles /Users/lucas-furini/repos/checkout/unity/builds/ios/Il2CppOutputProject/IL2CPP/libil2cpp/os/Posix/Directory.cpp
[ 346/3206  0s] CopyFiles /Users/lucas-furini/repos/checkout/unity/builds/ios/Il2CppOutputProject/IL2CPP/libil2cpp/os/Posix/Encoding.cpp
[ 347/3206  0s] CopyFiles /Users/lucas-furini/repos/checkout/unity/builds/ios/Il2CppOutputProject/IL2CPP/libil2cpp/os/Posix/CrashHelpers.cpp
[ 348/3206  0s] CopyFiles /Users/lucas-furini/repos/checkout/unity/builds/ios/Il2CppOutputProject/IL2CPP/libil2cpp/os/Posix/Error.cpp
[ 349/3206  0s] CopyFiles /Users/lucas-furini/repos/checkout/unity/builds/ios/Il2CppOutputProject/IL2CPP/libil2cpp/os/Posix/Cryptography.cpp
[ 350/3206  0s] CopyFiles /Users/lucas-furini/repos/checkout/unity/builds/ios/Il2CppOutputProject/IL2CPP/libil2cpp/os/Posix/CpuInfo.cpp
[ 351/3206  0s] CopyFiles /Users/lucas-furini/repos/checkout/unity/builds/ios/Il2CppOutputProject/IL2CPP/libil2cpp/os/Posix/Console.cpp
[ 352/3206  0s] CopyFiles /Users/lucas-furini/repos/checkout/unity/builds/ios/Il2CppOutputProject/IL2CPP/libil2cpp/os/Posix/ConditionVariableImpl.h
[ 353/3206  0s] CopyFiles /Users/lucas-furini/repos/checkout/unity/builds/ios/Il2CppOutputProject/IL2CPP/libil2cpp/os/Path.h
[ 354/3206  0s] CopyFiles /Users/lucas-furini/repos/checkout/unity/builds/ios/Il2CppOutputProject/IL2CPP/libil2cpp/os/Path.cpp
[ 355/3206  0s] CopyFiles /Users/lucas-furini/repos/checkout/unity/builds/ios/Il2CppOutputProject/IL2CPP/libil2cpp/os/Posix/ConditionVariableImpl.cpp
[ 356/3206  0s] CopyFiles /Users/lucas-furini/repos/checkout/unity/builds/ios/Il2CppOutputProject/IL2CPP/libil2cpp/os/OSX/SystemCertificates.cpp
[ 357/3206  0s] CopyFiles /Users/lucas-furini/repos/checkout/unity/builds/ios/Il2CppOutputProject/IL2CPP/libil2cpp/os/OSX/Thread.cpp
[ 358/3206  0s] CopyFiles /Users/lucas-furini/repos/checkout/unity/builds/ios/Il2CppOutputProject/IL2CPP/libil2cpp/os/OSX/Process.cpp
[ 359/3206  0s] CopyFiles /Users/lucas-furini/repos/checkout/unity/builds/ios/Il2CppOutputProject/IL2CPP/libil2cpp/os/OSX/pal_darwin.h
[ 360/3206  0s] CopyFiles /Users/lucas-furini/repos/checkout/unity/builds/ios/Il2CppOutputProject/IL2CPP/libil2cpp/os/Memory.h
[ 361/3206  0s] CopyFiles /Users/lucas-furini/repos/checkout/unity/builds/ios/Il2CppOutputProject/IL2CPP/libil2cpp/os/Messages.h
[ 362/3206  0s] CopyFiles /Users/lucas-furini/repos/checkout/unity/builds/ios/Il2CppOutputProject/IL2CPP/libil2cpp/os/Mutex.cpp
[ 363/3206  0s] CopyFiles /Users/lucas-furini/repos/checkout/unity/builds/ios/Il2CppOutputProject/IL2CPP/libil2cpp/os/MemoryMappedFile.h
[ 364/3206  0s] CopyFiles /Users/lucas-furini/repos/checkout/unity/builds/ios/Il2CppOutputProject/IL2CPP/libil2cpp/os/OSX/Image.cpp
[ 365/3206  0s] CopyFiles /Users/lucas-furini/repos/checkout/unity/builds/ios/Il2CppOutputProject/IL2CPP/libil2cpp/os/Mutex.h
[ 366/3206  0s] CopyFiles /Users/lucas-furini/repos/checkout/unity/builds/ios/Il2CppOutputProject/IL2CPP/libil2cpp/os/Win32/Console.cpp
[ 367/3206  0s] CopyFiles /Users/lucas-furini/repos/checkout/unity/builds/ios/Il2CppOutputProject/IL2CPP/libil2cpp/os/IOS/Console.mm
[ 368/3206  0s] CopyFiles /Users/lucas-furini/repos/checkout/unity/builds/ios/Il2CppOutputProject/IL2CPP/libil2cpp/os/MarshalStringAlloc.h
[ 369/3206  0s] CopyFiles /Users/lucas-furini/repos/checkout/unity/builds/ios/Il2CppOutputProject/IL2CPP/libil2cpp/os/Locale.h
[ 370/3206  0s] CopyFiles /Users/lucas-furini/repos/checkout/unity/builds/ios/Il2CppOutputProject/IL2CPP/libil2cpp/os/LibraryLoader.cpp
[ 371/3206  0s] CopyFiles /Users/lucas-furini/repos/checkout/unity/builds/ios/Il2CppOutputProject/IL2CPP/libil2cpp/os/NativeMethods.h
[ 372/3206  0s] CopyFiles /Users/lucas-furini/repos/checkout/unity/builds/ios/Il2CppOutputProject/IL2CPP/libil2cpp/os/LibraryLoader.h
[ 373/3206  0s] CopyFiles /Users/lucas-furini/repos/checkout/unity/builds/ios/Il2CppOutputProject/IL2CPP/libil2cpp/os/LastError.h
[ 374/3206  0s] CopyFiles /Users/lucas-furini/repos/checkout/unity/builds/ios/Il2CppOutputProject/IL2CPP/libil2cpp/os/Messages.cpp
[ 375/3206  0s] CopyFiles /Users/lucas-furini/repos/checkout/unity/builds/ios/Il2CppOutputProject/IL2CPP/libil2cpp/os/Win32/CpuInfo.cpp
[ 376/3206  0s] CopyFiles /Users/lucas-furini/repos/checkout/unity/builds/ios/Il2CppOutputProject/IL2CPP/libil2cpp/os/MarshalAlloc.h
[ 377/3206  0s] CopyFiles /Users/lucas-furini/repos/checkout/unity/builds/ios/Il2CppOutputProject/IL2CPP/libil2cpp/os/Image.cpp
[ 378/3206  0s] CopyFiles /Users/lucas-furini/repos/checkout/unity/builds/ios/Il2CppOutputProject/IL2CPP/libil2cpp/os/Handle.h
[ 379/3206  0s] CopyFiles /Users/lucas-furini/repos/checkout/unity/builds/ios/Il2CppOutputProject/IL2CPP/libil2cpp/os/Image.h
[ 380/3206  0s] CopyFiles /Users/lucas-furini/repos/checkout/unity/builds/ios/Il2CppOutputProject/IL2CPP/libil2cpp/os/Linux/pal_linux.h
[ 381/3206  0s] CopyFiles /Users/lucas-furini/repos/checkout/unity/builds/ios/Il2CppOutputProject/IL2CPP/libil2cpp/os/Initialize.h
[ 382/3206  0s] CopyFiles /Users/lucas-furini/repos/checkout/unity/builds/ios/Il2CppOutputProject/IL2CPP/libil2cpp/os/Generic/SystemCertificates.cpp
[ 383/3206  0s] CopyFiles /Users/lucas-furini/repos/checkout/unity/builds/ios/Il2CppOutputProject/IL2CPP/libil2cpp/os/Generic/WindowsRuntime.cpp
[ 384/3206  0s] CopyFiles /Users/lucas-furini/repos/checkout/unity/builds/ios/Il2CppOutputProject/IL2CPP/libil2cpp/os/Generic/WaitObject.h
[ 385/3206  0s] CopyFiles /Users/lucas-furini/repos/checkout/unity/builds/ios/Il2CppOutputProject/IL2CPP/libil2cpp/os/Generic/WaitObject.cpp
[ 386/3206  0s] CopyFiles /Users/lucas-furini/repos/checkout/unity/builds/ios/Il2CppOutputProject/IL2CPP/libil2cpp/os/Generic/Thread.cpp
[ 387/3206  0s] CopyFiles /Users/lucas-furini/repos/checkout/unity/builds/ios/Il2CppOutputProject/IL2CPP/libil2cpp/os/Generic/SocketImpl.h
[ 388/3206  0s] CopyFiles /Users/lucas-furini/repos/checkout/unity/builds/ios/Il2CppOutputProject/IL2CPP/libil2cpp/os/Generic/SocketImpl.cpp
[ 389/3206  0s] CopyFiles /Users/lucas-furini/repos/checkout/unity/builds/ios/Il2CppOutputProject/IL2CPP/libil2cpp/os/Generic/SemaphoreImpl.h
[ 390/3206  0s] CopyFiles /Users/lucas-furini/repos/checkout/unity/builds/ios/Il2CppOutputProject/IL2CPP/libil2cpp/os/Generic/SocketBridge.cpp
[ 391/3206  0s] CopyFiles /Users/lucas-furini/repos/checkout/unity/builds/ios/Il2CppOutputProject/IL2CPP/libil2cpp/os/Generic/MutexImpl.h
[ 392/3206  0s] CopyFiles /Users/lucas-furini/repos/checkout/unity/builds/ios/Il2CppOutputProject/IL2CPP/libil2cpp/os/Generic/MemoryMappedFile.cpp
[ 393/3206  0s] CopyFiles /Users/lucas-furini/repos/checkout/unity/builds/ios/Il2CppOutputProject/IL2CPP/libil2cpp/os/Generic/Handle.cpp
[ 394/3206  0s] CopyFiles /Users/lucas-furini/repos/checkout/unity/builds/ios/Il2CppOutputProject/IL2CPP/libil2cpp/os/Generic/LibraryLoader.cpp
[ 395/3206  0s] CopyFiles /Users/lucas-furini/repos/checkout/unity/builds/ios/Il2CppOutputProject/IL2CPP/libil2cpp/os/Generic/MarshalStringAlloc.cpp
[ 396/3206  0s] CopyFiles /Users/lucas-furini/repos/checkout/unity/builds/ios/Il2CppOutputProject/IL2CPP/libil2cpp/os/Generic/Initialize.cpp
[ 397/3206  0s] CopyFiles /Users/lucas-furini/repos/checkout/unity/builds/ios/Il2CppOutputProject/IL2CPP/libil2cpp/os/Generic/Environment.cpp
[ 398/3206  0s] CopyFiles /Users/lucas-furini/repos/checkout/unity/builds/ios/Il2CppOutputProject/IL2CPP/libil2cpp/os/Generic/EventImpl.h
[ 399/3206  0s] CopyFiles /Users/lucas-furini/repos/checkout/unity/builds/ios/Il2CppOutputProject/IL2CPP/libil2cpp/os/Generic/File.cpp
[ 400/3206  0s] CopyFiles /Users/lucas-furini/repos/checkout/unity/builds/ios/Il2CppOutputProject/IL2CPP/libil2cpp/os/Generic/CrashHelpers.cpp
[ 401/3206  0s] CopyFiles /Users/lucas-furini/repos/checkout/unity/builds/ios/Il2CppOutputProject/IL2CPP/libil2cpp/os/Generic/Debug.cpp
[ 402/3206  0s] CopyFiles /Users/lucas-furini/repos/checkout/unity/builds/ios/Il2CppOutputProject/IL2CPP/libil2cpp/os/Generic/Console.cpp
[ 403/3206  0s] CopyFiles /Users/lucas-furini/repos/checkout/unity/builds/ios/Il2CppOutputProject/IL2CPP/libil2cpp/os/Generic/CpuInfo.cpp
[ 404/3206  0s] CopyFiles /Users/lucas-furini/repos/checkout/unity/builds/ios/Il2CppOutputProject/IL2CPP/libil2cpp/os/Generic/COM.cpp
[ 405/3206  0s] CopyFiles /Users/lucas-furini/repos/checkout/unity/builds/ios/Il2CppOutputProject/IL2CPP/libil2cpp/os/FileSystemWatcher.h
[ 406/3206  0s] CopyFiles /Users/lucas-furini/repos/checkout/unity/builds/ios/Il2CppOutputProject/IL2CPP/libil2cpp/os/Generic/BrokeredFileSystem.cpp
[ 407/3206  0s] CopyFiles /Users/lucas-furini/repos/checkout/unity/builds/ios/Il2CppOutputProject/IL2CPP/libil2cpp/os/FastReaderReaderWriterLock.h
[ 408/3206  0s] CopyFiles /Users/lucas-furini/repos/checkout/unity/builds/ios/Il2CppOutputProject/IL2CPP/libil2cpp/os/Generic/Assert.cpp
[ 409/3206  0s] CopyFiles /Users/lucas-furini/repos/checkout/unity/builds/ios/Il2CppOutputProject/IL2CPP/libil2cpp/os/FastReaderReaderWriterLock.cpp
[ 410/3206  0s] CopyFiles /Users/lucas-furini/repos/checkout/unity/builds/ios/Il2CppOutputProject/IL2CPP/libil2cpp/os/FastReaderReaderWriterLockImpl.h
[ 411/3206  0s] CopyFiles /Users/lucas-furini/repos/checkout/unity/builds/ios/Il2CppOutputProject/IL2CPP/libil2cpp/os/Event.cpp
[ 412/3206  0s] CopyFiles /Users/lucas-furini/repos/checkout/unity/builds/ios/Il2CppOutputProject/IL2CPP/libil2cpp/os/Event.h
[ 413/3206  0s] CopyFiles /Users/lucas-furini/repos/checkout/unity/builds/ios/Il2CppOutputProject/IL2CPP/libil2cpp/os/ErrorCodes.h
[ 414/3206  0s] CopyFiles /Users/lucas-furini/repos/checkout/unity/builds/ios/Il2CppOutputProject/IL2CPP/libil2cpp/os/File.h
[ 415/3206  0s] CopyFiles /Users/lucas-furini/repos/checkout/unity/builds/ios/Il2CppOutputProject/IL2CPP/libil2cpp/os/Error.h
[ 416/3206  0s] CopyFiles /Users/lucas-furini/repos/checkout/unity/builds/ios/Il2CppOutputProject/IL2CPP/libil2cpp/os/Error.cpp
[ 417/3206  0s] CopyFiles /Users/lucas-furini/repos/checkout/unity/builds/ios/Il2CppOutputProject/IL2CPP/libil2cpp/os/Environment.h
[ 418/3206  0s] CopyFiles /Users/lucas-furini/repos/checkout/unity/builds/ios/Il2CppOutputProject/IL2CPP/libil2cpp/os/CrashHelpers.cpp
[ 419/3206  0s] CopyFiles /Users/lucas-furini/repos/checkout/unity/builds/ios/Il2CppOutputProject/IL2CPP/libil2cpp/os/CrashHelpers.h
[ 420/3206  0s] CopyFiles /Users/lucas-furini/repos/checkout/unity/builds/ios/Il2CppOutputProject/IL2CPP/libil2cpp/os/Cryptography.h
[ 421/3206  0s] CopyFiles /Users/lucas-furini/repos/checkout/unity/builds/ios/Il2CppOutputProject/IL2CPP/libil2cpp/os/Emscripten/SocketBridge.cpp
[ 422/3206  0s] CopyFiles /Users/lucas-furini/repos/checkout/unity/builds/ios/Il2CppOutputProject/IL2CPP/libil2cpp/os/Debug.h
[ 423/3206  0s] CopyFiles /Users/lucas-furini/repos/checkout/unity/builds/ios/Il2CppOutputProject/IL2CPP/libil2cpp/os/Encoding.h
[ 424/3206  0s] CopyFiles /Users/lucas-furini/repos/checkout/unity/builds/ios/Il2CppOutputProject/IL2CPP/libil2cpp/os/Emscripten/pal_emscripten.h
[ 425/3206  0s] CopyFiles /Users/lucas-furini/repos/checkout/unity/builds/ios/Il2CppOutputProject/IL2CPP/libil2cpp/os/ConsoleExtension.h
[ 426/3206  0s] CopyFiles /Users/lucas-furini/repos/checkout/unity/builds/ios/Il2CppOutputProject/IL2CPP/libil2cpp/os/CpuInfo.h
[ 427/3206  0s] CopyFiles /Users/lucas-furini/repos/checkout/unity/builds/ios/Il2CppOutputProject/IL2CPP/libil2cpp/os/Console.h
[ 428/3206  0s] CopyFiles /Users/lucas-furini/repos/checkout/unity/builds/ios/Il2CppOutputProject/IL2CPP/libil2cpp/os/ClassLibraryPAL/pal_sizecheck.cpp
[ 429/3206  0s] CopyFiles /Users/lucas-furini/repos/checkout/unity/builds/ios/Il2CppOutputProject/IL2CPP/libil2cpp/os/ClassLibraryPAL/pal_sizecheck.h
[ 430/3206  0s] CopyFiles /Users/lucas-furini/repos/checkout/unity/builds/ios/Il2CppOutputProject/IL2CPP/libil2cpp/os/Directory.h
[ 431/3206  0s] CopyFiles /Users/lucas-furini/repos/checkout/unity/builds/ios/Il2CppOutputProject/IL2CPP/libil2cpp/os/ConditionVariable.h
[ 432/3206  0s] CopyFiles /Users/lucas-furini/repos/checkout/unity/builds/ios/Il2CppOutputProject/IL2CPP/libil2cpp/os/ClassLibraryPAL/pal_uid.cpp
[ 433/3206  0s] CopyFiles /Users/lucas-furini/repos/checkout/unity/builds/ios/Il2CppOutputProject/IL2CPP/libil2cpp/os/ClassLibraryPAL/pal_mirror_structs.h
[ 434/3206  0s] CopyFiles /Users/lucas-furini/repos/checkout/unity/builds/ios/Il2CppOutputProject/IL2CPP/libil2cpp/os/ClassLibraryPAL/pal_time.cpp
[ 435/3206  0s] CopyFiles /Users/lucas-furini/repos/checkout/unity/builds/ios/Il2CppOutputProject/IL2CPP/libil2cpp/os/COM.h
[ 436/3206  0s] CopyFiles /Users/lucas-furini/repos/checkout/unity/builds/ios/Il2CppOutputProject/IL2CPP/libil2cpp/os/ClassLibraryPAL/pal_networking.cpp
[ 437/3206  0s] CopyFiles /Users/lucas-furini/repos/checkout/unity/builds/ios/Il2CppOutputProject/IL2CPP/libil2cpp/os/ConditionVariable.cpp
[ 438/3206  0s] CopyFiles /Users/lucas-furini/repos/checkout/unity/builds/ios/Il2CppOutputProject/IL2CPP/libil2cpp/os/ClassLibraryPAL/pal_unused.cpp
[ 439/3206  0s] CopyFiles /Users/lucas-furini/repos/checkout/unity/builds/ios/Il2CppOutputProject/IL2CPP/libil2cpp/os/ClassLibraryPAL/pal_io.cpp
[ 440/3206  0s] CopyFiles /Users/lucas-furini/repos/checkout/unity/builds/ios/Il2CppOutputProject/IL2CPP/libil2cpp/os/ClassLibraryPAL/pal_random.cpp
[ 441/3206  0s] CopyFiles /Users/lucas-furini/repos/checkout/unity/builds/ios/Il2CppOutputProject/IL2CPP/libil2cpp/os/ClassLibraryPAL/brotli/enc/utf8_util.h
[ 442/3206  0s] CopyFiles /Users/lucas-furini/repos/checkout/unity/builds/ios/Il2CppOutputProject/IL2CPP/libil2cpp/os/ClassLibraryPAL/brotli/include/brotli/encode.h
[ 443/3206  0s] CopyFiles /Users/lucas-furini/repos/checkout/unity/builds/ios/Il2CppOutputProject/IL2CPP/libil2cpp/os/ClassLibraryPAL/pal_errno.cpp
[ 444/3206  0s] CopyFiles /Users/lucas-furini/repos/checkout/unity/builds/ios/Il2CppOutputProject/IL2CPP/libil2cpp/os/ClassLibraryPAL/brotli/include/brotli/port.h
[ 445/3206  0s] CopyFiles /Users/lucas-furini/repos/checkout/unity/builds/ios/Il2CppOutputProject/IL2CPP/libil2cpp/os/ClassLibraryPAL/brotli/include/brotli/decode.h
[ 446/3206  0s] CopyFiles /Users/lucas-furini/repos/checkout/unity/builds/ios/Il2CppOutputProject/IL2CPP/libil2cpp/os/ClassLibraryPAL/brotli/enc/write_bits.h
[ 447/3206  0s] CopyFiles /Users/lucas-furini/repos/checkout/unity/builds/ios/Il2CppOutputProject/IL2CPP/libil2cpp/os/ClassLibraryPAL/brotli/enc/utf8_util.c
[ 448/3206  0s] CopyFiles /Users/lucas-furini/repos/checkout/unity/builds/ios/Il2CppOutputProject/IL2CPP/libil2cpp/os/ClassLibraryPAL/brotli/include/brotli/types.h
[ 449/3206  0s] CopyFiles /Users/lucas-furini/repos/checkout/unity/builds/ios/Il2CppOutputProject/IL2CPP/libil2cpp/os/ClassLibraryPAL/brotli/enc/static_dict.h
[ 450/3206  0s] CopyFiles /Users/lucas-furini/repos/checkout/unity/builds/ios/Il2CppOutputProject/IL2CPP/libil2cpp/os/ClassLibraryPAL/brotli/enc/ringbuffer.h
[ 451/3206  0s] CopyFiles /Users/lucas-furini/repos/checkout/unity/builds/ios/Il2CppOutputProject/IL2CPP/libil2cpp/os/ClassLibraryPAL/brotli/enc/quality.h
[ 452/3206  0s] CopyFiles /Users/lucas-furini/repos/checkout/unity/builds/ios/Il2CppOutputProject/IL2CPP/libil2cpp/os/ClassLibraryPAL/brotli/enc/prefix.h
[ 453/3206  0s] CopyFiles /Users/lucas-furini/repos/checkout/unity/builds/ios/Il2CppOutputProject/IL2CPP/libil2cpp/os/ClassLibraryPAL/brotli/enc/params.h
[ 454/3206  0s] CopyFiles /Users/lucas-furini/repos/checkout/unity/builds/ios/Il2CppOutputProject/IL2CPP/libil2cpp/os/ClassLibraryPAL/brotli/enc/static_dict.c
[ 455/3206  0s] CopyFiles /Users/lucas-furini/repos/checkout/unity/builds/ios/Il2CppOutputProject/IL2CPP/libil2cpp/os/ClassLibraryPAL/pal_platform.h
[ 456/3206  0s] CopyFiles /Users/lucas-furini/repos/checkout/unity/builds/ios/Il2CppOutputProject/IL2CPP/libil2cpp/os/ClassLibraryPAL/brotli/enc/static_dict_lut.h
[ 457/3206  0s] CopyFiles /Users/lucas-furini/repos/checkout/unity/builds/ios/Il2CppOutputProject/IL2CPP/libil2cpp/os/ClassLibraryPAL/brotli/enc/metablock.h
[ 458/3206  0s] CopyFiles /Users/lucas-furini/repos/checkout/unity/builds/ios/Il2CppOutputProject/IL2CPP/libil2cpp/os/ClassLibraryPAL/brotli/enc/metablock_inc.h
[ 459/3206  0s] CopyFiles /Users/lucas-furini/repos/checkout/unity/builds/ios/Il2CppOutputProject/IL2CPP/libil2cpp/os/ClassLibraryPAL/brotli/enc/literal_cost.c
[ 460/3206  0s] CopyFiles /Users/lucas-furini/repos/checkout/unity/builds/ios/Il2CppOutputProject/IL2CPP/libil2cpp/os/ClassLibraryPAL/brotli/enc/memory.h
[ 461/3206  0s] CopyFiles /Users/lucas-furini/repos/checkout/unity/builds/ios/Il2CppOutputProject/IL2CPP/libil2cpp/os/ClassLibraryPAL/brotli/enc/histogram_inc.h
[ 462/3206  0s] CopyFiles /Users/lucas-furini/repos/checkout/unity/builds/ios/Il2CppOutputProject/IL2CPP/libil2cpp/os/ClassLibraryPAL/brotli/enc/metablock.c
[ 463/3206  0s] CopyFiles /Users/lucas-furini/repos/checkout/unity/builds/ios/Il2CppOutputProject/IL2CPP/libil2cpp/os/ClassLibraryPAL/brotli/enc/hash_longest_match_quickly_inc.h
[ 464/3206  0s] CopyFiles /Users/lucas-furini/repos/checkout/unity/builds/ios/Il2CppOutputProject/IL2CPP/libil2cpp/os/ClassLibraryPAL/brotli/enc/hash_rolling_inc.h
[ 465/3206  0s] CopyFiles /Users/lucas-furini/repos/checkout/unity/builds/ios/Il2CppOutputProject/IL2CPP/libil2cpp/os/ClassLibraryPAL/brotli/enc/memory.c
[ 466/3206  0s] CopyFiles /Users/lucas-furini/repos/checkout/unity/builds/ios/Il2CppOutputProject/IL2CPP/libil2cpp/os/ClassLibraryPAL/brotli/enc/histogram.c
[ 467/3206  0s] CopyFiles /Users/lucas-furini/repos/checkout/unity/builds/ios/Il2CppOutputProject/IL2CPP/libil2cpp/os/ClassLibraryPAL/brotli/enc/hash_longest_match64_inc.h
[ 468/3206  0s] CopyFiles /Users/lucas-furini/repos/checkout/unity/builds/ios/Il2CppOutputProject/IL2CPP/libil2cpp/os/ClassLibraryPAL/brotli/enc/hash_forgetful_chain_inc.h
[ 469/3206  0s] CopyFiles /Users/lucas-furini/repos/checkout/unity/builds/ios/Il2CppOutputProject/IL2CPP/libil2cpp/os/ClassLibraryPAL/brotli/enc/hash_composite_inc.h
[ 470/3206  0s] CopyFiles /Users/lucas-furini/repos/checkout/unity/builds/ios/Il2CppOutputProject/IL2CPP/libil2cpp/os/ClassLibraryPAL/brotli/enc/hash_to_binary_tree_inc.h
[ 471/3206  0s] CopyFiles /Users/lucas-furini/repos/checkout/unity/builds/ios/Il2CppOutputProject/IL2CPP/libil2cpp/os/ClassLibraryPAL/brotli/enc/hash_longest_match_inc.h
[ 472/3206  0s] CopyFiles /Users/lucas-furini/repos/checkout/unity/builds/ios/Il2CppOutputProject/IL2CPP/libil2cpp/os/ClassLibraryPAL/brotli/enc/literal_cost.h
[ 473/3206  0s] CopyFiles /Users/lucas-furini/repos/checkout/unity/builds/ios/Il2CppOutputProject/IL2CPP/libil2cpp/os/ClassLibraryPAL/brotli/enc/histogram.h
[ 474/3206  0s] CopyFiles /Users/lucas-furini/repos/checkout/unity/builds/ios/Il2CppOutputProject/IL2CPP/libil2cpp/os/ClassLibraryPAL/brotli/enc/hash.h
[ 475/3206  0s] CopyFiles /Users/lucas-furini/repos/checkout/unity/builds/ios/Il2CppOutputProject/IL2CPP/libil2cpp/os/ClassLibraryPAL/brotli/enc/fast_log.h
[ 476/3206  0s] CopyFiles /Users/lucas-furini/repos/checkout/unity/builds/ios/Il2CppOutputProject/IL2CPP/libil2cpp/os/ClassLibraryPAL/brotli/enc/fast_log.c
[ 477/3206  0s] CopyFiles /Users/lucas-furini/repos/checkout/unity/builds/ios/Il2CppOutputProject/IL2CPP/libil2cpp/os/ClassLibraryPAL/brotli/enc/encoder_dict.c
[ 478/3206  0s] CopyFiles /Users/lucas-furini/repos/checkout/unity/builds/ios/Il2CppOutputProject/IL2CPP/libil2cpp/os/ClassLibraryPAL/brotli/enc/entropy_encode.c
[ 479/3206  0s] CopyFiles /Users/lucas-furini/repos/checkout/unity/builds/ios/Il2CppOutputProject/IL2CPP/libil2cpp/os/ClassLibraryPAL/brotli/enc/find_match_length.h
[ 480/3206  0s] CopyFiles /Users/lucas-furini/repos/checkout/unity/builds/ios/Il2CppOutputProject/IL2CPP/libil2cpp/os/ClassLibraryPAL/brotli/enc/encoder_dict.h
[ 481/3206  0s] CopyFiles /Users/lucas-furini/repos/checkout/unity/builds/ios/Il2CppOutputProject/IL2CPP/libil2cpp/os/ClassLibraryPAL/brotli/enc/entropy_encode_static.h
[ 482/3206  0s] CopyFiles /Users/lucas-furini/repos/checkout/unity/builds/ios/Il2CppOutputProject/IL2CPP/libil2cpp/os/ClassLibraryPAL/brotli/enc/encode.c
[ 483/3206  0s] CopyFiles /Users/lucas-furini/repos/checkout/unity/builds/ios/Il2CppOutputProject/IL2CPP/libil2cpp/os/ClassLibraryPAL/brotli/enc/dictionary_hash.h
[ 484/3206  0s] CopyFiles /Users/lucas-furini/repos/checkout/unity/builds/ios/Il2CppOutputProject/IL2CPP/libil2cpp/os/ClassLibraryPAL/brotli/enc/compress_fragment_two_pass.h
[ 485/3206  0s] CopyFiles /Users/lucas-furini/repos/checkout/unity/builds/ios/Il2CppOutputProject/IL2CPP/libil2cpp/os/ClassLibraryPAL/brotli/enc/entropy_encode.h
[ 486/3206  0s] CopyFiles /Users/lucas-furini/repos/checkout/unity/builds/ios/Il2CppOutputProject/IL2CPP/libil2cpp/os/ClassLibraryPAL/brotli/enc/compress_fragment_two_pass.c
[ 487/3206  0s] CopyFiles /Users/lucas-furini/repos/checkout/unity/builds/ios/Il2CppOutputProject/IL2CPP/libil2cpp/os/ClassLibraryPAL/brotli/enc/compress_fragment.h
[ 488/3206  0s] CopyFiles /Users/lucas-furini/repos/checkout/unity/builds/ios/Il2CppOutputProject/IL2CPP/libil2cpp/os/ClassLibraryPAL/brotli/enc/compress_fragment.c
[ 489/3206  0s] CopyFiles /Users/lucas-furini/repos/checkout/unity/builds/ios/Il2CppOutputProject/IL2CPP/libil2cpp/os/ClassLibraryPAL/brotli/enc/command.c
[ 490/3206  0s] CopyFiles /Users/lucas-furini/repos/checkout/unity/builds/ios/Il2CppOutputProject/IL2CPP/libil2cpp/os/ClassLibraryPAL/brotli/enc/command.h
[ 491/3206  0s] CopyFiles /Users/lucas-furini/repos/checkout/unity/builds/ios/Il2CppOutputProject/IL2CPP/libil2cpp/os/ClassLibraryPAL/brotli/enc/dictionary_hash.c
[ 492/3206  0s] CopyFiles /Users/lucas-furini/repos/checkout/unity/builds/ios/Il2CppOutputProject/IL2CPP/libil2cpp/os/ClassLibraryPAL/brotli/enc/cluster_inc.h
[ 493/3206  0s] CopyFiles /Users/lucas-furini/repos/checkout/unity/builds/ios/Il2CppOutputProject/IL2CPP/libil2cpp/os/ClassLibraryPAL/brotli/enc/cluster.h
[ 494/3206  0s] CopyFiles /Users/lucas-furini/repos/checkout/unity/builds/ios/Il2CppOutputProject/IL2CPP/libil2cpp/os/ClassLibraryPAL/brotli/enc/block_splitter.c
[ 495/3206  0s] CopyFiles /Users/lucas-furini/repos/checkout/unity/builds/ios/Il2CppOutputProject/IL2CPP/libil2cpp/os/ClassLibraryPAL/brotli/enc/block_encoder_inc.h
[ 496/3206  0s] CopyFiles /Users/lucas-furini/repos/checkout/unity/builds/ios/Il2CppOutputProject/IL2CPP/libil2cpp/os/ClassLibraryPAL/brotli/enc/brotli_bit_stream.c
[ 497/3206  0s] CopyFiles /Users/lucas-furini/repos/checkout/unity/builds/ios/Il2CppOutputProject/IL2CPP/libil2cpp/os/ClassLibraryPAL/brotli/enc/brotli_bit_stream.h
[ 498/3206  0s] CopyFiles /Users/lucas-furini/repos/checkout/unity/builds/ios/Il2CppOutputProject/IL2CPP/libil2cpp/os/ClassLibraryPAL/brotli/enc/block_splitter.h
[ 499/3206  0s] CopyFiles /Users/lucas-furini/repos/checkout/unity/builds/ios/Il2CppOutputProject/IL2CPP/libil2cpp/os/ClassLibraryPAL/brotli/enc/block_splitter_inc.h
[ 500/3206  0s] CopyFiles /Users/lucas-furini/repos/checkout/unity/builds/ios/Il2CppOutputProject/IL2CPP/libil2cpp/os/ClassLibraryPAL/brotli/enc/cluster.c
[ 501/3206  0s] CopyFiles /Users/lucas-furini/repos/checkout/unity/builds/ios/Il2CppOutputProject/IL2CPP/libil2cpp/os/ClassLibraryPAL/brotli/enc/bit_cost_inc.h
[ 502/3206  0s] CopyFiles /Users/lucas-furini/repos/checkout/unity/builds/ios/Il2CppOutputProject/IL2CPP/libil2cpp/os/ClassLibraryPAL/brotli/enc/bit_cost.h
[ 503/3206  0s] CopyFiles /Users/lucas-furini/repos/checkout/unity/builds/ios/Il2CppOutputProject/IL2CPP/libil2cpp/os/ClassLibraryPAL/brotli/enc/bit_cost.c
[ 504/3206  0s] CopyFiles /Users/lucas-furini/repos/checkout/unity/builds/ios/Il2CppOutputProject/IL2CPP/libil2cpp/os/ClassLibraryPAL/brotli/enc/backward_references_inc.h
[ 505/3206  0s] CopyFiles /Users/lucas-furini/repos/checkout/unity/builds/ios/Il2CppOutputProject/IL2CPP/libil2cpp/os/ClassLibraryPAL/brotli/enc/backward_references_hq.c
[ 506/3206  0s] CopyFiles /Users/lucas-furini/repos/checkout/unity/builds/ios/Il2CppOutputProject/IL2CPP/libil2cpp/os/ClassLibraryPAL/brotli/enc/backward_references.h
[ 507/3206  0s] CopyFiles /Users/lucas-furini/repos/checkout/unity/builds/ios/Il2CppOutputProject/IL2CPP/libil2cpp/os/ClassLibraryPAL/brotli/enc/backward_references_hq.h
[ 508/3206  0s] CopyFiles /Users/lucas-furini/repos/checkout/unity/builds/ios/Il2CppOutputProject/IL2CPP/libil2cpp/os/ClassLibraryPAL/brotli/dec/state.c
[ 509/3206  0s] CopyFiles /Users/lucas-furini/repos/checkout/unity/builds/ios/Il2CppOutputProject/IL2CPP/libil2cpp/os/ClassLibraryPAL/brotli/dec/prefix.h
[ 510/3206  0s] CopyFiles /Users/lucas-furini/repos/checkout/unity/builds/ios/Il2CppOutputProject/IL2CPP/libil2cpp/os/ClassLibraryPAL/brotli/enc/backward_references.c
[ 511/3206  0s] CopyFiles /Users/lucas-furini/repos/checkout/unity/builds/ios/Il2CppOutputProject/IL2CPP/libil2cpp/os/ClassLibraryPAL/brotli/dec/bit_reader.h
[ 512/3206  0s] CopyFiles /Users/lucas-furini/repos/checkout/unity/builds/ios/Il2CppOutputProject/IL2CPP/libil2cpp/os/ClassLibraryPAL/brotli/dec/huffman.c
[ 513/3206  0s] CopyFiles /Users/lucas-furini/repos/checkout/unity/builds/ios/Il2CppOutputProject/IL2CPP/libil2cpp/os/ClassLibraryPAL/brotli/dec/huffman.h
[ 514/3206  0s] CopyFiles /Users/lucas-furini/repos/checkout/unity/builds/ios/Il2CppOutputProject/IL2CPP/libil2cpp/os/ClassLibraryPAL/brotli/dec/decode.c
[ 515/3206  0s] CopyFiles /Users/lucas-furini/repos/checkout/unity/builds/ios/Il2CppOutputProject/IL2CPP/libil2cpp/os/ClassLibraryPAL/brotli/dec/bit_reader.c
[ 516/3206  0s] CopyFiles /Users/lucas-furini/repos/checkout/unity/builds/ios/Il2CppOutputProject/IL2CPP/libil2cpp/os/ClassLibraryPAL/brotli/common/transform.h
[ 517/3206  0s] CopyFiles /Users/lucas-furini/repos/checkout/unity/builds/ios/Il2CppOutputProject/IL2CPP/libil2cpp/os/ClassLibraryPAL/brotli/common/version.h
[ 518/3206  0s] CopyFiles /Users/lucas-furini/repos/checkout/unity/builds/ios/Il2CppOutputProject/IL2CPP/libil2cpp/os/ClassLibraryPAL/brotli/common/platform.c
[ 519/3206  0s] CopyFiles /Users/lucas-furini/repos/checkout/unity/builds/ios/Il2CppOutputProject/IL2CPP/libil2cpp/os/ClassLibraryPAL/brotli/common/transform.c
[ 520/3206  0s] CopyFiles /Users/lucas-furini/repos/checkout/unity/builds/ios/Il2CppOutputProject/IL2CPP/libil2cpp/os/ClassLibraryPAL/brotli/common/platform.h
[ 521/3206  0s] CopyFiles /Users/lucas-furini/repos/checkout/unity/builds/ios/Il2CppOutputProject/IL2CPP/libil2cpp/os/ClassLibraryPAL/brotli/common/dictionary.h
[ 522/3206  0s] CopyFiles /Users/lucas-furini/repos/checkout/unity/builds/ios/Il2CppOutputProject/IL2CPP/libil2cpp/os/ClassLibraryPAL/brotli/common/dictionary.c
[ 523/3206  0s] CopyFiles /Users/lucas-furini/repos/checkout/unity/builds/ios/Il2CppOutputProject/IL2CPP/libil2cpp/os/ClassLibraryPAL/brotli/common/context.c
[ 524/3206  0s] CopyFiles /Users/lucas-furini/repos/checkout/unity/builds/ios/Il2CppOutputProject/IL2CPP/libil2cpp/os/ClassLibraryPAL/brotli/common/context.h
[ 525/3206  0s] CopyFiles /Users/lucas-furini/repos/checkout/unity/builds/ios/Il2CppOutputProject/IL2CPP/libil2cpp/os/ClassLibraryPAL/brotli/common/constants.c
[ 526/3206  0s] CopyFiles /Users/lucas-furini/repos/checkout/unity/builds/ios/Il2CppOutputProject/IL2CPP/libil2cpp/os/ClassLibraryPAL/brotli/common/constants.h
[ 527/3206  0s] CopyFiles /Users/lucas-furini/repos/checkout/unity/builds/ios/Il2CppOutputProject/IL2CPP/libil2cpp/os/c-api/Time.cpp
[ 528/3206  0s] CopyFiles /Users/lucas-furini/repos/checkout/unity/builds/ios/Il2CppOutputProject/IL2CPP/libil2cpp/os/c-api/Thread.cpp
[ 529/3206  0s] CopyFiles /Users/lucas-furini/repos/checkout/unity/builds/ios/Il2CppOutputProject/IL2CPP/libil2cpp/os/c-api/Time-c-api.h
[ 530/3206  0s] CopyFiles /Users/lucas-furini/repos/checkout/unity/builds/ios/Il2CppOutputProject/IL2CPP/libil2cpp/os/c-api/Socket.cpp
[ 531/3206  0s] CopyFiles /Users/lucas-furini/repos/checkout/unity/builds/ios/Il2CppOutputProject/IL2CPP/libil2cpp/os/ClassLibraryPAL/brotli/dec/state.h
[ 532/3206  0s] CopyFiles /Users/lucas-furini/repos/checkout/unity/builds/ios/Il2CppOutputProject/IL2CPP/libil2cpp/os/c-api/Locale-c-api.h
[ 533/3206  0s] CopyFiles /Users/lucas-furini/repos/checkout/unity/builds/ios/Il2CppOutputProject/IL2CPP/libil2cpp/os/c-api/Path-c-api.h
[ 534/3206  0s] CopyFiles /Users/lucas-furini/repos/checkout/unity/builds/ios/Il2CppOutputProject/IL2CPP/libil2cpp/os/c-api/Path.cpp
[ 535/3206  0s] CopyFiles /Users/lucas-furini/repos/checkout/unity/builds/ios/Il2CppOutputProject/IL2CPP/libil2cpp/os/c-api/Locale.cpp
[ 536/3206  0s] CopyFiles /Users/lucas-furini/repos/checkout/unity/builds/ios/Il2CppOutputProject/IL2CPP/libil2cpp/os/c-api/il2cpp-config-platforms.h
[ 537/3206  0s] CopyFiles /Users/lucas-furini/repos/checkout/unity/builds/ios/Il2CppOutputProject/IL2CPP/libil2cpp/os/c-api/OSGlobalEnums.h
[ 538/3206  0s] CopyFiles /Users/lucas-furini/repos/checkout/unity/builds/ios/Il2CppOutputProject/IL2CPP/libil2cpp/os/c-api/WaitStatus-c-api.h
[ 539/3206  0s] CopyFiles /Users/lucas-furini/repos/checkout/unity/builds/ios/Il2CppOutputProject/IL2CPP/libil2cpp/os/c-api/File-c-api.h
[ 540/3206  0s] CopyFiles /Users/lucas-furini/repos/checkout/unity/builds/ios/Il2CppOutputProject/IL2CPP/libil2cpp/os/c-api/Error.cpp
[ 541/3206  0s] CopyFiles /Users/lucas-furini/repos/checkout/unity/builds/ios/Il2CppOutputProject/IL2CPP/libil2cpp/os/c-api/Error-c-api.h
[ 542/3206  0s] CopyFiles /Users/lucas-furini/repos/checkout/unity/builds/ios/Il2CppOutputProject/IL2CPP/libil2cpp/os/c-api/File.cpp
[ 543/3206  0s] CopyFiles /Users/lucas-furini/repos/checkout/unity/builds/ios/Il2CppOutputProject/IL2CPP/libil2cpp/os/c-api/il2cpp-config-api-platforms.h
[ 544/3206  0s] CopyFiles /Users/lucas-furini/repos/checkout/unity/builds/ios/Il2CppOutputProject/IL2CPP/libil2cpp/os/c-api/Thread-c-api.h
[ 545/3206  0s] CopyFiles /Users/lucas-furini/repos/checkout/unity/builds/ios/Il2CppOutputProject/IL2CPP/libil2cpp/os/c-api/Directory.cpp
[ 546/3206  0s] CopyFiles /Users/lucas-furini/repos/checkout/unity/builds/ios/Il2CppOutputProject/IL2CPP/libil2cpp/os/c-api/Allocator.h
[ 547/3206  0s] CopyFiles /Users/lucas-furini/repos/checkout/unity/builds/ios/Il2CppOutputProject/IL2CPP/libil2cpp/os/c-api/Directory-c-api.h
[ 548/3206  0s] CopyFiles /Users/lucas-furini/repos/checkout/unity/builds/ios/Il2CppOutputProject/IL2CPP/libil2cpp/os/c-api/Environment.cpp
[ 549/3206  0s] CopyFiles /Users/lucas-furini/repos/checkout/unity/builds/ios/Il2CppOutputProject/IL2CPP/libil2cpp/os/c-api/Socket-c-api.h
[ 550/3206  0s] CopyFiles /Users/lucas-furini/repos/checkout/unity/builds/ios/Il2CppOutputProject/IL2CPP/libil2cpp/os/baselib/FastReaderReaderWriterLockImpl.h
[ 551/3206  0s] CopyFiles /Users/lucas-furini/repos/checkout/unity/builds/ios/Il2CppOutputProject/IL2CPP/libil2cpp/os/Atomic.h
[ 552/3206  0s] CopyFiles /Users/lucas-furini/repos/checkout/unity/builds/ios/Il2CppOutputProject/IL2CPP/libil2cpp/os/BrokeredFileSystem.h
[ 553/3206  0s] CopyFiles /Users/lucas-furini/repos/checkout/unity/builds/ios/Il2CppOutputProject/IL2CPP/libil2cpp/os/c-api/Allocator.cpp
[ 554/3206  0s] CopyFiles /Users/lucas-furini/repos/checkout/unity/builds/ios/Il2CppOutputProject/IL2CPP/libil2cpp/os/Android/StackTrace.cpp
[ 555/3206  0s] CopyFiles /Users/lucas-furini/repos/checkout/unity/builds/ios/Il2CppOutputProject/IL2CPP/libil2cpp/os/Android/Initialize.cpp
[ 556/3206  0s] CopyFiles /Users/lucas-furini/repos/checkout/unity/builds/ios/Il2CppOutputProject/IL2CPP/libil2cpp/os/Android/pal_android.h
[ 557/3206  0s] CopyFiles /Users/lucas-furini/repos/checkout/unity/builds/ios/Il2CppOutputProject/IL2CPP/libil2cpp/os/Assert.h
[ 558/3206  0s] CopyFiles /Users/lucas-furini/repos/checkout/unity/builds/ios/Il2CppOutputProject/IL2CPP/libil2cpp/os/Android/ConsoleExtension.cpp
[ 559/3206  0s] CopyFiles /Users/lucas-furini/repos/checkout/unity/builds/ios/Il2CppOutputProject/IL2CPP/libil2cpp/mono/ThreadPool/ThreadPoolMonitorThread.h
[ 560/3206  0s] CopyFiles /Users/lucas-furini/repos/checkout/unity/builds/ios/Il2CppOutputProject/IL2CPP/libil2cpp/mono/ThreadPool/ThreadPoolWorkerThread.h
[ 561/3206  0s] CopyFiles /Users/lucas-furini/repos/checkout/unity/builds/ios/Il2CppOutputProject/IL2CPP/libil2cpp/os/Android/Locale.cpp
[ 562/3206  0s] CopyFiles /Users/lucas-furini/repos/checkout/unity/builds/ios/Il2CppOutputProject/IL2CPP/libil2cpp/mono/ThreadPool/ThreadPoolWorkerThread.cpp
[ 563/3206  0s] CopyFiles /Users/lucas-furini/repos/checkout/unity/builds/ios/Il2CppOutputProject/IL2CPP/libil2cpp/mono/ThreadPool/threadpool-ms.h
[ 564/3206  0s] CopyFiles /Users/lucas-furini/repos/checkout/unity/builds/ios/Il2CppOutputProject/IL2CPP/libil2cpp/mono/ThreadPool/ThreadPoolMacros.h
[ 565/3206  0s] CopyFiles /Users/lucas-furini/repos/checkout/unity/builds/ios/Il2CppOutputProject/IL2CPP/libil2cpp/mono/ThreadPool/threadpool-ms-io-poll.h
[ 566/3206  0s] CopyFiles /Users/lucas-furini/repos/checkout/unity/builds/ios/Il2CppOutputProject/IL2CPP/libil2cpp/mono/ThreadPool/ThreadPoolDataStructures.h
[ 567/3206  0s] CopyFiles /Users/lucas-furini/repos/checkout/unity/builds/ios/Il2CppOutputProject/IL2CPP/libil2cpp/mono/ThreadPool/threadpool-ms.cpp
[ 568/3206  0s] CopyFiles /Users/lucas-furini/repos/checkout/unity/builds/ios/Il2CppOutputProject/IL2CPP/libil2cpp/mono/ThreadPool/threadpool-ms-io.cpp
[ 569/3206  0s] CopyFiles /Users/lucas-furini/repos/checkout/unity/builds/ios/Il2CppOutputProject/IL2CPP/libil2cpp/mono/ThreadPool/ThreadPoolMonitorThread.cpp
[ 570/3206  0s] CopyFiles /Users/lucas-furini/repos/checkout/unity/builds/ios/Il2CppOutputProject/IL2CPP/libil2cpp/os/c-api/Environment-c-api.h
[ 571/3206  0s] CopyFiles /Users/lucas-furini/repos/checkout/unity/builds/ios/Il2CppOutputProject/IL2CPP/libil2cpp/mono/ThreadPool/threadpool-ms-io.h
[ 572/3206  0s] CopyFiles /Users/lucas-furini/repos/checkout/unity/builds/ios/Il2CppOutputProject/IL2CPP/libil2cpp/metadata/Il2CppTypeCompare.h
[ 573/3206  0s] CopyFiles /Users/lucas-furini/repos/checkout/unity/builds/ios/Il2CppOutputProject/IL2CPP/libil2cpp/metadata/Il2CppTypeHash.cpp
[ 574/3206  0s] CopyFiles /Users/lucas-furini/repos/checkout/unity/builds/ios/Il2CppOutputProject/IL2CPP/libil2cpp/mono/ThreadPool/threadpool-ms-io-poll.cpp
[ 575/3206  0s] CopyFiles /Users/lucas-furini/repos/checkout/unity/builds/ios/Il2CppOutputProject/IL2CPP/libil2cpp/mono/MonoPosixHelper.cpp
[ 576/3206  0s] CopyFiles /Users/lucas-furini/repos/checkout/unity/builds/ios/Il2CppOutputProject/IL2CPP/libil2cpp/mono-structs.h
[ 577/3206  0s] CopyFiles /Users/lucas-furini/repos/checkout/unity/builds/ios/Il2CppOutputProject/IL2CPP/libil2cpp/metadata/Il2CppSignature.h
[ 578/3206  0s] CopyFiles /Users/lucas-furini/repos/checkout/unity/builds/ios/Il2CppOutputProject/IL2CPP/libil2cpp/metadata/Il2CppTypeHash.h
[ 579/3206  0s] CopyFiles /Users/lucas-furini/repos/checkout/unity/builds/ios/Il2CppOutputProject/IL2CPP/libil2cpp/mono/MonoPosixHelper.h
[ 580/3206  0s] CopyFiles /Users/lucas-furini/repos/checkout/unity/builds/ios/Il2CppOutputProject/IL2CPP/libil2cpp/metadata/Il2CppSignature.cpp
[ 581/3206  0s] CopyFiles /Users/lucas-furini/repos/checkout/unity/builds/ios/Il2CppOutputProject/IL2CPP/libil2cpp/metadata/Il2CppTypeCompare.cpp
[ 582/3206  0s] CopyFiles /Users/lucas-furini/repos/checkout/unity/builds/ios/Il2CppOutputProject/IL2CPP/libil2cpp/metadata/Il2CppMethodSpecOrGenericMethodHash.h
[ 583/3206  0s] CopyFiles /Users/lucas-furini/repos/checkout/unity/builds/ios/Il2CppOutputProject/IL2CPP/libil2cpp/metadata/Il2CppMethodSpecOrGenericMethod.h
[ 584/3206  0s] CopyFiles /Users/lucas-furini/repos/checkout/unity/builds/ios/Il2CppOutputProject/IL2CPP/libil2cpp/metadata/Il2CppMethodSpecOrGenericMethodHash.cpp
[ 585/3206  0s] CopyFiles /Users/lucas-furini/repos/checkout/unity/builds/ios/Il2CppOutputProject/IL2CPP/libil2cpp/metadata/Il2CppMethodSpecOrGenericMethodCompare.h
[ 586/3206  0s] CopyFiles /Users/lucas-furini/repos/checkout/unity/builds/ios/Il2CppOutputProject/IL2CPP/libil2cpp/metadata/Il2CppGenericMethodHash.cpp
[ 587/3206  0s] CopyFiles /Users/lucas-furini/repos/checkout/unity/builds/ios/Il2CppOutputProject/IL2CPP/libil2cpp/metadata/Il2CppMethodSpecOrGenericMethodCompare.cpp
[ 588/3206  0s] CopyFiles /Users/lucas-furini/repos/checkout/unity/builds/ios/Il2CppOutputProject/IL2CPP/libil2cpp/metadata/Il2CppMethodSpecOrGenericMethod.cpp
[ 589/3206  0s] CopyFiles /Users/lucas-furini/repos/checkout/unity/builds/ios/Il2CppOutputProject/IL2CPP/libil2cpp/metadata/Il2CppGenericMethodHash.h
[ 590/3206  0s] CopyFiles /Users/lucas-furini/repos/checkout/unity/builds/ios/Il2CppOutputProject/IL2CPP/libil2cpp/metadata/Il2CppGenericMethodCompare.h
[ 591/3206  0s] CopyFiles /Users/lucas-furini/repos/checkout/unity/builds/ios/Il2CppOutputProject/IL2CPP/libil2cpp/metadata/Il2CppGenericInstHash.cpp
[ 592/3206  0s] CopyFiles /Users/lucas-furini/repos/checkout/unity/builds/ios/Il2CppOutputProject/IL2CPP/libil2cpp/metadata/Il2CppGenericInstHash.h
[ 593/3206  0s] CopyFiles /Users/lucas-furini/repos/checkout/unity/builds/ios/Il2CppOutputProject/IL2CPP/libil2cpp/metadata/Il2CppGenericMethodCompare.cpp
[ 594/3206  0s] CopyFiles /Users/lucas-furini/repos/checkout/unity/builds/ios/Il2CppOutputProject/IL2CPP/libil2cpp/metadata/Il2CppGenericClassHash.h
[ 595/3206  0s] CopyFiles /Users/lucas-furini/repos/checkout/unity/builds/ios/Il2CppOutputProject/IL2CPP/libil2cpp/metadata/Il2CppGenericInstCompare.h
[ 596/3206  0s] CopyFiles /Users/lucas-furini/repos/checkout/unity/builds/ios/Il2CppOutputProject/IL2CPP/libil2cpp/metadata/Il2CppGenericContextCompare.cpp
[ 597/3206  0s] CopyFiles /Users/lucas-furini/repos/checkout/unity/builds/ios/Il2CppOutputProject/IL2CPP/libil2cpp/metadata/Il2CppGenericContextHash.h
[ 598/3206  0s] CopyFiles /Users/lucas-furini/repos/checkout/unity/builds/ios/Il2CppOutputProject/IL2CPP/libil2cpp/metadata/Il2CppGenericContextCompare.h
[ 599/3206  0s] CopyFiles /Users/lucas-furini/repos/checkout/unity/builds/ios/Il2CppOutputProject/IL2CPP/libil2cpp/metadata/Il2CppGenericInstCompare.cpp
[ 600/3206  0s] CopyFiles /Users/lucas-furini/repos/checkout/unity/builds/ios/Il2CppOutputProject/IL2CPP/libil2cpp/metadata/Il2CppGenericContextHash.cpp
[ 601/3206  0s] CopyFiles /Users/lucas-furini/repos/checkout/unity/builds/ios/Il2CppOutputProject/IL2CPP/libil2cpp/metadata/Il2CppGenericClassHash.cpp
[ 602/3206  0s] CopyFiles /Users/lucas-furini/repos/checkout/unity/builds/ios/Il2CppOutputProject/IL2CPP/libil2cpp/metadata/Il2CppGenericClassCompare.h
[ 603/3206  0s] CopyFiles /Users/lucas-furini/repos/checkout/unity/builds/ios/Il2CppOutputProject/IL2CPP/libil2cpp/metadata/GenericSharing.h
[ 604/3206  0s] CopyFiles /Users/lucas-furini/repos/checkout/unity/builds/ios/Il2CppOutputProject/IL2CPP/libil2cpp/metadata/FieldLayout.h
[ 605/3206  0s] CopyFiles /Users/lucas-furini/repos/checkout/unity/builds/ios/Il2CppOutputProject/IL2CPP/libil2cpp/metadata/Il2CppGenericClassCompare.cpp
[ 606/3206  0s] CopyFiles /Users/lucas-furini/repos/checkout/unity/builds/ios/Il2CppOutputProject/IL2CPP/libil2cpp/metadata/GenericMetadata.h
[ 607/3206  0s] CopyFiles /Users/lucas-furini/repos/checkout/unity/builds/ios/Il2CppOutputProject/IL2CPP/libil2cpp/metadata/GenericMethod.cpp
[ 608/3206  0s] CopyFiles /Users/lucas-furini/repos/checkout/unity/builds/ios/Il2CppOutputProject/IL2CPP/libil2cpp/libil2cpp.mono-net8.icalls
[ 609/3206  0s] CopyFiles /Users/lucas-furini/repos/checkout/unity/builds/ios/Il2CppOutputProject/IL2CPP/libil2cpp/libil2cpp.icalls
[ 610/3206  0s] CopyFiles /Users/lucas-furini/repos/checkout/unity/builds/ios/Il2CppOutputProject/IL2CPP/libil2cpp/metadata/GenericMetadata.cpp
[ 611/3206  0s] CopyFiles /Users/lucas-furini/repos/checkout/unity/builds/ios/Il2CppOutputProject/IL2CPP/libil2cpp/metadata/GenericMethod.h
[ 612/3206  0s] CopyFiles /Users/lucas-furini/repos/checkout/unity/builds/ios/Il2CppOutputProject/IL2CPP/libil2cpp/metadata/CustomAttributeDataReader.h
[ 613/3206  0s] CopyFiles /Users/lucas-furini/repos/checkout/unity/builds/ios/Il2CppOutputProject/IL2CPP/libil2cpp/metadata/GenericSharing.cpp
[ 614/3206  0s] CopyFiles /Users/lucas-furini/repos/checkout/unity/builds/ios/Il2CppOutputProject/IL2CPP/libil2cpp/metadata/FieldLayout.cpp
[ 615/3206  0s] CopyFiles /Users/lucas-furini/repos/checkout/unity/builds/ios/Il2CppOutputProject/IL2CPP/libil2cpp/metadata/CustomAttributeCreator.h
[ 616/3206  0s] CopyFiles /Users/lucas-furini/repos/checkout/unity/builds/ios/Il2CppOutputProject/IL2CPP/libil2cpp/metadata/CustomAttributeDataReader.cpp
[ 617/3206  0s] CopyFiles /Users/lucas-furini/repos/checkout/unity/builds/ios/Il2CppOutputProject/IL2CPP/libil2cpp/metadata/ArrayMetadata.cpp
[ 618/3206  0s] CopyFiles /Users/lucas-furini/repos/checkout/unity/builds/ios/Il2CppOutputProject/IL2CPP/libil2cpp/metadata/ArrayMetadata.h
[ 619/3206  0s] CopyFiles /Users/lucas-furini/repos/checkout/unity/builds/ios/Il2CppOutputProject/IL2CPP/libil2cpp/metadata/CustomAttributeCreator.cpp
[ 620/3206  0s] CopyFiles /Users/lucas-furini/repos/checkout/unity/builds/ios/Il2CppOutputProject/IL2CPP/libil2cpp/intrinsics/UnityEngine.CoreModule/UnityEngine/Mathf.h
[ 621/3206  0s] CopyFiles /Users/lucas-furini/repos/checkout/unity/builds/ios/Il2CppOutputProject/IL2CPP/libil2cpp/intrinsics/UnityEngine.CoreModule/Unity/Collections/NativeArray_1.h
[ 622/3206  0s] CopyFiles /Users/lucas-furini/repos/checkout/unity/builds/ios/Il2CppOutputProject/IL2CPP/libil2cpp/intrinsics/System.Private.CoreLib/System/Threading/ObjectHeader.h
[ 623/3206  0s] CopyFiles /Users/lucas-furini/repos/checkout/unity/builds/ios/Il2CppOutputProject/IL2CPP/libil2cpp/intrinsics/System.Private.CoreLib/System/Type.cpp
[ 624/3206  0s] CopyFiles /Users/lucas-furini/repos/checkout/unity/builds/ios/Il2CppOutputProject/IL2CPP/libil2cpp/intrinsics/System.Private.CoreLib/System/Threading/Thread.cpp
[ 625/3206  0s] CopyFiles /Users/lucas-furini/repos/checkout/unity/builds/ios/Il2CppOutputProject/IL2CPP/libil2cpp/intrinsics/System.Private.CoreLib/System/Threading/ObjectHeader.cpp
[ 626/3206  0s] CopyFiles /Users/lucas-furini/repos/checkout/unity/builds/ios/Il2CppOutputProject/IL2CPP/libil2cpp/intrinsics/System.Private.CoreLib/System/Threading/Interlocked.h
[ 627/3206  0s] CopyFiles /Users/lucas-furini/repos/checkout/unity/builds/ios/Il2CppOutputProject/IL2CPP/libil2cpp/intrinsics/System.Private.CoreLib/System/Threading/Thread.h
[ 628/3206  0s] CopyFiles /Users/lucas-furini/repos/checkout/unity/builds/ios/Il2CppOutputProject/IL2CPP/libil2cpp/intrinsics/System.Private.CoreLib/System/Type.h
[ 629/3206  0s] CopyFiles /Users/lucas-furini/repos/checkout/unity/builds/ios/Il2CppOutputProject/IL2CPP/libil2cpp/intrinsics/System.Private.CoreLib/System/Threading/Volatile.h
[ 630/3206  0s] CopyFiles /Users/lucas-furini/repos/checkout/unity/builds/ios/Il2CppOutputProject/IL2CPP/libil2cpp/intrinsics/UnityEngine.CoreModule/Unity/Collections/LowLevel/Unsafe/UnsafeUtility.h
[ 631/3206  0s] CopyFiles /Users/lucas-furini/repos/checkout/unity/builds/ios/Il2CppOutputProject/IL2CPP/libil2cpp/intrinsics/System.Private.CoreLib/System/Span_1.h
[ 632/3206  0s] CopyFiles /Users/lucas-furini/repos/checkout/unity/builds/ios/Il2CppOutputProject/IL2CPP/libil2cpp/intrinsics/System.Private.CoreLib/System/Threading/Interlocked.cpp
[ 633/3206  0s] CopyFiles /Users/lucas-furini/repos/checkout/unity/builds/ios/Il2CppOutputProject/IL2CPP/libil2cpp/intrinsics/System.Private.CoreLib/System/Runtime/RuntimeImports.h
[ 634/3206  0s] CopyFiles /Users/lucas-furini/repos/checkout/unity/builds/ios/Il2CppOutputProject/IL2CPP/libil2cpp/intrinsics/System.Private.CoreLib/System/Runtime/Intrinsics/X86/Sse42.h
[ 635/3206  0s] CopyFiles /Users/lucas-furini/repos/checkout/unity/builds/ios/Il2CppOutputProject/IL2CPP/libil2cpp/intrinsics/System.Private.CoreLib/System/Runtime/Intrinsics/X86/Ssse3.h
[ 636/3206  0s] CopyFiles /Users/lucas-furini/repos/checkout/unity/builds/ios/Il2CppOutputProject/IL2CPP/libil2cpp/intrinsics/System.Private.CoreLib/System/Runtime/Intrinsics/X86/Ssse3/X64.h
[ 637/3206  0s] CopyFiles /Users/lucas-furini/repos/checkout/unity/builds/ios/Il2CppOutputProject/IL2CPP/libil2cpp/intrinsics/System.Private.CoreLib/System/Runtime/Intrinsics/X86/Sse41.h
[ 638/3206  0s] CopyFiles /Users/lucas-furini/repos/checkout/unity/builds/ios/Il2CppOutputProject/IL2CPP/libil2cpp/intrinsics/System.Private.CoreLib/System/Runtime/Intrinsics/X86/X86Serialize/X64.h
[ 639/3206  0s] CopyFiles /Users/lucas-furini/repos/checkout/unity/builds/ios/Il2CppOutputProject/IL2CPP/libil2cpp/intrinsics/System.Private.CoreLib/System/Runtime/Intrinsics/X86/X86Serialize.h
[ 640/3206  0s] CopyFiles /Users/lucas-furini/repos/checkout/unity/builds/ios/Il2CppOutputProject/IL2CPP/libil2cpp/intrinsics/System.Private.CoreLib/System/Runtime/Intrinsics/X86/X86Base.h
[ 641/3206  0s] CopyFiles /Users/lucas-furini/repos/checkout/unity/builds/ios/Il2CppOutputProject/IL2CPP/libil2cpp/intrinsics/System.Private.CoreLib/System/Runtime/Intrinsics/X86/Sse42/X64.h
[ 642/3206  0s] CopyFiles /Users/lucas-furini/repos/checkout/unity/builds/ios/Il2CppOutputProject/IL2CPP/libil2cpp/intrinsics/System.Private.CoreLib/System/Runtime/Intrinsics/X86/Sse3/X64.h
[ 643/3206  0s] CopyFiles /Users/lucas-furini/repos/checkout/unity/builds/ios/Il2CppOutputProject/IL2CPP/libil2cpp/intrinsics/System.Private.CoreLib/System/Runtime/Intrinsics/X86/Sse2/X64.h
[ 644/3206  0s] CopyFiles /Users/lucas-furini/repos/checkout/unity/builds/ios/Il2CppOutputProject/IL2CPP/libil2cpp/intrinsics/System.Private.CoreLib/System/Runtime/Intrinsics/X86/X86Base/X64.h
[ 645/3206  0s] CopyFiles /Users/lucas-furini/repos/checkout/unity/builds/ios/Il2CppOutputProject/IL2CPP/libil2cpp/intrinsics/System.Private.CoreLib/System/Runtime/Intrinsics/X86/Sse3.h
[ 646/3206  0s] CopyFiles /Users/lucas-furini/repos/checkout/unity/builds/ios/Il2CppOutputProject/IL2CPP/libil2cpp/intrinsics/System.Private.CoreLib/System/Runtime/Intrinsics/X86/Sse2.h
[ 647/3206  0s] CopyFiles /Users/lucas-furini/repos/checkout/unity/builds/ios/Il2CppOutputProject/IL2CPP/libil2cpp/intrinsics/System.Private.CoreLib/System/Runtime/Intrinsics/X86/Sse/X64.h
[ 648/3206  0s] CopyFiles /Users/lucas-furini/repos/checkout/unity/builds/ios/Il2CppOutputProject/IL2CPP/libil2cpp/intrinsics/System.Private.CoreLib/System/Runtime/Intrinsics/X86/Sse41/X64.h
[ 649/3206  0s] CopyFiles /Users/lucas-furini/repos/checkout/unity/builds/ios/Il2CppOutputProject/IL2CPP/libil2cpp/intrinsics/System.Private.CoreLib/System/Runtime/Intrinsics/X86/Fma.h
[ 650/3206  0s] CopyFiles /Users/lucas-furini/repos/checkout/unity/builds/ios/Il2CppOutputProject/IL2CPP/libil2cpp/intrinsics/System.Private.CoreLib/System/Runtime/Intrinsics/X86/Lzcnt.h
[ 651/3206  0s] CopyFiles /Users/lucas-furini/repos/checkout/unity/builds/ios/Il2CppOutputProject/IL2CPP/libil2cpp/intrinsics/System.Private.CoreLib/System/Runtime/Intrinsics/X86/Bmi2/X64.h
[ 652/3206  0s] CopyFiles /Users/lucas-furini/repos/checkout/unity/builds/ios/Il2CppOutputProject/IL2CPP/libil2cpp/intrinsics/System.Private.CoreLib/System/Runtime/Intrinsics/X86/Pclmulqdq.h
[ 653/3206  0s] CopyFiles /Users/lucas-furini/repos/checkout/unity/builds/ios/Il2CppOutputProject/IL2CPP/libil2cpp/intrinsics/System.Private.CoreLib/System/Runtime/Intrinsics/X86/Sse.h
[ 654/3206  0s] CopyFiles /Users/lucas-furini/repos/checkout/unity/builds/ios/Il2CppOutputProject/IL2CPP/libil2cpp/intrinsics/System.Private.CoreLib/System/Runtime/Intrinsics/X86/Lzcnt/X64.h
[ 655/3206  0s] CopyFiles /Users/lucas-furini/repos/checkout/unity/builds/ios/Il2CppOutputProject/IL2CPP/libil2cpp/intrinsics/System.Private.CoreLib/System/Runtime/Intrinsics/X86/Popcnt/X64.h
[ 656/3206  0s] CopyFiles /Users/lucas-furini/repos/checkout/unity/builds/ios/Il2CppOutputProject/IL2CPP/libil2cpp/intrinsics/System.Private.CoreLib/System/Runtime/Intrinsics/X86/Fma/X64.h
[ 657/3206  0s] CopyFiles /Users/lucas-furini/repos/checkout/unity/builds/ios/Il2CppOutputProject/IL2CPP/libil2cpp/intrinsics/System.Private.CoreLib/System/Runtime/Intrinsics/X86/Popcnt.h
[ 658/3206  0s] CopyFiles /Users/lucas-furini/repos/checkout/unity/builds/ios/Il2CppOutputProject/IL2CPP/libil2cpp/intrinsics/System.Private.CoreLib/System/Runtime/Intrinsics/X86/Pclmulqdq/X64.h
[ 659/3206  0s] CopyFiles /Users/lucas-furini/repos/checkout/unity/builds/ios/Il2CppOutputProject/IL2CPP/libil2cpp/intrinsics/System.Private.CoreLib/System/Runtime/Intrinsics/X86/Bmi2.h
[ 660/3206  0s] CopyFiles /Users/lucas-furini/repos/checkout/unity/builds/ios/Il2CppOutputProject/IL2CPP/libil2cpp/intrinsics/System.Private.CoreLib/System/Runtime/Intrinsics/X86/Avx512F/X64.h
[ 661/3206  0s] CopyFiles /Users/lucas-furini/repos/checkout/unity/builds/ios/Il2CppOutputProject/IL2CPP/libil2cpp/intrinsics/System.Private.CoreLib/System/Runtime/Intrinsics/X86/AvxVnni.h
[ 662/3206  0s] CopyFiles /Users/lucas-furini/repos/checkout/unity/builds/ios/Il2CppOutputProject/IL2CPP/libil2cpp/intrinsics/System.Private.CoreLib/System/Runtime/Intrinsics/X86/Avx512Vbmi.h
[ 663/3206  0s] CopyFiles /Users/lucas-furini/repos/checkout/unity/builds/ios/Il2CppOutputProject/IL2CPP/libil2cpp/intrinsics/System.Private.CoreLib/System/Runtime/Intrinsics/X86/Avx512Vbmi/X64.h
[ 664/3206  0s] CopyFiles /Users/lucas-furini/repos/checkout/unity/builds/ios/Il2CppOutputProject/IL2CPP/libil2cpp/intrinsics/System.Private.CoreLib/System/Runtime/Intrinsics/X86/Avx512Vbmi/VL.h
[ 665/3206  0s] CopyFiles /Users/lucas-furini/repos/checkout/unity/builds/ios/Il2CppOutputProject/IL2CPP/libil2cpp/intrinsics/System.Private.CoreLib/System/Runtime/Intrinsics/X86/Avx512F.h
[ 666/3206  0s] CopyFiles /Users/lucas-furini/repos/checkout/unity/builds/ios/Il2CppOutputProject/IL2CPP/libil2cpp/intrinsics/System.Private.CoreLib/System/Runtime/Intrinsics/X86/Avx512DQ/X64.h
[ 667/3206  0s] CopyFiles /Users/lucas-furini/repos/checkout/unity/builds/ios/Il2CppOutputProject/IL2CPP/libil2cpp/intrinsics/System.Private.CoreLib/System/Runtime/Intrinsics/X86/Avx512F/VL.h
[ 668/3206  0s] CopyFiles /Users/lucas-furini/repos/checkout/unity/builds/ios/Il2CppOutputProject/IL2CPP/libil2cpp/intrinsics/System.Private.CoreLib/System/Runtime/Intrinsics/X86/Bmi1/X64.h
[ 669/3206  0s] CopyFiles /Users/lucas-furini/repos/checkout/unity/builds/ios/Il2CppOutputProject/IL2CPP/libil2cpp/intrinsics/System.Private.CoreLib/System/Runtime/Intrinsics/X86/AvxVnni/X64.h
[ 670/3206  0s] CopyFiles /Users/lucas-furini/repos/checkout/unity/builds/ios/Il2CppOutputProject/IL2CPP/libil2cpp/intrinsics/System.Private.CoreLib/System/Runtime/Intrinsics/X86/Avx512CD/X64.h
[ 671/3206  0s] CopyFiles /Users/lucas-furini/repos/checkout/unity/builds/ios/Il2CppOutputProject/IL2CPP/libil2cpp/intrinsics/System.Private.CoreLib/System/Runtime/Intrinsics/X86/Avx512CD.h
[ 672/3206  0s] CopyFiles /Users/lucas-furini/repos/checkout/unity/builds/ios/Il2CppOutputProject/IL2CPP/libil2cpp/intrinsics/System.Private.CoreLib/System/Runtime/Intrinsics/X86/Avx512DQ/VL.h
[ 673/3206  0s] CopyFiles /Users/lucas-furini/repos/checkout/unity/builds/ios/Il2CppOutputProject/IL2CPP/libil2cpp/intrinsics/System.Private.CoreLib/System/Runtime/Intrinsics/X86/Bmi1.h
[ 674/3206  0s] CopyFiles /Users/lucas-furini/repos/checkout/unity/builds/ios/Il2CppOutputProject/IL2CPP/libil2cpp/intrinsics/System.Private.CoreLib/System/Runtime/Intrinsics/X86/Avx512CD/VL.h
[ 675/3206  0s] CopyFiles /Users/lucas-furini/repos/checkout/unity/builds/ios/Il2CppOutputProject/IL2CPP/libil2cpp/intrinsics/System.Private.CoreLib/System/Runtime/Intrinsics/X86/Avx512DQ.h
[ 676/3206  0s] CopyFiles /Users/lucas-furini/repos/checkout/unity/builds/ios/Il2CppOutputProject/IL2CPP/libil2cpp/intrinsics/System.Private.CoreLib/System/Runtime/Intrinsics/X86/Avx512BW/X64.h
[ 677/3206  0s] CopyFiles /Users/lucas-furini/repos/checkout/unity/builds/ios/Il2CppOutputProject/IL2CPP/libil2cpp/intrinsics/System.Private.CoreLib/System/Runtime/Intrinsics/X86/Avx512BW/VL.h
[ 678/3206  0s] CopyFiles /Users/lucas-furini/repos/checkout/unity/builds/ios/Il2CppOutputProject/IL2CPP/libil2cpp/intrinsics/System.Private.CoreLib/System/Runtime/Intrinsics/X86/Avx512BW.h
[ 679/3206  0s] CopyFiles /Users/lucas-furini/repos/checkout/unity/builds/ios/Il2CppOutputProject/IL2CPP/libil2cpp/intrinsics/System.Private.CoreLib/System/Runtime/Intrinsics/X86/Avx/X64.h
[ 680/3206  0s] CopyFiles /Users/lucas-furini/repos/checkout/unity/builds/ios/Il2CppOutputProject/IL2CPP/libil2cpp/intrinsics/System.Private.CoreLib/System/Runtime/Intrinsics/X86/Aes/X64.h
[ 681/3206  0s] CopyFiles /Users/lucas-furini/repos/checkout/unity/builds/ios/Il2CppOutputProject/IL2CPP/libil2cpp/intrinsics/System.Private.CoreLib/System/Runtime/Intrinsics/X86/Avx2/X64.h
[ 682/3206  0s] CopyFiles /Users/lucas-furini/repos/checkout/unity/builds/ios/Il2CppOutputProject/IL2CPP/libil2cpp/intrinsics/System.Private.CoreLib/System/Runtime/Intrinsics/Wasm/WasmBase.h
[ 683/3206  0s] CopyFiles /Users/lucas-furini/repos/checkout/unity/builds/ios/Il2CppOutputProject/IL2CPP/libil2cpp/intrinsics/System.Private.CoreLib/System/Runtime/Intrinsics/X86/Avx2.h
[ 684/3206  0s] CopyFiles /Users/lucas-furini/repos/checkout/unity/builds/ios/Il2CppOutputProject/IL2CPP/libil2cpp/intrinsics/System.Private.CoreLib/System/Runtime/Intrinsics/Wasm/PackedSimd.h
[ 685/3206  0s] CopyFiles /Users/lucas-furini/repos/checkout/unity/builds/ios/Il2CppOutputProject/IL2CPP/libil2cpp/intrinsics/System.Private.CoreLib/System/Runtime/Intrinsics/X86/Aes.h
[ 686/3206  0s] CopyFiles /Users/lucas-furini/repos/checkout/unity/builds/ios/Il2CppOutputProject/IL2CPP/libil2cpp/intrinsics/System.Private.CoreLib/System/Runtime/Intrinsics/X86/Avx.h
[ 687/3206  0s] CopyFiles /Users/lucas-furini/repos/checkout/unity/builds/ios/Il2CppOutputProject/IL2CPP/libil2cpp/intrinsics/System.Private.CoreLib/System/Runtime/Intrinsics/Vector64_1.h
[ 688/3206  0s] CopyFiles /Users/lucas-furini/repos/checkout/unity/builds/ios/Il2CppOutputProject/IL2CPP/libil2cpp/intrinsics/System.Private.CoreLib/System/Runtime/Intrinsics/Vector64.h
[ 689/3206  0s] CopyFiles /Users/lucas-furini/repos/checkout/unity/builds/ios/Il2CppOutputProject/IL2CPP/libil2cpp/intrinsics/System.Private.CoreLib/System/Runtime/Intrinsics/Vector256.h
[ 690/3206  0s] CopyFiles /Users/lucas-furini/repos/checkout/unity/builds/ios/Il2CppOutputProject/IL2CPP/libil2cpp/intrinsics/System.Private.CoreLib/System/Runtime/Intrinsics/Vector128.h
[ 691/3206  0s] CopyFiles /Users/lucas-furini/repos/checkout/unity/builds/ios/Il2CppOutputProject/IL2CPP/libil2cpp/intrinsics/System.Private.CoreLib/System/Runtime/Intrinsics/Vector256_1.h
[ 692/3206  0s] CopyFiles /Users/lucas-furini/repos/checkout/unity/builds/ios/Il2CppOutputProject/IL2CPP/libil2cpp/intrinsics/System.Private.CoreLib/System/Runtime/Intrinsics/Vector512.h
[ 693/3206  0s] CopyFiles /Users/lucas-furini/repos/checkout/unity/builds/ios/Il2CppOutputProject/IL2CPP/libil2cpp/intrinsics/System.Private.CoreLib/System/Runtime/Intrinsics/Vector512_1.h
[ 694/3206  0s] CopyFiles /Users/lucas-furini/repos/checkout/unity/builds/ios/Il2CppOutputProject/IL2CPP/libil2cpp/intrinsics/System.Private.CoreLib/System/Runtime/Intrinsics/Vector128_1.h
[ 695/3206  0s] CopyFiles /Users/lucas-furini/repos/checkout/unity/builds/ios/Il2CppOutputProject/IL2CPP/libil2cpp/intrinsics/System.Private.CoreLib/System/Runtime/Intrinsics/Arm/Sha1/Arm64.h
[ 696/3206  0s] CopyFiles /Users/lucas-furini/repos/checkout/unity/builds/ios/Il2CppOutputProject/IL2CPP/libil2cpp/intrinsics/System.Private.CoreLib/System/Runtime/Intrinsics/Arm/Sha256.h
[ 697/3206  0s] CopyFiles /Users/lucas-furini/repos/checkout/unity/builds/ios/Il2CppOutputProject/IL2CPP/libil2cpp/intrinsics/System.Private.CoreLib/System/Runtime/Intrinsics/Arm/Sha256/Arm64.h
[ 698/3206  0s] CopyFiles /Users/lucas-furini/repos/checkout/unity/builds/ios/Il2CppOutputProject/IL2CPP/libil2cpp/intrinsics/System.Private.CoreLib/System/Runtime/Intrinsics/Arm/Sha1.h
[ 699/3206  0s] CopyFiles /Users/lucas-furini/repos/checkout/unity/builds/ios/Il2CppOutputProject/IL2CPP/libil2cpp/intrinsics/System.Private.CoreLib/System/Runtime/Intrinsics/Arm/ArmBase.h
[ 700/3206  0s] CopyFiles /Users/lucas-furini/repos/checkout/unity/builds/ios/Il2CppOutputProject/IL2CPP/libil2cpp/intrinsics/System.Private.CoreLib/System/Runtime/Intrinsics/Arm/Rdm.h
[ 701/3206  0s] CopyFiles /Users/lucas-furini/repos/checkout/unity/builds/ios/Il2CppOutputProject/IL2CPP/libil2cpp/intrinsics/System.Private.CoreLib/System/Runtime/Intrinsics/Arm/Crc32.h
[ 702/3206  0s] CopyFiles /Users/lucas-furini/repos/checkout/unity/builds/ios/Il2CppOutputProject/IL2CPP/libil2cpp/intrinsics/System.Private.CoreLib/System/Runtime/Intrinsics/Arm/ArmBase/Arm64.h
[ 703/3206  0s] CopyFiles /Users/lucas-furini/repos/checkout/unity/builds/ios/Il2CppOutputProject/IL2CPP/libil2cpp/intrinsics/System.Private.CoreLib/System/Runtime/Intrinsics/Arm/Rdm/Arm64.h
[ 704/3206  0s] CopyFiles /Users/lucas-furini/repos/checkout/unity/builds/ios/Il2CppOutputProject/IL2CPP/libil2cpp/intrinsics/System.Private.CoreLib/System/Runtime/Intrinsics/Arm/Crc32/Arm64.h
[ 705/3206  0s] CopyFiles /Users/lucas-furini/repos/checkout/unity/builds/ios/Il2CppOutputProject/IL2CPP/libil2cpp/intrinsics/System.Private.CoreLib/System/Runtime/Intrinsics/Arm/Dp/Arm64.h
[ 706/3206  0s] CopyFiles /Users/lucas-furini/repos/checkout/unity/builds/ios/Il2CppOutputProject/IL2CPP/libil2cpp/intrinsics/System.Private.CoreLib/System/Runtime/Intrinsics/Arm/Dp.h
[ 707/3206  0s] CopyFiles /Users/lucas-furini/repos/checkout/unity/builds/ios/Il2CppOutputProject/IL2CPP/libil2cpp/intrinsics/System.Private.CoreLib/System/Runtime/Intrinsics/Arm/Aes/Arm64.h
[ 708/3206  0s] CopyFiles /Users/lucas-furini/repos/checkout/unity/builds/ios/Il2CppOutputProject/IL2CPP/libil2cpp/intrinsics/System.Private.CoreLib/System/Runtime/InteropServices/Marshal.h
[ 709/3206  0s] CopyFiles /Users/lucas-furini/repos/checkout/unity/builds/ios/Il2CppOutputProject/IL2CPP/libil2cpp/intrinsics/System.Private.CoreLib/System/Runtime/InteropServices/Marshal.cpp
[ 710/3206  0s] CopyFiles /Users/lucas-furini/repos/checkout/unity/builds/ios/Il2CppOutputProject/IL2CPP/libil2cpp/intrinsics/System.Private.CoreLib/System/Runtime/CompilerServices/Unsafe.h
[ 711/3206  0s] CopyFiles /Users/lucas-furini/repos/checkout/unity/builds/ios/Il2CppOutputProject/IL2CPP/libil2cpp/intrinsics/System.Private.CoreLib/System/Runtime/Intrinsics/Arm/Aes.h
[ 712/3206  0s] CopyFiles /Users/lucas-furini/repos/checkout/unity/builds/ios/Il2CppOutputProject/IL2CPP/libil2cpp/intrinsics/System.Private.CoreLib/System/Runtime/CompilerServices/RuntimeHelpers_icalls.h
[ 713/3206  0s] CopyFiles /Users/lucas-furini/repos/checkout/unity/builds/ios/Il2CppOutputProject/IL2CPP/libil2cpp/intrinsics/System.Private.CoreLib/System/Runtime/Intrinsics/Arm/AdvSimd.h
[ 714/3206  0s] CopyFiles /Users/lucas-furini/repos/checkout/unity/builds/ios/Il2CppOutputProject/IL2CPP/libil2cpp/intrinsics/System.Private.CoreLib/System/Runtime/CompilerServices/RuntimeFeature.h
[ 715/3206  0s] CopyFiles /Users/lucas-furini/repos/checkout/unity/builds/ios/Il2CppOutputProject/IL2CPP/libil2cpp/intrinsics/System.Private.CoreLib/System/Runtime/Intrinsics/Arm/AdvSimd/Arm64.h
[ 716/3206  0s] CopyFiles /Users/lucas-furini/repos/checkout/unity/builds/ios/Il2CppOutputProject/IL2CPP/libil2cpp/intrinsics/System.Private.CoreLib/System/Runtime/CompilerServices/RuntimeHelpers_icalls.cpp
[ 717/3206  0s] CopyFiles /Users/lucas-furini/repos/checkout/unity/builds/ios/Il2CppOutputProject/IL2CPP/libil2cpp/intrinsics/System.Private.CoreLib/System/Runtime/CompilerServices/JitHelpersVariations.h
[ 718/3206  0s] CopyFiles /Users/lucas-furini/repos/checkout/unity/builds/ios/Il2CppOutputProject/IL2CPP/libil2cpp/intrinsics/System.Private.CoreLib/System/Runtime/CompilerServices/RuntimeHelpers.h
[ 719/3206  0s] CopyFiles /Users/lucas-furini/repos/checkout/unity/builds/ios/Il2CppOutputProject/IL2CPP/libil2cpp/intrinsics/System.Private.CoreLib/System/Runtime/CompilerServices/JitHelpers.h
[ 720/3206  0s] CopyFiles /Users/lucas-furini/repos/checkout/unity/builds/ios/Il2CppOutputProject/IL2CPP/libil2cpp/intrinsics/System.Private.CoreLib/System/Reflection/MethodBase.h
[ 721/3206  0s] CopyFiles /Users/lucas-furini/repos/checkout/unity/builds/ios/Il2CppOutputProject/IL2CPP/libil2cpp/intrinsics/System.Private.CoreLib/System/Object.h
[ 722/3206  0s] CopyFiles /Users/lucas-furini/repos/checkout/unity/builds/ios/Il2CppOutputProject/IL2CPP/libil2cpp/intrinsics/System.Private.CoreLib/System/Reflection/Assembly.h
[ 723/3206  0s] CopyFiles /Users/lucas-furini/repos/checkout/unity/builds/ios/Il2CppOutputProject/IL2CPP/libil2cpp/intrinsics/System.Private.CoreLib/System/ReadOnlySpan_1.h
[ 724/3206  0s] CopyFiles /Users/lucas-furini/repos/checkout/unity/builds/ios/Il2CppOutputProject/IL2CPP/libil2cpp/intrinsics/System.Private.CoreLib/System/Object.cpp
[ 725/3206  0s] CopyFiles /Users/lucas-furini/repos/checkout/unity/builds/ios/Il2CppOutputProject/IL2CPP/libil2cpp/intrinsics/System.Private.CoreLib/System/Reflection/Assembly.cpp
[ 726/3206  0s] CopyFiles /Users/lucas-furini/repos/checkout/unity/builds/ios/Il2CppOutputProject/IL2CPP/libil2cpp/intrinsics/System.Private.CoreLib/System/Numerics/Vector.h
[ 727/3206  0s] CopyFiles /Users/lucas-furini/repos/checkout/unity/builds/ios/Il2CppOutputProject/IL2CPP/libil2cpp/intrinsics/System.Private.CoreLib/System/MathF.h
[ 728/3206  0s] CopyFiles /Users/lucas-furini/repos/checkout/unity/builds/ios/Il2CppOutputProject/IL2CPP/libil2cpp/intrinsics/System.Private.CoreLib/System/Array.h
[ 729/3206  0s] CopyFiles /Users/lucas-furini/repos/checkout/unity/builds/ios/Il2CppOutputProject/IL2CPP/libil2cpp/intrinsics/System.Private.CoreLib/System/ArrayVariations.h
[ 730/3206  0s] CopyFiles /Users/lucas-furini/repos/checkout/unity/builds/ios/Il2CppOutputProject/IL2CPP/libil2cpp/intrinsics/System.Private.CoreLib/System/Math.h
[ 731/3206  0s] CopyFiles /Users/lucas-furini/repos/checkout/unity/builds/ios/Il2CppOutputProject/IL2CPP/libil2cpp/intrinsics/System.Private.CoreLib/System/Diagnostics/Debugger.h
[ 732/3206  0s] CopyFiles /Users/lucas-furini/repos/checkout/unity/builds/ios/Il2CppOutputProject/IL2CPP/libil2cpp/intrinsics/System.Private.CoreLib/Interop/Sys.cpp
[ 733/3206  0s] CopyFiles /Users/lucas-furini/repos/checkout/unity/builds/ios/Il2CppOutputProject/IL2CPP/libil2cpp/intrinsics/System.Private.CoreLib/Interop/Kernel32.h
[ 734/3206  0s] CopyFiles /Users/lucas-furini/repos/checkout/unity/builds/ios/Il2CppOutputProject/IL2CPP/libil2cpp/intrinsics/System.Private.CoreLib/System/Diagnostics/Tracing/EventSource.h
[ 735/3206  0s] CopyFiles /Users/lucas-furini/repos/checkout/unity/builds/ios/Il2CppOutputProject/IL2CPP/libil2cpp/intrinsics/System.Private.CoreLib/Interop/Sys.h
[ 736/3206  0s] CopyFiles /Users/lucas-furini/repos/checkout/unity/builds/ios/Il2CppOutputProject/IL2CPP/libil2cpp/intrinsics/IntrinsicsUtility.h
[ 737/3206  0s] CopyFiles /Users/lucas-furini/repos/checkout/unity/builds/ios/Il2CppOutputProject/IL2CPP/libil2cpp/il2cpp-runtime-stats.cpp
[ 738/3206  0s] CopyFiles /Users/lucas-furini/repos/checkout/unity/builds/ios/Il2CppOutputProject/IL2CPP/libil2cpp/il2cpp-tokentype.h
[ 739/3206  0s] CopyFiles /Users/lucas-furini/repos/checkout/unity/builds/ios/Il2CppOutputProject/IL2CPP/libil2cpp/il2cpp-sanitizers.h
[ 740/3206  0s] CopyFiles /Users/lucas-furini/repos/checkout/unity/builds/ios/Il2CppOutputProject/IL2CPP/libil2cpp/il2cpp-string-types.h
[ 741/3206  0s] CopyFiles /Users/lucas-furini/repos/checkout/unity/builds/ios/Il2CppOutputProject/IL2CPP/libil2cpp/il2cpp-pinvoke-support.h
[ 742/3206  0s] CopyFiles /Users/lucas-furini/repos/checkout/unity/builds/ios/Il2CppOutputProject/IL2CPP/libil2cpp/il2cpp-windowsruntime-types.h
[ 743/3206  0s] CopyFiles /Users/lucas-furini/repos/checkout/unity/builds/ios/Il2CppOutputProject/IL2CPP/libil2cpp/il2cpp-runtime-metadata.h
[ 744/3206  0s] CopyFiles /Users/lucas-furini/repos/checkout/unity/builds/ios/Il2CppOutputProject/IL2CPP/libil2cpp/il2cpp-runtime-stats.h
[ 745/3206  0s] CopyFiles /Users/lucas-furini/repos/checkout/unity/builds/ios/Il2CppOutputProject/IL2CPP/libil2cpp/intrinsics/System.Private.CoreLib/Interop/Kernel32.cpp
[ 746/3206  0s] CopyFiles /Users/lucas-furini/repos/checkout/unity/builds/ios/Il2CppOutputProject/IL2CPP/libil2cpp/il2cpp-normalization-tables.h
[ 747/3206  0s] CopyFiles /Users/lucas-furini/repos/checkout/unity/builds/ios/Il2CppOutputProject/IL2CPP/libil2cpp/il2cpp-tabledefs.h
[ 748/3206  0s] CopyFiles /Users/lucas-furini/repos/checkout/unity/builds/ios/Il2CppOutputProject/IL2CPP/libil2cpp/il2cpp-mono-api.cpp
[ 749/3206  0s] CopyFiles /Users/lucas-furini/repos/checkout/unity/builds/ios/Il2CppOutputProject/IL2CPP/libil2cpp/il2cpp-number-formatter.h
[ 750/3206  0s] CopyFiles /Users/lucas-furini/repos/checkout/unity/builds/ios/Il2CppOutputProject/IL2CPP/libil2cpp/il2cpp-mono-api.h
[ 751/3206  0s] CopyFiles /Users/lucas-furini/repos/checkout/unity/builds/ios/Il2CppOutputProject/IL2CPP/libil2cpp/il2cpp-mono-api-functions.h
[ 752/3206  0s] CopyFiles /Users/lucas-furini/repos/checkout/unity/builds/ios/Il2CppOutputProject/IL2CPP/libil2cpp/il2cpp-metadata.h
[ 753/3206  0s] CopyFiles /Users/lucas-furini/repos/checkout/unity/builds/ios/Il2CppOutputProject/IL2CPP/libil2cpp/il2cpp-config.h
[ 754/3206  0s] CopyFiles /Users/lucas-furini/repos/checkout/unity/builds/ios/Il2CppOutputProject/IL2CPP/libil2cpp/il2cpp-intrinsics-config.h
[ 755/3206  0s] CopyFiles /Users/lucas-furini/repos/checkout/unity/builds/ios/Il2CppOutputProject/IL2CPP/libil2cpp/il2cpp-object-internals.h
[ 756/3206  0s] CopyFiles /Users/lucas-furini/repos/checkout/unity/builds/ios/Il2CppOutputProject/IL2CPP/libil2cpp/il2cpp-class-internals.h
[ 757/3206  0s] CopyFiles /Users/lucas-furini/repos/checkout/unity/builds/ios/Il2CppOutputProject/IL2CPP/libil2cpp/il2cpp-config-api.h
[ 758/3206  0s] CopyFiles /Users/lucas-furini/repos/checkout/unity/builds/ios/Il2CppOutputProject/IL2CPP/libil2cpp/il2cpp-benchmark-support.cpp
[ 759/3206  0s] CopyFiles /Users/lucas-furini/repos/checkout/unity/builds/ios/Il2CppOutputProject/IL2CPP/libil2cpp/il2cpp-blob.h
[ 760/3206  0s] CopyFiles /Users/lucas-furini/repos/checkout/unity/builds/ios/Il2CppOutputProject/IL2CPP/libil2cpp/il2cpp-api.h
[ 761/3206  0s] CopyFiles /Users/lucas-furini/repos/checkout/unity/builds/ios/Il2CppOutputProject/IL2CPP/libil2cpp/il2cpp-benchmark-support.h
[ 762/3206  0s] CopyFiles /Users/lucas-furini/repos/checkout/unity/builds/ios/Il2CppOutputProject/IL2CPP/libil2cpp/il2cpp-api-types.h
[ 763/3206  0s] CopyFiles /Users/lucas-furini/repos/checkout/unity/builds/ios/Il2CppOutputProject/IL2CPP/libil2cpp/il2cpp-api.cpp
[ 764/3206  0s] CopyFiles /Users/lucas-furini/repos/checkout/unity/builds/ios/Il2CppOutputProject/IL2CPP/libil2cpp/icalls_monoaot/System.Private.CoreLib/System/ValueType.cpp
[ 765/3206  0s] CopyFiles /Users/lucas-furini/repos/checkout/unity/builds/ios/Il2CppOutputProject/IL2CPP/libil2cpp/icalls_monoaot/System.Private.CoreLib/System/ValueType.h
[ 766/3206  0s] CopyFiles /Users/lucas-furini/repos/checkout/unity/builds/ios/Il2CppOutputProject/IL2CPP/libil2cpp/il2cpp-api-functions.h
[ 767/3206  0s] CopyFiles /Users/lucas-furini/repos/checkout/unity/builds/ios/Il2CppOutputProject/IL2CPP/libil2cpp/icalls_monoaot/System.Private.CoreLib/System/TypedReference.cpp
[ 768/3206  0s] CopyFiles /Users/lucas-furini/repos/checkout/unity/builds/ios/Il2CppOutputProject/IL2CPP/libil2cpp/icalls_monoaot/System.Private.CoreLib/System/Type.h
[ 769/3206  0s] CopyFiles /Users/lucas-furini/repos/checkout/unity/builds/ios/Il2CppOutputProject/IL2CPP/libil2cpp/icalls_monoaot/System.Private.CoreLib/System/Type.cpp
[ 770/3206  0s] CopyFiles /Users/lucas-furini/repos/checkout/unity/builds/ios/Il2CppOutputProject/IL2CPP/libil2cpp/icalls_monoaot/System.Private.CoreLib/System/String.h
[ 771/3206  0s] CopyFiles /Users/lucas-furini/repos/checkout/unity/builds/ios/Il2CppOutputProject/IL2CPP/libil2cpp/icalls_monoaot/System.Private.CoreLib/System/RuntimeTypeHandle.cpp
[ 772/3206  0s] CopyFiles /Users/lucas-furini/repos/checkout/unity/builds/ios/Il2CppOutputProject/IL2CPP/libil2cpp/icalls_monoaot/System.Private.CoreLib/System/RuntimeType.h
[ 773/3206  0s] CopyFiles /Users/lucas-furini/repos/checkout/unity/builds/ios/Il2CppOutputProject/IL2CPP/libil2cpp/icalls_monoaot/System.Private.CoreLib/System/RuntimeMethodHandle.cpp
[ 774/3206  0s] CopyFiles /Users/lucas-furini/repos/checkout/unity/builds/ios/Il2CppOutputProject/IL2CPP/libil2cpp/icalls_monoaot/System.Private.CoreLib/System/RuntimeTypeHandle.h
[ 775/3206  0s] CopyFiles /Users/lucas-furini/repos/checkout/unity/builds/ios/Il2CppOutputProject/IL2CPP/libil2cpp/icalls_monoaot/System.Private.CoreLib/System/RuntimeMethodHandle.h
[ 776/3206  0s] CopyFiles /Users/lucas-furini/repos/checkout/unity/builds/ios/Il2CppOutputProject/IL2CPP/libil2cpp/icalls_monoaot/System.Private.CoreLib/System/TypedReference.h
[ 777/3206  0s] CopyFiles /Users/lucas-furini/repos/checkout/unity/builds/ios/Il2CppOutputProject/IL2CPP/libil2cpp/icalls_monoaot/System.Private.CoreLib/System/RuntimeFieldHandle.h
[ 778/3206  0s] CopyFiles /Users/lucas-furini/repos/checkout/unity/builds/ios/Il2CppOutputProject/IL2CPP/libil2cpp/icalls_monoaot/System.Private.CoreLib/System/RuntimeFieldHandle.cpp
[ 779/3206  0s] CopyFiles /Users/lucas-furini/repos/checkout/unity/builds/ios/Il2CppOutputProject/IL2CPP/libil2cpp/icalls_monoaot/System.Private.CoreLib/System/RuntimeType.cpp
[ 780/3206  0s] CopyFiles /Users/lucas-furini/repos/checkout/unity/builds/ios/Il2CppOutputProject/IL2CPP/libil2cpp/icalls_monoaot/System.Private.CoreLib/System/String.cpp
[ 781/3206  0s] CopyFiles /Users/lucas-furini/repos/checkout/unity/builds/ios/Il2CppOutputProject/IL2CPP/libil2cpp/icalls_monoaot/System.Private.CoreLib/System/Math.h
[ 782/3206  0s] CopyFiles /Users/lucas-furini/repos/checkout/unity/builds/ios/Il2CppOutputProject/IL2CPP/libil2cpp/icalls_monoaot/System.Private.CoreLib/System/Object.cpp
[ 783/3206  0s] CopyFiles /Users/lucas-furini/repos/checkout/unity/builds/ios/Il2CppOutputProject/IL2CPP/libil2cpp/icalls_monoaot/System.Private.CoreLib/System/GC.h
[ 784/3206  0s] CopyFiles /Users/lucas-furini/repos/checkout/unity/builds/ios/Il2CppOutputProject/IL2CPP/libil2cpp/icalls_monoaot/System.Private.CoreLib/System/Math.cpp
[ 785/3206  0s] CopyFiles /Users/lucas-furini/repos/checkout/unity/builds/ios/Il2CppOutputProject/IL2CPP/libil2cpp/icalls_monoaot/System.Private.CoreLib/System/Object.h
[ 786/3206  0s] CopyFiles /Users/lucas-furini/repos/checkout/unity/builds/ios/Il2CppOutputProject/IL2CPP/libil2cpp/icalls_monoaot/System.Private.CoreLib/System/Environment.h
[ 787/3206  0s] CopyFiles /Users/lucas-furini/repos/checkout/unity/builds/ios/Il2CppOutputProject/IL2CPP/libil2cpp/icalls_monoaot/System.Private.CoreLib/System/GC.cpp
[ 788/3206  0s] CopyFiles /Users/lucas-furini/repos/checkout/unity/builds/ios/Il2CppOutputProject/IL2CPP/libil2cpp/icalls_monoaot/System.Private.CoreLib/System/Environment.cpp
[ 789/3206  0s] CopyFiles /Users/lucas-furini/repos/checkout/unity/builds/ios/Il2CppOutputProject/IL2CPP/libil2cpp/icalls_monoaot/System.Private.CoreLib/System/MathF.cpp
[ 790/3206  0s] CopyFiles /Users/lucas-furini/repos/checkout/unity/builds/ios/Il2CppOutputProject/IL2CPP/libil2cpp/icalls_monoaot/System.Private.CoreLib/System/Enum.h
[ 791/3206  0s] CopyFiles /Users/lucas-furini/repos/checkout/unity/builds/ios/Il2CppOutputProject/IL2CPP/libil2cpp/icalls_monoaot/System.Private.CoreLib/System/Delegate.h
[ 792/3206  0s] CopyFiles /Users/lucas-furini/repos/checkout/unity/builds/ios/Il2CppOutputProject/IL2CPP/libil2cpp/icalls_monoaot/System.Private.CoreLib/System/Delegate.cpp
[ 793/3206  0s] CopyFiles /Users/lucas-furini/repos/checkout/unity/builds/ios/Il2CppOutputProject/IL2CPP/libil2cpp/icalls_monoaot/System.Private.CoreLib/System/MathF.h
[ 794/3206  0s] CopyFiles /Users/lucas-furini/repos/checkout/unity/builds/ios/Il2CppOutputProject/IL2CPP/libil2cpp/icalls_monoaot/System.Private.CoreLib/System/Enum.cpp
[ 795/3206  0s] CopyFiles /Users/lucas-furini/repos/checkout/unity/builds/ios/Il2CppOutputProject/IL2CPP/libil2cpp/icalls_monoaot/System.Private.CoreLib/System/Buffer.h
[ 796/3206  0s] CopyFiles /Users/lucas-furini/repos/checkout/unity/builds/ios/Il2CppOutputProject/IL2CPP/libil2cpp/icalls_monoaot/System.Private.CoreLib/System/Buffer.cpp
[ 797/3206  0s] CopyFiles /Users/lucas-furini/repos/checkout/unity/builds/ios/Il2CppOutputProject/IL2CPP/libil2cpp/icalls_monoaot/System.Private.CoreLib/System/Array.h
[ 798/3206  0s] CopyFiles /Users/lucas-furini/repos/checkout/unity/builds/ios/Il2CppOutputProject/IL2CPP/libil2cpp/icalls_monoaot/System.Private.CoreLib/System.Threading/Monitor.h
[ 799/3206  0s] CopyFiles /Users/lucas-furini/repos/checkout/unity/builds/ios/Il2CppOutputProject/IL2CPP/libil2cpp/icalls_monoaot/System.Private.CoreLib/System.Threading/LowLevelLifoSemaphore.cpp
[ 800/3206  0s] CopyFiles /Users/lucas-furini/repos/checkout/unity/builds/ios/Il2CppOutputProject/IL2CPP/libil2cpp/icalls_monoaot/System.Private.CoreLib/System.Threading/LowLevelLifoSemaphore.h
[ 801/3206  0s] CopyFiles /Users/lucas-furini/repos/checkout/unity/builds/ios/Il2CppOutputProject/IL2CPP/libil2cpp/icalls_monoaot/System.Private.CoreLib/System.Threading/Monitor.cpp
[ 802/3206  0s] CopyFiles /Users/lucas-furini/repos/checkout/unity/builds/ios/Il2CppOutputProject/IL2CPP/libil2cpp/icalls_monoaot/System.Private.CoreLib/System.Threading/Interlocked.h
[ 803/3206  0s] CopyFiles /Users/lucas-furini/repos/checkout/unity/builds/ios/Il2CppOutputProject/IL2CPP/libil2cpp/icalls_monoaot/System.Private.CoreLib/System.Threading/Thread.h
[ 804/3206  0s] CopyFiles /Users/lucas-furini/repos/checkout/unity/builds/ios/Il2CppOutputProject/IL2CPP/libil2cpp/icalls_monoaot/System.Private.CoreLib/System/ArgIterator.cpp
[ 805/3206  0s] CopyFiles /Users/lucas-furini/repos/checkout/unity/builds/ios/Il2CppOutputProject/IL2CPP/libil2cpp/icalls_monoaot/System.Private.CoreLib/System.Threading/Interlocked.cpp
[ 806/3206  0s] CopyFiles /Users/lucas-furini/repos/checkout/unity/builds/ios/Il2CppOutputProject/IL2CPP/libil2cpp/icalls_monoaot/System.Private.CoreLib/System.Runtime.Intrinsics.X86/X86Base.h
[ 807/3206  0s] CopyFiles /Users/lucas-furini/repos/checkout/unity/builds/ios/Il2CppOutputProject/IL2CPP/libil2cpp/icalls_monoaot/System.Private.CoreLib/System.Runtime.InteropServices/NativeLibrary.h
[ 808/3206  0s] CopyFiles /Users/lucas-furini/repos/checkout/unity/builds/ios/Il2CppOutputProject/IL2CPP/libil2cpp/icalls_monoaot/System.Private.CoreLib/System.Runtime.Loader/AssemblyLoadContext.cpp
[ 809/3206  0s] CopyFiles /Users/lucas-furini/repos/checkout/unity/builds/ios/Il2CppOutputProject/IL2CPP/libil2cpp/icalls_monoaot/System.Private.CoreLib/System.Runtime.Loader/AssemblyLoadContext.h
[ 810/3206  0s] CopyFiles /Users/lucas-furini/repos/checkout/unity/builds/ios/Il2CppOutputProject/IL2CPP/libil2cpp/icalls_monoaot/System.Private.CoreLib/System.Runtime.InteropServices/NativeLibrary.cpp
[ 811/3206  0s] CopyFiles /Users/lucas-furini/repos/checkout/unity/builds/ios/Il2CppOutputProject/IL2CPP/libil2cpp/icalls_monoaot/System.Private.CoreLib/System.Runtime.InteropServices/Marshal.h
[ 812/3206  0s] CopyFiles /Users/lucas-furini/repos/checkout/unity/builds/ios/Il2CppOutputProject/IL2CPP/libil2cpp/icalls_monoaot/System.Private.CoreLib/System.Runtime.InteropServices/Marshal.cpp
[ 813/3206  0s] CopyFiles /Users/lucas-furini/repos/checkout/unity/builds/ios/Il2CppOutputProject/IL2CPP/libil2cpp/icalls_monoaot/System.Private.CoreLib/System.Threading/Thread.cpp
[ 814/3206  0s] CopyFiles /Users/lucas-furini/repos/checkout/unity/builds/ios/Il2CppOutputProject/IL2CPP/libil2cpp/icalls_monoaot/System.Private.CoreLib/System/Array.cpp
[ 815/3206  0s] CopyFiles /Users/lucas-furini/repos/checkout/unity/builds/ios/Il2CppOutputProject/IL2CPP/libil2cpp/icalls_monoaot/System.Private.CoreLib/System.Runtime.Intrinsics.X86/X86Base.cpp
[ 816/3206  0s] CopyFiles /Users/lucas-furini/repos/checkout/unity/builds/ios/Il2CppOutputProject/IL2CPP/libil2cpp/icalls_monoaot/System.Private.CoreLib/System/ArgIterator.h
[ 817/3206  0s] CopyFiles /Users/lucas-furini/repos/checkout/unity/builds/ios/Il2CppOutputProject/IL2CPP/libil2cpp/icalls_monoaot/System.Private.CoreLib/System.Runtime.InteropServices/GCHandle.cpp
[ 818/3206  0s] CopyFiles /Users/lucas-furini/repos/checkout/unity/builds/ios/Il2CppOutputProject/IL2CPP/libil2cpp/icalls_monoaot/System.Private.CoreLib/System.Runtime.CompilerServices/RuntimeHelpers.cpp
[ 819/3206  0s] CopyFiles /Users/lucas-furini/repos/checkout/unity/builds/ios/Il2CppOutputProject/IL2CPP/libil2cpp/icalls_monoaot/System.Private.CoreLib/System.Runtime.InteropServices/GCHandle.h
[ 820/3206  0s] CopyFiles /Users/lucas-furini/repos/checkout/unity/builds/ios/Il2CppOutputProject/IL2CPP/libil2cpp/icalls_monoaot/System.Private.CoreLib/System.Reflection/RuntimePropertyInfo.h
[ 821/3206  0s] CopyFiles /Users/lucas-furini/repos/checkout/unity/builds/ios/Il2CppOutputProject/IL2CPP/libil2cpp/icalls_monoaot/System.Private.CoreLib/System.Reflection/RuntimeModule.h
[ 822/3206  0s] CopyFiles /Users/lucas-furini/repos/checkout/unity/builds/ios/Il2CppOutputProject/IL2CPP/libil2cpp/icalls_monoaot/System.Private.CoreLib/System.Reflection/RuntimeParameterInfo.cpp
[ 823/3206  0s] CopyFiles /Users/lucas-furini/repos/checkout/unity/builds/ios/Il2CppOutputProject/IL2CPP/libil2cpp/icalls_monoaot/System.Private.CoreLib/System.Reflection/RuntimeModule.cpp
[ 824/3206  0s] CopyFiles /Users/lucas-furini/repos/checkout/unity/builds/ios/Il2CppOutputProject/IL2CPP/libil2cpp/icalls_monoaot/System.Private.CoreLib/System.Reflection/RuntimeMethodInfo.h
[ 825/3206  0s] CopyFiles /Users/lucas-furini/repos/checkout/unity/builds/ios/Il2CppOutputProject/IL2CPP/libil2cpp/icalls_monoaot/System.Private.CoreLib/System.Reflection/RuntimeMethodInfo.cpp
[ 826/3206  0s] CopyFiles /Users/lucas-furini/repos/checkout/unity/builds/ios/Il2CppOutputProject/IL2CPP/libil2cpp/icalls_monoaot/System.Private.CoreLib/System.Reflection/RuntimeFieldInfo.cpp
[ 827/3206  0s] CopyFiles /Users/lucas-furini/repos/checkout/unity/builds/ios/Il2CppOutputProject/IL2CPP/libil2cpp/icalls_monoaot/System.Private.CoreLib/System.Reflection/RuntimeFieldInfo.h
[ 828/3206  0s] CopyFiles /Users/lucas-furini/repos/checkout/unity/builds/ios/Il2CppOutputProject/IL2CPP/libil2cpp/icalls_monoaot/System.Private.CoreLib/System.Reflection/RuntimeParameterInfo.h
[ 829/3206  0s] CopyFiles /Users/lucas-furini/repos/checkout/unity/builds/ios/Il2CppOutputProject/IL2CPP/libil2cpp/icalls_monoaot/System.Private.CoreLib/System.Reflection/RuntimeCustomAttributeData.h
[ 830/3206  0s] CopyFiles /Users/lucas-furini/repos/checkout/unity/builds/ios/Il2CppOutputProject/IL2CPP/libil2cpp/icalls_monoaot/System.Private.CoreLib/System.Reflection/RuntimeCustomAttributeData.cpp
[ 831/3206  0s] CopyFiles /Users/lucas-furini/repos/checkout/unity/builds/ios/Il2CppOutputProject/IL2CPP/libil2cpp/icalls_monoaot/System.Private.CoreLib/System.Reflection/RuntimeEventInfo.h
[ 832/3206  0s] CopyFiles /Users/lucas-furini/repos/checkout/unity/builds/ios/Il2CppOutputProject/IL2CPP/libil2cpp/icalls_monoaot/System.Private.CoreLib/System.Reflection/RuntimeEventInfo.cpp
[ 833/3206  0s] CopyFiles /Users/lucas-furini/repos/checkout/unity/builds/ios/Il2CppOutputProject/IL2CPP/libil2cpp/icalls_monoaot/System.Private.CoreLib/System.Reflection/RuntimeConstructorInfo.h
[ 834/3206  0s] CopyFiles /Users/lucas-furini/repos/checkout/unity/builds/ios/Il2CppOutputProject/IL2CPP/libil2cpp/icalls_monoaot/System.Private.CoreLib/System.Reflection/RuntimeConstructorInfo.cpp
[ 835/3206  0s] CopyFiles /Users/lucas-furini/repos/checkout/unity/builds/ios/Il2CppOutputProject/IL2CPP/libil2cpp/icalls_monoaot/System.Private.CoreLib/System.Reflection/RuntimePropertyInfo.cpp
[ 836/3206  0s] CopyFiles /Users/lucas-furini/repos/checkout/unity/builds/ios/Il2CppOutputProject/IL2CPP/libil2cpp/icalls_monoaot/System.Private.CoreLib/System.Reflection/RuntimeAssembly.cpp
[ 837/3206  0s] CopyFiles /Users/lucas-furini/repos/checkout/unity/builds/ios/Il2CppOutputProject/IL2CPP/libil2cpp/icalls_monoaot/System.Private.CoreLib/System.Reflection/MethodBase.h
[ 838/3206  0s] CopyFiles /Users/lucas-furini/repos/checkout/unity/builds/ios/Il2CppOutputProject/IL2CPP/libil2cpp/icalls_monoaot/System.Private.CoreLib/System.Reflection/MethodBase.cpp
[ 839/3206  0s] CopyFiles /Users/lucas-furini/repos/checkout/unity/builds/ios/Il2CppOutputProject/IL2CPP/libil2cpp/icalls_monoaot/System.Private.CoreLib/System.Reflection/MonoMethodInfo.cpp
[ 840/3206  0s] CopyFiles /Users/lucas-furini/repos/checkout/unity/builds/ios/Il2CppOutputProject/IL2CPP/libil2cpp/icalls_monoaot/System.Private.CoreLib/System.Reflection/RuntimeAssembly.h
[ 841/3206  0s] CopyFiles /Users/lucas-furini/repos/checkout/unity/builds/ios/Il2CppOutputProject/IL2CPP/libil2cpp/icalls_monoaot/System.Private.CoreLib/System.Runtime.CompilerServices/RuntimeHelpers.h
[ 842/3206  0s] CopyFiles /Users/lucas-furini/repos/checkout/unity/builds/ios/Il2CppOutputProject/IL2CPP/libil2cpp/icalls_monoaot/System.Private.CoreLib/System.Reflection/MonoMethodInfo.h
[ 843/3206  0s] CopyFiles /Users/lucas-furini/repos/checkout/unity/builds/ios/Il2CppOutputProject/IL2CPP/libil2cpp/icalls_monoaot/System.Private.CoreLib/System.Reflection/FieldInfo.h
[ 844/3206  0s] CopyFiles /Users/lucas-furini/repos/checkout/unity/builds/ios/Il2CppOutputProject/IL2CPP/libil2cpp/icalls_monoaot/System.Private.CoreLib/System.Reflection/LoaderAllocatorScout.h
[ 845/3206  0s] CopyFiles /Users/lucas-furini/repos/checkout/unity/builds/ios/Il2CppOutputProject/IL2CPP/libil2cpp/icalls_monoaot/System.Private.CoreLib/System.Reflection/FieldInfo.cpp
[ 846/3206  0s] CopyFiles /Users/lucas-furini/repos/checkout/unity/builds/ios/Il2CppOutputProject/IL2CPP/libil2cpp/icalls_monoaot/System.Private.CoreLib/System.Reflection/AssemblyName.cpp
[ 847/3206  0s] CopyFiles /Users/lucas-furini/repos/checkout/unity/builds/ios/Il2CppOutputProject/IL2CPP/libil2cpp/icalls_monoaot/System.Private.CoreLib/System.Reflection/CustomAttribute.cpp
[ 848/3206  0s] CopyFiles /Users/lucas-furini/repos/checkout/unity/builds/ios/Il2CppOutputProject/IL2CPP/libil2cpp/icalls_monoaot/System.Private.CoreLib/System.Reflection/CustomAttribute.h
[ 849/3206  0s] CopyFiles /Users/lucas-furini/repos/checkout/unity/builds/ios/Il2CppOutputProject/IL2CPP/libil2cpp/icalls_monoaot/System.Private.CoreLib/System.Reflection/Assembly.h
[ 850/3206  0s] CopyFiles /Users/lucas-furini/repos/checkout/unity/builds/ios/Il2CppOutputProject/IL2CPP/libil2cpp/icalls_monoaot/System.Private.CoreLib/System.Reflection/Assembly.cpp
[ 851/3206  0s] CopyFiles /Users/lucas-furini/repos/checkout/unity/builds/ios/Il2CppOutputProject/IL2CPP/libil2cpp/icalls_monoaot/System.Private.CoreLib/System.Reflection.Metadata/MetadataUpdater.h
[ 852/3206  0s] CopyFiles /Users/lucas-furini/repos/checkout/unity/builds/ios/Il2CppOutputProject/IL2CPP/libil2cpp/icalls_monoaot/System.Private.CoreLib/System.Reflection/AssemblyName.h
[ 853/3206  0s] CopyFiles /Users/lucas-furini/repos/checkout/unity/builds/ios/Il2CppOutputProject/IL2CPP/libil2cpp/icalls_monoaot/System.Private.CoreLib/System.Reflection.Emit/RuntimeEnumBuilder.cpp
[ 854/3206  0s] CopyFiles /Users/lucas-furini/repos/checkout/unity/builds/ios/Il2CppOutputProject/IL2CPP/libil2cpp/icalls_monoaot/System.Private.CoreLib/System.Reflection.Emit/RuntimeEnumBuilder.h
[ 855/3206  0s] CopyFiles /Users/lucas-furini/repos/checkout/unity/builds/ios/Il2CppOutputProject/IL2CPP/libil2cpp/icalls_monoaot/System.Private.CoreLib/System.Reflection.Metadata/MetadataUpdater.cpp
[ 856/3206  0s] CopyFiles /Users/lucas-furini/repos/checkout/unity/builds/ios/Il2CppOutputProject/IL2CPP/libil2cpp/icalls_monoaot/System.Private.CoreLib/System.Reflection/LoaderAllocatorScout.cpp
[ 857/3206  0s] CopyFiles /Users/lucas-furini/repos/checkout/unity/builds/ios/Il2CppOutputProject/IL2CPP/libil2cpp/icalls_monoaot/System.Private.CoreLib/System.Reflection.Emit/RuntimeTypeBuilder.cpp
[ 858/3206  0s] CopyFiles /Users/lucas-furini/repos/checkout/unity/builds/ios/Il2CppOutputProject/IL2CPP/libil2cpp/icalls_monoaot/System.Private.CoreLib/System.Reflection.Emit/RuntimeAssemblyBuilder.h
[ 859/3206  0s] CopyFiles /Users/lucas-furini/repos/checkout/unity/builds/ios/Il2CppOutputProject/IL2CPP/libil2cpp/icalls_monoaot/System.Private.CoreLib/System.Reflection.Emit/DynamicMethod.h
[ 860/3206  0s] CopyFiles /Users/lucas-furini/repos/checkout/unity/builds/ios/Il2CppOutputProject/IL2CPP/libil2cpp/icalls_monoaot/System.Private.CoreLib/System.Reflection.Emit/SignatureHelper.h
[ 861/3206  0s] CopyFiles /Users/lucas-furini/repos/checkout/unity/builds/ios/Il2CppOutputProject/IL2CPP/libil2cpp/icalls_monoaot/System.Private.CoreLib/System.Reflection.Emit/SignatureHelper.cpp
[ 862/3206  0s] CopyFiles /Users/lucas-furini/repos/checkout/unity/builds/ios/Il2CppOutputProject/IL2CPP/libil2cpp/icalls_monoaot/System.Private.CoreLib/System.Reflection.Emit/RuntimeModuleBuilder.cpp
[ 863/3206  0s] CopyFiles /Users/lucas-furini/repos/checkout/unity/builds/ios/Il2CppOutputProject/IL2CPP/libil2cpp/icalls_monoaot/System.Private.CoreLib/System.Reflection.Emit/RuntimeAssemblyBuilder.cpp
[ 864/3206  0s] CopyFiles /Users/lucas-furini/repos/checkout/unity/builds/ios/Il2CppOutputProject/IL2CPP/libil2cpp/icalls_monoaot/System.Private.CoreLib/System.Reflection.Emit/RuntimeTypeBuilder.h
[ 865/3206  0s] CopyFiles /Users/lucas-furini/repos/checkout/unity/builds/ios/Il2CppOutputProject/IL2CPP/libil2cpp/icalls_monoaot/System.Private.CoreLib/System.Reflection.Emit/CustomAttributeBuilder.cpp
[ 866/3206  0s] CopyFiles /Users/lucas-furini/repos/checkout/unity/builds/ios/Il2CppOutputProject/IL2CPP/libil2cpp/icalls_monoaot/System.Private.CoreLib/System.Reflection.Emit/DynamicMethod.cpp
[ 867/3206  0s] CopyFiles /Users/lucas-furini/repos/checkout/unity/builds/ios/Il2CppOutputProject/IL2CPP/libil2cpp/icalls_monoaot/System.Private.CoreLib/System.Reflection.Emit/CustomAttributeBuilder.h
[ 868/3206  0s] CopyFiles /Users/lucas-furini/repos/checkout/unity/builds/ios/Il2CppOutputProject/IL2CPP/libil2cpp/icalls_monoaot/System.Private.CoreLib/System.IO/Stream.h
[ 869/3206  0s] CopyFiles /Users/lucas-furini/repos/checkout/unity/builds/ios/Il2CppOutputProject/IL2CPP/libil2cpp/icalls_monoaot/System.Private.CoreLib/System.IO/Stream.cpp
[ 870/3206  0s] CopyFiles /Users/lucas-furini/repos/checkout/unity/builds/ios/Il2CppOutputProject/IL2CPP/libil2cpp/icalls_monoaot/System.Private.CoreLib/System.Reflection.Emit/RuntimeModuleBuilder.h
[ 871/3206  0s] CopyFiles /Users/lucas-furini/repos/checkout/unity/builds/ios/Il2CppOutputProject/IL2CPP/libil2cpp/icalls_monoaot/System.Private.CoreLib/System.Diagnostics/StackTrace.h
[ 872/3206  0s] CopyFiles /Users/lucas-furini/repos/checkout/unity/builds/ios/Il2CppOutputProject/IL2CPP/libil2cpp/icalls_monoaot/System.Private.CoreLib/System.Diagnostics/StackTrace.cpp
[ 873/3206  0s] CopyFiles /Users/lucas-furini/repos/checkout/unity/builds/ios/Il2CppOutputProject/IL2CPP/libil2cpp/icalls_monoaot/System.Private.CoreLib/System.Diagnostics/StackFrame.h
[ 874/3206  0s] CopyFiles /Users/lucas-furini/repos/checkout/unity/builds/ios/Il2CppOutputProject/IL2CPP/libil2cpp/icalls_monoaot/System.Private.CoreLib/Mono/SafeStringMarshal.h
[ 875/3206  0s] CopyFiles /Users/lucas-furini/repos/checkout/unity/builds/ios/Il2CppOutputProject/IL2CPP/libil2cpp/icalls_monoaot/System.Private.CoreLib/System.Diagnostics/Debugger.h
[ 876/3206  0s] CopyFiles /Users/lucas-furini/repos/checkout/unity/builds/ios/Il2CppOutputProject/IL2CPP/libil2cpp/icalls_monoaot/System.Private.CoreLib/System.Diagnostics/Debugger.cpp
[ 877/3206  0s] CopyFiles /Users/lucas-furini/repos/checkout/unity/builds/ios/Il2CppOutputProject/IL2CPP/libil2cpp/icalls_monoaot/System.Private.CoreLib/System.Diagnostics.Tracing/NativeRuntimeEventSource.cpp
[ 878/3206  0s] CopyFiles /Users/lucas-furini/repos/checkout/unity/builds/ios/Il2CppOutputProject/IL2CPP/libil2cpp/icalls_monoaot/System.Private.CoreLib/System.Diagnostics/StackFrame.cpp
[ 879/3206  0s] CopyFiles /Users/lucas-furini/repos/checkout/unity/builds/ios/Il2CppOutputProject/IL2CPP/libil2cpp/icalls_monoaot/System.Private.CoreLib/System.Diagnostics.Tracing/NativeRuntimeEventSource.h
[ 880/3206  0s] CopyFiles /Users/lucas-furini/repos/checkout/unity/builds/ios/Il2CppOutputProject/IL2CPP/libil2cpp/icalls_monoaot/System.Private.CoreLib/System.Diagnostics.Tracing/EventPipeInternal.h
[ 881/3206  0s] CopyFiles /Users/lucas-furini/repos/checkout/unity/builds/ios/Il2CppOutputProject/IL2CPP/libil2cpp/icalls_monoaot/System.Private.CoreLib/System.Diagnostics.Tracing/EventPipeInternal.cpp
[ 882/3206  0s] CopyFiles /Users/lucas-furini/repos/checkout/unity/builds/ios/Il2CppOutputProject/IL2CPP/libil2cpp/icalls_monoaot/System.Private.CoreLib/Mono/SafeStringMarshal.cpp
[ 883/3206  0s] CopyFiles /Users/lucas-furini/repos/checkout/unity/builds/ios/Il2CppOutputProject/IL2CPP/libil2cpp/icalls_monoaot/System.Private.CoreLib/Mono/RuntimeGPtrArrayHandle.h
[ 884/3206  0s] CopyFiles /Users/lucas-furini/repos/checkout/unity/builds/ios/Il2CppOutputProject/IL2CPP/libil2cpp/icalls_monoaot/System.Private.CoreLib/Mono/RuntimeClassHandle.h
[ 885/3206  0s] CopyFiles /Users/lucas-furini/repos/checkout/unity/builds/ios/Il2CppOutputProject/IL2CPP/libil2cpp/icalls_monoaot/System.Private.CoreLib/Mono/RuntimeGPtrArrayHandle.cpp
[ 886/3206  0s] CopyFiles /Users/lucas-furini/repos/checkout/unity/builds/ios/Il2CppOutputProject/IL2CPP/libil2cpp/icalls_monoaot/System.Private.CoreLib/Mono/RuntimeClassHandle.cpp
[ 887/3206  0s] CopyFiles /Users/lucas-furini/repos/checkout/unity/builds/ios/Il2CppOutputProject/IL2CPP/libil2cpp/icalls/System/System.Threading/Semaphore.h
[ 888/3206  0s] CopyFiles /Users/lucas-furini/repos/checkout/unity/builds/ios/Il2CppOutputProject/IL2CPP/libil2cpp/icalls/System/System.Net/Dns.h
[ 889/3206  0s] CopyFiles /Users/lucas-furini/repos/checkout/unity/builds/ios/Il2CppOutputProject/IL2CPP/libil2cpp/icalls/System/System.Threading/Semaphore.cpp
[ 890/3206  0s] CopyFiles /Users/lucas-furini/repos/checkout/unity/builds/ios/Il2CppOutputProject/IL2CPP/libil2cpp/icalls/System/System.Net.Sockets/SocketException.h
[ 891/3206  0s] CopyFiles /Users/lucas-furini/repos/checkout/unity/builds/ios/Il2CppOutputProject/IL2CPP/libil2cpp/icalls/System/System.Net.Sockets/SocketException.cpp
[ 892/3206  0s] CopyFiles /Users/lucas-furini/repos/checkout/unity/builds/ios/Il2CppOutputProject/IL2CPP/libil2cpp/icalls/System/System.Net.Sockets/Socket.h
[ 893/3206  0s] CopyFiles /Users/lucas-furini/repos/checkout/unity/builds/ios/Il2CppOutputProject/IL2CPP/libil2cpp/icalls/System/System.Net/Dns.cpp
[ 894/3206  0s] CopyFiles /Users/lucas-furini/repos/checkout/unity/builds/ios/Il2CppOutputProject/IL2CPP/libil2cpp/icalls/System/System.Net.NetworkInformation/LinuxNetworkInterface.h
[ 895/3206  0s] CopyFiles /Users/lucas-furini/repos/checkout/unity/builds/ios/Il2CppOutputProject/IL2CPP/libil2cpp/icalls/System/System.Net.Sockets/Socket.cpp
[ 896/3206  0s] CopyFiles /Users/lucas-furini/repos/checkout/unity/builds/ios/Il2CppOutputProject/IL2CPP/libil2cpp/icalls/System/System.Net.NetworkInformation/MacOsIPInterfaceProperties.h
[ 897/3206  0s] CopyFiles /Users/lucas-furini/repos/checkout/unity/builds/ios/Il2CppOutputProject/IL2CPP/libil2cpp/icalls/System/System.Net.NetworkInformation/MacOsIPInterfaceProperties.cpp
[ 898/3206  0s] CopyFiles /Users/lucas-furini/repos/checkout/unity/builds/ios/Il2CppOutputProject/IL2CPP/libil2cpp/icalls/System/System.Net.NetworkInformation/LinuxNetworkInterface.cpp
[ 899/3206  0s] CopyFiles /Users/lucas-furini/repos/checkout/unity/builds/ios/Il2CppOutputProject/IL2CPP/libil2cpp/icalls/System/System.IO/FileSystemWatcher.h
[ 900/3206  0s] CopyFiles /Users/lucas-furini/repos/checkout/unity/builds/ios/Il2CppOutputProject/IL2CPP/libil2cpp/icalls/System/System.IO/FileSystemWatcher.cpp
[ 901/3206  0s] CopyFiles /Users/lucas-furini/repos/checkout/unity/builds/ios/Il2CppOutputProject/IL2CPP/libil2cpp/icalls/System/System.Diagnostics/Stopwatch.h
[ 902/3206  0s] CopyFiles /Users/lucas-furini/repos/checkout/unity/builds/ios/Il2CppOutputProject/IL2CPP/libil2cpp/icalls/System/System.Diagnostics/Process.cpp
[ 903/3206  0s] CopyFiles /Users/lucas-furini/repos/checkout/unity/builds/ios/Il2CppOutputProject/IL2CPP/libil2cpp/icalls/System/System.Diagnostics/FileVersionInfo.h
[ 904/3206  0s] CopyFiles /Users/lucas-furini/repos/checkout/unity/builds/ios/Il2CppOutputProject/IL2CPP/libil2cpp/icalls/System/System.Diagnostics/Stopwatch.cpp
[ 905/3206  0s] CopyFiles /Users/lucas-furini/repos/checkout/unity/builds/ios/Il2CppOutputProject/IL2CPP/libil2cpp/icalls/System/System.Diagnostics/Process.h
[ 906/3206  0s] CopyFiles /Users/lucas-furini/repos/checkout/unity/builds/ios/Il2CppOutputProject/IL2CPP/libil2cpp/icalls/System/System.Diagnostics/DefaultTraceListener.h
[ 907/3206  0s] CopyFiles /Users/lucas-furini/repos/checkout/unity/builds/ios/Il2CppOutputProject/IL2CPP/libil2cpp/icalls/System/System.Diagnostics/FileVersionInfo.cpp
[ 908/3206  0s] CopyFiles /Users/lucas-furini/repos/checkout/unity/builds/ios/Il2CppOutputProject/IL2CPP/libil2cpp/icalls/System/Mono.Net.Security/MonoTlsProviderFactory.h
[ 909/3206  0s] CopyFiles /Users/lucas-furini/repos/checkout/unity/builds/ios/Il2CppOutputProject/IL2CPP/libil2cpp/icalls/System/System.Diagnostics/DefaultTraceListener.cpp
[ 910/3206  0s] CopyFiles /Users/lucas-furini/repos/checkout/unity/builds/ios/Il2CppOutputProject/IL2CPP/libil2cpp/icalls/System/Mono.Net.Security/MonoTlsProviderFactory.cpp
[ 911/3206  0s] CopyFiles /Users/lucas-furini/repos/checkout/unity/builds/ios/Il2CppOutputProject/IL2CPP/libil2cpp/icalls/System/Microsoft.Win32/NativeMethods.h
[ 912/3206  0s] CopyFiles /Users/lucas-furini/repos/checkout/unity/builds/ios/Il2CppOutputProject/IL2CPP/libil2cpp/icalls/System/Microsoft.Win32/NativeMethods.cpp
[ 913/3206  0s] CopyFiles /Users/lucas-furini/repos/checkout/unity/builds/ios/Il2CppOutputProject/IL2CPP/libil2cpp/icalls/System.Core/System.IO.MemoryMappedFiles/MemoryMapImpl.h
[ 914/3206  0s] CopyFiles /Users/lucas-furini/repos/checkout/unity/builds/ios/Il2CppOutputProject/IL2CPP/libil2cpp/icalls/mscorlib/System/ValueType.h
[ 915/3206  0s] CopyFiles /Users/lucas-furini/repos/checkout/unity/builds/ios/Il2CppOutputProject/IL2CPP/libil2cpp/icalls/mscorlib/System/TypedReference.h
[ 916/3206  0s] CopyFiles /Users/lucas-furini/repos/checkout/unity/builds/ios/Il2CppOutputProject/IL2CPP/libil2cpp/icalls/System.Core/System.IO.MemoryMappedFiles/MemoryMapImpl.cpp
[ 917/3206  0s] CopyFiles /Users/lucas-furini/repos/checkout/unity/builds/ios/Il2CppOutputProject/IL2CPP/libil2cpp/icalls/mscorlib/System/String.h
[ 918/3206  0s] CopyFiles /Users/lucas-furini/repos/checkout/unity/builds/ios/Il2CppOutputProject/IL2CPP/libil2cpp/icalls/mscorlib/System/TypedReference.cpp
[ 919/3206  0s] CopyFiles /Users/lucas-furini/repos/checkout/unity/builds/ios/Il2CppOutputProject/IL2CPP/libil2cpp/icalls/mscorlib/System/ValueType.cpp
[ 920/3206  0s] CopyFiles /Users/lucas-furini/repos/checkout/unity/builds/ios/Il2CppOutputProject/IL2CPP/libil2cpp/icalls/mscorlib/System/Type.h
[ 921/3206  0s] CopyFiles /Users/lucas-furini/repos/checkout/unity/builds/ios/Il2CppOutputProject/IL2CPP/libil2cpp/icalls/mscorlib/System/String.cpp
[ 922/3206  0s] CopyFiles /Users/lucas-furini/repos/checkout/unity/builds/ios/Il2CppOutputProject/IL2CPP/libil2cpp/icalls/mscorlib/System/Type.cpp
[ 923/3206  0s] CopyFiles /Users/lucas-furini/repos/checkout/unity/builds/ios/Il2CppOutputProject/IL2CPP/libil2cpp/icalls/mscorlib/System/RuntimeTypeHandle.h
[ 924/3206  0s] CopyFiles /Users/lucas-furini/repos/checkout/unity/builds/ios/Il2CppOutputProject/IL2CPP/libil2cpp/icalls/mscorlib/System/RuntimeType.h
[ 925/3206  0s] CopyFiles /Users/lucas-furini/repos/checkout/unity/builds/ios/Il2CppOutputProject/IL2CPP/libil2cpp/icalls/mscorlib/System/Number.cpp
[ 926/3206  0s] CopyFiles /Users/lucas-furini/repos/checkout/unity/builds/ios/Il2CppOutputProject/IL2CPP/libil2cpp/icalls/mscorlib/System/RuntimeTypeHandle.cpp
[ 927/3206  0s] CopyFiles /Users/lucas-furini/repos/checkout/unity/builds/ios/Il2CppOutputProject/IL2CPP/libil2cpp/icalls/mscorlib/System/RuntimeMethodHandle.cpp
[ 928/3206  0s] CopyFiles /Users/lucas-furini/repos/checkout/unity/builds/ios/Il2CppOutputProject/IL2CPP/libil2cpp/icalls/mscorlib/System/RuntimeMethodHandle.h
[ 929/3206  0s] CopyFiles /Users/lucas-furini/repos/checkout/unity/builds/ios/Il2CppOutputProject/IL2CPP/libil2cpp/icalls/mscorlib/System/RuntimeFieldHandle.cpp
[ 930/3206  0s] CopyFiles /Users/lucas-furini/repos/checkout/unity/builds/ios/Il2CppOutputProject/IL2CPP/libil2cpp/icalls/mscorlib/System/RuntimeType.cpp
[ 931/3206  0s] CopyFiles /Users/lucas-furini/repos/checkout/unity/builds/ios/Il2CppOutputProject/IL2CPP/libil2cpp/icalls/mscorlib/System/RuntimeFieldHandle.h
[ 932/3206  3s] UnityLinker /Users/lucas-furini/repos/checkout/unity/CheckoutSimulator/Library/Bee/artifacts/unitylinker_fi2v.traceevents
/Applications/Unity/Hub/Editor/6000.5.7f1/Unity.app/Contents/Resources/Scripting/il2cpp/build/deploy/UnityLinker --out=Library/Bee/artifacts/iOS/ManagedStripped --include-link-xml=/Users/lucas-furini/repos/checkout/unity/CheckoutSimulator/Library/Bee/artifacts/UnityLinkerInputs/TypesInScenes.xml --include-link-xml=/Applications/Unity/Hub/Editor/6000.5.7f1/PlaybackEngines/iOSSupport/il2cpp/ios_il2cpp_link.xml --include-directory=/Users/lucas-furini/repos/checkout/unity/CheckoutSimulator/Library/Bee/PlayerScriptAssemblies --include-directory=/Applications/Unity/Hub/Editor/6000.5.7f1/Unity.app/Contents/Resources/Scripting/BCLExtensions/runtime/netstandard2.1 --include-directory=/Applications/Unity/Hub/Editor/6000.5.7f1/Unity.app/Contents/Resources/Scripting/MonoBleedingEdge/lib/mono/unityaot-macos --include-directory=/Applications/Unity/Hub/Editor/6000.5.7f1/Unity.app/Contents/Resources/Scripting/MonoBleedingEdge/lib/mono/unityaot-macos/Facades --include-directory=/Applications/Unity/Hub/Editor/6000.5.7f1/PlaybackEngines/iOSSupport/Variations/il2cpp/Managed --include-directory=/Users/lucas-furini/repos/checkout/unity/CheckoutSimulator/Library/PackageCache/com.unity.nuget.newtonsoft-json@4dfd81071c64/Runtime/AOT --profiler-report --profiler-output-file=/Users/lucas-furini/repos/checkout/unity/CheckoutSimulator/Library/Bee/artifacts/unitylinker_fi2v.traceevents --dotnetprofile=unityaot-macos --dotnetruntime=Il2Cpp --architecture=Arm64 --platform=iOS --use-editor-options --enable-engine-module-stripping --engine-modules-asset-file=/Applications/Unity/Hub/Editor/6000.5.7f1/PlaybackEngines/iOSSupport/modules.asset --editor-data-file=/Users/lucas-furini/repos/checkout/unity/CheckoutSimulator/Library/Bee/artifacts/UnityLinkerInputs/EditorToUnityLinkerData.json --include-unity-root-assembly=/Users/lucas-furini/repos/checkout/unity/CheckoutSimulator/Library/Bee/PlayerScriptAssemblies/Assembly-CSharp.dll --include-unity-root-assembly=/Users/lucas-furini/repos/checkout/unity/CheckoutSimulator/Library/Bee/PlayerScriptAssemblies/UnityEngine.UI.dll --print-command-line --enable-analytics --allowed-assembly=/Applications/Unity/Hub/Editor/6000.5.7f1/Unity.app/Contents/Resources/Scripting/BCLExtensions/runtime/netstandard2.1/Microsoft.Bcl.AsyncInterfaces.dll --allowed-assembly=/Applications/Unity/Hub/Editor/6000.5.7f1/Unity.app/Contents/Resources/Scripting/BCLExtensions/runtime/netstandard2.1/Microsoft.Extensions.DependencyInjection.Abstractions.dll --allowed-assembly=/Applications/Unity/Hub/Editor/6000.5.7f1/Unity.app/Contents/Resources/Scripting/BCLExtensions/runtime/netstandard2.1/Microsoft.Extensions.Logging.Abstractions.dll --allowed-assembly=/Applications/Unity/Hub/Editor/6000.5.7f1/Unity.app/Contents/Resources/Scripting/BCLExtensions/runtime/netstandard2.1/System.Collections.Immutable.dll --allowed-assembly=/Applications/Unity/Hub/Editor/6000.5.7f1/Unity.app/Contents/Resources/Scripting/BCLExtensions/runtime/netstandard2.1/System.Diagnostics.DiagnosticSource.dll --allowed-assembly=/Applications/Unity/Hub/Editor/6000.5.7f1/Unity.app/Contents/Resources/Scripting/BCLExtensions/runtime/netstandard2.1/System.IO.Hashing.dll --allowed-assembly=/Applications/Unity/Hub/Editor/6000.5.7f1/Unity.app/Contents/Resources/Scripting/BCLExtensions/runtime/netstandard2.1/System.Reflection.Metadata.dll --allowed-assembly=/Applications/Unity/Hub/Editor/6000.5.7f1/Unity.app/Contents/Resources/Scripting/BCLExtensions/runtime/netstandard2.1/System.Runtime.CompilerServices.Unsafe.dll --allowed-assembly=/Applications/Unity/Hub/Editor/6000.5.7f1/Unity.app/Contents/Resources/Scripting/BCLExtensions/runtime/netstandard2.1/System.Text.Encodings.Web.dll --allowed-assembly=/Applications/Unity/Hub/Editor/6000.5.7f1/Unity.app/Contents/Resources/Scripting/BCLExtensions/runtime/netstandard2.1/System.Text.Json.dll --allowed-assembly=/Applications/Unity/Hub/Editor/6000.5.7f1/Unity.app/Contents/Resources/Scripting/MonoBleedingEdge/lib/mono/unityaot-macos/Accessibility.dll --allowed-assembly=/Applications/Unity/Hub/Editor/6000.5.7f1/Unity.app/Contents/Resources/Scripting/MonoBleedingEdge/lib/mono/unityaot-macos/I18N.CJK.dll --allowed-assembly=/Applications/Unity/Hub/Editor/6000.5.7f1/Unity.app/Contents/Resources/Scripting/MonoBleedingEdge/lib/mono/unityaot-macos/I18N.MidEast.dll --allowed-assembly=/Applications/Unity/Hub/Editor/6000.5.7f1/Unity.app/Contents/Resources/Scripting/MonoBleedingEdge/lib/mono/unityaot-macos/I18N.Other.dll --allowed-assembly=/Applications/Unity/Hub/Editor/6000.5.7f1/Unity.app/Contents/Resources/Scripting/MonoBleedingEdge/lib/mono/unityaot-macos/I18N.Rare.dll --allowed-assembly=/Applications/Unity/Hub/Editor/6000.5.7f1/Unity.app/Contents/Resources/Scripting/MonoBleedingEdge/lib/mono/unityaot-macos/I18N.West.dll --allowed-assembly=/Applications/Unity/Hub/Editor/6000.5.7f1/Unity.app/Contents/Resources/Scripting/MonoBleedingEdge/lib/mono/unityaot-macos/I18N.dll --allowed-assembly=/Applications/Unity/Hub/Editor/6000.5.7f1/Unity.app/Contents/Resources/Scripting/MonoBleedingEdge/lib/mono/unityaot-macos/Microsoft.CSharp.dll --allowed-assembly=/Applications/Unity/Hub/Editor/6000.5.7f1/Unity.app/Contents/Resources/Scripting/MonoBleedingEdge/lib/mono/unityaot-macos/Mono.Data.Sqlite.dll --allowed-assembly=/Applications/Unity/Hub/Editor/6000.5.7f1/Unity.app/Contents/Resources/Scripting/MonoBleedingEdge/lib/mono/unityaot-macos/Mono.Data.Tds.dll --allowed-assembly=/Applications/Unity/Hub/Editor/6000.5.7f1/Unity.app/Contents/Resources/Scripting/MonoBleedingEdge/lib/mono/unityaot-macos/Mono.Security.dll --allowed-assembly=/Applications/Unity/Hub/Editor/6000.5.7f1/Unity.app/Contents/Resources/Scripting/MonoBleedingEdge/lib/mono/unityaot-macos/System.ComponentModel.Composition.dll --allowed-assembly=/Applications/Unity/Hub/Editor/6000.5.7f1/Unity.app/Contents/Resources/Scripting/MonoBleedingEdge/lib/mono/unityaot-macos/System.ComponentModel.DataAnnotations.dll --allowed-assembly=/Applications/Unity/Hub/Editor/6000.5.7f1/Unity.app/Contents/Resources/Scripting/MonoBleedingEdge/lib/mono/unityaot-macos/System.Configuration.Install.dll --allowed-assembly=/Applications/Unity/Hub/Editor/6000.5.7f1/Unity.app/Contents/Resources/Scripting/MonoBleedingEdge/lib/mono/unityaot-macos/System.Configuration.dll --allowed-assembly=/Applications/Unity/Hub/Editor/6000.5.7f1/Unity.app/Contents/Resources/Scripting/MonoBleedingEdge/lib/mono/unityaot-macos/System.Core.dll --allowed-assembly=/Applications/Unity/Hub/Editor/6000.5.7f1/Unity.app/Contents/Resources/Scripting/MonoBleedingEdge/lib/mono/unityaot-macos/System.Data.DataSetExtensions.dll --allowed-assembly=/Applications/Unity/Hub/Editor/6000.5.7f1/Unity.app/Contents/Resources/Scripting/MonoBleedingEdge/lib/mono/unityaot-macos/System.Data.Entity.dll --allowed-assembly=/Applications/Unity/Hub/Editor/6000.5.7f1/Unity.app/Contents/Resources/Scripting/MonoBleedingEdge/lib/mono/unityaot-macos/System.Data.Linq.dll --allowed-assembly=/Applications/Unity/Hub/Editor/6000.5.7f1/Unity.app/Contents/Resources/Scripting/MonoBleedingEdge/lib/mono/unityaot-macos/System.Data.OracleClient.dll --allowed-assembly=/Applications/Unity/Hub/Editor/6000.5.7f1/Unity.app/Contents/Resources/Scripting/MonoBleedingEdge/lib/mono/unityaot-macos/System.Data.Services.Client.dll --allowed-assembly=/Applications/Unity/Hub/Editor/6000.5.7f1/Unity.app/Contents/Resources/Scripting/MonoBleedingEdge/lib/mono/unityaot-macos/System.Data.Services.dll --allowed-assembly=/Applications/Unity/Hub/Editor/6000.5.7f1/Unity.app/Contents/Resources/Scripting/MonoBleedingEdge/lib/mono/unityaot-macos/System.Data.dll --allowed-assembly=/Applications/Unity/Hub/Editor/6000.5.7f1/Unity.app/Contents/Resources/Scripting/MonoBleedingEdge/lib/mono/unityaot-macos/System.Design.dll --allowed-assembly=/Applications/Unity/Hub/Editor/6000.5.7f1/Unity.app/Contents/Resources/Scripting/MonoBleedingEdge/lib/mono/unityaot-macos/System.DirectoryServices.Protocols.dll --allowed-assembly=/Applications/Unity/Hub/Editor/6000.5.7f1/Unity.app/Contents/Resources/Scripting/MonoBleedingEdge/lib/mono/unityaot-macos/System.DirectoryServices.dll --allowed-assembly=/Applications/Unity/Hub/Editor/6000.5.7f1/Unity.app/Contents/Resources/Scripting/MonoBleedingEdge/lib/mono/unityaot-macos/System.Drawing.Design.dll --allowed-assembly=/Applications/Unity/Hub/Editor/6000.5.7f1/Unity.app/Contents/Resources/Scripting/MonoBleedingEdge/lib/mono/unityaot-macos/System.Drawing.dll --allowed-assembly=/Applications/Unity/Hub/Editor/6000.5.7f1/Unity.app/Contents/Resources/Scripting/MonoBleedingEdge/lib/mono/unityaot-macos/System.EnterpriseServices.dll --allowed-assembly=/Applications/Unity/Hub/Editor/6000.5.7f1/Unity.app/Contents/Resources/Scripting/MonoBleedingEdge/lib/mono/unityaot-macos/System.IO.Compression.FileSystem.dll --allowed-assembly=/Applications/Unity/Hub/Editor/6000.5.7f1/Unity.app/Contents/Resources/Scripting/MonoBleedingEdge/lib/mono/unityaot-macos/System.IO.Compression.dll --allowed-assembly=/Applications/Unity/Hub/Editor/6000.5.7f1/Unity.app/Contents/Resources/Scripting/MonoBleedingEdge/lib/mono/unityaot-macos/System.IdentityModel.Selectors.dll --allowed-assembly=/Applications/Unity/Hub/Editor/6000.5.7f1/Unity.app/Contents/Resources/Scripting/MonoBleedingEdge/lib/mono/unityaot-macos/System.IdentityModel.dll --allowed-assembly=/Applications/Unity/Hub/Editor/6000.5.7f1/Unity.app/Contents/Resources/Scripting/MonoBleedingEdge/lib/mono/unityaot-macos/System.Json.dll --allowed-assembly=/Applications/Unity/Hub/Editor/6000.5.7f1/Unity.app/Contents/Resources/Scripting/MonoBleedingEdge/lib/mono/unityaot-macos/System.Management.dll --allowed-assembly=/Applications/Unity/Hub/Editor/6000.5.7f1/Unity.app/Contents/Resources/Scripting/MonoBleedingEdge/lib/mono/unityaot-macos/System.Messaging.dll --allowed-assembly=/Applications/Unity/Hub/Editor/6000.5.7f1/Unity.app/Contents/Resources/Scripting/MonoBleedingEdge/lib/mono/unityaot-macos/System.Net.Http.WebRequest.dll --allowed-assembly=/Applications/Unity/Hub/Editor/6000.5.7f1/Unity.app/Contents/Resources/Scripting/MonoBleedingEdge/lib/mono/unityaot-macos/System.Net.Http.dll --allowed-assembly=/Applications/Unity/Hub/Editor/6000.5.7f1/Unity.app/Contents/Resources/Scripting/MonoBleedingEdge/lib/mono/unityaot-macos/System.Net.dll --allowed-assembly=/Applications/Unity/Hub/Editor/6000.5.7f1/Unity.app/Contents/Resources/Scripting/MonoBleedingEdge/lib/mono/unityaot-macos/System.Numerics.Vectors.dll --allowed-assembly=/Applications/Unity/Hub/Editor/6000.5.7f1/Unity.app/Contents/Resources/Scripting/MonoBleedingEdge/lib/mono/unityaot-macos/System.Numerics.dll --allowed-assembly=/Applications/Unity/Hub/Editor/6000.5.7f1/Unity.app/Contents/Resources/Scripting/MonoBleedingEdge/lib/mono/unityaot-macos/System.Reflection.Context.dll --allowed-assembly=/Applications/Unity/Hub/Editor/6000.5.7f1/Unity.app/Contents/Resources/Scripting/MonoBleedingEdge/lib/mono/unityaot-macos/System.Runtime.Caching.dll --allowed-assembly=/Applications/Unity/Hub/Editor/6000.5.7f1/Unity.app/Contents/Resources/Scripting/MonoBleedingEdge/lib/mono/unityaot-macos/System.Runtime.DurableInstancing.dll --allowed-assembly=/Applications/Unity/Hub/Editor/6000.5.7f1/Unity.app/Contents/Resources/Scripting/MonoBleedingEdge/lib/mono/unityaot-macos/System.Runtime.Remoting.dll --allowed-assembly=/Applications/Unity/Hub/Editor/6000.5.7f1/Unity.app/Contents/Resources/Scripting/MonoBleedingEdge/lib/mono/unityaot-macos/System.Runtime.Serialization.Formatters.Soap.dll --allowed-assembly=/Applications/Unity/Hub/Editor/6000.5.7f1/Unity.app/Contents/Resources/Scripting/MonoBleedingEdge/lib/mono/unityaot-macos/System.Runtime.Serialization.dll --allowed-assembly=/Applications/Unity/Hub/Editor/6000.5.7f1/Unity.app/Contents/Resources/Scripting/MonoBleedingEdge/lib/mono/unityaot-macos/System.Security.dll --allowed-assembly=/Applications/Unity/Hub/Editor/6000.5.7f1/Unity.app/Contents/Resources/Scripting/MonoBleedingEdge/lib/mono/unityaot-macos/System.ServiceModel.Activation.dll --allowed-assembly=/Applications/Unity/Hub/Editor/6000.5.7f1/Unity.app/Contents/Resources/Scripting/MonoBleedingEdge/lib/mono/unityaot-macos/System.ServiceModel.Discovery.dll --allowed-assembly=/Applications/Unity/Hub/Editor/6000.5.7f1/Unity.app/Contents/Resources/Scripting/MonoBleedingEdge/lib/mono/unityaot-macos/System.ServiceModel.Internals.dll --allowed-assembly=/Applications/Unity/Hub/Editor/6000.5.7f1/Unity.app/Contents/Resources/Scripting/MonoBleedingEdge/lib/mono/unityaot-macos/System.ServiceModel.Routing.dll --allowed-assembly=/Applications/Unity/Hub/Editor/6000.5.7f1/Unity.app/Contents/Resources/Scripting/MonoBleedingEdge/lib/mono/unityaot-macos/System.ServiceModel.Web.dll --allowed-assembly=/Applications/Unity/Hub/Editor/6000.5.7f1/Unity.app/Contents/Resources/Scripting/MonoBleedingEdge/lib/mono/unityaot-macos/System.ServiceModel.dll --allowed-assembly=/Applications/Unity/Hub/Editor/6000.5.7f1/Unity.app/Contents/Resources/Scripting/MonoBleedingEdge/lib/mono/unityaot-macos/System.ServiceProcess.dll --allowed-assembly=/Applications/Unity/Hub/Editor/6000.5.7f1/Unity.app/Contents/Resources/Scripting/MonoBleedingEdge/lib/mono/unityaot-macos/System.Transactions.dll --allowed-assembly=/Applications/Unity/Hub/Editor/6000.5.7f1/Unity.app/Contents/Resources/Scripting/MonoBleedingEdge/lib/mono/unityaot-macos/System.Web.ApplicationServices.dll --allowed-assembly=/Applications/Unity/Hub/Editor/6000.5.7f1/Unity.app/Contents/Resources/Scripting/MonoBleedingEdge/lib/mono/unityaot-macos/System.Web.DynamicData.dll --allowed-assembly=/Applications/Unity/Hub/Editor/6000.5.7f1/Unity.app/Contents/Resources/Scripting/MonoBleedingEdge/lib/mono/unityaot-macos/System.Web.Extensions.Design.dll --allowed-assembly=/Applications/Unity/Hub/Editor/6000.5.7f1/Unity.app/Contents/Resources/Scripting/MonoBleedingEdge/lib/mono/unityaot-macos/System.Web.Extensions.dll --allowed-assembly=/Applications/Unity/Hub/Editor/6000.5.7f1/Unity.app/Contents/Resources/Scripting/MonoBleedingEdge/lib/mono/unityaot-macos/System.Web.RegularExpressions.dll --allowed-assembly=/Applications/Unity/Hub/Editor/6000.5.7f1/Unity.app/Contents/Resources/Scripting/MonoBleedingEdge/lib/mono/unityaot-macos/System.Web.Services.dll --allowed-assembly=/Applications/Unity/Hub/Editor/6000.5.7f1/Unity.app/Contents/Resources/Scripting/MonoBleedingEdge/lib/mono/unityaot-macos/System.Web.dll --allowed-assembly=/Applications/Unity/Hub/Editor/6000.5.7f1/Unity.app/Contents/Resources/Scripting/MonoBleedingEdge/lib/mono/unityaot-macos/System.Windows.Forms.DataVisualization.dll --allowed-assembly=/Applications/Unity/Hub/Editor/6000.5.7f1/Unity.app/Contents/Resources/Scripting/MonoBleedingEdge/lib/mono/unityaot-macos/System.Windows.Forms.dll --allowed-assembly=/Applications/Unity/Hub/Editor/6000.5.7f1/Unity.app/Contents/Resources/Scripting/MonoBleedingEdge/lib/mono/unityaot-macos/System.Windows.dll --allowed-assembly=/Applications/Unity/Hub/Editor/6000.5.7f1/Unity.app/Contents/Resources/Scripting/MonoBleedingEdge/lib/mono/unityaot-macos/System.Xaml.dll --allowed-assembly=/Applications/Unity/Hub/Editor/6000.5.7f1/Unity.app/Contents/Resources/Scripting/MonoBleedingEdge/lib/mono/unityaot-macos/System.Xml.Linq.dll --allowed-assembly=/Applications/Unity/Hub/Editor/6000.5.7f1/Unity.app/Contents/Resources/Scripting/MonoBleedingEdge/lib/mono/unityaot-macos/System.Xml.Serialization.dll --allowed-assembly=/Applications/Unity/Hub/Editor/6000.5.7f1/Unity.app/Contents/Resources/Scripting/MonoBleedingEdge/lib/mono/unityaot-macos/System.Xml.dll --allowed-assembly=/Applications/Unity/Hub/Editor/6000.5.7f1/Unity.app/Contents/Resources/Scripting/MonoBleedingEdge/lib/mono/unityaot-macos/System.dll --allowed-assembly=/Applications/Unity/Hub/Editor/6000.5.7f1/Unity.app/Contents/Resources/Scripting/MonoBleedingEdge/lib/mono/unityaot-macos/mscorlib.dll --allowed-assembly=/Applications/Unity/Hub/Editor/6000.5.7f1/Unity.app/Contents/Resources/Scripting/MonoBleedingEdge/lib/mono/unityaot-macos/Facades/Microsoft.Win32.Primitives.dll --allowed-assembly=/Applications/Unity/Hub/Editor/6000.5.7f1/Unity.app/Contents/Resources/Scripting/MonoBleedingEdge/lib/mono/unityaot-macos/Facades/Microsoft.Win32.Registry.AccessControl.dll --allowed-assembly=/Applications/Unity/Hub/Editor/6000.5.7f1/Unity.app/Contents/Resources/Scripting/MonoBleedingEdge/lib/mono/unityaot-macos/Facades/Microsoft.Win32.Registry.dll --allowed-assembly=/Applications/Unity/Hub/Editor/6000.5.7f1/Unity.app/Contents/Resources/Scripting/MonoBleedingEdge/lib/mono/unityaot-macos/Facades/System.AppContext.dll --allowed-assembly=/Applications/Unity/Hub/Editor/6000.5.7f1/Unity.app/Contents/Resources/Scripting/MonoBleedingEdge/lib/mono/unityaot-macos/Facades/System.Buffers.dll --allowed-assembly=/Applications/Unity/Hub/Editor/6000.5.7f1/Unity.app/Contents/Resources/Scripting/MonoBleedingEdge/lib/mono/unityaot-macos/Facades/System.Collections.Concurrent.dll --allowed-assembly=/Applications/Unity/Hub/Editor/6000.5.7f1/Unity.app/Contents/Resources/Scripting/MonoBleedingEdge/lib/mono/unityaot-macos/Facades/System.Collections.NonGeneric.dll --allowed-assembly=/Applications/Unity/Hub/Editor/6000.5.7f1/Unity.app/Contents/Resources/Scripting/MonoBleedingEdge/lib/mono/unityaot-macos/Facades/System.Collections.Specialized.dll --allowed-assembly=/Applications/Unity/Hub/Editor/6000.5.7f1/Unity.app/Contents/Resources/Scripting/MonoBleedingEdge/lib/mono/unityaot-macos/Facades/System.Collections.dll --allowed-assembly=/Applications/Unity/Hub/Editor/6000.5.7f1/Unity.app/Contents/Resources/Scripting/MonoBleedingEdge/lib/mono/unityaot-macos/Facades/System.ComponentModel.Annotations.dll --allowed-assembly=/Applications/Unity/Hub/Editor/6000.5.7f1/Unity.app/Contents/Resources/Scripting/MonoBleedingEdge/lib/mono/unityaot-macos/Facades/System.ComponentModel.EventBasedAsync.dll --allowed-assembly=/Applications/Unity/Hub/Editor/6000.5.7f1/Unity.app/Contents/Resources/Scripting/MonoBleedingEdge/lib/mono/unityaot-macos/Facades/System.ComponentModel.Primitives.dll --allowed-assembly=/Applications/Unity/Hub/Editor/6000.5.7f1/Unity.app/Contents/Resources/Scripting/MonoBleedingEdge/lib/mono/unityaot-macos/Facades/System.ComponentModel.TypeConverter.dll --allowed-assembly=/Applications/Unity/Hub/Editor/6000.5.7f1/Unity.app/Contents/Resources/Scripting/MonoBleedingEdge/lib/mono/unityaot-macos/Facades/System.ComponentModel.dll --allowed-assembly=/Applications/Unity/Hub/Editor/6000.5.7f1/Unity.app/Contents/Resources/Scripting/MonoBleedingEdge/lib/mono/unityaot-macos/Facades/System.Console.dll --allowed-assembly=/Applications/Unity/Hub/Editor/6000.5.7f1/Unity.app/Contents/Resources/Scripting/MonoBleedingEdge/lib/mono/unityaot-macos/Facades/System.Data.Common.dll --allowed-assembly=/Applications/Unity/Hub/Editor/6000.5.7f1/Unity.app/Contents/Resources/Scripting/MonoBleedingEdge/lib/mono/unityaot-macos/Facades/System.Data.SqlClient.dll --allowed-assembly=/Applications/Unity/Hub/Editor/6000.5.7f1/Unity.app/Contents/Resources/Scripting/MonoBleedingEdge/lib/mono/unityaot-macos/Facades/System.Diagnostics.Contracts.dll --allowed-assembly=/Applications/Unity/Hub/Editor/6000.5.7f1/Unity.app/Contents/Resources/Scripting/MonoBleedingEdge/lib/mono/unityaot-macos/Facades/System.Diagnostics.Debug.dll --allowed-assembly=/Applications/Unity/Hub/Editor/6000.5.7f1/Unity.app/Contents/Resources/Scripting/MonoBleedingEdge/lib/mono/unityaot-macos/Facades/System.Diagnostics.FileVersionInfo.dll --allowed-assembly=/Applications/Unity/Hub/Editor/6000.5.7f1/Unity.app/Contents/Resources/Scripting/MonoBleedingEdge/lib/mono/unityaot-macos/Facades/System.Diagnostics.Process.dll --allowed-assembly=/Applications/Unity/Hub/Editor/6000.5.7f1/Unity.app/Contents/Resources/Scripting/MonoBleedingEdge/lib/mono/unityaot-macos/Facades/System.Diagnostics.StackTrace.dll --allowed-assembly=/Applications/Unity/Hub/Editor/6000.5.7f1/Unity.app/Contents/Resources/Scripting/MonoBleedingEdge/lib/mono/unityaot-macos/Facades/System.Diagnostics.TextWriterTraceListener.dll --allowed-assembly=/Applications/Unity/Hub/Editor/6000.5.7f1/Unity.app/Contents/Resources/Scripting/MonoBleedingEdge/lib/mono/unityaot-macos/Facades/System.Diagnostics.Tools.dll --allowed-assembly=/Applications/Unity/Hub/Editor/6000.5.7f1/Unity.app/Contents/Resources/Scripting/MonoBleedingEdge/lib/mono/unityaot-macos/Facades/System.Diagnostics.TraceEvent.dll --allowed-assembly=/Applications/Unity/Hub/Editor/6000.5.7f1/Unity.app/Contents/Resources/Scripting/MonoBleedingEdge/lib/mono/unityaot-macos/Facades/System.Diagnostics.TraceSource.dll --allowed-assembly=/Applications/Unity/Hub/Editor/6000.5.7f1/Unity.app/Contents/Resources/Scripting/MonoBleedingEdge/lib/mono/unityaot-macos/Facades/System.Diagnostics.Tracing.dll --allowed-assembly=/Applications/Unity/Hub/Editor/6000.5.7f1/Unity.app/Contents/Resources/Scripting/MonoBleedingEdge/lib/mono/unityaot-macos/Facades/System.Drawing.Primitives.dll --allowed-assembly=/Applications/Unity/Hub/Editor/6000.5.7f1/Unity.app/Contents/Resources/Scripting/MonoBleedingEdge/lib/mono/unityaot-macos/Facades/System.Dynamic.Runtime.dll --allowed-assembly=/Applications/Unity/Hub/Editor/6000.5.7f1/Unity.app/Contents/Resources/Scripting/MonoBleedingEdge/lib/mono/unityaot-macos/Facades/System.Globalization.Calendars.dll --allowed-assembly=/Applications/Unity/Hub/Editor/6000.5.7f1/Unity.app/Contents/Resources/Scripting/MonoBleedingEdge/lib/mono/unityaot-macos/Facades/System.Globalization.Extensions.dll --allowed-assembly=/Applications/Unity/Hub/Editor/6000.5.7f1/Unity.app/Contents/Resources/Scripting/MonoBleedingEdge/lib/mono/unityaot-macos/Facades/System.Globalization.dll --allowed-assembly=/Applications/Unity/Hub/Editor/6000.5.7f1/Unity.app/Contents/Resources/Scripting/MonoBleedingEdge/lib/mono/unityaot-macos/Facades/System.IO.Compression.ZipFile.dll --allowed-assembly=/Applications/Unity/Hub/Editor/6000.5.7f1/Unity.app/Contents/Resources/Scripting/MonoBleedingEdge/lib/mono/unityaot-macos/Facades/System.IO.FileSystem.AccessControl.dll --allowed-assembly=/Applications/Unity/Hub/Editor/6000.5.7f1/Unity.app/Contents/Resources/Scripting/MonoBleedingEdge/lib/mono/unityaot-macos/Facades/System.IO.FileSystem.DriveInfo.dll --allowed-assembly=/Applications/Unity/Hub/Editor/6000.5.7f1/Unity.app/Contents/Resources/Scripting/MonoBleedingEdge/lib/mono/unityaot-macos/Facades/System.IO.FileSystem.Primitives.dll --allowed-assembly=/Applications/Unity/Hub/Editor/6000.5.7f1/Unity.app/Contents/Resources/Scripting/MonoBleedingEdge/lib/mono/unityaot-macos/Facades/System.IO.FileSystem.Watcher.dll --allowed-assembly=/Applications/Unity/Hub/Editor/6000.5.7f1/Unity.app/Contents/Resources/Scripting/MonoBleedingEdge/lib/mono/unityaot-macos/Facades/System.IO.FileSystem.dll --allowed-assembly=/Applications/Unity/Hub/Editor/6000.5.7f1/Unity.app/Contents/Resources/Scripting/MonoBleedingEdge/lib/mono/unityaot-macos/Facades/System.IO.IsolatedStorage.dll --allowed-assembly=/Applications/Unity/Hub/Editor/6000.5.7f1/Unity.app/Contents/Resources/Scripting/MonoBleedingEdge/lib/mono/unityaot-macos/Facades/System.IO.MemoryMappedFiles.dll --allowed-assembly=/Applications/Unity/Hub/Editor/6000.5.7f1/Unity.app/Contents/Resources/Scripting/MonoBleedingEdge/lib/mono/unityaot-macos/Facades/System.IO.Pipes.dll --allowed-assembly=/Applications/Unity/Hub/Editor/6000.5.7f1/Unity.app/Contents/Resources/Scripting/MonoBleedingEdge/lib/mono/unityaot-macos/Facades/System.IO.UnmanagedMemoryStream.dll --allowed-assembly=/Applications/Unity/Hub/Editor/6000.5.7f1/Unity.app/Contents/Resources/Scripting/MonoBleedingEdge/lib/mono/unityaot-macos/Facades/System.IO.dll --allowed-assembly=/Applications/Unity/Hub/Editor/6000.5.7f1/Unity.app/Contents/Resources/Scripting/MonoBleedingEdge/lib/mono/unityaot-macos/Facades/System.Linq.Expressions.dll --allowed-assembly=/Applications/Unity/Hub/Editor/6000.5.7f1/Unity.app/Contents/Resources/Scripting/MonoBleedingEdge/lib/mono/unityaot-macos/Facades/System.Linq.Parallel.dll --allowed-assembly=/Applications/Unity/Hub/Editor/6000.5.7f1/Unity.app/Contents/Resources/Scripting/MonoBleedingEdge/lib/mono/unityaot-macos/Facades/System.Linq.Queryable.dll --allowed-assembly=/Applications/Unity/Hub/Editor/6000.5.7f1/Unity.app/Contents/Resources/Scripting/MonoBleedingEdge/lib/mono/unityaot-macos/Facades/System.Linq.dll --allowed-assembly=/Applications/Unity/Hub/Editor/6000.5.7f1/Unity.app/Contents/Resources/Scripting/MonoBleedingEdge/lib/mono/unityaot-macos/Facades/System.Memory.dll --allowed-assembly=/Applications/Unity/Hub/Editor/6000.5.7f1/Unity.app/Contents/Resources/Scripting/MonoBleedingEdge/lib/mono/unityaot-macos/Facades/System.Net.AuthenticationManager.dll --allowed-assembly=/Applications/Unity/Hub/Editor/6000.5.7f1/Unity.app/Contents/Resources/Scripting/MonoBleedingEdge/lib/mono/unityaot-macos/Facades/System.Net.Cache.dll --allowed-assembly=/Applications/Unity/Hub/Editor/6000.5.7f1/Unity.app/Contents/Resources/Scripting/MonoBleedingEdge/lib/mono/unityaot-macos/Facades/System.Net.HttpListener.dll --allowed-assembly=/Applications/Unity/Hub/Editor/6000.5.7f1/Unity.app/Contents/Resources/Scripting/MonoBleedingEdge/lib/mono/unityaot-macos/Facades/System.Net.Mail.dll --allowed-assembly=/Applications/Unity/Hub/Editor/6000.5.7f1/Unity.app/Contents/Resources/Scripting/MonoBleedingEdge/lib/mono/unityaot-macos/Facades/System.Net.NameResolution.dll --allowed-assembly=/Applications/Unity/Hub/Editor/6000.5.7f1/Unity.app/Contents/Resources/Scripting/MonoBleedingEdge/lib/mono/unityaot-macos/Facades/System.Net.NetworkInformation.dll --allowed-assembly=/Applications/Unity/Hub/Editor/6000.5.7f1/Unity.app/Contents/Resources/Scripting/MonoBleedingEdge/lib/mono/unityaot-macos/Facades/System.Net.Ping.dll --allowed-assembly=/Applications/Unity/Hub/Editor/6000.5.7f1/Unity.app/Contents/Resources/Scripting/MonoBleedingEdge/lib/mono/unityaot-macos/Facades/System.Net.Primitives.dll --allowed-assembly=/Applications/Unity/Hub/Editor/6000.5.7f1/Unity.app/Contents/Resources/Scripting/MonoBleedingEdge/lib/mono/unityaot-macos/Facades/System.Net.Requests.dll --allowed-assembly=/Applications/Unity/Hub/Editor/6000.5.7f1/Unity.app/Contents/Resources/Scripting/MonoBleedingEdge/lib/mono/unityaot-macos/Facades/System.Net.Security.dll --allowed-assembly=/Applications/Unity/Hub/Editor/6000.5.7f1/Unity.app/Contents/Resources/Scripting/MonoBleedingEdge/lib/mono/unityaot-macos/Facades/System.Net.ServicePoint.dll --allowed-assembly=/Applications/Unity/Hub/Editor/6000.5.7f1/Unity.app/Contents/Resources/Scripting/MonoBleedingEdge/lib/mono/unityaot-macos/Facades/System.Net.Sockets.dll --allowed-assembly=/Applications/Unity/Hub/Editor/6000.5.7f1/Unity.app/Contents/Resources/Scripting/MonoBleedingEdge/lib/mono/unityaot-macos/Facades/System.Net.Utilities.dll --allowed-assembly=/Applications/Unity/Hub/Editor/6000.5.7f1/Unity.app/Contents/Resources/Scripting/MonoBleedingEdge/lib/mono/unityaot-macos/Facades/System.Net.WebHeaderCollection.dll --allowed-assembly=/Applications/Unity/Hub/Editor/6000.5.7f1/Unity.app/Contents/Resources/Scripting/MonoBleedingEdge/lib/mono/unityaot-macos/Facades/System.Net.WebSockets.Client.dll --allowed-assembly=/Applications/Unity/Hub/Editor/6000.5.7f1/Unity.app/Contents/Resources/Scripting/MonoBleedingEdge/lib/mono/unityaot-macos/Facades/System.Net.WebSockets.dll --allowed-assembly=/Applications/Unity/Hub/Editor/6000.5.7f1/Unity.app/Contents/Resources/Scripting/MonoBleedingEdge/lib/mono/unityaot-macos/Facades/System.ObjectModel.dll --allowed-assembly=/Applications/Unity/Hub/Editor/6000.5.7f1/Unity.app/Contents/Resources/Scripting/MonoBleedingEdge/lib/mono/unityaot-macos/Facades/System.Reflection.DispatchProxy.dll --allowed-assembly=/Applications/Unity/Hub/Editor/6000.5.7f1/Unity.app/Contents/Resources/Scripting/MonoBleedingEdge/lib/mono/unityaot-macos/Facades/System.Reflection.Emit.ILGeneration.dll --allowed-assembly=/Applications/Unity/Hub/Editor/6000.5.7f1/Unity.app/Contents/Resources/Scripting/MonoBleedingEdge/lib/mono/unityaot-macos/Facades/System.Reflection.Emit.Lightweight.dll --allowed-assembly=/Applications/Unity/Hub/Editor/6000.5.7f1/Unity.app/Contents/Resources/Scripting/MonoBleedingEdge/lib/mono/unityaot-macos/Facades/System.Reflection.Emit.dll --allowed-assembly=/Applications/Unity/Hub/Editor/6000.5.7f1/Unity.app/Contents/Resources/Scripting/MonoBleedingEdge/lib/mono/unityaot-macos/Facades/System.Reflection.Extensions.dll --allowed-assembly=/Applications/Unity/Hub/Editor/6000.5.7f1/Unity.app/Contents/Resources/Scripting/MonoBleedingEdge/lib/mono/unityaot-macos/Facades/System.Reflection.Primitives.dll --allowed-assembly=/Applications/Unity/Hub/Editor/6000.5.7f1/Unity.app/Contents/Resources/Scripting/MonoBleedingEdge/lib/mono/unityaot-macos/Facades/System.Reflection.TypeExtensions.dll --allowed-assembly=/Applications/Unity/Hub/Editor/6000.5.7f1/Unity.app/Contents/Resources/Scripting/MonoBleedingEdge/lib/mono/unityaot-macos/Facades/System.Reflection.dll --allowed-assembly=/Applications/Unity/Hub/Editor/6000.5.7f1/Unity.app/Contents/Resources/Scripting/MonoBleedingEdge/lib/mono/unityaot-macos/Facades/System.Resources.Reader.dll --allowed-assembly=/Applications/Unity/Hub/Editor/6000.5.7f1/Unity.app/Contents/Resources/Scripting/MonoBleedingEdge/lib/mono/unityaot-macos/Facades/System.Resources.ReaderWriter.dll --allowed-assembly=/Applications/Unity/Hub/Editor/6000.5.7f1/Unity.app/Contents/Resources/Scripting/MonoBleedingEdge/lib/mono/unityaot-macos/Facades/System.Resources.ResourceManager.dll --allowed-assembly=/Applications/Unity/Hub/Editor/6000.5.7f1/Unity.app/Contents/Resources/Scripting/MonoBleedingEdge/lib/mono/unityaot-macos/Facades/System.Resources.Writer.dll --allowed-assembly=/Applications/Unity/Hub/Editor/6000.5.7f1/Unity.app/Contents/Resources/Scripting/MonoBleedingEdge/lib/mono/unityaot-macos/Facades/System.Runtime.CompilerServices.VisualC.dll --allowed-assembly=/Applications/Unity/Hub/Editor/6000.5.7f1/Unity.app/Contents/Resources/Scripting/MonoBleedingEdge/lib/mono/unityaot-macos/Facades/System.Runtime.Extensions.dll --allowed-assembly=/Applications/Unity/Hub/Editor/6000.5.7f1/Unity.app/Contents/Resources/Scripting/MonoBleedingEdge/lib/mono/unityaot-macos/Facades/System.Runtime.Handles.dll --allowed-assembly=/Applications/Unity/Hub/Editor/6000.5.7f1/Unity.app/Contents/Resources/Scripting/MonoBleedingEdge/lib/mono/unityaot-macos/Facades/System.Runtime.InteropServices.RuntimeInformation.dll --allowed-assembly=/Applications/Unity/Hub/Editor/6000.5.7f1/Unity.app/Contents/Resources/Scripting/MonoBleedingEdge/lib/mono/unityaot-macos/Facades/System.Runtime.InteropServices.WindowsRuntime.dll --allowed-assembly=/Applications/Unity/Hub/Editor/6000.5.7f1/Unity.app/Contents/Resources/Scripting/MonoBleedingEdge/lib/mono/unityaot-macos/Facades/System.Runtime.InteropServices.dll --allowed-assembly=/Applications/Unity/Hub/Editor/6000.5.7f1/Unity.app/Contents/Resources/Scripting/MonoBleedingEdge/lib/mono/unityaot-macos/Facades/System.Runtime.Loader.dll --allowed-assembly=/Applications/Unity/Hub/Editor/6000.5.7f1/Unity.app/Contents/Resources/Scripting/MonoBleedingEdge/lib/mono/unityaot-macos/Facades/System.Runtime.Numerics.dll --allowed-assembly=/Applications/Unity/Hub/Editor/6000.5.7f1/Unity.app/Contents/Resources/Scripting/MonoBleedingEdge/lib/mono/unityaot-macos/Facades/System.Runtime.Serialization.Formatters.dll --allowed-assembly=/Applications/Unity/Hub/Editor/6000.5.7f1/Unity.app/Contents/Resources/Scripting/MonoBleedingEdge/lib/mono/unityaot-macos/Facades/System.Runtime.Serialization.Json.dll --allowed-assembly=/Applications/Unity/Hub/Editor/6000.5.7f1/Unity.app/Contents/Resources/Scripting/MonoBleedingEdge/lib/mono/unityaot-macos/Facades/System.Runtime.Serialization.Primitives.dll --allowed-assembly=/Applications/Unity/Hub/Editor/6000.5.7f1/Unity.app/Contents/Resources/Scripting/MonoBleedingEdge/lib/mono/unityaot-macos/Facades/System.Runtime.Serialization.Xml.dll --allowed-assembly=/Applications/Unity/Hub/Editor/6000.5.7f1/Unity.app/Contents/Resources/Scripting/MonoBleedingEdge/lib/mono/unityaot-macos/Facades/System.Runtime.dll --allowed-assembly=/Applications/Unity/Hub/Editor/6000.5.7f1/Unity.app/Contents/Resources/Scripting/MonoBleedingEdge/lib/mono/unityaot-macos/Facades/System.Security.AccessControl.dll --allowed-assembly=/Applications/Unity/Hub/Editor/6000.5.7f1/Unity.app/Contents/Resources/Scripting/MonoBleedingEdge/lib/mono/unityaot-macos/Facades/System.Security.Claims.dll --allowed-assembly=/Applications/Unity/Hub/Editor/6000.5.7f1/Unity.app/Contents/Resources/Scripting/MonoBleedingEdge/lib/mono/unityaot-macos/Facades/System.Security.Cryptography.Algorithms.dll --allowed-assembly=/Applications/Unity/Hub/Editor/6000.5.7f1/Unity.app/Contents/Resources/Scripting/MonoBleedingEdge/lib/mono/unityaot-macos/Facades/System.Security.Cryptography.Cng.dll --allowed-assembly=/Applications/Unity/Hub/Editor/6000.5.7f1/Unity.app/Contents/Resources/Scripting/MonoBleedingEdge/lib/mono/unityaot-macos/Facades/System.Security.Cryptography.Csp.dll --allowed-assembly=/Applications/Unity/Hub/Editor/6000.5.7f1/Unity.app/Contents/Resources/Scripting/MonoBleedingEdge/lib/mono/unityaot-macos/Facades/System.Security.Cryptography.DeriveBytes.dll --allowed-assembly=/Applications/Unity/Hub/Editor/6000.5.7f1/Unity.app/Contents/Resources/Scripting/MonoBleedingEdge/lib/mono/unityaot-macos/Facades/System.Security.Cryptography.Encoding.dll --allowed-assembly=/Applications/Unity/Hub/Editor/6000.5.7f1/Unity.app/Contents/Resources/Scripting/MonoBleedingEdge/lib/mono/unityaot-macos/Facades/System.Security.Cryptography.Encryption.Aes.dll --allowed-assembly=/Applications/Unity/Hub/Editor/6000.5.7f1/Unity.app/Contents/Resources/Scripting/MonoBleedingEdge/lib/mono/unityaot-macos/Facades/System.Security.Cryptography.Encryption.ECDiffieHellman.dll --allowed-assembly=/Applications/Unity/Hub/Editor/6000.5.7f1/Unity.app/Contents/Resources/Scripting/MonoBleedingEdge/lib/mono/unityaot-macos/Facades/System.Security.Cryptography.Encryption.ECDsa.dll --allowed-assembly=/Applications/Unity/Hub/Editor/6000.5.7f1/Unity.app/Contents/Resources/Scripting/MonoBleedingEdge/lib/mono/unityaot-macos/Facades/System.Security.Cryptography.Encryption.dll --allowed-assembly=/Applications/Unity/Hub/Editor/6000.5.7f1/Unity.app/Contents/Resources/Scripting/MonoBleedingEdge/lib/mono/unityaot-macos/Facades/System.Security.Cryptography.Hashing.Algorithms.dll --allowed-assembly=/Applications/Unity/Hub/Editor/6000.5.7f1/Unity.app/Contents/Resources/Scripting/MonoBleedingEdge/lib/mono/unityaot-macos/Facades/System.Security.Cryptography.Hashing.dll --allowed-assembly=/Applications/Unity/Hub/Editor/6000.5.7f1/Unity.app/Contents/Resources/Scripting/MonoBleedingEdge/lib/mono/unityaot-macos/Facades/System.Security.Cryptography.OpenSsl.dll --allowed-assembly=/Applications/Unity/Hub/Editor/6000.5.7f1/Unity.app/Contents/Resources/Scripting/MonoBleedingEdge/lib/mono/unityaot-macos/Facades/System.Security.Cryptography.Pkcs.dll --allowed-assembly=/Applications/Unity/Hub/Editor/6000.5.7f1/Unity.app/Contents/Resources/Scripting/MonoBleedingEdge/lib/mono/unityaot-macos/Facades/System.Security.Cryptography.Primitives.dll --allowed-assembly=/Applications/Unity/Hub/Editor/6000.5.7f1/Unity.app/Contents/Resources/Scripting/MonoBleedingEdge/lib/mono/unityaot-macos/Facades/System.Security.Cryptography.ProtectedData.dll --allowed-assembly=/Applications/Unity/Hub/Editor/6000.5.7f1/Unity.app/Contents/Resources/Scripting/MonoBleedingEdge/lib/mono/unityaot-macos/Facades/System.Security.Cryptography.RSA.dll --allowed-assembly=/Applications/Unity/Hub/Editor/6000.5.7f1/Unity.app/Contents/Resources/Scripting/MonoBleedingEdge/lib/mono/unityaot-macos/Facades/System.Security.Cryptography.RandomNumberGenerator.dll --allowed-assembly=/Applications/Unity/Hub/Editor/6000.5.7f1/Unity.app/Contents/Resources/Scripting/MonoBleedingEdge/lib/mono/unityaot-macos/Facades/System.Security.Cryptography.X509Certificates.dll --allowed-assembly=/Applications/Unity/Hub/Editor/6000.5.7f1/Unity.app/Contents/Resources/Scripting/MonoBleedingEdge/lib/mono/unityaot-macos/Facades/System.Security.Principal.Windows.dll --allowed-assembly=/Applications/Unity/Hub/Editor/6000.5.7f1/Unity.app/Contents/Resources/Scripting/MonoBleedingEdge/lib/mono/unityaot-macos/Facades/System.Security.Principal.dll --allowed-assembly=/Applications/Unity/Hub/Editor/6000.5.7f1/Unity.app/Contents/Resources/Scripting/MonoBleedingEdge/lib/mono/unityaot-macos/Facades/System.Security.SecureString.dll --allowed-assembly=/Applications/Unity/Hub/Editor/6000.5.7f1/Unity.app/Contents/Resources/Scripting/MonoBleedingEdge/lib/mono/unityaot-macos/Facades/System.ServiceModel.Duplex.dll --allowed-assembly=/Applications/Unity/Hub/Editor/6000.5.7f1/Unity.app/Contents/Resources/Scripting/MonoBleedingEdge/lib/mono/unityaot-macos/Facades/System.ServiceModel.Http.dll --allowed-assembly=/Applications/Unity/Hub/Editor/6000.5.7f1/Unity.app/Contents/Resources/Scripting/MonoBleedingEdge/lib/mono/unityaot-macos/Facades/System.ServiceModel.NetTcp.dll --allowed-assembly=/Applications/Unity/Hub/Editor/6000.5.7f1/Unity.app/Contents/Resources/Scripting/MonoBleedingEdge/lib/mono/unityaot-macos/Facades/System.ServiceModel.Primitives.dll --allowed-assembly=/Applications/Unity/Hub/Editor/6000.5.7f1/Unity.app/Contents/Resources/Scripting/MonoBleedingEdge/lib/mono/unityaot-macos/Facades/System.ServiceModel.Security.dll --allowed-assembly=/Applications/Unity/Hub/Editor/6000.5.7f1/Unity.app/Contents/Resources/Scripting/MonoBleedingEdge/lib/mono/unityaot-macos/Facades/System.ServiceProcess.ServiceController.dll --allowed-assembly=/Applications/Unity/Hub/Editor/6000.5.7f1/Unity.app/Contents/Resources/Scripting/MonoBleedingEdge/lib/mono/unityaot-macos/Facades/System.Text.Encoding.CodePages.dll --allowed-assembly=/Applications/Unity/Hub/Editor/6000.5.7f1/Unity.app/Contents/Resources/Scripting/MonoBleedingEdge/lib/mono/unityaot-macos/Facades/System.Text.Encoding.Extensions.dll --allowed-assembly=/Applications/Unity/Hub/Editor/6000.5.7f1/Unity.app/Contents/Resources/Scripting/MonoBleedingEdge/lib/mono/unityaot-macos/Facades/System.Text.Encoding.dll --allowed-assembly=/Applications/Unity/Hub/Editor/6000.5.7f1/Unity.app/Contents/Resources/Scripting/MonoBleedingEdge/lib/mono/unityaot-macos/Facades/System.Text.RegularExpressions.dll --allowed-assembly=/Applications/Unity/Hub/Editor/6000.5.7f1/Unity.app/Contents/Resources/Scripting/MonoBleedingEdge/lib/mono/unityaot-macos/Facades/System.Threading.AccessControl.dll --allowed-assembly=/Applications/Unity/Hub/Editor/6000.5.7f1/Unity.app/Contents/Resources/Scripting/MonoBleedingEdge/lib/mono/unityaot-macos/Facades/System.Threading.Overlapped.dll --allowed-assembly=/Applications/Unity/Hub/Editor/6000.5.7f1/Unity.app/Contents/Resources/Scripting/MonoBleedingEdge/lib/mono/unityaot-macos/Facades/System.Threading.Tasks.Extensions.dll --allowed-assembly=/Applications/Unity/Hub/Editor/6000.5.7f1/Unity.app/Contents/Resources/Scripting/MonoBleedingEdge/lib/mono/unityaot-macos/Facades/System.Threading.Tasks.Parallel.dll --allowed-assembly=/Applications/Unity/Hub/Editor/6000.5.7f1/Unity.app/Contents/Resources/Scripting/MonoBleedingEdge/lib/mono/unityaot-macos/Facades/System.Threading.Tasks.dll --allowed-assembly=/Applications/Unity/Hub/Editor/6000.5.7f1/Unity.app/Contents/Resources/Scripting/MonoBleedingEdge/lib/mono/unityaot-macos/Facades/System.Threading.Thread.dll --allowed-assembly=/Applications/Unity/Hub/Editor/6000.5.7f1/Unity.app/Contents/Resources/Scripting/MonoBleedingEdge/lib/mono/unityaot-macos/Facades/System.Threading.ThreadPool.dll --allowed-assembly=/Applications/Unity/Hub/Editor/6000.5.7f1/Unity.app/Contents/Resources/Scripting/MonoBleedingEdge/lib/mono/unityaot-macos/Facades/System.Threading.Timer.dll --allowed-assembly=/Applications/Unity/Hub/Editor/6000.5.7f1/Unity.app/Contents/Resources/Scripting/MonoBleedingEdge/lib/mono/unityaot-macos/Facades/System.Threading.dll --allowed-assembly=/Applications/Unity/Hub/Editor/6000.5.7f1/Unity.app/Contents/Resources/Scripting/MonoBleedingEdge/lib/mono/unityaot-macos/Facades/System.ValueTuple.dll --allowed-assembly=/Applications/Unity/Hub/Editor/6000.5.7f1/Unity.app/Contents/Resources/Scripting/MonoBleedingEdge/lib/mono/unityaot-macos/Facades/System.Xml.ReaderWriter.dll --allowed-assembly=/Applications/Unity/Hub/Editor/6000.5.7f1/Unity.app/Contents/Resources/Scripting/MonoBleedingEdge/lib/mono/unityaot-macos/Facades/System.Xml.XDocument.dll --allowed-assembly=/Applications/Unity/Hub/Editor/6000.5.7f1/Unity.app/Contents/Resources/Scripting/MonoBleedingEdge/lib/mono/unityaot-macos/Facades/System.Xml.XPath.XDocument.dll --allowed-assembly=/Applications/Unity/Hub/Editor/6000.5.7f1/Unity.app/Contents/Resources/Scripting/MonoBleedingEdge/lib/mono/unityaot-macos/Facades/System.Xml.XPath.XmlDocument.dll --allowed-assembly=/Applications/Unity/Hub/Editor/6000.5.7f1/Unity.app/Contents/Resources/Scripting/MonoBleedingEdge/lib/mono/unityaot-macos/Facades/System.Xml.XPath.dll --allowed-assembly=/Applications/Unity/Hub/Editor/6000.5.7f1/Unity.app/Contents/Resources/Scripting/MonoBleedingEdge/lib/mono/unityaot-macos/Facades/System.Xml.XmlDocument.dll --allowed-assembly=/Applications/Unity/Hub/Editor/6000.5.7f1/Unity.app/Contents/Resources/Scripting/MonoBleedingEdge/lib/mono/unityaot-macos/Facades/System.Xml.XmlSerializer.dll --allowed-assembly=/Applications/Unity/Hub/Editor/6000.5.7f1/Unity.app/Contents/Resources/Scripting/MonoBleedingEdge/lib/mono/unityaot-macos/Facades/System.Xml.Xsl.Primitives.dll --allowed-assembly=/Applications/Unity/Hub/Editor/6000.5.7f1/Unity.app/Contents/Resources/Scripting/MonoBleedingEdge/lib/mono/unityaot-macos/Facades/netstandard.dll --allowed-assembly=/Applications/Unity/Hub/Editor/6000.5.7f1/PlaybackEngines/iOSSupport/Variations/il2cpp/Managed/Unity.Scripting.dll --allowed-assembly=/Applications/Unity/Hub/Editor/6000.5.7f1/PlaybackEngines/iOSSupport/Variations/il2cpp/Managed/UnityEngine.AIModule.dll --allowed-assembly=/Applications/Unity/Hub/Editor/6000.5.7f1/PlaybackEngines/iOSSupport/Variations/il2cpp/Managed/UnityEngine.ARModule.dll --allowed-assembly=/Applications/Unity/Hub/Editor/6000.5.7f1/PlaybackEngines/iOSSupport/Variations/il2cpp/Managed/UnityEngine.AccessibilityModule.dll --allowed-assembly=/Applications/Unity/Hub/Editor/6000.5.7f1/PlaybackEngines/iOSSupport/Variations/il2cpp/Managed/UnityEngine.AdaptivePerformanceModule.dll --allowed-assembly=/Applications/Unity/Hub/Editor/6000.5.7f1/PlaybackEngines/iOSSupport/Variations/il2cpp/Managed/UnityEngine.AndroidJNIModule.dll --allowed-assembly=/Applications/Unity/Hub/Editor/6000.5.7f1/PlaybackEngines/iOSSupport/Variations/il2cpp/Managed/UnityEngine.AnimationModule.dll --allowed-assembly=/Applications/Unity/Hub/Editor/6000.5.7f1/PlaybackEngines/iOSSupport/Variations/il2cpp/Managed/UnityEngine.AssetBundleModule.dll --allowed-assembly=/Applications/Unity/Hub/Editor/6000.5.7f1/PlaybackEngines/iOSSupport/Variations/il2cpp/Managed/UnityEngine.AudioModule.dll --allowed-assembly=/Applications/Unity/Hub/Editor/6000.5.7f1/PlaybackEngines/iOSSupport/Variations/il2cpp/Managed/UnityEngine.ClothModule.dll --allowed-assembly=/Applications/Unity/Hub/Editor/6000.5.7f1/PlaybackEngines/iOSSupport/Variations/il2cpp/Managed/UnityEngine.ContentLoadModule.dll --allowed-assembly=/Applications/Unity/Hub/Editor/6000.5.7f1/PlaybackEngines/iOSSupport/Variations/il2cpp/Managed/UnityEngine.CoreModule.dll --allowed-assembly=/Applications/Unity/Hub/Editor/6000.5.7f1/PlaybackEngines/iOSSupport/Variations/il2cpp/Managed/UnityEngine.CrashReportingModule.dll --allowed-assembly=/Applications/Unity/Hub/Editor/6000.5.7f1/PlaybackEngines/iOSSupport/Variations/il2cpp/Managed/UnityEngine.DSPGraphModule.dll --allowed-assembly=/Applications/Unity/Hub/Editor/6000.5.7f1/PlaybackEngines/iOSSupport/Variations/il2cpp/Managed/UnityEngine.DirectorModule.dll --allowed-assembly=/Applications/Unity/Hub/Editor/6000.5.7f1/PlaybackEngines/iOSSupport/Variations/il2cpp/Managed/UnityEngine.GIModule.dll --allowed-assembly=/Applications/Unity/Hub/Editor/6000.5.7f1/PlaybackEngines/iOSSupport/Variations/il2cpp/Managed/UnityEngine.GameCenterModule.dll --allowed-assembly=/Applications/Unity/Hub/Editor/6000.5.7f1/PlaybackEngines/iOSSupport/Variations/il2cpp/Managed/UnityEngine.GraphicsStateCollectionSerializerModule.dll --allowed-assembly=/Applications/Unity/Hub/Editor/6000.5.7f1/PlaybackEngines/iOSSupport/Variations/il2cpp/Managed/UnityEngine.GridModule.dll --allowed-assembly=/Applications/Unity/Hub/Editor/6000.5.7f1/PlaybackEngines/iOSSupport/Variations/il2cpp/Managed/UnityEngine.HierarchyCoreModule.dll --allowed-assembly=/Applications/Unity/Hub/Editor/6000.5.7f1/PlaybackEngines/iOSSupport/Variations/il2cpp/Managed/UnityEngine.HierarchyModule.dll --allowed-assembly=/Applications/Unity/Hub/Editor/6000.5.7f1/PlaybackEngines/iOSSupport/Variations/il2cpp/Managed/UnityEngine.HotReloadModule.dll --allowed-assembly=/Applications/Unity/Hub/Editor/6000.5.7f1/PlaybackEngines/iOSSupport/Variations/il2cpp/Managed/UnityEngine.IMGUIModule.dll --allowed-assembly=/Applications/Unity/Hub/Editor/6000.5.7f1/PlaybackEngines/iOSSupport/Variations/il2cpp/Managed/UnityEngine.IdentifiersModule.dll --allowed-assembly=/Applications/Unity/Hub/Editor/6000.5.7f1/PlaybackEngines/iOSSupport/Variations/il2cpp/Managed/UnityEngine.ImageConversionModule.dll --allowed-assembly=/Applications/Unity/Hub/Editor/6000.5.7f1/PlaybackEngines/iOSSupport/Variations/il2cpp/Managed/UnityEngine.InputForUIModule.dll --allowed-assembly=/Applications/Unity/Hub/Editor/6000.5.7f1/PlaybackEngines/iOSSupport/Variations/il2cpp/Managed/UnityEngine.InputLegacyModule.dll --allowed-assembly=/Applications/Unity/Hub/Editor/6000.5.7f1/PlaybackEngines/iOSSupport/Variations/il2cpp/Managed/UnityEngine.InputModule.dll --allowed-assembly=/Applications/Unity/Hub/Editor/6000.5.7f1/PlaybackEngines/iOSSupport/Variations/il2cpp/Managed/UnityEngine.InsightsModule.dll --allowed-assembly=/Applications/Unity/Hub/Editor/6000.5.7f1/PlaybackEngines/iOSSupport/Variations/il2cpp/Managed/UnityEngine.JSONSerializeModule.dll --allowed-assembly=/Applications/Unity/Hub/Editor/6000.5.7f1/PlaybackEngines/iOSSupport/Variations/il2cpp/Managed/UnityEngine.LocalizationModule.dll --allowed-assembly=/Applications/Unity/Hub/Editor/6000.5.7f1/PlaybackEngines/iOSSupport/Variations/il2cpp/Managed/UnityEngine.MarshallingModule.dll --allowed-assembly=/Applications/Unity/Hub/Editor/6000.5.7f1/PlaybackEngines/iOSSupport/Variations/il2cpp/Managed/UnityEngine.MathematicsModule.dll --allowed-assembly=/Applications/Unity/Hub/Editor/6000.5.7f1/PlaybackEngines/iOSSupport/Variations/il2cpp/Managed/UnityEngine.MultiplayerModule.dll --allowed-assembly=/Applications/Unity/Hub/Editor/6000.5.7f1/PlaybackEngines/iOSSupport/Variations/il2cpp/Managed/UnityEngine.ParticleSystemModule.dll --allowed-assembly=/Applications/Unity/Hub/Editor/6000.5.7f1/PlaybackEngines/iOSSupport/Variations/il2cpp/Managed/UnityEngine.PerformanceReportingModule.dll --allowed-assembly=/Applications/Unity/Hub/Editor/6000.5.7f1/PlaybackEngines/iOSSupport/Variations/il2cpp/Managed/UnityEngine.Physics2DModule.dll --allowed-assembly=/Applications/Unity/Hub/Editor/6000.5.7f1/PlaybackEngines/iOSSupport/Variations/il2cpp/Managed/UnityEngine.PhysicsBackendPhysXModule.dll --allowed-assembly=/Applications/Unity/Hub/Editor/6000.5.7f1/PlaybackEngines/iOSSupport/Variations/il2cpp/Managed/UnityEngine.PhysicsCore2DModule.dll --allowed-assembly=/Applications/Unity/Hub/Editor/6000.5.7f1/PlaybackEngines/iOSSupport/Variations/il2cpp/Managed/UnityEngine.PhysicsModule.dll --allowed-assembly=/Applications/Unity/Hub/Editor/6000.5.7f1/PlaybackEngines/iOSSupport/Variations/il2cpp/Managed/UnityEngine.PropertiesModule.dll --allowed-assembly=/Applications/Unity/Hub/Editor/6000.5.7f1/PlaybackEngines/iOSSupport/Variations/il2cpp/Managed/UnityEngine.RenderAs2DModule.dll --allowed-assembly=/Applications/Unity/Hub/Editor/6000.5.7f1/PlaybackEngines/iOSSupport/Variations/il2cpp/Managed/UnityEngine.RuntimeInitializeOnLoadManagerInitializerModule.dll --allowed-assembly=/Applications/Unity/Hub/Editor/6000.5.7f1/PlaybackEngines/iOSSupport/Variations/il2cpp/Managed/UnityEngine.ScreenCaptureModule.dll --allowed-assembly=/Applications/Unity/Hub/Editor/6000.5.7f1/PlaybackEngines/iOSSupport/Variations/il2cpp/Managed/UnityEngine.ScriptingModule.dll --allowed-assembly=/Applications/Unity/Hub/Editor/6000.5.7f1/PlaybackEngines/iOSSupport/Variations/il2cpp/Managed/UnityEngine.ShaderVariantAnalyticsModule.dll --allowed-assembly=/Applications/Unity/Hub/Editor/6000.5.7f1/PlaybackEngines/iOSSupport/Variations/il2cpp/Managed/UnityEngine.SharedInternalsModule.dll --allowed-assembly=/Applications/Unity/Hub/Editor/6000.5.7f1/PlaybackEngines/iOSSupport/Variations/il2cpp/Managed/UnityEngine.SpriteMaskModule.dll --allowed-assembly=/Applications/Unity/Hub/Editor/6000.5.7f1/PlaybackEngines/iOSSupport/Variations/il2cpp/Managed/UnityEngine.SpriteShapeModule.dll --allowed-assembly=/Applications/Unity/Hub/Editor/6000.5.7f1/PlaybackEngines/iOSSupport/Variations/il2cpp/Managed/UnityEngine.StreamingModule.dll --allowed-assembly=/Applications/Unity/Hub/Editor/6000.5.7f1/PlaybackEngines/iOSSupport/Variations/il2cpp/Managed/UnityEngine.SubstanceModule.dll --allowed-assembly=/Applications/Unity/Hub/Editor/6000.5.7f1/PlaybackEngines/iOSSupport/Variations/il2cpp/Managed/UnityEngine.SubsystemsModule.dll --allowed-assembly=/Applications/Unity/Hub/Editor/6000.5.7f1/PlaybackEngines/iOSSupport/Variations/il2cpp/Managed/UnityEngine.TLSModule.dll --allowed-assembly=/Applications/Unity/Hub/Editor/6000.5.7f1/PlaybackEngines/iOSSupport/Variations/il2cpp/Managed/UnityEngine.TerrainModule.dll --allowed-assembly=/Applications/Unity/Hub/Editor/6000.5.7f1/PlaybackEngines/iOSSupport/Variations/il2cpp/Managed/UnityEngine.TerrainPhysicsModule.dll --allowed-assembly=/Applications/Unity/Hub/Editor/6000.5.7f1/PlaybackEngines/iOSSupport/Variations/il2cpp/Managed/UnityEngine.TextCoreFontEngineModule.dll --allowed-assembly=/Applications/Unity/Hub/Editor/6000.5.7f1/PlaybackEngines/iOSSupport/Variations/il2cpp/Managed/UnityEngine.TextCoreTextEngineModule.dll --allowed-assembly=/Applications/Unity/Hub/Editor/6000.5.7f1/PlaybackEngines/iOSSupport/Variations/il2cpp/Managed/UnityEngine.TextRenderingModule.dll --allowed-assembly=/Applications/Unity/Hub/Editor/6000.5.7f1/PlaybackEngines/iOSSupport/Variations/il2cpp/Managed/UnityEngine.TilemapModule.dll --allowed-assembly=/Applications/Unity/Hub/Editor/6000.5.7f1/PlaybackEngines/iOSSupport/Variations/il2cpp/Managed/UnityEngine.U2DRuntimeModule.dll --allowed-assembly=/Applications/Unity/Hub/Editor/6000.5.7f1/PlaybackEngines/iOSSupport/Variations/il2cpp/Managed/UnityEngine.UIElementsModule.dll --allowed-assembly=/Applications/Unity/Hub/Editor/6000.5.7f1/PlaybackEngines/iOSSupport/Variations/il2cpp/Managed/UnityEngine.UIModule.dll --allowed-assembly=/Applications/Unity/Hub/Editor/6000.5.7f1/PlaybackEngines/iOSSupport/Variations/il2cpp/Managed/UnityEngine.UmbraModule.dll --allowed-assembly=/Applications/Unity/Hub/Editor/6000.5.7f1/PlaybackEngines/iOSSupport/Variations/il2cpp/Managed/UnityEngine.UnityAnalyticsCommonModule.dll --allowed-assembly=/Applications/Unity/Hub/Editor/6000.5.7f1/PlaybackEngines/iOSSupport/Variations/il2cpp/Managed/UnityEngine.UnityAnalyticsModule.dll --allowed-assembly=/Applications/Unity/Hub/Editor/6000.5.7f1/PlaybackEngines/iOSSupport/Variations/il2cpp/Managed/UnityEngine.UnityConnectModule.dll --allowed-assembly=/Applications/Unity/Hub/Editor/6000.5.7f1/PlaybackEngines/iOSSupport/Variations/il2cpp/Managed/UnityEngine.UnityConsentModule.dll --allowed-assembly=/Applications/Unity/Hub/Editor/6000.5.7f1/PlaybackEngines/iOSSupport/Variations/il2cpp/Managed/UnityEngine.UnityCurlModule.dll --allowed-assembly=/Applications/Unity/Hub/Editor/6000.5.7f1/PlaybackEngines/iOSSupport/Variations/il2cpp/Managed/UnityEngine.UnityWebRequestAssetBundleModule.dll --allowed-assembly=/Applications/Unity/Hub/Editor/6000.5.7f1/PlaybackEngines/iOSSupport/Variations/il2cpp/Managed/UnityEngine.UnityWebRequestAudioModule.dll --allowed-assembly=/Applications/Unity/Hub/Editor/6000.5.7f1/PlaybackEngines/iOSSupport/Variations/il2cpp/Managed/UnityEngine.UnityWebRequestModule.dll --allowed-assembly=/Applications/Unity/Hub/Editor/6000.5.7f1/PlaybackEngines/iOSSupport/Variations/il2cpp/Managed/UnityEngine.UnityWebRequestTextureModule.dll --allowed-assembly=/Applications/Unity/Hub/Editor/6000.5.7f1/PlaybackEngines/iOSSupport/Variations/il2cpp/Managed/UnityEngine.UnityWebRequestWWWModule.dll --allowed-assembly=/Applications/Unity/Hub/Editor/6000.5.7f1/PlaybackEngines/iOSSupport/Variations/il2cpp/Managed/UnityEngine.VFXModule.dll --allowed-assembly=/Applications/Unity/Hub/Editor/6000.5.7f1/PlaybackEngines/iOSSupport/Variations/il2cpp/Managed/UnityEngine.VectorGraphicsModule.dll --allowed-assembly=/Applications/Unity/Hub/Editor/6000.5.7f1/PlaybackEngines/iOSSupport/Variations/il2cpp/Managed/UnityEngine.VehiclesModule.dll --allowed-assembly=/Applications/Unity/Hub/Editor/6000.5.7f1/PlaybackEngines/iOSSupport/Variations/il2cpp/Managed/UnityEngine.VideoModule.dll --allowed-assembly=/Applications/Unity/Hub/Editor/6000.5.7f1/PlaybackEngines/iOSSupport/Variations/il2cpp/Managed/UnityEngine.WindModule.dll --allowed-assembly=/Applications/Unity/Hub/Editor/6000.5.7f1/PlaybackEngines/iOSSupport/Variations/il2cpp/Managed/UnityEngine.XRModule.dll --allowed-assembly=/Applications/Unity/Hub/Editor/6000.5.7f1/PlaybackEngines/iOSSupport/Variations/il2cpp/Managed/UnityEngine.dll --allowed-assembly=/Users/lucas-furini/repos/checkout/unity/CheckoutSimulator/Library/Bee/PlayerScriptAssemblies/Assembly-CSharp.dll --allowed-assembly=/Users/lucas-furini/repos/checkout/unity/CheckoutSimulator/Library/Bee/PlayerScriptAssemblies/Unity.AI.MCP.Runtime.dll --allowed-assembly=/Users/lucas-furini/repos/checkout/unity/CheckoutSimulator/Library/Bee/PlayerScriptAssemblies/Unity.AI.Tracing.dll --allowed-assembly=/Users/lucas-furini/repos/checkout/unity/CheckoutSimulator/Library/Bee/PlayerScriptAssemblies/Unity.InternalAPIEngineBridge.004.dll --allowed-assembly=/Users/lucas-furini/repos/checkout/unity/CheckoutSimulator/Library/Bee/PlayerScriptAssemblies/Unity.Mathematics.dll --allowed-assembly=/Users/lucas-furini/repos/checkout/unity/CheckoutSimulator/Library/Bee/PlayerScriptAssemblies/Unity.Multiplayer.Center.Common.dll --allowed-assembly=/Users/lucas-furini/repos/checkout/unity/CheckoutSimulator/Library/Bee/PlayerScriptAssemblies/Unity.TextMeshPro.dll --allowed-assembly=/Users/lucas-furini/repos/checkout/unity/CheckoutSimulator/Library/Bee/PlayerScriptAssemblies/UnityEngine.UI.dll --allowed-assembly=/Users/lucas-furini/repos/checkout/unity/CheckoutSimulator/Library/PackageCache/com.unity.nuget.newtonsoft-json@4dfd81071c64/Runtime/AOT/Newtonsoft.Json.dll
[ 933/3206  0s] CopyFiles /Users/lucas-furini/repos/checkout/unity/builds/ios/Il2CppOutputProject/IL2CPP/libil2cpp/icalls/mscorlib/System/Object.cpp
[ 934/3206  0s] CopyFiles /Users/lucas-furini/repos/checkout/unity/builds/ios/Il2CppOutputProject/IL2CPP/libil2cpp/icalls/mscorlib/System/Object.h
[ 935/3206  0s] CopyFiles /Users/lucas-furini/repos/checkout/unity/builds/ios/Il2CppOutputProject/IL2CPP/libil2cpp/icalls/mscorlib/System/NumberFormatter.h
[ 936/3206  0s] CopyFiles /Users/lucas-furini/repos/checkout/unity/builds/ios/Il2CppOutputProject/IL2CPP/libil2cpp/icalls/mscorlib/System/MonoCustomAttrs.h
[ 937/3206  0s] CopyFiles /Users/lucas-furini/repos/checkout/unity/builds/ios/Il2CppOutputProject/IL2CPP/libil2cpp/icalls/mscorlib/System/MonoCustomAttrs.cpp
[ 938/3206  0s] CopyFiles /Users/lucas-furini/repos/checkout/unity/builds/ios/Il2CppOutputProject/IL2CPP/libil2cpp/icalls/mscorlib/System/NumberFormatter.cpp
[ 939/3206  0s] CopyFiles /Users/lucas-furini/repos/checkout/unity/builds/ios/Il2CppOutputProject/IL2CPP/libil2cpp/icalls/mscorlib/System/MathF.h
[ 940/3206  0s] CopyFiles /Users/lucas-furini/repos/checkout/unity/builds/ios/Il2CppOutputProject/IL2CPP/libil2cpp/icalls/mscorlib/System/Math.h
[ 941/3206  0s] CopyFiles /Users/lucas-furini/repos/checkout/unity/builds/ios/Il2CppOutputProject/IL2CPP/libil2cpp/icalls/mscorlib/System/MathF.cpp
[ 942/3206  0s] CopyFiles /Users/lucas-furini/repos/checkout/unity/builds/ios/Il2CppOutputProject/IL2CPP/libil2cpp/icalls/mscorlib/System/GC.h
[ 943/3206  0s] CopyFiles /Users/lucas-furini/repos/checkout/unity/builds/ios/Il2CppOutputProject/IL2CPP/libil2cpp/icalls/mscorlib/System/Math.cpp
[ 977/3206  0s] CopyFiles Temp/EditorBuildOutput/UnityLinkerToEditorData.json
[ 978/3206  0s] CopyFiles /Users/lucas-furini/repos/checkout/unity/builds/ios/Il2CppOutputProject/IL2CPP/libil2cpp/icalls/mscorlib/System/GC.cpp
[ 981/3206  0s] CopyFiles /Users/lucas-furini/repos/checkout/unity/builds/ios/Il2CppOutputProject/Source/il2cppOutput/UnityClassRegistration.cpp
[ 982/3206  0s] CopyFiles /Users/lucas-furini/repos/checkout/unity/builds/ios/Il2CppOutputProject/IL2CPP/libil2cpp/icalls/mscorlib/System/Exception.h
[ 983/3206  0s] CopyFiles /Users/lucas-furini/repos/checkout/unity/builds/ios/Il2CppOutputProject/IL2CPP/libil2cpp/icalls/mscorlib/System/Exception.cpp
[ 984/3206  0s] CopyFiles /Users/lucas-furini/repos/checkout/unity/builds/ios/Il2CppOutputProject/IL2CPP/libil2cpp/icalls/mscorlib/System/Environment.h
[ 986/3206  0s] CopyFiles /Users/lucas-furini/repos/checkout/unity/builds/ios/Il2CppOutputProject/IL2CPP/libil2cpp/icalls/mscorlib/System/Environment.cpp
[ 987/3206  0s] CopyFiles /Users/lucas-furini/repos/checkout/unity/builds/ios/Il2CppOutputProject/IL2CPP/libil2cpp/icalls/mscorlib/System/Enum.h
[ 988/3206  0s] CopyFiles /Users/lucas-furini/repos/checkout/unity/builds/ios/Il2CppOutputProject/IL2CPP/libil2cpp/icalls/mscorlib/System/Enum.cpp
[ 989/3206  0s] CopyFiles /Users/lucas-furini/repos/checkout/unity/builds/ios/Il2CppOutputProject/IL2CPP/libil2cpp/icalls/mscorlib/System/Delegate.h
[ 990/3206  0s] CopyFiles /Users/lucas-furini/repos/checkout/unity/builds/ios/Il2CppOutputProject/IL2CPP/libil2cpp/icalls/mscorlib/System/Delegate.cpp
[ 992/3206  0s] CopyFiles /Users/lucas-furini/repos/checkout/unity/builds/ios/Il2CppOutputProject/IL2CPP/libil2cpp/icalls/mscorlib/System/DateTime.h
[ 993/3206  0s] CopyFiles /Users/lucas-furini/repos/checkout/unity/builds/ios/Il2CppOutputProject/IL2CPP/libil2cpp/icalls/mscorlib/System/DateTime.cpp
[ 994/3206  0s] CopyFiles /Users/lucas-furini/repos/checkout/unity/builds/ios/Il2CppOutputProject/IL2CPP/libil2cpp/icalls/mscorlib/System/CurrentSystemTimeZone.h
[ 995/3206  0s] CopyFiles /Users/lucas-furini/repos/checkout/unity/builds/ios/Il2CppOutputProject/IL2CPP/libil2cpp/icalls/mscorlib/System/CurrentSystemTimeZone.cpp
[ 996/3206  0s] CopyFiles /Users/lucas-furini/repos/checkout/unity/builds/ios/Il2CppOutputProject/IL2CPP/libil2cpp/icalls/mscorlib/System/ConsoleDriver.h
[ 997/3206  0s] CopyFiles /Users/lucas-furini/repos/checkout/unity/builds/ios/Il2CppOutputProject/IL2CPP/libil2cpp/icalls/mscorlib/System/ConsoleDriver.cpp
[ 998/3206  0s] CopyFiles /Users/lucas-furini/repos/checkout/unity/builds/ios/Il2CppOutputProject/IL2CPP/libil2cpp/icalls/mscorlib/System/CLRConfig.h
[ 999/3206  0s] CopyFiles /Users/lucas-furini/repos/checkout/unity/builds/ios/Il2CppOutputProject/IL2CPP/libil2cpp/icalls/mscorlib/System/CLRConfig.cpp
[1000/3206  0s] CopyFiles /Users/lucas-furini/repos/checkout/unity/builds/ios/Il2CppOutputProject/IL2CPP/libil2cpp/icalls/mscorlib/System/Buffer.h
[1001/3206  0s] CopyFiles /Users/lucas-furini/repos/checkout/unity/builds/ios/Il2CppOutputProject/IL2CPP/libil2cpp/icalls/mscorlib/System/Array.h
[1002/3206  0s] CopyFiles /Users/lucas-furini/repos/checkout/unity/builds/ios/Il2CppOutputProject/IL2CPP/libil2cpp/icalls/mscorlib/System/Buffer.cpp
[1003/3206  0s] CopyFiles /Users/lucas-furini/repos/checkout/unity/builds/ios/Il2CppOutputProject/IL2CPP/libil2cpp/icalls/mscorlib/System/Array.cpp
[1004/3206  0s] CopyFiles /Users/lucas-furini/repos/checkout/unity/builds/ios/Il2CppOutputProject/IL2CPP/libil2cpp/icalls/mscorlib/System/ArgIterator.h
[1005/3206  0s] CopyFiles /Users/lucas-furini/repos/checkout/unity/builds/ios/Il2CppOutputProject/IL2CPP/libil2cpp/icalls/mscorlib/System/ArgIterator.cpp
[1006/3206  0s] CopyFiles /Users/lucas-furini/repos/checkout/unity/builds/ios/Il2CppOutputProject/IL2CPP/libil2cpp/icalls/mscorlib/System/AppDomain.h
[1007/3206  0s] CopyFiles /Users/lucas-furini/repos/checkout/unity/builds/ios/Il2CppOutputProject/IL2CPP/libil2cpp/icalls/mscorlib/System.Threading/WaitHandle.h
[1008/3206  0s] CopyFiles /Users/lucas-furini/repos/checkout/unity/builds/ios/Il2CppOutputProject/IL2CPP/libil2cpp/icalls/mscorlib/System/AppDomain.cpp
[1009/3206  0s] CopyFiles /Users/lucas-furini/repos/checkout/unity/builds/ios/Il2CppOutputProject/IL2CPP/libil2cpp/icalls/mscorlib/System.Threading/Timer.h
[1010/3206  0s] CopyFiles /Users/lucas-furini/repos/checkout/unity/builds/ios/Il2CppOutputProject/IL2CPP/libil2cpp/icalls/mscorlib/System.Threading/WaitHandle.cpp
[1011/3206  0s] CopyFiles /Users/lucas-furini/repos/checkout/unity/builds/ios/Il2CppOutputProject/IL2CPP/libil2cpp/icalls/mscorlib/System.Threading/Timer.cpp
[1012/3206  0s] CopyFiles /Users/lucas-furini/repos/checkout/unity/builds/ios/Il2CppOutputProject/IL2CPP/libil2cpp/icalls/mscorlib/System.Threading/Thread.h
[1013/3206  0s] CopyFiles /Users/lucas-furini/repos/checkout/unity/builds/ios/Il2CppOutputProject/IL2CPP/libil2cpp/icalls/mscorlib/System.Threading/OSSpecificSynchronizationContext.h
[1014/3206  0s] CopyFiles /Users/lucas-furini/repos/checkout/unity/builds/ios/Il2CppOutputProject/IL2CPP/libil2cpp/icalls/mscorlib/System.Threading/Thread.cpp
[1015/3206  0s] CopyFiles /Users/lucas-furini/repos/checkout/unity/builds/ios/Il2CppOutputProject/IL2CPP/libil2cpp/icalls/mscorlib/System.Threading/OSSpecificSynchronizationContext.cpp
[1016/3206  0s] CopyFiles /Users/lucas-furini/repos/checkout/unity/builds/ios/Il2CppOutputProject/IL2CPP/libil2cpp/icalls/mscorlib/System.Threading/NativeEventCalls.h
[1017/3206  0s] CopyFiles /Users/lucas-furini/repos/checkout/unity/builds/ios/Il2CppOutputProject/IL2CPP/libil2cpp/icalls/mscorlib/System.Threading/NativeEventCalls.cpp
[1018/3206  0s] CopyFiles /Users/lucas-furini/repos/checkout/unity/builds/ios/Il2CppOutputProject/IL2CPP/libil2cpp/icalls/mscorlib/System.Threading/Mutex.h
[1019/3206  0s] CopyFiles /Users/lucas-furini/repos/checkout/unity/builds/ios/Il2CppOutputProject/IL2CPP/libil2cpp/icalls/mscorlib/System.Threading/Monitor.h
[1020/3206  0s] CopyFiles /Users/lucas-furini/repos/checkout/unity/builds/ios/Il2CppOutputProject/IL2CPP/libil2cpp/icalls/mscorlib/System.Threading/Mutex.cpp
[1021/3206  0s] CopyFiles /Users/lucas-furini/repos/checkout/unity/builds/ios/Il2CppOutputProject/IL2CPP/libil2cpp/icalls/mscorlib/System.Threading/InternalThread.h
[1022/3206  0s] CopyFiles /Users/lucas-furini/repos/checkout/unity/builds/ios/Il2CppOutputProject/IL2CPP/libil2cpp/icalls/mscorlib/System.Threading/InternalThread.cpp
[1023/3206  0s] CopyFiles /Users/lucas-furini/repos/checkout/unity/builds/ios/Il2CppOutputProject/IL2CPP/libil2cpp/icalls/mscorlib/System.Threading/Monitor.cpp
[1024/3206  0s] CopyFiles /Users/lucas-furini/repos/checkout/unity/builds/ios/Il2CppOutputProject/IL2CPP/libil2cpp/icalls/mscorlib/System.Threading/Interlocked.h
[1025/3206  0s] CopyFiles /Users/lucas-furini/repos/checkout/unity/builds/ios/Il2CppOutputProject/IL2CPP/libil2cpp/icalls/mscorlib/System.Text/Normalization.h
[1026/3206  0s] CopyFiles /Users/lucas-furini/repos/checkout/unity/builds/ios/Il2CppOutputProject/IL2CPP/libil2cpp/icalls/mscorlib/System.Threading/Interlocked.cpp
[1027/3206  0s] CopyFiles /Users/lucas-furini/repos/checkout/unity/builds/ios/Il2CppOutputProject/IL2CPP/libil2cpp/icalls/mscorlib/System.Text/EncodingHelper.h
[1028/3206  0s] CopyFiles /Users/lucas-furini/repos/checkout/unity/builds/ios/Il2CppOutputProject/IL2CPP/libil2cpp/icalls/mscorlib/System.Text/Normalization.cpp
[1029/3206  0s] CopyFiles /Users/lucas-furini/repos/checkout/unity/builds/ios/Il2CppOutputProject/IL2CPP/libil2cpp/icalls/mscorlib/System.Text/EncodingHelper.cpp
[1030/3206  0s] CopyFiles /Users/lucas-furini/repos/checkout/unity/builds/ios/Il2CppOutputProject/IL2CPP/libil2cpp/icalls/mscorlib/System.Security.Principal/WindowsPrincipal.cpp
[1031/3206  0s] CopyFiles /Users/lucas-furini/repos/checkout/unity/builds/ios/Il2CppOutputProject/IL2CPP/libil2cpp/icalls/mscorlib/System.Security.Principal/WindowsPrincipal.h
[1032/3206  0s] CopyFiles /Users/lucas-furini/repos/checkout/unity/builds/ios/Il2CppOutputProject/IL2CPP/libil2cpp/icalls/mscorlib/System.Security.Principal/WindowsImpersonationContext.h
[1033/3206  0s] CopyFiles /Users/lucas-furini/repos/checkout/unity/builds/ios/Il2CppOutputProject/IL2CPP/libil2cpp/icalls/mscorlib/System.Security.Principal/WindowsImpersonationContext.cpp
[1034/3206  0s] CopyFiles /Users/lucas-furini/repos/checkout/unity/builds/ios/Il2CppOutputProject/IL2CPP/libil2cpp/icalls/mscorlib/System.Security.Principal/WindowsIdentity.h
[1035/3206  0s] CopyFiles /Users/lucas-furini/repos/checkout/unity/builds/ios/Il2CppOutputProject/IL2CPP/libil2cpp/icalls/mscorlib/System.Security.Principal/WindowsIdentity.cpp
[1036/3206  0s] CopyFiles /Users/lucas-furini/repos/checkout/unity/builds/ios/Il2CppOutputProject/IL2CPP/libil2cpp/icalls/mscorlib/System.Security.Policy/Evidence.h
[1037/3206  0s] CopyFiles /Users/lucas-furini/repos/checkout/unity/builds/ios/Il2CppOutputProject/IL2CPP/libil2cpp/icalls/mscorlib/System.Security.Policy/Evidence.cpp
[1038/3206  0s] CopyFiles /Users/lucas-furini/repos/checkout/unity/builds/ios/Il2CppOutputProject/IL2CPP/libil2cpp/icalls/mscorlib/System.Security.Cryptography/RNGCryptoServiceProvider.h
[1039/3206  0s] CopyFiles /Users/lucas-furini/repos/checkout/unity/builds/ios/Il2CppOutputProject/IL2CPP/libil2cpp/icalls/mscorlib/System.Security.Cryptography/RNGCryptoServiceProvider.cpp
[1040/3206  0s] CopyFiles /Users/lucas-furini/repos/checkout/unity/builds/ios/Il2CppOutputProject/IL2CPP/libil2cpp/icalls/mscorlib/System.Runtime/RuntimeImports.h
[1041/3206  0s] CopyFiles /Users/lucas-furini/repos/checkout/unity/builds/ios/Il2CppOutputProject/IL2CPP/libil2cpp/icalls/mscorlib/System.Runtime/RuntimeImports.cpp
[1042/3206  0s] CopyFiles /Users/lucas-furini/repos/checkout/unity/builds/ios/Il2CppOutputProject/IL2CPP/libil2cpp/icalls/mscorlib/System.Runtime.Versioning/VersioningHelper.h
[1043/3206  0s] CopyFiles /Users/lucas-furini/repos/checkout/unity/builds/ios/Il2CppOutputProject/IL2CPP/libil2cpp/icalls/mscorlib/System.Runtime.Remoting/RemotingServices.cpp
[1044/3206  0s] CopyFiles /Users/lucas-furini/repos/checkout/unity/builds/ios/Il2CppOutputProject/IL2CPP/libil2cpp/icalls/mscorlib/System.Runtime.Remoting.Proxies/RealProxy.h
[1045/3206  0s] CopyFiles /Users/lucas-furini/repos/checkout/unity/builds/ios/Il2CppOutputProject/IL2CPP/libil2cpp/icalls/mscorlib/System.Runtime.Remoting.Proxies/RealProxy.cpp
[1046/3206  0s] CopyFiles /Users/lucas-furini/repos/checkout/unity/builds/ios/Il2CppOutputProject/IL2CPP/libil2cpp/icalls/mscorlib/System.Runtime.Remoting/RemotingServices.h
[1047/3206  0s] CopyFiles /Users/lucas-furini/repos/checkout/unity/builds/ios/Il2CppOutputProject/IL2CPP/libil2cpp/icalls/mscorlib/System.Runtime.Remoting.Messaging/MonoMethodMessage.h
[1048/3206  0s] CopyFiles /Users/lucas-furini/repos/checkout/unity/builds/ios/Il2CppOutputProject/IL2CPP/libil2cpp/icalls/mscorlib/System.Runtime.Remoting.Messaging/MonoMethodMessage.cpp
[1049/3206  0s] CopyFiles /Users/lucas-furini/repos/checkout/unity/builds/ios/Il2CppOutputProject/IL2CPP/libil2cpp/icalls/mscorlib/System.Runtime.Remoting.Messaging/AsyncResult.h
[1050/3206  0s] CopyFiles /Users/lucas-furini/repos/checkout/unity/builds/ios/Il2CppOutputProject/IL2CPP/libil2cpp/icalls/mscorlib/System.Runtime.Remoting.Messaging/AsyncResult.cpp
[1051/3206  0s] CopyFiles /Users/lucas-furini/repos/checkout/unity/builds/ios/Il2CppOutputProject/IL2CPP/libil2cpp/icalls/mscorlib/System.Runtime.Remoting.Contexts/Context.h
[1052/3206  0s] CopyFiles /Users/lucas-furini/repos/checkout/unity/builds/ios/Il2CppOutputProject/IL2CPP/libil2cpp/icalls/mscorlib/System.Runtime.Versioning/VersioningHelper.cpp
[1053/3206  0s] CopyFiles /Users/lucas-furini/repos/checkout/unity/builds/ios/Il2CppOutputProject/IL2CPP/libil2cpp/icalls/mscorlib/System.Runtime.Remoting.Activation/ActivationServices.h
[1054/3206  0s] CopyFiles /Users/lucas-furini/repos/checkout/unity/builds/ios/Il2CppOutputProject/IL2CPP/libil2cpp/icalls/mscorlib/System.Runtime.Remoting.Activation/ActivationServices.cpp
[1055/3206  0s] CopyFiles /Users/lucas-furini/repos/checkout/unity/builds/ios/Il2CppOutputProject/IL2CPP/libil2cpp/icalls/mscorlib/System.Runtime.Remoting.Contexts/Context.cpp
[1056/3206  0s] CopyFiles /Users/lucas-furini/repos/checkout/unity/builds/ios/Il2CppOutputProject/IL2CPP/libil2cpp/icalls/mscorlib/System.Runtime.InteropServices/RuntimeInformation.h
[1057/3206  0s] CopyFiles /Users/lucas-furini/repos/checkout/unity/builds/ios/Il2CppOutputProject/IL2CPP/libil2cpp/icalls/mscorlib/System.Runtime.InteropServices/RuntimeInformation.cpp
[1058/3206  0s] CopyFiles /Users/lucas-furini/repos/checkout/unity/builds/ios/Il2CppOutputProject/IL2CPP/libil2cpp/icalls/mscorlib/System.Runtime.InteropServices/Marshal.cpp
[1059/3206  0s] CopyFiles /Users/lucas-furini/repos/checkout/unity/builds/ios/Il2CppOutputProject/IL2CPP/libil2cpp/icalls/mscorlib/System.Runtime.InteropServices/GCHandle.h
[1060/3206  0s] CopyFiles /Users/lucas-furini/repos/checkout/unity/builds/ios/Il2CppOutputProject/IL2CPP/libil2cpp/icalls/mscorlib/System.Runtime.InteropServices/Marshal.h
[1061/3206  0s] CopyFiles /Users/lucas-furini/repos/checkout/unity/builds/ios/Il2CppOutputProject/IL2CPP/libil2cpp/icalls/mscorlib/System.Runtime.InteropServices/GCHandle.cpp
[1062/3206  0s] CopyFiles /Users/lucas-furini/repos/checkout/unity/builds/ios/Il2CppOutputProject/IL2CPP/libil2cpp/icalls/mscorlib/System.Runtime.CompilerServices/RuntimeHelpers.h
[1063/3206  0s] CopyFiles /Users/lucas-furini/repos/checkout/unity/builds/ios/Il2CppOutputProject/IL2CPP/libil2cpp/icalls/mscorlib/System.Reflection/RuntimePropertyInfo.h
[1064/3206  0s] CopyFiles /Users/lucas-furini/repos/checkout/unity/builds/ios/Il2CppOutputProject/IL2CPP/libil2cpp/icalls/mscorlib/System.Runtime.CompilerServices/RuntimeHelpers.cpp
[1065/3206  0s] CopyFiles /Users/lucas-furini/repos/checkout/unity/builds/ios/Il2CppOutputProject/IL2CPP/libil2cpp/icalls/mscorlib/System.Reflection/RuntimePropertyInfo.cpp
[1066/3206  0s] CopyFiles /Users/lucas-furini/repos/checkout/unity/builds/ios/Il2CppOutputProject/IL2CPP/libil2cpp/icalls/mscorlib/System.Reflection/RuntimeParameterInfo.cpp
[1067/3206  0s] CopyFiles /Users/lucas-furini/repos/checkout/unity/builds/ios/Il2CppOutputProject/IL2CPP/libil2cpp/icalls/mscorlib/System.Reflection/RuntimeModule.h
[1068/3206  0s] CopyFiles /Users/lucas-furini/repos/checkout/unity/builds/ios/Il2CppOutputProject/IL2CPP/libil2cpp/icalls/mscorlib/System.Reflection/RuntimeParameterInfo.h
[1069/3206  0s] CopyFiles /Users/lucas-furini/repos/checkout/unity/builds/ios/Il2CppOutputProject/IL2CPP/libil2cpp/icalls/mscorlib/System.Reflection/RuntimeModule.cpp
[1070/3206  0s] CopyFiles /Users/lucas-furini/repos/checkout/unity/builds/ios/Il2CppOutputProject/IL2CPP/libil2cpp/icalls/mscorlib/System.Reflection/RuntimeMethodInfo.h
[1071/3206  0s] CopyFiles /Users/lucas-furini/repos/checkout/unity/builds/ios/Il2CppOutputProject/IL2CPP/libil2cpp/icalls/mscorlib/System.Reflection/RuntimeMethodInfo.cpp
[1072/3206  0s] CopyFiles /Users/lucas-furini/repos/checkout/unity/builds/ios/Il2CppOutputProject/IL2CPP/libil2cpp/icalls/mscorlib/System.Reflection/RuntimeFieldInfo.h
[1073/3206  0s] CopyFiles /Users/lucas-furini/repos/checkout/unity/builds/ios/Il2CppOutputProject/IL2CPP/libil2cpp/icalls/mscorlib/System.Reflection/RuntimeFieldInfo.cpp
[1074/3206  0s] CopyFiles /Users/lucas-furini/repos/checkout/unity/builds/ios/Il2CppOutputProject/IL2CPP/libil2cpp/icalls/mscorlib/System.Reflection/ParameterInfo.cpp
[1075/3206  0s] CopyFiles /Users/lucas-furini/repos/checkout/unity/builds/ios/Il2CppOutputProject/IL2CPP/libil2cpp/icalls/mscorlib/System.Reflection/RuntimeEventInfo.h
[1076/3206  0s] CopyFiles /Users/lucas-furini/repos/checkout/unity/builds/ios/Il2CppOutputProject/IL2CPP/libil2cpp/icalls/mscorlib/System.Reflection/RuntimeConstructorInfo.h
[1077/3206  0s] CopyFiles /Users/lucas-furini/repos/checkout/unity/builds/ios/Il2CppOutputProject/IL2CPP/libil2cpp/icalls/mscorlib/System.Reflection/MonoMethod.cpp
[1078/3206  0s] CopyFiles /Users/lucas-furini/repos/checkout/unity/builds/ios/Il2CppOutputProject/IL2CPP/libil2cpp/icalls/mscorlib/System.Reflection/Module.h
[1079/3206  0s] CopyFiles /Users/lucas-furini/repos/checkout/unity/builds/ios/Il2CppOutputProject/IL2CPP/libil2cpp/icalls/mscorlib/System.Reflection/Module.cpp
[1080/3206  0s] CopyFiles /Users/lucas-furini/repos/checkout/unity/builds/ios/Il2CppOutputProject/IL2CPP/libil2cpp/icalls/mscorlib/System.Reflection/RuntimeConstructorInfo.cpp
[1081/3206  0s] CopyFiles /Users/lucas-furini/repos/checkout/unity/builds/ios/Il2CppOutputProject/IL2CPP/libil2cpp/icalls/mscorlib/System.Reflection/RuntimeEventInfo.cpp
[1082/3206  0s] CopyFiles /Users/lucas-furini/repos/checkout/unity/builds/ios/Il2CppOutputProject/IL2CPP/libil2cpp/icalls/mscorlib/System.Reflection/RuntimeAssembly.h
[1084/3206  0s] CopyFiles /Users/lucas-furini/repos/checkout/unity/builds/ios/Il2CppOutputProject/IL2CPP/libil2cpp/icalls/mscorlib/System.Reflection/RuntimeAssembly.cpp
[1085/3206  0s] CopyFiles /Users/lucas-furini/repos/checkout/unity/builds/ios/Il2CppOutputProject/IL2CPP/libil2cpp/icalls/mscorlib/System.Reflection/MonoMethodInfo.h
[1086/3206  0s] CopyFiles /Users/lucas-furini/repos/checkout/unity/builds/ios/Il2CppOutputProject/IL2CPP/libil2cpp/icalls/mscorlib/System.Reflection/MonoMethodInfo.cpp
[1087/3206  0s] CopyFiles /Users/lucas-furini/repos/checkout/unity/builds/ios/Il2CppOutputProject/IL2CPP/libil2cpp/icalls/mscorlib/System.Reflection/MethodBase.h
[1088/3206  0s] CopyFiles /Users/lucas-furini/repos/checkout/unity/builds/ios/Il2CppOutputProject/IL2CPP/libil2cpp/icalls/mscorlib/System.Reflection/MethodBase.cpp
[1089/3206  0s] CopyFiles /Users/lucas-furini/repos/checkout/unity/builds/ios/Il2CppOutputProject/IL2CPP/libil2cpp/icalls/mscorlib/System.Reflection/FieldInfo.h
[1090/3206  0s] CopyFiles /Users/lucas-furini/repos/checkout/unity/builds/ios/Il2CppOutputProject/IL2CPP/libil2cpp/icalls/mscorlib/System.Reflection/FieldInfo.cpp
[1091/3206  0s] CopyFiles /Users/lucas-furini/repos/checkout/unity/builds/ios/Il2CppOutputProject/IL2CPP/libil2cpp/icalls/mscorlib/System.Reflection/EventInfo.h
[1093/3206  0s] CopyFiles /Users/lucas-furini/repos/checkout/unity/builds/ios/Il2CppOutputProject/IL2CPP/libil2cpp/icalls/mscorlib/System.Reflection/EventInfo.cpp
[1094/3206  0s] CopyFiles /Users/lucas-furini/repos/checkout/unity/builds/ios/Il2CppOutputProject/IL2CPP/libil2cpp/icalls/mscorlib/System.Reflection/CustomAttributeData.h
[1095/3206  0s] CopyFiles /Users/lucas-furini/repos/checkout/unity/builds/ios/Il2CppOutputProject/IL2CPP/libil2cpp/icalls/mscorlib/System.Reflection/CustomAttributeData.cpp
[1096/3206  0s] CopyFiles /Users/lucas-furini/repos/checkout/unity/builds/ios/Il2CppOutputProject/IL2CPP/libil2cpp/icalls/mscorlib/System.Reflection/AssemblyName.h
[1097/3206  0s] CopyFiles /Users/lucas-furini/repos/checkout/unity/builds/ios/Il2CppOutputProject/IL2CPP/libil2cpp/icalls/mscorlib/System.Reflection/AssemblyName.cpp
[1098/3206  0s] CopyFiles /Users/lucas-furini/repos/checkout/unity/builds/ios/Il2CppOutputProject/IL2CPP/libil2cpp/icalls/mscorlib/System.Reflection/Assembly.h
[1099/3206  0s] CopyFiles /Users/lucas-furini/repos/checkout/unity/builds/ios/Il2CppOutputProject/IL2CPP/libil2cpp/icalls/mscorlib/System.Reflection/Assembly.cpp
[1100/3206  0s] CopyFiles /Users/lucas-furini/repos/checkout/unity/builds/ios/Il2CppOutputProject/IL2CPP/libil2cpp/icalls/mscorlib/System.IO/Path.h
[1101/3206  0s] CopyFiles /Users/lucas-furini/repos/checkout/unity/builds/ios/Il2CppOutputProject/IL2CPP/libil2cpp/icalls/mscorlib/System.IO/Path.cpp
[1102/3206  0s] CopyFiles /Users/lucas-furini/repos/checkout/unity/builds/ios/Il2CppOutputProject/IL2CPP/libil2cpp/icalls/mscorlib/System.IO/MonoIO.h
[1103/3206  0s] CopyFiles /Users/lucas-furini/repos/checkout/unity/builds/ios/Il2CppOutputProject/IL2CPP/libil2cpp/icalls/mscorlib/System.IO/MonoIO.cpp
[1104/3206  0s] CopyFiles /Users/lucas-furini/repos/checkout/unity/builds/ios/Il2CppOutputProject/IL2CPP/libil2cpp/icalls/mscorlib/System.IO/DriveInfo.h
[1105/3206  0s] CopyFiles /Users/lucas-furini/repos/checkout/unity/builds/ios/Il2CppOutputProject/IL2CPP/libil2cpp/icalls/mscorlib/System.IO/DriveInfo.cpp
[1106/3206  0s] CopyFiles /Users/lucas-furini/repos/checkout/unity/builds/ios/Il2CppOutputProject/IL2CPP/libil2cpp/icalls/mscorlib/System.IO/BrokeredFileSystem.h
[1107/3206  0s] CopyFiles /Users/lucas-furini/repos/checkout/unity/builds/ios/Il2CppOutputProject/IL2CPP/libil2cpp/icalls/mscorlib/System.IO/BrokeredFileSystem.cpp
[1108/3206  0s] CopyFiles /Users/lucas-furini/repos/checkout/unity/builds/ios/Il2CppOutputProject/IL2CPP/libil2cpp/icalls/mscorlib/System.Globalization/RegionInfo.cpp
[1109/3206  0s] CopyFiles /Users/lucas-furini/repos/checkout/unity/builds/ios/Il2CppOutputProject/IL2CPP/libil2cpp/icalls/mscorlib/System.Globalization/Generated/CultureInfoTablesNet_4_0.h
[1110/3206  0s] CopyFiles /Users/lucas-furini/repos/checkout/unity/builds/ios/Il2CppOutputProject/IL2CPP/libil2cpp/icalls/mscorlib/System.Globalization/CultureInfoTables.h
[1111/3206  0s] CopyFiles /Users/lucas-furini/repos/checkout/unity/builds/ios/Il2CppOutputProject/IL2CPP/libil2cpp/icalls/mscorlib/System.Globalization/Generated/CultureInfoInternalsNet_4_0.h
[1112/3206  0s] CopyFiles /Users/lucas-furini/repos/checkout/unity/builds/ios/Il2CppOutputProject/IL2CPP/libil2cpp/icalls/mscorlib/System.Globalization/CultureData.h
[1113/3206  0s] CopyFiles /Users/lucas-furini/repos/checkout/unity/builds/ios/Il2CppOutputProject/IL2CPP/libil2cpp/icalls/mscorlib/System.Globalization/CultureInfoInternals.h
[1114/3206  0s] CopyFiles /Users/lucas-furini/repos/checkout/unity/builds/ios/Il2CppOutputProject/IL2CPP/libil2cpp/icalls/mscorlib/System.Globalization/CultureInfo.cpp
[1115/3206  0s] CopyFiles /Users/lucas-furini/repos/checkout/unity/builds/ios/Il2CppOutputProject/IL2CPP/libil2cpp/icalls/mscorlib/System.Globalization/CultureInfo.h
[1116/3206  0s] CopyFiles /Users/lucas-furini/repos/checkout/unity/builds/ios/Il2CppOutputProject/IL2CPP/libil2cpp/icalls/mscorlib/System.Globalization/CultureData.cpp
[1117/3206  0s] CopyFiles /Users/lucas-furini/repos/checkout/unity/builds/ios/Il2CppOutputProject/IL2CPP/libil2cpp/icalls/mscorlib/System.Globalization/RegionInfo.h
[1118/3206  0s] CopyFiles /Users/lucas-furini/repos/checkout/unity/builds/ios/Il2CppOutputProject/IL2CPP/libil2cpp/icalls/mscorlib/System.Globalization/CompareInfo.h
[1119/3206  0s] CopyFiles /Users/lucas-furini/repos/checkout/unity/builds/ios/Il2CppOutputProject/IL2CPP/libil2cpp/icalls/mscorlib/System.Globalization/CompareInfo.cpp
[1120/3206  0s] CopyFiles /Users/lucas-furini/repos/checkout/unity/builds/ios/Il2CppOutputProject/IL2CPP/libil2cpp/icalls/mscorlib/System.Globalization/CalendarData.h
[1121/3206  0s] CopyFiles /Users/lucas-furini/repos/checkout/unity/builds/ios/Il2CppOutputProject/IL2CPP/libil2cpp/icalls/mscorlib/System.Globalization/CalendarData.cpp
[1122/3206  0s] CopyFiles /Users/lucas-furini/repos/checkout/unity/builds/ios/Il2CppOutputProject/IL2CPP/libil2cpp/icalls/mscorlib/System.Diagnostics/StackTrace.h
[1123/3206  0s] CopyFiles /Users/lucas-furini/repos/checkout/unity/builds/ios/Il2CppOutputProject/IL2CPP/libil2cpp/icalls/mscorlib/System.Diagnostics/StackFrame.h
[1124/3206  0s] CopyFiles /Users/lucas-furini/repos/checkout/unity/builds/ios/Il2CppOutputProject/IL2CPP/libil2cpp/icalls/mscorlib/System.Diagnostics/StackTrace.cpp
[1125/3206  0s] CopyFiles /Users/lucas-furini/repos/checkout/unity/builds/ios/Il2CppOutputProject/IL2CPP/libil2cpp/icalls/mscorlib/Mono/SafeStringMarshal.h
[1126/3206  0s] CopyFiles /Users/lucas-furini/repos/checkout/unity/builds/ios/Il2CppOutputProject/IL2CPP/libil2cpp/icalls/mscorlib/System.Diagnostics/Debugger.cpp
[1127/3206  0s] CopyFiles /Users/lucas-furini/repos/checkout/unity/builds/ios/Il2CppOutputProject/IL2CPP/libil2cpp/icalls/mscorlib/System.Diagnostics/StackFrame.cpp
[1128/3206  0s] CopyFiles /Users/lucas-furini/repos/checkout/unity/builds/ios/Il2CppOutputProject/IL2CPP/libil2cpp/icalls/mscorlib/System.Globalization/CompareOptions.h
[1129/3206  0s] CopyFiles /Users/lucas-furini/repos/checkout/unity/builds/ios/Il2CppOutputProject/IL2CPP/libil2cpp/icalls/mscorlib/Mono/SafeStringMarshal.cpp
[1130/3206  0s] CopyFiles /Users/lucas-furini/repos/checkout/unity/builds/ios/Il2CppOutputProject/IL2CPP/libil2cpp/icalls/mscorlib/System.Diagnostics/Debugger.h
[1131/3206  0s] CopyFiles /Users/lucas-furini/repos/checkout/unity/builds/ios/Il2CppOutputProject/IL2CPP/libil2cpp/icalls/mscorlib/Mono/RuntimeGPtrArrayHandle.h
[1132/3206  0s] CopyFiles /Users/lucas-furini/repos/checkout/unity/builds/ios/Il2CppOutputProject/IL2CPP/libil2cpp/icalls/mscorlib/Mono/RuntimeMarshal.h
[1133/3206  0s] CopyFiles /Users/lucas-furini/repos/checkout/unity/builds/ios/Il2CppOutputProject/IL2CPP/libil2cpp/icalls/mscorlib/Mono/RuntimeGPtrArrayHandle.cpp
[1134/3206  0s] CopyFiles /Users/lucas-furini/repos/checkout/unity/builds/ios/Il2CppOutputProject/IL2CPP/libil2cpp/icalls/mscorlib/Mono/RuntimeClassHandle.h
[1135/3206  0s] CopyFiles /Users/lucas-furini/repos/checkout/unity/builds/ios/Il2CppOutputProject/IL2CPP/libil2cpp/icalls/mscorlib/Mono/RuntimeClassHandle.cpp
[1136/3206  0s] CopyFiles /Users/lucas-furini/repos/checkout/unity/builds/ios/Il2CppOutputProject/IL2CPP/libil2cpp/icalls/mscorlib/Mono.Unity/UnityTls.h
[1137/3206  0s] CopyFiles /Users/lucas-furini/repos/checkout/unity/builds/ios/Il2CppOutputProject/IL2CPP/libil2cpp/icalls/mscorlib/Mono/RuntimeMarshal.cpp
[1138/3206  0s] CopyFiles /Users/lucas-furini/repos/checkout/unity/builds/ios/Il2CppOutputProject/IL2CPP/libil2cpp/icalls/mscorlib/Microsoft.Win32/NativeMethods.h
[1139/3206  0s] CopyFiles /Users/lucas-furini/repos/checkout/unity/builds/ios/Il2CppOutputProject/IL2CPP/libil2cpp/icalls/mscorlib/Mono.Unity/UnityTls.cpp
[1140/3206  0s] CopyFiles /Users/lucas-furini/repos/checkout/unity/builds/ios/Il2CppOutputProject/IL2CPP/libil2cpp/icalls/mscorlib/Mono/Runtime.cpp
[1141/3206  0s] CopyFiles /Users/lucas-furini/repos/checkout/unity/builds/ios/Il2CppOutputProject/IL2CPP/libil2cpp/icalls/mscorlib/Mono.Security.Cryptography/KeyPairPersistence.h
[1142/3206  0s] CopyFiles /Users/lucas-furini/repos/checkout/unity/builds/ios/Il2CppOutputProject/IL2CPP/libil2cpp/icalls/mscorlib/Mono.Security.Cryptography/KeyPairPersistence.cpp
[1143/3206  0s] CopyFiles /Users/lucas-furini/repos/checkout/unity/builds/ios/Il2CppOutputProject/IL2CPP/libil2cpp/icalls/mscorlib/Interop.h
[1144/3206  0s] CopyFiles /Users/lucas-furini/repos/checkout/unity/builds/ios/Il2CppOutputProject/IL2CPP/libil2cpp/icalls/mscorlib/Microsoft.Win32/NativeMethods.cpp
[1145/3206  0s] CopyFiles /Users/lucas-furini/repos/checkout/unity/builds/ios/Il2CppOutputProject/IL2CPP/libil2cpp/gc/WriteBarrier.h
[1146/3206  0s] CopyFiles /Users/lucas-furini/repos/checkout/unity/builds/ios/Il2CppOutputProject/IL2CPP/libil2cpp/gc/WriteBarrierValidation.h
[1147/3206  0s] CopyFiles /Users/lucas-furini/repos/checkout/unity/builds/ios/Il2CppOutputProject/IL2CPP/libil2cpp/gc/WriteBarrier.cpp
[1148/3206  0s] CopyFiles /Users/lucas-furini/repos/checkout/unity/builds/ios/Il2CppOutputProject/IL2CPP/libil2cpp/gc/WriteBarrierValidation.cpp
[1149/3206  0s] CopyFiles /Users/lucas-furini/repos/checkout/unity/builds/ios/Il2CppOutputProject/IL2CPP/libil2cpp/icalls/mscorlib/Interop.cpp
[1150/3206  0s] CopyFiles /Users/lucas-furini/repos/checkout/unity/builds/ios/Il2CppOutputProject/IL2CPP/libil2cpp/gc/GCHandle.h
[1151/3206  0s] CopyFiles /Users/lucas-furini/repos/checkout/unity/builds/ios/Il2CppOutputProject/IL2CPP/libil2cpp/gc/GarbageCollector.cpp
[1152/3206  0s] CopyFiles /Users/lucas-furini/repos/checkout/unity/builds/ios/Il2CppOutputProject/IL2CPP/libil2cpp/gc/gc_wrapper.h
[1153/3206  0s] CopyFiles /Users/lucas-furini/repos/checkout/unity/builds/ios/Il2CppOutputProject/IL2CPP/libil2cpp/gc/GarbageCollector.h
[1154/3206  0s] CopyFiles /Users/lucas-furini/repos/checkout/unity/builds/ios/Il2CppOutputProject/IL2CPP/libil2cpp/gc/NullGC.cpp
[1155/3206  0s] CopyFiles /Users/lucas-furini/repos/checkout/unity/builds/ios/Il2CppOutputProject/IL2CPP/libil2cpp/gc/GCHandle.cpp
[1156/3206  0s] CopyFiles /Users/lucas-furini/repos/checkout/unity/builds/ios/Il2CppOutputProject/IL2CPP/libil2cpp/gc/AppendOnlyGCHashMap.h
[1157/3206  0s] CopyFiles /Users/lucas-furini/repos/checkout/unity/builds/ios/Il2CppOutputProject/IL2CPP/libil2cpp/gc/BoehmGC.cpp
[1158/3206  0s] CopyFiles /Users/lucas-furini/repos/checkout/unity/builds/ios/Il2CppOutputProject/IL2CPP/libil2cpp/gc/Allocator.h
[1159/3206  0s] CopyFiles /Users/lucas-furini/repos/checkout/unity/builds/ios/Il2CppOutputProject/IL2CPP/libil2cpp/debugger/il2cpp-api-debugger.h
[1160/3206  0s] CopyFiles /Users/lucas-furini/repos/checkout/unity/builds/ios/Il2CppOutputProject/IL2CPP/libil2cpp/debugger/il2cpp-api-debugger.cpp
[1161/3206  0s] CopyFiles /Users/lucas-furini/repos/checkout/unity/builds/ios/Il2CppOutputProject/IL2CPP/libil2cpp/codegen/il2cpp-codegen.cpp
[1162/3206  0s] CopyFiles /Users/lucas-furini/repos/checkout/unity/builds/ios/Il2CppOutputProject/IL2CPP/libil2cpp/codegen/il2cpp-codegen-oldintrinsics.h
[1163/3206  0s] CopyFiles /Users/lucas-furini/repos/checkout/unity/builds/ios/Il2CppOutputProject/IL2CPP/libil2cpp/codegen/il2cpp-codegen-oldintrinsics.cpp
[1164/3206  0s] CopyFiles /Users/lucas-furini/repos/checkout/unity/builds/ios/Il2CppOutputProject/IL2CPP/libil2cpp/codegen/il2cpp-codegen.h
[1165/3206  0s] CopyFiles /Users/lucas-furini/repos/checkout/unity/builds/ios/Il2CppOutputProject/IL2CPP/libil2cpp/char-conversions.h
[1166/3206  0s] CopyFiles /Users/lucas-furini/repos/checkout/unity/builds/ios/Il2CppOutputProject/IL2CPP/libil2cpp/char-conversions.cpp
[1167/3206  0s] CopyFiles /Users/lucas-furini/repos/checkout/unity/builds/ios/Il2CppOutputProject/IL2CPP/external/zlib-unity/zutil.h
[1168/3206  0s] CopyFiles /Users/lucas-furini/repos/checkout/unity/builds/ios/Il2CppOutputProject/IL2CPP/external/zlib-unity/README
[1169/3206  0s] CopyFiles /Users/lucas-furini/repos/checkout/unity/builds/ios/Il2CppOutputProject/IL2CPP/external/zlib-unity/zutil.c
[1170/3206  0s] CopyFiles /Users/lucas-furini/repos/checkout/unity/builds/ios/Il2CppOutputProject/IL2CPP/external/zlib-unity/zlib.h
[1171/3206  0s] CopyFiles /Users/lucas-furini/repos/checkout/unity/builds/ios/Il2CppOutputProject/IL2CPP/external/zlib-unity/uncompr.c
[1172/3206  0s] CopyFiles /Users/lucas-furini/repos/checkout/unity/builds/ios/Il2CppOutputProject/IL2CPP/libil2cpp/icalls/mscorlib/Mono/Runtime.h
[1173/3206  0s] CopyFiles /Users/lucas-furini/repos/checkout/unity/builds/ios/Il2CppOutputProject/IL2CPP/external/zlib-unity/trees.h
[1174/3206  0s] CopyFiles /Users/lucas-furini/repos/checkout/unity/builds/ios/Il2CppOutputProject/IL2CPP/external/zlib-unity/trees.c
[1175/3206  0s] CopyFiles /Users/lucas-furini/repos/checkout/unity/builds/ios/Il2CppOutputProject/IL2CPP/external/zlib-unity/inftrees.h
[1176/3206  0s] CopyFiles /Users/lucas-furini/repos/checkout/unity/builds/ios/Il2CppOutputProject/IL2CPP/external/zlib-unity/inflate.h
[1177/3206  0s] CopyFiles /Users/lucas-furini/repos/checkout/unity/builds/ios/Il2CppOutputProject/IL2CPP/external/zlib-unity/inftrees.c
[1178/3206  0s] CopyFiles /Users/lucas-furini/repos/checkout/unity/builds/ios/Il2CppOutputProject/IL2CPP/external/zlib-unity/zconf.h
[1179/3206  0s] CopyFiles /Users/lucas-furini/repos/checkout/unity/builds/ios/Il2CppOutputProject/IL2CPP/external/zlib-unity/inflate.c
[1180/3206  0s] CopyFiles /Users/lucas-furini/repos/checkout/unity/builds/ios/Il2CppOutputProject/IL2CPP/external/zlib-unity/inffixed.h
[1181/3206  0s] CopyFiles /Users/lucas-furini/repos/checkout/unity/builds/ios/Il2CppOutputProject/IL2CPP/external/zlib-unity/gzread.c
[1182/3206  0s] CopyFiles /Users/lucas-furini/repos/checkout/unity/builds/ios/Il2CppOutputProject/IL2CPP/external/zlib-unity/gzwrite.c
[1183/3206  0s] CopyFiles /Users/lucas-furini/repos/checkout/unity/builds/ios/Il2CppOutputProject/IL2CPP/external/zlib-unity/infback.c
[1184/3206  0s] CopyFiles /Users/lucas-furini/repos/checkout/unity/builds/ios/Il2CppOutputProject/IL2CPP/external/zlib-unity/inffast.c
[1185/3206  0s] CopyFiles /Users/lucas-furini/repos/checkout/unity/builds/ios/Il2CppOutputProject/IL2CPP/external/zlib-unity/gzlib.c
[1186/3206  0s] CopyFiles /Users/lucas-furini/repos/checkout/unity/builds/ios/Il2CppOutputProject/IL2CPP/external/zlib-unity/inffast.h
[1187/3206  0s] CopyFiles /Users/lucas-furini/repos/checkout/unity/builds/ios/Il2CppOutputProject/IL2CPP/libil2cpp/codegen/il2cpp-codegen-metadata.h
[1188/3206  0s] CopyFiles /Users/lucas-furini/repos/checkout/unity/builds/ios/Il2CppOutputProject/IL2CPP/external/zlib-unity/crc32.c
[1189/3206  0s] CopyFiles /Users/lucas-furini/repos/checkout/unity/builds/ios/Il2CppOutputProject/IL2CPP/external/zlib-unity/gzguts.h
[1190/3206  0s] CopyFiles /Users/lucas-furini/repos/checkout/unity/builds/ios/Il2CppOutputProject/IL2CPP/external/xxHash/README.md
[1191/3206  0s] CopyFiles /Users/lucas-furini/repos/checkout/unity/builds/ios/Il2CppOutputProject/IL2CPP/external/zlib-unity/adler32.c
[1192/3206  0s] CopyFiles /Users/lucas-furini/repos/checkout/unity/builds/ios/Il2CppOutputProject/IL2CPP/external/xxHash/xxhash.h
[1193/3206  0s] CopyFiles /Users/lucas-furini/repos/checkout/unity/builds/ios/Il2CppOutputProject/IL2CPP/external/zlib-unity/gzclose.c
[1194/3206  0s] CopyFiles /Users/lucas-furini/repos/checkout/unity/builds/ios/Il2CppOutputProject/IL2CPP/external/xamarin-android/README
[1195/3206  0s] CopyFiles /Users/lucas-furini/repos/checkout/unity/builds/ios/Il2CppOutputProject/IL2CPP/external/xxHash/cmake_unofficial/README.md
[1196/3206  0s] CopyFiles /Users/lucas-furini/repos/checkout/unity/builds/ios/Il2CppOutputProject/IL2CPP/external/xxHash/xxhash.c
[1197/3206  0s] CopyFiles /Users/lucas-furini/repos/checkout/unity/builds/ios/Il2CppOutputProject/IL2CPP/external/xamarin-android/xamarin_getifaddrs.h
[1198/3206  0s] CopyFiles /Users/lucas-furini/repos/checkout/unity/builds/ios/Il2CppOutputProject/IL2CPP/external/zlib-unity/deflate.h
[1199/3206  0s] CopyFiles /Users/lucas-furini/repos/checkout/unity/builds/ios/Il2CppOutputProject/IL2CPP/external/xxHash/xxh3.h
[1200/3206  0s] CopyFiles /Users/lucas-furini/repos/checkout/unity/builds/ios/Il2CppOutputProject/IL2CPP/external/zlib-unity/crc32.h
[1201/3206  0s] CopyFiles /Users/lucas-furini/repos/checkout/unity/builds/ios/Il2CppOutputProject/IL2CPP/external/xamarin-android/logger.h
[1202/3206  0s] CopyFiles /Users/lucas-furini/repos/checkout/unity/builds/ios/Il2CppOutputProject/IL2CPP/external/xamarin-android/xamarin_getifaddrs.c
[1203/3206  0s] CopyFiles /Users/lucas-furini/repos/checkout/unity/builds/ios/Il2CppOutputProject/IL2CPP/external/xamarin-android/monodroid.h
[1204/3206  0s] CopyFiles /Users/lucas-furini/repos/checkout/unity/builds/ios/Il2CppOutputProject/IL2CPP/external/zlib-unity/deflate.c
[1205/3206  0s] CopyFiles /Users/lucas-furini/repos/checkout/unity/builds/ios/Il2CppOutputProject/IL2CPP/external/mono/support/libm/complex.c
[1206/3206  0s] CopyFiles /Users/lucas-furini/repos/checkout/unity/builds/ios/Il2CppOutputProject/IL2CPP/external/mono/support/libm/complex.h
[1207/3206  0s] CopyFiles /Users/lucas-furini/repos/checkout/unity/builds/ios/Il2CppOutputProject/IL2CPP/external/mono/mono/utils/ward.h
[1208/3206  0s] CopyFiles /Users/lucas-furini/repos/checkout/unity/builds/ios/Il2CppOutputProject/IL2CPP/external/mono/mono/utils/w32subset.h
[1209/3206  0s] CopyFiles /Users/lucas-furini/repos/checkout/unity/builds/ios/Il2CppOutputProject/IL2CPP/external/mono/mono/utils/w32api.h
[1210/3206  0s] CopyFiles /Users/lucas-furini/repos/checkout/unity/builds/ios/Il2CppOutputProject/IL2CPP/external/mono/mono/utils/valgrind.h
[1211/3206  0s] CopyFiles /Users/lucas-furini/repos/checkout/unity/builds/ios/Il2CppOutputProject/IL2CPP/external/mono/support/libm/math_private.h
[1212/3206  0s] CopyFiles /Users/lucas-furini/repos/checkout/unity/builds/ios/Il2CppOutputProject/IL2CPP/external/mono/mono/utils/unity-time.c
[1213/3206  0s] CopyFiles /Users/lucas-furini/repos/checkout/unity/builds/ios/Il2CppOutputProject/IL2CPP/external/mono/mono/utils/strenc-internals.h
[1214/3206  0s] CopyFiles /Users/lucas-furini/repos/checkout/unity/builds/ios/Il2CppOutputProject/IL2CPP/external/mono/mono/utils/strenc.c
[1215/3206  0s] CopyFiles /Users/lucas-furini/repos/checkout/unity/builds/ios/Il2CppOutputProject/IL2CPP/external/mono/mono/utils/strenc.h
[1216/3206  0s] CopyFiles /Users/lucas-furini/repos/checkout/unity/builds/ios/Il2CppOutputProject/IL2CPP/external/mono/mono/utils/refcount.h
[1217/3206  0s] CopyFiles /Users/lucas-furini/repos/checkout/unity/builds/ios/Il2CppOutputProject/IL2CPP/external/mono/mono/utils/unlocked.h
[1218/3206  0s] CopyFiles /Users/lucas-furini/repos/checkout/unity/builds/ios/Il2CppOutputProject/IL2CPP/external/mono/mono/utils/parse.h
[1219/3206  0s] CopyFiles /Users/lucas-furini/repos/checkout/unity/builds/ios/Il2CppOutputProject/IL2CPP/external/mono/mono/utils/parse.c
[1220/3206  0s] CopyFiles /Users/lucas-furini/repos/checkout/unity/builds/ios/Il2CppOutputProject/IL2CPP/external/mono/mono/utils/os-event-unity.c
[1221/3206  0s] CopyFiles /Users/lucas-furini/repos/checkout/unity/builds/ios/Il2CppOutputProject/IL2CPP/external/mono/mono/utils/os-event-unix.c
[1222/3206  0s] CopyFiles /Users/lucas-furini/repos/checkout/unity/builds/ios/Il2CppOutputProject/IL2CPP/external/mono/mono/utils/networking.h
[1223/3206  0s] CopyFiles /Users/lucas-furini/repos/checkout/unity/builds/ios/Il2CppOutputProject/IL2CPP/external/mono/mono/utils/os-event-win32.c
[1224/3206  0s] CopyFiles /Users/lucas-furini/repos/checkout/unity/builds/ios/Il2CppOutputProject/IL2CPP/external/mono/mono/utils/networking.c
[1225/3206  0s] CopyFiles /Users/lucas-furini/repos/checkout/unity/builds/ios/Il2CppOutputProject/IL2CPP/external/mono/mono/utils/networking-posix.c
[1226/3206  0s] CopyFiles /Users/lucas-furini/repos/checkout/unity/builds/ios/Il2CppOutputProject/IL2CPP/external/mono/mono/utils/networking-windows.c
[1227/3206  0s] CopyFiles /Users/lucas-furini/repos/checkout/unity/builds/ios/Il2CppOutputProject/IL2CPP/external/mono/mono/utils/os-event.h
[1228/3206  0s] CopyFiles /Users/lucas-furini/repos/checkout/unity/builds/ios/Il2CppOutputProject/IL2CPP/external/mono/mono/utils/monobitset.c
[1229/3206  0s] CopyFiles /Users/lucas-furini/repos/checkout/unity/builds/ios/Il2CppOutputProject/IL2CPP/external/mono/mono/utils/mono-value-hash.h
[1230/3206  0s] CopyFiles /Users/lucas-furini/repos/checkout/unity/builds/ios/Il2CppOutputProject/IL2CPP/external/mono/mono/utils/monobitset.h
[1231/3206  0s] CopyFiles /Users/lucas-furini/repos/checkout/unity/builds/ios/Il2CppOutputProject/IL2CPP/external/mono/mono/utils/networking-missing.c
[1232/3206  0s] CopyFiles /Users/lucas-furini/repos/checkout/unity/builds/ios/Il2CppOutputProject/IL2CPP/external/mono/mono/utils/mono-value-hash.c
[1233/3206  0s] CopyFiles /Users/lucas-furini/repos/checkout/unity/builds/ios/Il2CppOutputProject/IL2CPP/external/mono/mono/utils/mono-uri.h
[1234/3206  0s] CopyFiles /Users/lucas-furini/repos/checkout/unity/builds/ios/Il2CppOutputProject/IL2CPP/external/mono/mono/utils/mono-uri.c
[1235/3206  0s] CopyFiles /Users/lucas-furini/repos/checkout/unity/builds/ios/Il2CppOutputProject/IL2CPP/external/mono/mono/utils/mono-time.h
[1236/3206  0s] CopyFiles /Users/lucas-furini/repos/checkout/unity/builds/ios/Il2CppOutputProject/IL2CPP/external/mono/mono/utils/networking-unity.c
[1237/3206  0s] CopyFiles /Users/lucas-furini/repos/checkout/unity/builds/ios/Il2CppOutputProject/IL2CPP/external/mono/mono/utils/mono-tls.c
[1238/3206  0s] CopyFiles /Users/lucas-furini/repos/checkout/unity/builds/ios/Il2CppOutputProject/IL2CPP/external/mono/mono/utils/mono-threads-windows.c
[1239/3206  0s] CopyFiles /Users/lucas-furini/repos/checkout/unity/builds/ios/Il2CppOutputProject/IL2CPP/external/mono/mono/utils/mono-tls-inline.h
[1240/3206  0s] CopyFiles /Users/lucas-furini/repos/checkout/unity/builds/ios/Il2CppOutputProject/IL2CPP/external/mono/mono/utils/mono-threads.h
[1241/3206  0s] CopyFiles /Users/lucas-furini/repos/checkout/unity/builds/ios/Il2CppOutputProject/IL2CPP/external/mono/mono/utils/mono-tls.h
[1242/3206  0s] CopyFiles /Users/lucas-furini/repos/checkout/unity/builds/ios/Il2CppOutputProject/IL2CPP/external/mono/mono/utils/mono-threads-unity.c
[1243/3206  0s] CopyFiles /Users/lucas-furini/repos/checkout/unity/builds/ios/Il2CppOutputProject/IL2CPP/external/mono/mono/utils/mono-threads.c
[1244/3206  0s] CopyFiles /Users/lucas-furini/repos/checkout/unity/builds/ios/Il2CppOutputProject/IL2CPP/external/mono/mono/utils/mono-threads-posix.c
[1245/3206  0s] CopyFiles /Users/lucas-furini/repos/checkout/unity/builds/ios/Il2CppOutputProject/IL2CPP/external/mono/mono/utils/mono-threads-debug.h
[1246/3206  0s] CopyFiles /Users/lucas-furini/repos/checkout/unity/builds/ios/Il2CppOutputProject/IL2CPP/external/mono/mono/utils/mono-threads-mach.c
[1247/3206  0s] CopyFiles /Users/lucas-furini/repos/checkout/unity/builds/ios/Il2CppOutputProject/IL2CPP/external/mono/mono/utils/mono-threads-coop.h
[1248/3206  0s] CopyFiles /Users/lucas-furini/repos/checkout/unity/builds/ios/Il2CppOutputProject/IL2CPP/external/mono/mono/utils/mono-threads-state-machine.c
[1249/3206  0s] CopyFiles /Users/lucas-furini/repos/checkout/unity/builds/ios/Il2CppOutputProject/IL2CPP/external/mono/mono/utils/mono-threads-coop.c
[1250/3206  0s] CopyFiles /Users/lucas-furini/repos/checkout/unity/builds/ios/Il2CppOutputProject/IL2CPP/external/mono/mono/utils/mono-threads-mach-helper.c
[1251/3206  0s] CopyFiles /Users/lucas-furini/repos/checkout/unity/builds/ios/Il2CppOutputProject/IL2CPP/external/mono/mono/utils/mono-threads-posix-signals.c
[1252/3206  0s] CopyFiles /Users/lucas-furini/repos/checkout/unity/builds/ios/Il2CppOutputProject/IL2CPP/external/mono/mono/utils/mono-stdlib.c
[1253/3206  0s] CopyFiles /Users/lucas-furini/repos/checkout/unity/builds/ios/Il2CppOutputProject/IL2CPP/external/mono/mono/utils/mono-threads-api.h
[1254/3206  0s] CopyFiles /Users/lucas-furini/repos/checkout/unity/builds/ios/Il2CppOutputProject/IL2CPP/external/mono/mono/utils/mono-threads-android.c
[1255/3206  0s] CopyFiles /Users/lucas-furini/repos/checkout/unity/builds/ios/Il2CppOutputProject/IL2CPP/external/mono/mono/utils/mono-stdlib.h
[1256/3206  0s] CopyFiles /Users/lucas-furini/repos/checkout/unity/builds/ios/Il2CppOutputProject/IL2CPP/external/mono/mono/utils/mono-string.h
[1257/3206  0s] CopyFiles /Users/lucas-furini/repos/checkout/unity/builds/ios/Il2CppOutputProject/IL2CPP/external/mono/mono/utils/mono-sigcontext.h
[1258/3206  0s] CopyFiles /Users/lucas-furini/repos/checkout/unity/builds/ios/Il2CppOutputProject/IL2CPP/external/mono/mono/utils/mono-stack-unwinding.h
[1259/3206  0s] CopyFiles /Users/lucas-furini/repos/checkout/unity/builds/ios/Il2CppOutputProject/IL2CPP/external/mono/mono/utils/mono-signal-handler.h
[1260/3206  0s] CopyFiles /Users/lucas-furini/repos/checkout/unity/builds/ios/Il2CppOutputProject/IL2CPP/external/mono/mono/utils/mono-sha1.c
[1261/3206  0s] CopyFiles /Users/lucas-furini/repos/checkout/unity/builds/ios/Il2CppOutputProject/IL2CPP/external/mono/mono/utils/mono-rand.h
[1262/3206  0s] CopyFiles /Users/lucas-furini/repos/checkout/unity/builds/ios/Il2CppOutputProject/IL2CPP/external/mono/mono/utils/mono-publib.h
[1263/3206  0s] CopyFiles /Users/lucas-furini/repos/checkout/unity/builds/ios/Il2CppOutputProject/IL2CPP/external/mono/mono/utils/mono-property-hash.h
[1264/3206  0s] CopyFiles /Users/lucas-furini/repos/checkout/unity/builds/ios/Il2CppOutputProject/IL2CPP/external/mono/mono/utils/mono-proclib.h
[1265/3206  0s] CopyFiles /Users/lucas-furini/repos/checkout/unity/builds/ios/Il2CppOutputProject/IL2CPP/external/mono/mono/utils/mono-property-hash.c
[1266/3206  0s] CopyFiles /Users/lucas-furini/repos/checkout/unity/builds/ios/Il2CppOutputProject/IL2CPP/external/mono/mono/utils/mono-publib.c
[1267/3206  0s] CopyFiles /Users/lucas-furini/repos/checkout/unity/builds/ios/Il2CppOutputProject/IL2CPP/external/mono/mono/utils/mono-proclib-windows.c
[1268/3206  0s] CopyFiles /Users/lucas-furini/repos/checkout/unity/builds/ios/Il2CppOutputProject/IL2CPP/external/mono/mono/utils/mono-proclib.c
[1269/3206  0s] CopyFiles /Users/lucas-furini/repos/checkout/unity/builds/ios/Il2CppOutputProject/IL2CPP/external/mono/mono/utils/mono-path.h
[1270/3206  0s] CopyFiles /Users/lucas-furini/repos/checkout/unity/builds/ios/Il2CppOutputProject/IL2CPP/external/mono/mono/utils/mono-poll.h
[1271/3206  0s] CopyFiles /Users/lucas-furini/repos/checkout/unity/builds/ios/Il2CppOutputProject/IL2CPP/external/mono/mono/utils/mono-poll.c
[1272/3206  0s] CopyFiles /Users/lucas-furini/repos/checkout/unity/builds/ios/Il2CppOutputProject/IL2CPP/external/mono/mono/utils/mono-path.c
[1273/3206  0s] CopyFiles /Users/lucas-furini/repos/checkout/unity/builds/ios/Il2CppOutputProject/IL2CPP/external/mono/mono/utils/mono-os-semaphore.h
[1274/3206  0s] CopyFiles /Users/lucas-furini/repos/checkout/unity/builds/ios/Il2CppOutputProject/IL2CPP/external/mono/mono/utils/mono-os-wait-win32.c
[1275/3206  0s] CopyFiles /Users/lucas-furini/repos/checkout/unity/builds/ios/Il2CppOutputProject/IL2CPP/external/mono/mono/utils/mono-os-semaphore-win32.c
[1276/3206  0s] CopyFiles /Users/lucas-furini/repos/checkout/unity/builds/ios/Il2CppOutputProject/IL2CPP/external/mono/mono/utils/mono-os-mutex.h
[1277/3206  0s] CopyFiles /Users/lucas-furini/repos/checkout/unity/builds/ios/Il2CppOutputProject/IL2CPP/external/mono/mono/utils/mono-once.h
[1278/3206  0s] CopyFiles /Users/lucas-furini/repos/checkout/unity/builds/ios/Il2CppOutputProject/IL2CPP/external/mono/mono/utils/mono-os-wait-win32-uwp.c
[1279/3206  0s] CopyFiles /Users/lucas-furini/repos/checkout/unity/builds/ios/Il2CppOutputProject/IL2CPP/external/mono/mono/utils/mono-os-mutex.c
[1280/3206  0s] CopyFiles /Users/lucas-furini/repos/checkout/unity/builds/ios/Il2CppOutputProject/IL2CPP/external/mono/mono/utils/mono-networkinterfaces.h
[1281/3206  0s] CopyFiles /Users/lucas-furini/repos/checkout/unity/builds/ios/Il2CppOutputProject/IL2CPP/external/mono/mono/utils/mono-os-wait.h
[1282/3206  0s] CopyFiles /Users/lucas-furini/repos/checkout/unity/builds/ios/Il2CppOutputProject/IL2CPP/external/mono/mono/utils/mono-networkinterfaces.c
[1283/3206  0s] CopyFiles /Users/lucas-furini/repos/checkout/unity/builds/ios/Il2CppOutputProject/IL2CPP/external/mono/mono/utils/mono-mmap-internals.h
[1284/3206  0s] CopyFiles /Users/lucas-furini/repos/checkout/unity/builds/ios/Il2CppOutputProject/IL2CPP/external/mono/mono/utils/mono-mmap.c
[1285/3206  0s] CopyFiles /Users/lucas-furini/repos/checkout/unity/builds/ios/Il2CppOutputProject/IL2CPP/external/mono/mono/utils/mono-mmap.h
[1286/3206  0s] CopyFiles /Users/lucas-furini/repos/checkout/unity/builds/ios/Il2CppOutputProject/IL2CPP/external/mono/mono/utils/mono-mmap-windows-internals.h
[1287/3206  0s] CopyFiles /Users/lucas-furini/repos/checkout/unity/builds/ios/Il2CppOutputProject/IL2CPP/external/mono/mono/utils/mono-memory-model.h
[1288/3206  0s] CopyFiles /Users/lucas-furini/repos/checkout/unity/builds/ios/Il2CppOutputProject/IL2CPP/external/mono/mono/utils/mono-mmap-windows.c
[1289/3206  0s] CopyFiles /Users/lucas-furini/repos/checkout/unity/builds/ios/Il2CppOutputProject/IL2CPP/external/mono/mono/utils/mono-membar.h
[1290/3206  0s] CopyFiles /Users/lucas-furini/repos/checkout/unity/builds/ios/Il2CppOutputProject/IL2CPP/external/mono/mono/utils/mono-logger.h
[1291/3206  0s] CopyFiles /Users/lucas-furini/repos/checkout/unity/builds/ios/Il2CppOutputProject/IL2CPP/external/mono/mono/utils/mono-md5.c
[1292/3206  0s] CopyFiles /Users/lucas-furini/repos/checkout/unity/builds/ios/Il2CppOutputProject/IL2CPP/external/mono/mono/utils/mono-machine.h
[1293/3206  0s] CopyFiles /Users/lucas-furini/repos/checkout/unity/builds/ios/Il2CppOutputProject/IL2CPP/external/mono/mono/utils/mono-log-unity.c
[1294/3206  0s] CopyFiles /Users/lucas-furini/repos/checkout/unity/builds/ios/Il2CppOutputProject/IL2CPP/external/mono/mono/utils/mono-logger.c
[1295/3206  0s] CopyFiles /Users/lucas-furini/repos/checkout/unity/builds/ios/Il2CppOutputProject/IL2CPP/external/mono/mono/utils/mono-math.c
[1296/3206  0s] CopyFiles /Users/lucas-furini/repos/checkout/unity/builds/ios/Il2CppOutputProject/IL2CPP/external/mono/mono/utils/mono-logger-internals.h
[1297/3206  0s] CopyFiles /Users/lucas-furini/repos/checkout/unity/builds/ios/Il2CppOutputProject/IL2CPP/external/mono/mono/utils/mono-log-windows.c
[1298/3206  0s] CopyFiles /Users/lucas-furini/repos/checkout/unity/builds/ios/Il2CppOutputProject/IL2CPP/external/mono/mono/utils/mono-math.h
[1299/3206  0s] CopyFiles /Users/lucas-furini/repos/checkout/unity/builds/ios/Il2CppOutputProject/IL2CPP/external/mono/mono/utils/mono-log-darwin.c
[1300/3206  0s] CopyFiles /Users/lucas-furini/repos/checkout/unity/builds/ios/Il2CppOutputProject/IL2CPP/external/mono/mono/utils/mono-log-posix.c
[1301/3206  0s] CopyFiles /Users/lucas-furini/repos/checkout/unity/builds/ios/Il2CppOutputProject/IL2CPP/external/mono/mono/utils/mono-log-common.c
[1302/3206  0s] CopyFiles /Users/lucas-furini/repos/checkout/unity/builds/ios/Il2CppOutputProject/IL2CPP/external/mono/mono/utils/mono-linked-list-set.h
[1303/3206  0s] CopyFiles /Users/lucas-furini/repos/checkout/unity/builds/ios/Il2CppOutputProject/IL2CPP/external/mono/mono/utils/mono-linked-list-set.c
[1304/3206  0s] CopyFiles /Users/lucas-furini/repos/checkout/unity/builds/ios/Il2CppOutputProject/IL2CPP/external/mono/mono/utils/mono-io-portability.h
[1305/3206  0s] CopyFiles /Users/lucas-furini/repos/checkout/unity/builds/ios/Il2CppOutputProject/IL2CPP/external/mono/mono/utils/mono-io-portability.c
[1306/3206  0s] CopyFiles /Users/lucas-furini/repos/checkout/unity/builds/ios/Il2CppOutputProject/IL2CPP/external/mono/mono/utils/mono-lazy-init.h
[1307/3206  0s] CopyFiles /Users/lucas-furini/repos/checkout/unity/builds/ios/Il2CppOutputProject/IL2CPP/external/mono/mono/utils/mono-internal-hash.h
[1308/3206  0s] CopyFiles /Users/lucas-furini/repos/checkout/unity/builds/ios/Il2CppOutputProject/IL2CPP/external/mono/mono/utils/mono-internal-hash.c
[1309/3206  0s] CopyFiles /Users/lucas-furini/repos/checkout/unity/builds/ios/Il2CppOutputProject/IL2CPP/external/mono/mono/utils/mono-hwcap.c
[1310/3206  0s] CopyFiles /Users/lucas-furini/repos/checkout/unity/builds/ios/Il2CppOutputProject/IL2CPP/external/mono/mono/utils/mono-hwcap.h
[1311/3206  0s] CopyFiles /Users/lucas-furini/repos/checkout/unity/builds/ios/Il2CppOutputProject/IL2CPP/external/mono/mono/utils/mono-log-android.c
[1312/3206  0s] CopyFiles /Users/lucas-furini/repos/checkout/unity/builds/ios/Il2CppOutputProject/IL2CPP/external/mono/mono/utils/mono-hwcap-arm64.c
[1313/3206  0s] CopyFiles /Users/lucas-furini/repos/checkout/unity/builds/ios/Il2CppOutputProject/IL2CPP/external/mono/mono/utils/mono-hwcap-x86.c
[1314/3206  0s] CopyFiles /Users/lucas-furini/repos/checkout/unity/builds/ios/Il2CppOutputProject/IL2CPP/external/mono/mono/utils/mono-hwcap-arm.c
[1315/3206  0s] CopyFiles /Users/lucas-furini/repos/checkout/unity/builds/ios/Il2CppOutputProject/IL2CPP/external/mono/mono/utils/mono-forward.h
[1316/3206  0s] CopyFiles /Users/lucas-furini/repos/checkout/unity/builds/ios/Il2CppOutputProject/IL2CPP/external/mono/mono/utils/mono-forward-internal.h
[1317/3206  0s] CopyFiles /Users/lucas-furini/repos/checkout/unity/builds/ios/Il2CppOutputProject/IL2CPP/external/mono/mono/utils/mono-filemap.c
[1318/3206  0s] CopyFiles /Users/lucas-furini/repos/checkout/unity/builds/ios/Il2CppOutputProject/IL2CPP/external/mono/mono/utils/mono-error.h
[1319/3206  0s] CopyFiles /Users/lucas-furini/repos/checkout/unity/builds/ios/Il2CppOutputProject/IL2CPP/external/mono/mono/utils/mono-errno.h
[1320/3206  0s] CopyFiles /Users/lucas-furini/repos/checkout/unity/builds/ios/Il2CppOutputProject/IL2CPP/external/mono/mono/utils/mono-embed.h
[1321/3206  0s] CopyFiles /Users/lucas-furini/repos/checkout/unity/builds/ios/Il2CppOutputProject/IL2CPP/external/mono/mono/utils/mono-error-internals.h
[1322/3206  0s] CopyFiles /Users/lucas-furini/repos/checkout/unity/builds/ios/Il2CppOutputProject/IL2CPP/external/mono/mono/utils/mono-error.c
[1323/3206  0s] CopyFiles /Users/lucas-furini/repos/checkout/unity/builds/ios/Il2CppOutputProject/IL2CPP/external/mono/mono/utils/mono-hwcap-vars.h
[1326/3206  0s] CopyFiles /Users/lucas-furini/repos/checkout/unity/builds/ios/Il2CppOutputProject/IL2CPP/external/mono/mono/utils/mono-dl.h
[1328/3206  0s] CopyFiles /Users/lucas-furini/repos/checkout/unity/builds/ios/Il2CppOutputProject/IL2CPP/external/mono/mono/utils/mono-dl.c
[1329/3206  0s] CopyFiles /Users/lucas-furini/repos/checkout/unity/builds/ios/Il2CppOutputProject/IL2CPP/external/mono/mono/utils/mono-dl-windows.c
[1331/3206  0s] CopyFiles /Users/lucas-furini/repos/checkout/unity/builds/ios/UnityFramework/AppleRequiredReasonCSharpAPIs.txt
[1332/3206  0s] CopyFiles /Users/lucas-furini/repos/checkout/unity/builds/ios/Il2CppOutputProject/IL2CPP/external/mono/mono/utils/mono-dl-windows-internals.h
[1333/3206  0s] CopyFiles /Users/lucas-furini/repos/checkout/unity/builds/ios/Il2CppOutputProject/IL2CPP/external/mono/mono/utils/mono-dl-unity.c
[1334/3206  0s] CopyFiles /Users/lucas-furini/repos/checkout/unity/builds/ios/Il2CppOutputProject/IL2CPP/external/mono/mono/utils/mono-dl-darwin.c
[1335/3206  0s] CopyFiles /Users/lucas-furini/repos/checkout/unity/builds/ios/Il2CppOutputProject/Source/il2cppOutput/UnityICallRegistration.cpp
[1336/3206  0s] CopyFiles /Users/lucas-furini/repos/checkout/unity/builds/ios/Il2CppOutputProject/IL2CPP/external/mono/mono/utils/mono-dl-windows-uwp.c
[1337/3206  0s] CopyFiles /Users/lucas-furini/repos/checkout/unity/builds/ios/Il2CppOutputProject/IL2CPP/external/mono/mono/utils/mono-counters.h
[1338/3206  0s] CopyFiles /Users/lucas-furini/repos/checkout/unity/builds/ios/Il2CppOutputProject/IL2CPP/external/mono/mono/utils/mono-digest.h
[1339/3206  0s] CopyFiles /Users/lucas-furini/repos/checkout/unity/builds/ios/Il2CppOutputProject/IL2CPP/external/mono/mono/utils/mono-dl-fallback.h
[1340/3206  0s] CopyFiles /Users/lucas-furini/repos/checkout/unity/builds/ios/Il2CppOutputProject/IL2CPP/external/mono/mono/utils/mono-counters.c
[1341/3206  0s] CopyFiles /Users/lucas-furini/repos/checkout/unity/builds/ios/Il2CppOutputProject/IL2CPP/external/mono/mono/utils/mono-coop-semaphore.h
[1342/3206  0s] CopyFiles /Users/lucas-furini/repos/checkout/unity/builds/ios/Il2CppOutputProject/IL2CPP/external/mono/mono/utils/mono-hwcap-web.c
[1343/3206  0s] CopyFiles /Users/lucas-furini/repos/checkout/unity/builds/ios/Il2CppOutputProject/IL2CPP/external/mono/mono/utils/mono-context.h
[1344/3206  0s] CopyFiles /Users/lucas-furini/repos/checkout/unity/builds/ios/Il2CppOutputProject/IL2CPP/external/mono/mono/utils/mono-context.c
[1345/3206  0s] CopyFiles /Users/lucas-furini/repos/checkout/unity/builds/ios/Il2CppOutputProject/IL2CPP/external/mono/mono/utils/mono-coop-mutex.h
[1346/3206  0s] CopyFiles /Users/lucas-furini/repos/checkout/unity/builds/ios/Il2CppOutputProject/IL2CPP/external/mono/mono/utils/mono-conc-hashtable.c
[1347/3206  0s] CopyFiles /Users/lucas-furini/repos/checkout/unity/builds/ios/Il2CppOutputProject/IL2CPP/external/mono/mono/utils/mono-conc-hashtable.h
[1348/3206  0s] CopyFiles /Users/lucas-furini/repos/checkout/unity/builds/ios/Il2CppOutputProject/IL2CPP/external/mono/mono/utils/mono-complex.h
[1349/3206  0s] CopyFiles /Users/lucas-furini/repos/checkout/unity/builds/ios/Il2CppOutputProject/IL2CPP/external/mono/mono/utils/mono-dl-posix.c
[1350/3206  0s] CopyFiles /Users/lucas-furini/repos/checkout/unity/builds/ios/Il2CppOutputProject/IL2CPP/external/mono/mono/utils/mono-codeman.h
[1351/3206  0s] CopyFiles /Users/lucas-furini/repos/checkout/unity/builds/ios/Il2CppOutputProject/Source/il2cppOutput/UnityEngine.UIElementsModule__11.cpp
[1352/3206  0s] CopyFiles /Users/lucas-furini/repos/checkout/unity/builds/ios/Il2CppOutputProject/Source/il2cppOutput/UnityEngine.UIElementsModule__10.cpp
[1353/3206  0s] CopyFiles /Users/lucas-furini/repos/checkout/unity/builds/ios/Il2CppOutputProject/IL2CPP/external/mono/mono/utils/mono-compiler.h
[1354/3206  0s] CopyFiles /Users/lucas-furini/repos/checkout/unity/builds/ios/Il2CppOutputProject/Source/il2cppOutput/UnityEngine.UIElementsModule__15.cpp
[1355/3206  0s] CopyFiles /Users/lucas-furini/repos/checkout/unity/builds/ios/Il2CppOutputProject/Source/il2cppOutput/UnityEngine.UIElementsModule__14.cpp
[1356/3206  0s] CopyFiles /Users/lucas-furini/repos/checkout/unity/builds/ios/Il2CppOutputProject/Source/il2cppOutput/UnityEngine.UIElementsModule__13.cpp
[1357/3206  0s] CopyFiles /Users/lucas-furini/repos/checkout/unity/builds/ios/Il2CppOutputProject/Source/il2cppOutput/UnityEngine.UIElementsModule__12.cpp
[1358/3206  0s] CopyFiles /Users/lucas-furini/repos/checkout/unity/builds/ios/Data/Managed/Metadata/global-metadata.dat
[1359/3206  0s] CopyFiles /Users/lucas-furini/repos/checkout/unity/builds/ios/Il2CppOutputProject/Source/il2cppOutput/UnityEngine.ParticleSystemModule.cpp
[1360/3206  0s] CopyFiles /Users/lucas-furini/repos/checkout/unity/builds/ios/Il2CppOutputProject/Source/il2cppOutput/UnityEngine.InputForUIModule_CodeGen.c
[1361/3206  0s] CopyFiles /Users/lucas-furini/repos/checkout/unity/builds/ios/Il2CppOutputProject/Source/il2cppOutput/Il2CppReversePInvokeWrapperTable.cpp
[1362/3206  0s] CopyFiles /Users/lucas-furini/repos/checkout/unity/builds/ios/Il2CppOutputProject/Source/il2cppOutput/UnityEngine.AndroidJNIModule_CodeGen.c
[1363/3206  0s] CopyFiles /Users/lucas-furini/repos/checkout/unity/builds/ios/Il2CppOutputProject/Source/il2cppOutput/UnityEngine.GameCenterModule_CodeGen.c
[1364/3206  0s] CopyFiles /Users/lucas-furini/repos/checkout/unity/builds/ios/Il2CppOutputProject/Source/il2cppOutput/UnityEngine.UIElementsModule_CodeGen.c
[1365/3206  0s] CopyFiles /Users/lucas-furini/repos/checkout/unity/builds/ios/Il2CppOutputProject/Source/il2cppOutput/UnityEngine.PropertiesModule_CodeGen.c
[1366/3206  0s] CopyFiles /Users/lucas-furini/repos/checkout/unity/builds/ios/Il2CppOutputProject/Source/il2cppOutput/UnityEngine.TextCoreTextEngineModule.cpp
[1367/3206  0s] CopyFiles /Users/lucas-furini/repos/checkout/unity/builds/ios/Il2CppOutputProject/Source/il2cppOutput/UnityEngine.GridModule.cpp
[1368/3206  0s] CopyFiles /Users/lucas-furini/repos/checkout/unity/builds/ios/Il2CppOutputProject/Source/il2cppOutput/UnityEngine.TextCoreFontEngineModule.cpp
[1369/3206  0s] CopyFiles /Users/lucas-furini/repos/checkout/unity/builds/ios/Il2CppOutputProject/Source/il2cppOutput/UnityEngine.CoreModule.cpp
[1370/3206  0s] CopyFiles /Users/lucas-furini/repos/checkout/unity/builds/ios/Il2CppOutputProject/Source/il2cppOutput/Il2CppInteropDataTable.cpp
[1371/3206  0s] CopyFiles /Users/lucas-furini/repos/checkout/unity/builds/ios/Il2CppOutputProject/Source/il2cppOutput/Il2CppCodeRegistration.cpp
[1372/3206  0s] CopyFiles /Users/lucas-furini/repos/checkout/unity/builds/ios/Il2CppOutputProject/Source/il2cppOutput/UnityEngine.ImageConversionModule_CodeGen.c
[1373/3206  0s] CopyFiles /Users/lucas-furini/repos/checkout/unity/builds/ios/Il2CppOutputProject/Source/il2cppOutput/Il2CppCCFieldValuesTable.c
[1374/3206  0s] CopyFiles /Users/lucas-furini/repos/checkout/unity/builds/ios/Il2CppOutputProject/Source/il2cppOutput/Il2CppGenericMethodTable.c
[1375/3206  0s] CopyFiles /Users/lucas-furini/repos/checkout/unity/builds/ios/Il2CppOutputProject/Source/il2cppOutput/UnityEngine.TextCoreTextEngineModule__2.cpp
[1376/3206  0s] CopyFiles /Users/lucas-furini/repos/checkout/unity/builds/ios/Il2CppOutputProject/Source/il2cppOutput/UnityEngine.ScriptingModule.cpp
[1377/3206  0s] CopyFiles /Users/lucas-furini/repos/checkout/unity/builds/ios/Il2CppOutputProject/Source/il2cppOutput/UnityEngine.Physics2DModule.cpp
[1378/3206  0s] CopyFiles /Users/lucas-furini/repos/checkout/unity/builds/ios/Il2CppOutputProject/Source/il2cppOutput/UnityEngine.SharedInternalsModule_CodeGen.c
[1379/3206  0s] CopyFiles /Users/lucas-furini/repos/checkout/unity/builds/ios/Il2CppOutputProject/Source/il2cppOutput/UnityEngine.JSONSerializeModule_CodeGen.c
[1380/3206  0s] CopyFiles /Users/lucas-furini/repos/checkout/unity/builds/ios/Il2CppOutputProject/Source/il2cppOutput/UnityEngine.TextCoreTextEngineModule__3.cpp
[1381/3206  0s] CopyFiles /Users/lucas-furini/repos/checkout/unity/builds/ios/Il2CppOutputProject/Source/il2cppOutput/Il2CppCCalculateFieldValues.cpp
[1382/3206  0s] CopyFiles /Users/lucas-furini/repos/checkout/unity/builds/ios/Il2CppOutputProject/Source/il2cppOutput/UnityEngine.TextCoreTextEngineModule__1.cpp
[1383/3206  0s] CopyFiles /Users/lucas-furini/repos/checkout/unity/builds/ios/Il2CppOutputProject/Source/il2cppOutput/UnityEngine.AnimationModule.cpp
[1384/3206  0s] CopyFiles /Users/lucas-furini/repos/checkout/unity/builds/ios/Il2CppOutputProject/Source/il2cppOutput/UnityEngine.TextRenderingModule_CodeGen.c
[1385/3206  0s] CopyFiles /Users/lucas-furini/repos/checkout/unity/builds/ios/Il2CppOutputProject/Source/il2cppOutput/UnityEngine.ScreenCaptureModule_CodeGen.c
[1386/3206  0s] CopyFiles /Users/lucas-furini/repos/checkout/unity/builds/ios/Il2CppOutputProject/Source/il2cppOutput/UnityEngine.HierarchyCoreModule_CodeGen.c
[1387/3206  0s] CopyFiles /Users/lucas-furini/repos/checkout/unity/builds/ios/Il2CppOutputProject/Source/il2cppOutput/Il2CppGenericMethodDefinitions.c
[1388/3206  0s] CopyFiles /Users/lucas-furini/repos/checkout/unity/builds/ios/Il2CppOutputProject/Source/il2cppOutput/UnityEngine.GridModule_CodeGen.c
[1389/3206  0s] CopyFiles /Users/lucas-furini/repos/checkout/unity/builds/ios/Il2CppOutputProject/Source/il2cppOutput/UnityEngine.PropertiesModule.cpp
[1390/3206  0s] CopyFiles /Users/lucas-furini/repos/checkout/unity/builds/ios/Il2CppOutputProject/Source/il2cppOutput/UnityEngine.GameCenterModule.cpp
[1391/3206  0s] CopyFiles /Users/lucas-furini/repos/checkout/unity/builds/ios/Il2CppOutputProject/Source/il2cppOutput/UnityEngine.InputForUIModule.cpp
[1392/3206  0s] CopyFiles /Users/lucas-furini/repos/checkout/unity/builds/ios/Il2CppOutputProject/Source/il2cppOutput/Il2CppCCalculateFieldValues1.cpp
[1393/3206  0s] CopyFiles /Users/lucas-furini/repos/checkout/unity/builds/ios/Il2CppOutputProject/Source/il2cppOutput/UnityEngine.UIElementsModule.cpp
[1394/3206  0s] CopyFiles /Users/lucas-furini/repos/checkout/unity/builds/ios/Il2CppOutputProject/Source/il2cppOutput/UnityEngine.AndroidJNIModule.cpp
[1395/3206  0s] CopyFiles /Users/lucas-furini/repos/checkout/unity/builds/ios/Il2CppOutputProject/Source/il2cppOutput/UnityEngine.CoreModule_CodeGen.c
[1396/3206  0s] CopyFiles /Users/lucas-furini/repos/checkout/unity/builds/ios/Il2CppOutputProject/Source/il2cppOutput/UnityEngine.AudioModule_CodeGen.c
[1397/3206  0s] CopyFiles /Users/lucas-furini/repos/checkout/unity/builds/ios/Il2CppOutputProject/Source/il2cppOutput/UnityEngine.TextCoreFontEngineModule_CodeGen.c
[1398/3206  0s] CopyFiles /Users/lucas-furini/repos/checkout/unity/builds/ios/Il2CppOutputProject/Source/il2cppOutput/UnityEngine.IMGUIModule_CodeGen.c
[1399/3206  0s] CopyFiles /Users/lucas-furini/repos/checkout/unity/builds/ios/Il2CppOutputProject/Source/il2cppOutput/UnityEngine.InputLegacyModule.cpp
[1400/3206  0s] CopyFiles /Users/lucas-furini/repos/checkout/unity/builds/ios/Il2CppOutputProject/Source/il2cppOutput/UnityEngine.TilemapModule.cpp
[1401/3206  0s] CopyFiles /Users/lucas-furini/repos/checkout/unity/builds/ios/Il2CppOutputProject/Source/il2cppOutput/UnityEngine.SpriteShapeModule.cpp
[1402/3206  0s] CopyFiles /Users/lucas-furini/repos/checkout/unity/builds/ios/Il2CppOutputProject/Source/il2cppOutput/UnityEngine.TextCoreTextEngineModule_CodeGen.c
[1403/3206  0s] CopyFiles /Users/lucas-furini/repos/checkout/unity/builds/ios/Il2CppOutputProject/Source/il2cppOutput/Il2CppGenericAdjustorThunkTable.c
[1404/3206  0s] CopyFiles /Users/lucas-furini/repos/checkout/unity/builds/ios/Il2CppOutputProject/Source/il2cppOutput/UnityEngine.CoreModule__1.cpp
[1405/3206  0s] CopyFiles /Users/lucas-furini/repos/checkout/unity/builds/ios/Il2CppOutputProject/Source/il2cppOutput/UnityEngine.ContentLoadModule.cpp
[1406/3206  0s] CopyFiles /Users/lucas-furini/repos/checkout/unity/builds/ios/Il2CppOutputProject/Source/il2cppOutput/UnityEngine.CoreModule__2.cpp
[1407/3206  0s] CopyFiles /Users/lucas-furini/repos/checkout/unity/builds/ios/Il2CppOutputProject/Source/il2cppOutput/UnityEngine.ContentLoadModule_CodeGen.c
[1408/3206  0s] CopyFiles /Users/lucas-furini/repos/checkout/unity/builds/ios/Il2CppOutputProject/Source/il2cppOutput/UnityEngine.SpriteShapeModule_CodeGen.c
[1409/3206  0s] CopyFiles /Users/lucas-furini/repos/checkout/unity/builds/ios/Il2CppOutputProject/Source/il2cppOutput/Il2CppGenericMethodPointerTable.c
[1410/3206  0s] CopyFiles /Users/lucas-furini/repos/checkout/unity/builds/ios/Il2CppOutputProject/Source/il2cppOutput/UnityEngine.InputLegacyModule_CodeGen.c
[1411/3206  0s] CopyFiles /Users/lucas-furini/repos/checkout/unity/builds/ios/Il2CppOutputProject/Source/il2cppOutput/System.Configuration_CodeGen.c
[1412/3206  0s] CopyFiles /Users/lucas-furini/repos/checkout/unity/builds/ios/Il2CppOutputProject/Source/il2cppOutput/UnityEngine.AIModule_CodeGen.c
[1413/3206  0s] CopyFiles /Users/lucas-furini/repos/checkout/unity/builds/ios/Il2CppOutputProject/Source/il2cppOutput/UnityEngine.UIModule_CodeGen.c
[1414/3206  0s] CopyFiles /Users/lucas-furini/repos/checkout/unity/builds/ios/Il2CppOutputProject/Source/il2cppOutput/UnityEngine.UIElementsModule__2.cpp
[1415/3206  0s] CopyFiles /Users/lucas-furini/repos/checkout/unity/builds/ios/Il2CppOutputProject/Source/il2cppOutput/Il2CppCCalculateTypeValues.cpp
[1416/3206  0s] CopyFiles /Users/lucas-furini/repos/checkout/unity/builds/ios/Il2CppOutputProject/Source/il2cppOutput/Il2CppGenericInstDefinitions.c
[1417/3206  0s] CopyFiles /Users/lucas-furini/repos/checkout/unity/builds/ios/Il2CppOutputProject/Source/il2cppOutput/UnityEngine.PhysicsModule_CodeGen.c
[1418/3206  0s] CopyFiles /Users/lucas-furini/repos/checkout/unity/builds/ios/Il2CppOutputProject/Source/il2cppOutput/UnityEngine.TilemapModule_CodeGen.c
[1419/3206  0s] CopyFiles /Users/lucas-furini/repos/checkout/unity/builds/ios/Il2CppOutputProject/Source/il2cppOutput/UnityEngine.PhysicsModule.cpp
[1420/3206  0s] CopyFiles /Users/lucas-furini/repos/checkout/unity/builds/ios/Il2CppOutputProject/Source/il2cppOutput/UnityEngine.UIElementsModule__3.cpp
[1421/3206  0s] CopyFiles /Users/lucas-furini/repos/checkout/unity/builds/ios/Il2CppOutputProject/Source/il2cppOutput/UnityEngine.UIElementsModule__1.cpp
[1422/3206  0s] CopyFiles /Users/lucas-furini/repos/checkout/unity/builds/ios/Il2CppOutputProject/Source/il2cppOutput/UnityEngine.UIElementsModule__5.cpp
[1423/3206  0s] CopyFiles /Users/lucas-furini/repos/checkout/unity/builds/ios/Il2CppOutputProject/Source/il2cppOutput/UnityEngine.TextRenderingModule.cpp
[1424/3206  0s] CopyFiles /Users/lucas-furini/repos/checkout/unity/builds/ios/Il2CppOutputProject/Source/il2cppOutput/UnityEngine.ScreenCaptureModule.cpp
[1425/3206  0s] CopyFiles /Users/lucas-furini/repos/checkout/unity/builds/ios/Il2CppOutputProject/Source/il2cppOutput/UnityEngine.HierarchyCoreModule.cpp
[1426/3206  0s] CopyFiles /Users/lucas-furini/repos/checkout/unity/builds/ios/Il2CppOutputProject/Source/il2cppOutput/UnityEngine.UIElementsModule__8.cpp
[1427/3206  0s] CopyFiles /Users/lucas-furini/repos/checkout/unity/builds/ios/Il2CppOutputProject/Source/il2cppOutput/UnityEngine.JSONSerializeModule.cpp
[1428/3206  0s] CopyFiles /Users/lucas-furini/repos/checkout/unity/builds/ios/Il2CppOutputProject/Source/il2cppOutput/UnityEngine.UIElementsModule__6.cpp
[1429/3206  0s] CopyFiles /Users/lucas-furini/repos/checkout/unity/builds/ios/Il2CppOutputProject/Source/il2cppOutput/UnityEngine.UIElementsModule__7.cpp
[1430/3206  0s] CopyFiles /Users/lucas-furini/repos/checkout/unity/builds/ios/Data/Managed/Resources/mscorlib.dll-resources.dat
[1431/3206  0s] CopyFiles /Users/lucas-furini/repos/checkout/unity/builds/ios/Il2CppOutputProject/Source/il2cppOutput/UnityEngine.UIElementsModule__9.cpp
[1432/3206  0s] CopyFiles /Users/lucas-furini/repos/checkout/unity/builds/ios/Il2CppOutputProject/Source/il2cppOutput/UnityEngine.ImageConversionModule.cpp
[1433/3206  0s] CopyFiles /Users/lucas-furini/repos/checkout/unity/builds/ios/Il2CppOutputProject/Source/il2cppOutput/UnityEngine.SharedInternalsModule.cpp
[1434/3206  0s] CopyFiles /Users/lucas-furini/repos/checkout/unity/builds/ios/Il2CppOutputProject/Source/il2cppOutput/UnityEngine.UIElementsModule__4.cpp
[1435/3206  0s] CopyFiles /Users/lucas-furini/repos/checkout/unity/builds/ios/Il2CppOutputProject/Source/il2cppOutput/UnityEngine.AnimationModule_CodeGen.c
[1436/3206  0s] CopyFiles /Users/lucas-furini/repos/checkout/unity/builds/ios/Il2CppOutputProject/Source/il2cppOutput/UnityEngine.ScriptingModule_CodeGen.c
[1437/3206  0s] CopyFiles /Users/lucas-furini/repos/checkout/unity/builds/ios/Il2CppOutputProject/Source/il2cppOutput/UnityEngine.Physics2DModule_CodeGen.c
[1438/3206  0s] CopyFiles /Users/lucas-furini/repos/checkout/unity/builds/ios/Il2CppOutputProject/Source/il2cppOutput/System.Configuration.cpp
[1439/3206  0s] CopyFiles /Users/lucas-furini/repos/checkout/unity/builds/ios/Il2CppOutputProject/Source/il2cppOutput/UnityEngine.IMGUIModule.cpp
[1440/3206  0s] CopyFiles /Users/lucas-furini/repos/checkout/unity/builds/ios/Il2CppOutputProject/Source/il2cppOutput/Il2CppUnresolvedIndirectCallStubs.cpp
[1441/3206  0s] CopyFiles /Users/lucas-furini/repos/checkout/unity/builds/ios/Il2CppOutputProject/Source/il2cppOutput/Il2CppMetadataRegistration.c
[1442/3206  0s] CopyFiles /Users/lucas-furini/repos/checkout/unity/builds/ios/Il2CppOutputProject/Source/il2cppOutput/UnityEngine.AIModule.cpp
[1443/3206  0s] CopyFiles /Users/lucas-furini/repos/checkout/unity/builds/ios/Il2CppOutputProject/Source/il2cppOutput/UnityEngine.AudioModule.cpp
[1444/3206  0s] CopyFiles /Users/lucas-furini/repos/checkout/unity/builds/ios/Il2CppOutputProject/Source/il2cppOutput/UnityEngine.UIModule.cpp
[1445/3206  0s] CopyFiles /Users/lucas-furini/repos/checkout/unity/builds/ios/Il2CppOutputProject/Source/il2cppOutput/UnityEngine.UI_CodeGen.c
[1446/3206  0s] CopyFiles /Users/lucas-furini/repos/checkout/unity/builds/ios/Il2CppOutputProject/Source/il2cppOutput/mscorlib__2.cpp
[1447/3206  0s] CopyFiles /Users/lucas-furini/repos/checkout/unity/builds/ios/Il2CppOutputProject/Source/il2cppOutput/mscorlib__6.cpp
[1448/3206  0s] CopyFiles /Users/lucas-furini/repos/checkout/unity/builds/ios/Il2CppOutputProject/Source/il2cppOutput/System.Core.cpp
[1449/3206  0s] CopyFiles /Users/lucas-furini/repos/checkout/unity/builds/ios/Il2CppOutputProject/Source/il2cppOutput/UnityEngine.cpp
[1450/3206  0s] CopyFiles /Users/lucas-furini/repos/checkout/unity/builds/ios/Il2CppOutputProject/Source/il2cppOutput/__Generated.cpp
[1451/3206  0s] CopyFiles /Users/lucas-furini/repos/checkout/unity/builds/ios/Il2CppOutputProject/Source/il2cppOutput/mscorlib__5.cpp
[1452/3206  0s] CopyFiles /Users/lucas-furini/repos/checkout/unity/builds/ios/Il2CppOutputProject/Source/il2cppOutput/Generics__6.cpp
[1453/3206  0s] CopyFiles /Users/lucas-furini/repos/checkout/unity/builds/ios/Il2CppOutputProject/Source/il2cppOutput/mscorlib__1.cpp
[1454/3206  0s] CopyFiles /Users/lucas-furini/repos/checkout/unity/builds/ios/Il2CppOutputProject/Source/il2cppOutput/Generics__9.cpp
[1455/3206  0s] CopyFiles /Users/lucas-furini/repos/checkout/unity/builds/ios/Il2CppOutputProject/Source/il2cppOutput/mscorlib__7.cpp
[1456/3206  0s] CopyFiles /Users/lucas-furini/repos/checkout/unity/builds/ios/Il2CppOutputProject/Source/il2cppOutput/mscorlib__8.cpp
[1457/3206  0s] CopyFiles /Users/lucas-furini/repos/checkout/unity/builds/ios/Il2CppOutputProject/Source/il2cppOutput/mscorlib__3.cpp
[1458/3206  0s] CopyFiles /Users/lucas-furini/repos/checkout/unity/builds/ios/Il2CppOutputProject/Source/il2cppOutput/Generics__7.cpp
[1459/3206  0s] CopyFiles /Users/lucas-furini/repos/checkout/unity/builds/ios/Il2CppOutputProject/Source/il2cppOutput/Generics__8.cpp
[1460/3206  0s] CopyFiles /Users/lucas-furini/repos/checkout/unity/builds/ios/Il2CppOutputProject/Source/il2cppOutput/Generics__1.cpp
[1461/3206  0s] CopyFiles /Users/lucas-furini/repos/checkout/unity/builds/ios/Il2CppOutputProject/Source/il2cppOutput/mscorlib__9.cpp
[1462/3206  0s] CopyFiles /Users/lucas-furini/repos/checkout/unity/builds/ios/Il2CppOutputProject/Source/il2cppOutput/Generics__2.cpp
[1463/3206  0s] CopyFiles /Users/lucas-furini/repos/checkout/unity/builds/ios/Il2CppOutputProject/Source/il2cppOutput/Generics__27.cpp
[1464/3206  0s] CopyFiles /Users/lucas-furini/repos/checkout/unity/builds/ios/Il2CppOutputProject/Source/il2cppOutput/Generics__5.cpp
[1465/3206  0s] CopyFiles /Users/lucas-furini/repos/checkout/unity/builds/ios/Il2CppOutputProject/Source/il2cppOutput/Generics__4.cpp
[1466/3206  0s] CopyFiles /Users/lucas-furini/repos/checkout/unity/builds/ios/Il2CppOutputProject/Source/il2cppOutput/Generics__3.cpp
[1467/3206  0s] CopyFiles /Users/lucas-furini/repos/checkout/unity/builds/ios/Il2CppOutputProject/Source/il2cppOutput/mscorlib__4.cpp
[1468/3206  0s] CopyFiles /Users/lucas-furini/repos/checkout/unity/builds/ios/Il2CppOutputProject/Source/il2cppOutput/Generics__57.cpp
[1469/3206  0s] CopyFiles /Users/lucas-furini/repos/checkout/unity/builds/ios/Il2CppOutputProject/Source/il2cppOutput/Generics__17.cpp
[1470/3206  0s] CopyFiles /Users/lucas-furini/repos/checkout/unity/builds/ios/Il2CppOutputProject/Source/il2cppOutput/Generics__55.cpp
[1471/3206  0s] CopyFiles /Users/lucas-furini/repos/checkout/unity/builds/ios/Il2CppOutputProject/Source/il2cppOutput/Generics__45.cpp
[1472/3206  0s] CopyFiles /Users/lucas-furini/repos/checkout/unity/builds/ios/Il2CppOutputProject/Source/il2cppOutput/Generics__15.cpp
[1473/3206  0s] CopyFiles /Users/lucas-furini/repos/checkout/unity/builds/ios/Il2CppOutputProject/Source/il2cppOutput/Generics__47.cpp
[1474/3206  0s] CopyFiles /Users/lucas-furini/repos/checkout/unity/builds/ios/Il2CppOutputProject/Source/il2cppOutput/mscorlib__17.cpp
[1475/3206  0s] CopyFiles /Users/lucas-furini/repos/checkout/unity/builds/ios/Il2CppOutputProject/Source/il2cppOutput/Generics__35.cpp
[1476/3206  0s] CopyFiles /Users/lucas-furini/repos/checkout/unity/builds/ios/Il2CppOutputProject/Source/il2cppOutput/Generics__25.cpp
[1477/3206  0s] CopyFiles /Users/lucas-furini/repos/checkout/unity/builds/ios/Il2CppOutputProject/Source/il2cppOutput/Generics__37.cpp
[1478/3206  0s] CopyFiles /Users/lucas-furini/repos/checkout/unity/builds/ios/Il2CppOutputProject/Source/il2cppOutput/Generics__43.cpp
[1479/3206  0s] CopyFiles /Users/lucas-furini/repos/checkout/unity/builds/ios/Il2CppOutputProject/Source/il2cppOutput/Generics__65.cpp
[1480/3206  0s] CopyFiles /Users/lucas-furini/repos/checkout/unity/builds/ios/Il2CppOutputProject/Source/il2cppOutput/Generics__63.cpp
[1481/3206  0s] CopyFiles /Users/lucas-furini/repos/checkout/unity/builds/ios/Il2CppOutputProject/Source/il2cppOutput/mscorlib__15.cpp
[1482/3206  0s] CopyFiles /Users/lucas-furini/repos/checkout/unity/builds/ios/Il2CppOutputProject/Source/il2cppOutput/Generics__53.cpp
[1483/3206  0s] CopyFiles /Users/lucas-furini/repos/checkout/unity/builds/ios/Il2CppOutputProject/Source/il2cppOutput/mscorlib__13.cpp
[1484/3206  0s] CopyFiles /Users/lucas-furini/repos/checkout/unity/builds/ios/Il2CppOutputProject/Source/il2cppOutput/Generics__23.cpp
[1485/3206  0s] CopyFiles /Users/lucas-furini/repos/checkout/unity/builds/ios/Il2CppOutputProject/Source/il2cppOutput/Generics__60.cpp
[1486/3206  0s] CopyFiles /Users/lucas-furini/repos/checkout/unity/builds/ios/Il2CppOutputProject/Source/il2cppOutput/Generics__10.cpp
[1487/3206  0s] CopyFiles /Users/lucas-furini/repos/checkout/unity/builds/ios/Il2CppOutputProject/Source/il2cppOutput/mscorlib__10.cpp
[1488/3206  0s] CopyFiles /Users/lucas-furini/repos/checkout/unity/builds/ios/Il2CppOutputProject/Source/il2cppOutput/Generics__49.cpp
[1489/3206  0s] CopyFiles /Users/lucas-furini/repos/checkout/unity/builds/ios/Il2CppOutputProject/Source/il2cppOutput/Generics__30.cpp
[1490/3206  0s] CopyFiles /Users/lucas-furini/repos/checkout/unity/builds/ios/Il2CppOutputProject/Source/il2cppOutput/Generics__20.cpp
[1491/3206  0s] CopyFiles /Users/lucas-furini/repos/checkout/unity/builds/ios/Il2CppOutputProject/Source/il2cppOutput/Generics__59.cpp
[1492/3206  0s] CopyFiles /Users/lucas-furini/repos/checkout/unity/builds/ios/Il2CppOutputProject/Source/il2cppOutput/Generics__13.cpp
[1493/3206  0s] CopyFiles /Users/lucas-furini/repos/checkout/unity/builds/ios/Il2CppOutputProject/Source/il2cppOutput/Generics__33.cpp
[1494/3206  0s] CopyFiles /Users/lucas-furini/repos/checkout/unity/builds/ios/Il2CppOutputProject/Source/il2cppOutput/Generics__50.cpp
[1495/3206  0s] CopyFiles /Users/lucas-furini/repos/checkout/unity/builds/ios/Il2CppOutputProject/Source/il2cppOutput/Generics__40.cpp
[1496/3206  0s] CopyFiles /Users/lucas-furini/repos/checkout/unity/builds/ios/Il2CppOutputProject/Source/il2cppOutput/Generics__29.cpp
[1497/3206  0s] CopyFiles /Users/lucas-furini/repos/checkout/unity/builds/ios/Il2CppOutputProject/Source/il2cppOutput/Generics__19.cpp
[1498/3206  0s] CopyFiles /Users/lucas-furini/repos/checkout/unity/builds/ios/Il2CppOutputProject/Source/il2cppOutput/Generics__62.cpp
[1499/3206  0s] CopyFiles /Users/lucas-furini/repos/checkout/unity/builds/ios/Il2CppOutputProject/Source/il2cppOutput/Generics__39.cpp
[1500/3206  0s] CopyFiles /Users/lucas-furini/repos/checkout/unity/builds/ios/Il2CppOutputProject/Source/il2cppOutput/mscorlib__12.cpp
[1501/3206  0s] CopyFiles /Users/lucas-furini/repos/checkout/unity/builds/ios/Il2CppOutputProject/Source/il2cppOutput/Generics__22.cpp
[1502/3206  0s] CopyFiles /Users/lucas-furini/repos/checkout/unity/builds/ios/Il2CppOutputProject/Source/il2cppOutput/Generics__42.cpp
[1503/3206  0s] CopyFiles /Users/lucas-furini/repos/checkout/unity/builds/ios/Il2CppOutputProject/Source/il2cppOutput/Generics__34.cpp
[1504/3206  0s] CopyFiles /Users/lucas-furini/repos/checkout/unity/builds/ios/Il2CppOutputProject/Source/il2cppOutput/Generics__44.cpp
[1505/3206  0s] CopyFiles /Users/lucas-furini/repos/checkout/unity/builds/ios/Il2CppOutputProject/Source/il2cppOutput/Generics__14.cpp
[1506/3206  0s] CopyFiles /Users/lucas-furini/repos/checkout/unity/builds/ios/Il2CppOutputProject/Source/il2cppOutput/Generics__12.cpp
[1507/3206  0s] CopyFiles /Users/lucas-furini/repos/checkout/unity/builds/ios/Il2CppOutputProject/Source/il2cppOutput/Generics__64.cpp
[1508/3206  0s] CopyFiles /Users/lucas-furini/repos/checkout/unity/builds/ios/Il2CppOutputProject/Source/il2cppOutput/Generics__54.cpp
[1509/3206  0s] CopyFiles /Users/lucas-furini/repos/checkout/unity/builds/ios/Il2CppOutputProject/Source/il2cppOutput/mscorlib__14.cpp
[1510/3206  0s] CopyFiles /Users/lucas-furini/repos/checkout/unity/builds/ios/Il2CppOutputProject/Source/il2cppOutput/Generics__32.cpp
[1511/3206  0s] CopyFiles /Users/lucas-furini/repos/checkout/unity/builds/ios/Il2CppOutputProject/Source/il2cppOutput/Generics__52.cpp
[1512/3206  0s] CopyFiles /Users/lucas-furini/repos/checkout/unity/builds/ios/Il2CppOutputProject/Source/il2cppOutput/Generics__24.cpp
[1513/3206  0s] CopyFiles /Users/lucas-furini/repos/checkout/unity/builds/ios/Il2CppOutputProject/Source/il2cppOutput/Generics__66.cpp
[1514/3206  0s] CopyFiles /Users/lucas-furini/repos/checkout/unity/builds/ios/Il2CppOutputProject/Source/il2cppOutput/Generics__26.cpp
[1515/3206  0s] CopyFiles /Users/lucas-furini/repos/checkout/unity/builds/ios/Il2CppOutputProject/Source/il2cppOutput/System_CodeGen.c
[1516/3206  0s] CopyFiles /Users/lucas-furini/repos/checkout/unity/builds/ios/Il2CppOutputProject/Source/il2cppOutput/mscorlib__16.cpp
[1517/3206  0s] CopyFiles /Users/lucas-furini/repos/checkout/unity/builds/ios/Il2CppOutputProject/Source/il2cppOutput/Generics__46.cpp
[1518/3206  0s] CopyFiles /Users/lucas-furini/repos/checkout/unity/builds/ios/Il2CppOutputProject/Source/il2cppOutput/Generics__36.cpp
[1519/3206  0s] CopyFiles /Users/lucas-furini/repos/checkout/unity/builds/ios/Il2CppOutputProject/Source/il2cppOutput/Generics__61.cpp
[1520/3206  0s] CopyFiles /Users/lucas-furini/repos/checkout/unity/builds/ios/Il2CppOutputProject/Source/il2cppOutput/Generics__56.cpp
[1521/3206  0s] CopyFiles /Users/lucas-furini/repos/checkout/unity/builds/ios/Il2CppOutputProject/Source/il2cppOutput/Generics__41.cpp
[1522/3206  0s] CopyFiles /Users/lucas-furini/repos/checkout/unity/builds/ios/Il2CppOutputProject/Source/il2cppOutput/Generics__51.cpp
[1523/3206  0s] CopyFiles /Users/lucas-furini/repos/checkout/unity/builds/ios/Il2CppOutputProject/Source/il2cppOutput/Generics__11.cpp
[1524/3206  0s] CopyFiles /Users/lucas-furini/repos/checkout/unity/builds/ios/Il2CppOutputProject/Source/il2cppOutput/mscorlib__18.cpp
[1525/3206  0s] CopyFiles /Users/lucas-furini/repos/checkout/unity/builds/ios/Il2CppOutputProject/Source/il2cppOutput/Generics__31.cpp
[1526/3206  0s] CopyFiles /Users/lucas-furini/repos/checkout/unity/builds/ios/Il2CppOutputProject/Source/il2cppOutput/Generics__48.cpp
[1527/3206  0s] CopyFiles /Users/lucas-furini/repos/checkout/unity/builds/ios/Il2CppOutputProject/Source/il2cppOutput/Generics__28.cpp
[1528/3206  0s] CopyFiles /Users/lucas-furini/repos/checkout/unity/builds/ios/Il2CppOutputProject/Source/il2cppOutput/Generics__58.cpp
[1529/3206  0s] CopyFiles /Users/lucas-furini/repos/checkout/unity/builds/ios/Il2CppOutputProject/Source/il2cppOutput/Generics__16.cpp
[1530/3206  0s] CopyFiles /Users/lucas-furini/repos/checkout/unity/builds/ios/Il2CppOutputProject/Source/il2cppOutput/Generics__21.cpp
[1531/3206  0s] CopyFiles /Users/lucas-furini/repos/checkout/unity/builds/ios/Il2CppOutputProject/Source/il2cppOutput/mscorlib.cpp
[1532/3206  0s] CopyFiles /Users/lucas-furini/repos/checkout/unity/builds/ios/Il2CppOutputProject/Source/il2cppOutput/mscorlib__11.cpp
[1533/3206  0s] CopyFiles /Users/lucas-furini/repos/checkout/unity/builds/ios/Il2CppOutputProject/Source/il2cppOutput/Generics.cpp
[1534/3206  0s] CopyFiles /Users/lucas-furini/repos/checkout/unity/builds/ios/Il2CppOutputProject/Source/il2cppOutput/UnityEngine.UI.cpp
[1535/3206  0s] CopyFiles /Users/lucas-furini/repos/checkout/unity/builds/ios/Il2CppOutputProject/Source/il2cppOutput/GenericMethods.cpp
[1536/3206  0s] CopyFiles /Users/lucas-furini/repos/checkout/unity/builds/ios/Il2CppOutputProject/Source/il2cppOutput/Mono.Security.cpp
[1537/3206  0s] CopyFiles /Users/lucas-furini/repos/checkout/unity/builds/ios/Il2CppOutputProject/Source/il2cppOutput/Generics__38.cpp
[1538/3206  0s] CopyFiles /Users/lucas-furini/repos/checkout/unity/builds/ios/Il2CppOutputProject/Source/il2cppOutput/mscorlib_CodeGen.c
[1539/3206  0s] CopyFiles /Users/lucas-furini/repos/checkout/unity/builds/ios/Il2CppOutputProject/Source/il2cppOutput/GenericMethods__9.cpp
[1540/3206  0s] CopyFiles /Users/lucas-furini/repos/checkout/unity/builds/ios/Il2CppOutputProject/Source/il2cppOutput/GenericMethods__5.cpp
[1541/3206  0s] CopyFiles /Users/lucas-furini/repos/checkout/unity/builds/ios/Il2CppOutputProject/Source/il2cppOutput/GenericMethods__4.cpp
[1542/3206  0s] CopyFiles /Users/lucas-furini/repos/checkout/unity/builds/ios/Il2CppOutputProject/Source/il2cppOutput/Il2CppRgctxTable.c
[1543/3206  0s] CopyFiles /Users/lucas-furini/repos/checkout/unity/builds/ios/Il2CppOutputProject/Source/il2cppOutput/GenericMethods__6.cpp
[1544/3206  0s] CopyFiles /Users/lucas-furini/repos/checkout/unity/builds/ios/Il2CppOutputProject/Source/il2cppOutput/Generics__18.cpp
[1545/3206  0s] CopyFiles /Users/lucas-furini/repos/checkout/unity/builds/ios/Il2CppOutputProject/Source/il2cppOutput/GenericMethods__1.cpp
[1546/3206  0s] CopyFiles /Users/lucas-furini/repos/checkout/unity/builds/ios/Il2CppOutputProject/Source/il2cppOutput/UnityEngine.UI__3.cpp
[1547/3206  0s] CopyFiles /Users/lucas-furini/repos/checkout/unity/builds/ios/Il2CppOutputProject/Source/il2cppOutput/UnityEngine_CodeGen.c
[1548/3206  0s] CopyFiles /Users/lucas-furini/repos/checkout/unity/builds/ios/Il2CppOutputProject/Source/il2cppOutput/GenericMethods__7.cpp
[1549/3206  0s] CopyFiles /Users/lucas-furini/repos/checkout/unity/builds/ios/Il2CppOutputProject/Source/il2cppOutput/__Generated_CodeGen.c
[1550/3206  0s] CopyFiles /Users/lucas-furini/repos/checkout/unity/builds/ios/Il2CppOutputProject/Source/il2cppOutput/GenericMethods__3.cpp
[1551/3206  0s] CopyFiles /Users/lucas-furini/repos/checkout/unity/builds/ios/Il2CppOutputProject/Source/il2cppOutput/GenericMethods__8.cpp
[1552/3206  0s] CopyFiles /Users/lucas-furini/repos/checkout/unity/builds/ios/Il2CppOutputProject/Source/il2cppOutput/System.Core_CodeGen.c
[1553/3206  0s] CopyFiles /Users/lucas-furini/repos/checkout/unity/builds/ios/Il2CppOutputProject/Source/il2cppOutput/UnityEngine.UI__2.cpp
[1554/3206  0s] CopyFiles /Users/lucas-furini/repos/checkout/unity/builds/ios/Il2CppOutputProject/Source/il2cppOutput/GenericMethods__2.cpp
[1555/3206  0s] CopyFiles /Users/lucas-furini/repos/checkout/unity/builds/ios/Il2CppOutputProject/Source/il2cppOutput/Il2CppGenericClassTable.c
[1556/3206  0s] CopyFiles /Users/lucas-furini/repos/checkout/unity/builds/ios/Il2CppOutputProject/Source/il2cppOutput/Unity.Scripting_CodeGen.c
[1557/3206  0s] CopyFiles /Users/lucas-furini/repos/checkout/unity/builds/ios/Il2CppOutputProject/Source/il2cppOutput/UnityEngine.UI__1.cpp
[1558/3206  0s] CopyFiles /Users/lucas-furini/repos/checkout/unity/builds/ios/Il2CppOutputProject/Source/il2cppOutput/Assembly-CSharp.cpp
[1559/3206  0s] CopyFiles /Users/lucas-furini/repos/checkout/unity/builds/ios/Il2CppOutputProject/Source/il2cppOutput/Il2CppMetadataUsage.c
[1560/3206  0s] CopyFiles /Users/lucas-furini/repos/checkout/unity/builds/ios/Il2CppOutputProject/Source/il2cppOutput/Assembly-CSharp_CodeGen.c
[1561/3206  0s] CopyFiles /Users/lucas-furini/repos/checkout/unity/builds/ios/Il2CppOutputProject/Source/il2cppOutput/Unity.Scripting.cpp
[1562/3206  0s] CopyFiles /Users/lucas-furini/repos/checkout/unity/builds/ios/Il2CppOutputProject/Source/il2cppOutput/GenericMethods__16.cpp
[1563/3206  0s] CopyFiles /Users/lucas-furini/repos/checkout/unity/builds/ios/Il2CppOutputProject/Source/il2cppOutput/System__1.cpp
[1564/3206  0s] CopyFiles /Users/lucas-furini/repos/checkout/unity/builds/ios/Il2CppOutputProject/Source/il2cppOutput/System__2.cpp
[1565/3206  0s] CopyFiles /Users/lucas-furini/repos/checkout/unity/builds/ios/Il2CppOutputProject/Source/il2cppOutput/GenericMethods__20.cpp
[1566/3206  0s] CopyFiles /Users/lucas-furini/repos/checkout/unity/builds/ios/Il2CppOutputProject/Source/il2cppOutput/Assembly-CSharp__1.cpp
[1567/3206  0s] CopyFiles /Users/lucas-furini/repos/checkout/unity/builds/ios/Il2CppOutputProject/Source/il2cppOutput/Il2CppCCTypeValuesTable.c
[1568/3206  0s] CopyFiles /Users/lucas-furini/repos/checkout/unity/builds/ios/Il2CppOutputProject/Source/il2cppOutput/GenericMethods__14.cpp
[1569/3206  0s] CopyFiles /Users/lucas-furini/repos/checkout/unity/builds/ios/Il2CppOutputProject/Source/il2cppOutput/GenericMethods__15.cpp
[1570/3206  0s] CopyFiles /Users/lucas-furini/repos/checkout/unity/builds/ios/Il2CppOutputProject/Source/il2cppOutput/GenericMethods__12.cpp
[1571/3206  0s] CopyFiles /Users/lucas-furini/repos/checkout/unity/builds/ios/Il2CppOutputProject/Source/il2cppOutput/GenericMethods__13.cpp
[1572/3206  0s] CopyFiles /Users/lucas-furini/repos/checkout/unity/builds/ios/Il2CppOutputProject/Source/il2cppOutput/GenericMethods__17.cpp
[1573/3206  0s] CopyFiles /Users/lucas-furini/repos/checkout/unity/builds/ios/Il2CppOutputProject/Source/il2cppOutput/GenericMethods__11.cpp
[1574/3206  0s] CopyFiles /Users/lucas-furini/repos/checkout/unity/builds/ios/Il2CppOutputProject/Source/il2cppOutput/Il2CppInvokerTable.cpp
[1575/3206  0s] CopyFiles /Users/lucas-furini/repos/checkout/unity/builds/ios/Il2CppOutputProject/Source/il2cppOutput/GenericMethods__18.cpp
[1576/3206  0s] CopyFiles /Users/lucas-furini/repos/checkout/unity/builds/ios/Il2CppOutputProject/Source/il2cppOutput/GenericMethods__23.cpp
[1577/3206  0s] CopyFiles /Users/lucas-furini/repos/checkout/unity/builds/ios/Il2CppOutputProject/Source/il2cppOutput/GenericMethods__24.cpp
[1578/3206  0s] CopyFiles /Users/lucas-furini/repos/checkout/unity/builds/ios/Il2CppOutputProject/Source/il2cppOutput/GenericMethods__25.cpp
[1579/3206  0s] CopyFiles /Users/lucas-furini/repos/checkout/unity/builds/ios/Il2CppOutputProject/Source/il2cppOutput/GenericMethods__21.cpp
[1580/3206  0s] CopyFiles /Users/lucas-furini/repos/checkout/unity/builds/ios/Il2CppOutputProject/Source/il2cppOutput/Mono.Security_CodeGen.c
[1581/3206  0s] CopyFiles /Users/lucas-furini/repos/checkout/unity/builds/ios/Il2CppOutputProject/Source/il2cppOutput/UnityEngine.ParticleSystemModule_CodeGen.c
[1582/3206  0s] CopyFiles /Users/lucas-furini/repos/checkout/unity/builds/ios/Il2CppOutputProject/Source/il2cppOutput/GenericMethods__19.cpp
[1583/3206  0s] CopyFiles /Users/lucas-furini/repos/checkout/unity/builds/ios/Il2CppOutputProject/Source/il2cppOutput/GenericMethods__10.cpp
[1584/3206  0s] CopyFiles /Users/lucas-furini/repos/checkout/unity/builds/ios/Il2CppOutputProject/Source/il2cppOutput/System.Runtime.CompilerServices.Unsafe.cpp
[1585/3206  0s] CopyFiles /Users/lucas-furini/repos/checkout/unity/builds/ios/Il2CppOutputProject/Source/il2cppOutput/Il2CppTypeDefinitions.c
[1586/3206  0s] CopyFiles /Users/lucas-furini/repos/checkout/unity/builds/ios/Il2CppOutputProject/Source/il2cppOutput/System.cpp
[1587/3206  0s] CopyFiles /Users/lucas-furini/repos/checkout/unity/builds/ios/Il2CppOutputProject/Source/il2cppOutput/System.Xml.cpp
[1588/3206  0s] CopyFiles /Users/lucas-furini/repos/checkout/unity/builds/ios/Il2CppOutputProject/IL2CPP/external/mono/mono/utils/memfuncs.h
[1589/3206  0s] CopyFiles /Users/lucas-furini/repos/checkout/unity/builds/ios/Il2CppOutputProject/Source/il2cppOutput/GenericMethods__22.cpp
[1590/3206  0s] CopyFiles /Users/lucas-furini/repos/checkout/unity/builds/ios/Il2CppOutputProject/Source/il2cppOutput/System.Runtime.CompilerServices.Unsafe_CodeGen.c
[1591/3206  0s] CopyFiles /Users/lucas-furini/repos/checkout/unity/builds/ios/Il2CppOutputProject/IL2CPP/external/mono/mono/utils/lock-free-queue.h
[1592/3206  0s] CopyFiles /Users/lucas-furini/repos/checkout/unity/builds/ios/Il2CppOutputProject/IL2CPP/external/mono/mono/utils/mach-support-x86.c
[1593/3206  0s] CopyFiles /Users/lucas-furini/repos/checkout/unity/builds/ios/Il2CppOutputProject/IL2CPP/external/mono/mono/utils/mach-support-arm64.c
[1594/3206  0s] CopyFiles /Users/lucas-furini/repos/checkout/unity/builds/ios/Il2CppOutputProject/IL2CPP/external/mono/mono/utils/mach-support.c
[1595/3206  0s] CopyFiles /Users/lucas-furini/repos/checkout/unity/builds/ios/Il2CppOutputProject/Source/il2cppOutput/System.Xml_CodeGen.c
[1596/3206  0s] CopyFiles /Users/lucas-furini/repos/checkout/unity/builds/ios/Il2CppOutputProject/IL2CPP/external/mono/mono/utils/memfuncs.c
[1597/3206  0s] CopyFiles /Users/lucas-furini/repos/checkout/unity/builds/ios/Il2CppOutputProject/IL2CPP/external/mono/mono/utils/mach-support-amd64.c
[1598/3206  0s] CopyFiles /Users/lucas-furini/repos/checkout/unity/builds/ios/Il2CppOutputProject/IL2CPP/external/mono/mono/utils/lock-free-queue.c
[1599/3206  0s] CopyFiles /Users/lucas-furini/repos/checkout/unity/builds/ios/Il2CppOutputProject/IL2CPP/external/mono/mono/utils/mono-codeman.c
[1600/3206  0s] CopyFiles /Users/lucas-furini/repos/checkout/unity/builds/ios/Il2CppOutputProject/IL2CPP/external/mono/mono/utils/mach-support.h
[1601/3206  0s] CopyFiles /Users/lucas-furini/repos/checkout/unity/builds/ios/Il2CppOutputProject/IL2CPP/external/mono/mono/utils/memcheck.h
[1602/3206  0s] CopyFiles /Users/lucas-furini/repos/checkout/unity/builds/ios/Il2CppOutputProject/IL2CPP/external/mono/mono/utils/lock-free-array-queue.h
[1603/3206  0s] CopyFiles /Users/lucas-furini/repos/checkout/unity/builds/ios/Il2CppOutputProject/IL2CPP/external/mono/mono/utils/lock-free-alloc.h
[1604/3206  0s] CopyFiles /Users/lucas-furini/repos/checkout/unity/builds/ios/Il2CppOutputProject/IL2CPP/external/mono/mono/utils/lock-free-alloc.c
[1605/3206  0s] CopyFiles /Users/lucas-furini/repos/checkout/unity/builds/ios/Il2CppOutputProject/IL2CPP/external/mono/mono/utils/lock-free-array-queue.c
[1606/3206  0s] CopyFiles /Users/lucas-furini/repos/checkout/unity/builds/ios/Il2CppOutputProject/IL2CPP/external/mono/mono/utils/linux_magic.h
[1607/3206  0s] CopyFiles /Users/lucas-furini/repos/checkout/unity/builds/ios/Il2CppOutputProject/IL2CPP/external/mono/mono/utils/hazard-pointer.c
[1608/3206  0s] CopyFiles /Users/lucas-furini/repos/checkout/unity/builds/ios/Il2CppOutputProject/IL2CPP/external/mono/mono/utils/json.c
[1609/3206  0s] CopyFiles /Users/lucas-furini/repos/checkout/unity/builds/ios/Il2CppOutputProject/IL2CPP/external/mono/mono/utils/freebsd-elf_common.h
[1610/3206  0s] CopyFiles /Users/lucas-furini/repos/checkout/unity/builds/ios/Il2CppOutputProject/IL2CPP/external/mono/mono/utils/gc_wrapper.h
[1611/3206  0s] CopyFiles /Users/lucas-furini/repos/checkout/unity/builds/ios/Il2CppOutputProject/IL2CPP/external/mono/mono/utils/freebsd-elf32.h
[1612/3206  0s] CopyFiles /Users/lucas-furini/repos/checkout/unity/builds/ios/Il2CppOutputProject/IL2CPP/external/mono/mono/utils/dlmalloc.h
[1613/3206  0s] CopyFiles /Users/lucas-furini/repos/checkout/unity/builds/ios/Il2CppOutputProject/IL2CPP/external/mono/mono/utils/freebsd-dwarf.h
[1614/3206  0s] CopyFiles /Users/lucas-furini/repos/checkout/unity/builds/ios/Il2CppOutputProject/IL2CPP/external/mono/mono/utils/dlmalloc.c
[1615/3206  0s] CopyFiles /Users/lucas-furini/repos/checkout/unity/builds/ios/Il2CppOutputProject/IL2CPP/external/mono/mono/utils/json.h
[1616/3206  0s] CopyFiles /Users/lucas-furini/repos/checkout/unity/builds/ios/Il2CppOutputProject/IL2CPP/external/mono/mono/utils/atomic.h
[1617/3206  0s] CopyFiles /Users/lucas-furini/repos/checkout/unity/builds/ios/Il2CppOutputProject/IL2CPP/external/mono/mono/utils/hazard-pointer.h
[1618/3206  0s] CopyFiles /Users/lucas-furini/repos/checkout/unity/builds/ios/Il2CppOutputProject/IL2CPP/external/mono/mono/utils/freebsd-elf64.h
[1619/3206  0s] CopyFiles /Users/lucas-furini/repos/checkout/unity/builds/ios/Il2CppOutputProject/IL2CPP/external/mono/mono/utils/atomic.c
[1620/3206  0s] CopyFiles /Users/lucas-furini/repos/checkout/unity/builds/ios/Il2CppOutputProject/IL2CPP/external/mono/mono/utils/dtrace.h
[1621/3206  0s] CopyFiles /Users/lucas-furini/repos/checkout/unity/builds/ios/Il2CppOutputProject/IL2CPP/external/mono/mono/utils/bsearch.c
[1622/3206  0s] CopyFiles /Users/lucas-furini/repos/checkout/unity/builds/ios/Il2CppOutputProject/IL2CPP/external/mono/mono/utils/bsearch.h
[1623/3206  0s] CopyFiles /Users/lucas-furini/repos/checkout/unity/builds/ios/Il2CppOutputProject/IL2CPP/external/mono/mono/utils/checked-build.h
[1624/3206  0s] CopyFiles /Users/lucas-furini/repos/checkout/unity/builds/ios/Il2CppOutputProject/IL2CPP/external/mono/mono/sgen/sgen-thread-pool.h
[1625/3206  0s] CopyFiles /Users/lucas-furini/repos/checkout/unity/builds/ios/Il2CppOutputProject/IL2CPP/external/mono/mono/sgen/sgen-workers.h
[1626/3206  0s] CopyFiles /Users/lucas-furini/repos/checkout/unity/builds/ios/Il2CppOutputProject/IL2CPP/external/mono/mono/sgen/sgen-workers.c
[1627/3206  0s] CopyFiles /Users/lucas-furini/repos/checkout/unity/builds/ios/Il2CppOutputProject/IL2CPP/external/mono/mono/sgen/sgen-scan-object.h
[1628/3206  0s] CopyFiles /Users/lucas-furini/repos/checkout/unity/builds/ios/Il2CppOutputProject/IL2CPP/external/mono/mono/sgen/sgen-protocol.h
[1629/3206  0s] CopyFiles /Users/lucas-furini/repos/checkout/unity/builds/ios/Il2CppOutputProject/IL2CPP/external/mono/mono/sgen/sgen-simple-nursery.c
[1630/3206  0s] CopyFiles /Users/lucas-furini/repos/checkout/unity/builds/ios/Il2CppOutputProject/IL2CPP/external/mono/mono/sgen/sgen-qsort.h
[1631/3206  0s] CopyFiles /Users/lucas-furini/repos/checkout/unity/builds/ios/Il2CppOutputProject/IL2CPP/external/mono/mono/sgen/sgen-split-nursery.c
[1632/3206  0s] CopyFiles /Users/lucas-furini/repos/checkout/unity/builds/ios/Il2CppOutputProject/IL2CPP/external/mono/mono/sgen/sgen-thread-pool.c
[1633/3206  0s] CopyFiles /Users/lucas-furini/repos/checkout/unity/builds/ios/Il2CppOutputProject/IL2CPP/external/mono/mono/sgen/sgen-tagged-pointer.h
[1634/3206  0s] CopyFiles /Users/lucas-furini/repos/checkout/unity/builds/ios/Il2CppOutputProject/IL2CPP/external/mono/mono/sgen/sgen-qsort.c
[1635/3206  0s] CopyFiles /Users/lucas-furini/repos/checkout/unity/builds/ios/Il2CppOutputProject/IL2CPP/external/mono/mono/sgen/sgen-pointer-queue.h
[1636/3206  0s] CopyFiles /Users/lucas-furini/repos/checkout/unity/builds/ios/Il2CppOutputProject/IL2CPP/external/mono/mono/sgen/sgen-protocol-def.h
[1637/3206  0s] CopyFiles /Users/lucas-furini/repos/checkout/unity/builds/ios/Il2CppOutputProject/IL2CPP/external/mono/mono/sgen/sgen-protocol.c
[1638/3206  0s] CopyFiles /Users/lucas-furini/repos/checkout/unity/builds/ios/Il2CppOutputProject/IL2CPP/external/mono/mono/sgen/sgen-pointer-queue.c
[1639/3206  0s] CopyFiles /Users/lucas-furini/repos/checkout/unity/builds/ios/Il2CppOutputProject/IL2CPP/external/mono/mono/sgen/sgen-pinning.h
[1640/3206  0s] CopyFiles /Users/lucas-furini/repos/checkout/unity/builds/ios/Il2CppOutputProject/IL2CPP/external/mono/mono/sgen/sgen-nursery-allocator.c
[1641/3206  0s] CopyFiles /Users/lucas-furini/repos/checkout/unity/builds/ios/Il2CppOutputProject/IL2CPP/external/mono/mono/sgen/sgen-pinning-stats.c
[1642/3206  0s] CopyFiles /Users/lucas-furini/repos/checkout/unity/builds/ios/Il2CppOutputProject/IL2CPP/external/mono/mono/sgen/sgen-pinning.c
[1643/3206  0s] CopyFiles /Users/lucas-furini/repos/checkout/unity/builds/ios/Il2CppOutputProject/IL2CPP/external/mono/mono/sgen/sgen-minor-copy-object.h
[1644/3206  0s] CopyFiles /Users/lucas-furini/repos/checkout/unity/builds/ios/Il2CppOutputProject/IL2CPP/external/mono/mono/sgen/sgen-minor-scan-object.h
[1645/3206  0s] CopyFiles /Users/lucas-furini/repos/checkout/unity/builds/ios/Il2CppOutputProject/IL2CPP/external/mono/mono/sgen/sgen-marksweep.c
[1646/3206  0s] CopyFiles /Users/lucas-furini/repos/checkout/unity/builds/ios/Il2CppOutputProject/IL2CPP/external/mono/mono/sgen/sgen-memory-governor.h
[1647/3206  0s] CopyFiles /Users/lucas-furini/repos/checkout/unity/builds/ios/Il2CppOutputProject/IL2CPP/external/mono/mono/sgen/sgen-memory-governor.c
[1648/3206  0s] CopyFiles /Users/lucas-furini/repos/checkout/unity/builds/ios/Il2CppOutputProject/IL2CPP/external/mono/mono/sgen/sgen-marksweep-drain-gray-stack.h
[1649/3206  0s] CopyFiles /Users/lucas-furini/repos/checkout/unity/builds/ios/Il2CppOutputProject/IL2CPP/external/mono/mono/sgen/sgen-major-copy-object.h
[1650/3206  0s] CopyFiles /Users/lucas-furini/repos/checkout/unity/builds/ios/Il2CppOutputProject/IL2CPP/external/mono/mono/sgen/sgen-los.c
[1651/3206  0s] CopyFiles /Users/lucas-furini/repos/checkout/unity/builds/ios/Il2CppOutputProject/IL2CPP/external/mono/mono/sgen/sgen-gchandles.c
[1652/3206  0s] CopyFiles /Users/lucas-furini/repos/checkout/unity/builds/ios/Il2CppOutputProject/IL2CPP/external/mono/mono/sgen/sgen-fin-weak-hash.c
[1653/3206  0s] CopyFiles /Users/lucas-furini/repos/checkout/unity/builds/ios/Il2CppOutputProject/IL2CPP/external/mono/mono/sgen/sgen-internal.c
[1654/3206  0s] CopyFiles /Users/lucas-furini/repos/checkout/unity/builds/ios/Il2CppOutputProject/IL2CPP/external/mono/mono/sgen/sgen-layout-stats.c
[1655/3206  0s] CopyFiles /Users/lucas-furini/repos/checkout/unity/builds/ios/Il2CppOutputProject/IL2CPP/external/mono/mono/sgen/sgen-gc.h
[1656/3206  0s] CopyFiles /Users/lucas-furini/repos/checkout/unity/builds/ios/Il2CppOutputProject/IL2CPP/external/mono/mono/sgen/sgen-gray.h
[1657/3206  0s] CopyFiles /Users/lucas-furini/repos/checkout/unity/builds/ios/Il2CppOutputProject/IL2CPP/external/mono/mono/sgen/sgen-hash-table.h
[1658/3206  0s] CopyFiles /Users/lucas-furini/repos/checkout/unity/builds/ios/Il2CppOutputProject/IL2CPP/external/mono/mono/sgen/sgen-hash-table.c
[1659/3206  0s] CopyFiles /Users/lucas-furini/repos/checkout/unity/builds/ios/Il2CppOutputProject/IL2CPP/external/mono/mono/sgen/sgen-descriptor.h
[1660/3206  0s] CopyFiles /Users/lucas-furini/repos/checkout/unity/builds/ios/Il2CppOutputProject/IL2CPP/external/mono/mono/sgen/sgen-gray.c
[1661/3206  0s] CopyFiles /Users/lucas-furini/repos/checkout/unity/builds/ios/Il2CppOutputProject/IL2CPP/external/mono/mono/sgen/sgen-layout-stats.h
[1662/3206  0s] CopyFiles /Users/lucas-furini/repos/checkout/unity/builds/ios/Il2CppOutputProject/IL2CPP/external/mono/mono/sgen/sgen-descriptor.c
[1663/3206  0s] CopyFiles /Users/lucas-furini/repos/checkout/unity/builds/ios/Il2CppOutputProject/IL2CPP/external/mono/mono/sgen/sgen-client.h
[1664/3206  0s] CopyFiles /Users/lucas-furini/repos/checkout/unity/builds/ios/Il2CppOutputProject/IL2CPP/external/mono/mono/sgen/sgen-copy-object.h
[1665/3206  0s] CopyFiles /Users/lucas-furini/repos/checkout/unity/builds/ios/Il2CppOutputProject/IL2CPP/external/mono/mono/sgen/sgen-cardtable.c
[1666/3206  0s] CopyFiles /Users/lucas-furini/repos/checkout/unity/builds/ios/Il2CppOutputProject/IL2CPP/external/mono/mono/sgen/sgen-array-list.h
[1667/3206  0s] CopyFiles /Users/lucas-furini/repos/checkout/unity/builds/ios/Il2CppOutputProject/IL2CPP/external/mono/mono/sgen/sgen-cardtable.h
[1668/3206  0s] CopyFiles /Users/lucas-furini/repos/checkout/unity/builds/ios/Il2CppOutputProject/IL2CPP/external/mono/mono/sgen/sgen-conf.h
[1669/3206  0s] CopyFiles /Users/lucas-furini/repos/checkout/unity/builds/ios/Il2CppOutputProject/IL2CPP/external/mono/mono/sgen/sgen-debug.c
[1670/3206  0s] CopyFiles /Users/lucas-furini/repos/checkout/unity/builds/ios/Il2CppOutputProject/IL2CPP/external/mono/mono/sgen/sgen-array-list.c
[1671/3206  0s] CopyFiles /Users/lucas-furini/repos/checkout/unity/builds/ios/Il2CppOutputProject/IL2CPP/external/mono/mono/sgen/sgen-alloc.c
[1672/3206  0s] CopyFiles /Users/lucas-furini/repos/checkout/unity/builds/ios/Il2CppOutputProject/IL2CPP/external/mono/mono/sgen/gc-internal-agnostic.h
[1673/3206  0s] CopyFiles /Users/lucas-furini/repos/checkout/unity/builds/ios/Il2CppOutputProject/IL2CPP/external/mono/mono/mini/mini-arm.h
[1674/3206  0s] CopyFiles /Users/lucas-furini/repos/checkout/unity/builds/ios/Il2CppOutputProject/IL2CPP/external/mono/mono/sgen/sgen-gc.c
[1675/3206  0s] CopyFiles /Users/lucas-furini/repos/checkout/unity/builds/ios/Il2CppOutputProject/IL2CPP/external/mono/mono/mini/mini-arm64.h
[1676/3206  0s] CopyFiles /Users/lucas-furini/repos/checkout/unity/builds/ios/Il2CppOutputProject/IL2CPP/external/mono/mono/mini/debugger-state-machine.h
[1677/3206  0s] CopyFiles /Users/lucas-furini/repos/checkout/unity/builds/ios/Il2CppOutputProject/IL2CPP/external/mono/mono/metadata/wrapper-types.h
[1678/3206  0s] CopyFiles /Users/lucas-furini/repos/checkout/unity/builds/ios/Il2CppOutputProject/IL2CPP/external/mono/mono/mini/debugger-engine.h
[1679/3206  0s] CopyFiles /Users/lucas-furini/repos/checkout/unity/builds/ios/Il2CppOutputProject/IL2CPP/external/mono/mono/mini/debugger-state-machine.c
[1680/3206  0s] CopyFiles /Users/lucas-furini/repos/checkout/unity/builds/ios/Il2CppOutputProject/IL2CPP/external/mono/mono/sgen/sgen-archdep.h
[1681/3206  0s] CopyFiles /Users/lucas-furini/repos/checkout/unity/builds/ios/Il2CppOutputProject/IL2CPP/external/mono/mono/mini/debugger-agent.h
[1682/3206  0s] CopyFiles /Users/lucas-furini/repos/checkout/unity/builds/ios/Il2CppOutputProject/IL2CPP/external/mono/mono/mini/debugger-engine.c
[1683/3206  0s] CopyFiles /Users/lucas-furini/repos/checkout/unity/builds/ios/Il2CppOutputProject/IL2CPP/external/mono/mono/metadata/w32socket.h
[1684/3206  0s] CopyFiles /Users/lucas-furini/repos/checkout/unity/builds/ios/Il2CppOutputProject/IL2CPP/external/mono/mono/mini/debugger-agent.c
[1685/3206  0s] CopyFiles /Users/lucas-furini/repos/checkout/unity/builds/ios/Il2CppOutputProject/IL2CPP/external/mono/mono/metadata/w32socket-win32.c
[1686/3206  0s] CopyFiles /Users/lucas-furini/repos/checkout/unity/builds/ios/Il2CppOutputProject/IL2CPP/external/mono/mono/metadata/w32semaphore.h
[1687/3206  0s] CopyFiles /Users/lucas-furini/repos/checkout/unity/builds/ios/Il2CppOutputProject/IL2CPP/external/mono/mono/metadata/w32semaphore-win32.c
[1688/3206  0s] CopyFiles /Users/lucas-furini/repos/checkout/unity/builds/ios/Il2CppOutputProject/IL2CPP/external/mono/mono/metadata/w32socket-unix.c
[1689/3206  0s] CopyFiles /Users/lucas-furini/repos/checkout/unity/builds/ios/Il2CppOutputProject/IL2CPP/external/mono/mono/metadata/w32socket-internals.h
[1690/3206  0s] CopyFiles /Users/lucas-furini/repos/checkout/unity/builds/ios/Il2CppOutputProject/IL2CPP/external/mono/mono/metadata/w32process-win32.c
[1691/3206  0s] CopyFiles /Users/lucas-furini/repos/checkout/unity/builds/ios/Il2CppOutputProject/IL2CPP/external/mono/mono/metadata/w32process.h
[1692/3206  0s] CopyFiles /Users/lucas-furini/repos/checkout/unity/builds/ios/Il2CppOutputProject/IL2CPP/external/mono/mono/metadata/w32semaphore-unix.c
[1693/3206  0s] CopyFiles /Users/lucas-furini/repos/checkout/unity/builds/ios/Il2CppOutputProject/IL2CPP/external/mono/mono/metadata/w32process.c
[1694/3206  0s] CopyFiles /Users/lucas-furini/repos/checkout/unity/builds/ios/Il2CppOutputProject/IL2CPP/external/mono/mono/metadata/w32socket.c
[1695/3206  0s] CopyFiles /Users/lucas-furini/repos/checkout/unity/builds/ios/Il2CppOutputProject/IL2CPP/external/mono/mono/metadata/w32process-win32-internals.h
[1696/3206  0s] CopyFiles /Users/lucas-furini/repos/checkout/unity/builds/ios/Il2CppOutputProject/IL2CPP/external/mono/mono/metadata/w32process-unix-osx.c
[1697/3206  0s] CopyFiles /Users/lucas-furini/repos/checkout/unity/builds/ios/Il2CppOutputProject/IL2CPP/external/mono/mono/metadata/w32process-internals.h
[1698/3206  0s] CopyFiles /Users/lucas-furini/repos/checkout/unity/builds/ios/Il2CppOutputProject/IL2CPP/external/mono/mono/metadata/w32process-unix-default.c
[1699/3206  0s] CopyFiles /Users/lucas-furini/repos/checkout/unity/builds/ios/Il2CppOutputProject/IL2CPP/external/mono/mono/metadata/w32mutex.h
[1700/3206  0s] CopyFiles /Users/lucas-furini/repos/checkout/unity/builds/ios/Il2CppOutputProject/IL2CPP/external/mono/mono/metadata/w32mutex-win32.c
[1701/3206  0s] CopyFiles /Users/lucas-furini/repos/checkout/unity/builds/ios/Il2CppOutputProject/IL2CPP/external/mono/mono/metadata/w32handle.h
[1702/3206  0s] CopyFiles /Users/lucas-furini/repos/checkout/unity/builds/ios/Il2CppOutputProject/IL2CPP/external/mono/mono/metadata/w32process-unix-internals.h
[1703/3206  0s] CopyFiles /Users/lucas-furini/repos/checkout/unity/builds/ios/Il2CppOutputProject/IL2CPP/external/mono/mono/metadata/w32handle-namespace.c
[1704/3206  0s] CopyFiles /Users/lucas-furini/repos/checkout/unity/builds/ios/Il2CppOutputProject/IL2CPP/external/mono/mono/metadata/w32file.h
[1705/3206  0s] CopyFiles /Users/lucas-furini/repos/checkout/unity/builds/ios/Il2CppOutputProject/IL2CPP/external/mono/mono/metadata/w32mutex-unix.c
[1706/3206  0s] CopyFiles /Users/lucas-furini/repos/checkout/unity/builds/ios/Il2CppOutputProject/IL2CPP/external/mono/mono/metadata/w32process-unix.c
[1707/3206  0s] CopyFiles /Users/lucas-furini/repos/checkout/unity/builds/ios/Il2CppOutputProject/IL2CPP/external/mono/mono/metadata/w32handle.c
[1708/3206  0s] CopyFiles /Users/lucas-furini/repos/checkout/unity/builds/ios/Il2CppOutputProject/IL2CPP/external/mono/mono/metadata/w32file-win32-internals.h
[1709/3206  0s] CopyFiles /Users/lucas-furini/repos/checkout/unity/builds/ios/Il2CppOutputProject/IL2CPP/external/mono/mono/metadata/w32file-unix.c
[1710/3206  0s] CopyFiles /Users/lucas-furini/repos/checkout/unity/builds/ios/Il2CppOutputProject/IL2CPP/external/mono/mono/metadata/w32file-win32.c
[1711/3206  0s] CopyFiles /Users/lucas-furini/repos/checkout/unity/builds/ios/Il2CppOutputProject/IL2CPP/external/mono/mono/metadata/w32file.c
[1712/3206  0s] CopyFiles /Users/lucas-furini/repos/checkout/unity/builds/ios/Il2CppOutputProject/IL2CPP/external/mono/mono/metadata/w32file-unix-glob.c
[1713/3206  0s] CopyFiles /Users/lucas-furini/repos/checkout/unity/builds/ios/Il2CppOutputProject/IL2CPP/external/mono/mono/metadata/w32file-internals.h
[1714/3206  0s] CopyFiles /Users/lucas-furini/repos/checkout/unity/builds/ios/Il2CppOutputProject/IL2CPP/external/mono/mono/metadata/w32file-unix-glob.h
[1715/3206  0s] CopyFiles /Users/lucas-furini/repos/checkout/unity/builds/ios/Il2CppOutputProject/IL2CPP/external/mono/mono/metadata/w32event-win32.c
[1716/3206  0s] CopyFiles /Users/lucas-furini/repos/checkout/unity/builds/ios/Il2CppOutputProject/IL2CPP/external/mono/mono/metadata/w32event.h
[1717/3206  0s] CopyFiles /Users/lucas-furini/repos/checkout/unity/builds/ios/Il2CppOutputProject/IL2CPP/external/mono/mono/metadata/w32event-unix.c
[1718/3206  0s] CopyFiles /Users/lucas-furini/repos/checkout/unity/builds/ios/Il2CppOutputProject/IL2CPP/external/mono/mono/metadata/w32error.h
[1719/3206  0s] CopyFiles /Users/lucas-furini/repos/checkout/unity/builds/ios/Il2CppOutputProject/IL2CPP/external/mono/mono/metadata/w32error-unix.c
[1720/3206  0s] CopyFiles /Users/lucas-furini/repos/checkout/unity/builds/ios/Il2CppOutputProject/IL2CPP/external/mono/mono/metadata/w32error-win32.c
[1721/3206  0s] CopyFiles /Users/lucas-furini/repos/checkout/unity/builds/ios/Il2CppOutputProject/IL2CPP/external/mono/mono/metadata/verify-internals.h
[1722/3206  0s] CopyFiles /Users/lucas-furini/repos/checkout/unity/builds/ios/Il2CppOutputProject/IL2CPP/external/mono/mono/metadata/tokentype.h
[1723/3206  0s] CopyFiles /Users/lucas-furini/repos/checkout/unity/builds/ios/Il2CppOutputProject/IL2CPP/external/mono/mono/metadata/verify.h
[1724/3206  0s] CopyFiles /Users/lucas-furini/repos/checkout/unity/builds/ios/Il2CppOutputProject/IL2CPP/external/mono/mono/metadata/unity-icall.c
[1725/3206  0s] CopyFiles /Users/lucas-furini/repos/checkout/unity/builds/ios/Il2CppOutputProject/IL2CPP/external/mono/mono/metadata/unity-utils.h
[1726/3206  0s] CopyFiles /Users/lucas-furini/repos/checkout/unity/builds/ios/Il2CppOutputProject/IL2CPP/external/mono/mono/metadata/unity-liveness.c
[1727/3206  0s] CopyFiles /Users/lucas-furini/repos/checkout/unity/builds/ios/Il2CppOutputProject/IL2CPP/external/mono/mono/metadata/unity-utils.c
[1728/3206  0s] CopyFiles /Users/lucas-furini/repos/checkout/unity/builds/ios/Il2CppOutputProject/IL2CPP/external/mono/mono/metadata/threads.c
[1729/3206  0s] CopyFiles /Users/lucas-furini/repos/checkout/unity/builds/ios/Il2CppOutputProject/IL2CPP/external/mono/mono/metadata/threads-types.h
[1730/3206  0s] CopyFiles /Users/lucas-furini/repos/checkout/unity/builds/ios/Il2CppOutputProject/IL2CPP/external/mono/mono/metadata/threads.h
[1731/3206  0s] CopyFiles /Users/lucas-furini/repos/checkout/unity/builds/ios/Il2CppOutputProject/IL2CPP/external/mono/mono/metadata/w32handle-namespace.h
[1732/3206  0s] CopyFiles /Users/lucas-furini/repos/checkout/unity/builds/ios/Il2CppOutputProject/IL2CPP/external/mono/mono/metadata/threadpool-worker.h
[1733/3206  0s] CopyFiles /Users/lucas-furini/repos/checkout/unity/builds/ios/Il2CppOutputProject/IL2CPP/external/mono/mono/metadata/threadpool-io.c
[1734/3206  0s] CopyFiles /Users/lucas-furini/repos/checkout/unity/builds/ios/Il2CppOutputProject/IL2CPP/external/mono/mono/metadata/threadpool.h
[1735/3206  0s] CopyFiles /Users/lucas-furini/repos/checkout/unity/builds/ios/Il2CppOutputProject/IL2CPP/external/mono/mono/metadata/threadpool.c
[1736/3206  0s] CopyFiles /Users/lucas-furini/repos/checkout/unity/builds/ios/Il2CppOutputProject/IL2CPP/external/mono/mono/metadata/threadpool-io.h
[1737/3206  0s] CopyFiles /Users/lucas-furini/repos/checkout/unity/builds/ios/Il2CppOutputProject/IL2CPP/external/mono/mono/metadata/threadpool-worker-default.c
[1738/3206  0s] CopyFiles /Users/lucas-furini/repos/checkout/unity/builds/ios/Il2CppOutputProject/IL2CPP/external/mono/mono/metadata/tabledefs.h
[1739/3206  0s] CopyFiles /Users/lucas-furini/repos/checkout/unity/builds/ios/Il2CppOutputProject/IL2CPP/external/mono/mono/metadata/sysmath.h
[1740/3206  0s] CopyFiles /Users/lucas-furini/repos/checkout/unity/builds/ios/Il2CppOutputProject/IL2CPP/external/mono/mono/metadata/sysmath.c
[1741/3206  0s] CopyFiles /Users/lucas-furini/repos/checkout/unity/builds/ios/Il2CppOutputProject/IL2CPP/external/mono/mono/metadata/string-icalls.c
[1742/3206  0s] CopyFiles /Users/lucas-furini/repos/checkout/unity/builds/ios/Il2CppOutputProject/IL2CPP/external/mono/mono/metadata/string-icalls.h
[1743/3206  0s] CopyFiles /Users/lucas-furini/repos/checkout/unity/builds/ios/Il2CppOutputProject/IL2CPP/external/mono/mono/metadata/sre.c
[1744/3206  0s] CopyFiles /Users/lucas-furini/repos/checkout/unity/builds/ios/Il2CppOutputProject/IL2CPP/external/mono/mono/metadata/sre-internals.h
[1745/3206  0s] CopyFiles /Users/lucas-furini/repos/checkout/unity/builds/ios/Il2CppOutputProject/IL2CPP/external/mono/mono/metadata/sre-save.c
[1746/3206  0s] CopyFiles /Users/lucas-furini/repos/checkout/unity/builds/ios/Il2CppOutputProject/IL2CPP/external/mono/mono/metadata/sre-encode.c
[1747/3206  0s] CopyFiles /Users/lucas-furini/repos/checkout/unity/builds/ios/Il2CppOutputProject/IL2CPP/external/mono/mono/metadata/sgen-tarjan-bridge.c
[1748/3206  0s] CopyFiles /Users/lucas-furini/repos/checkout/unity/builds/ios/Il2CppOutputProject/IL2CPP/external/mono/mono/metadata/sgen-toggleref.c
[1749/3206  0s] CopyFiles /Users/lucas-furini/repos/checkout/unity/builds/ios/Il2CppOutputProject/IL2CPP/external/mono/mono/metadata/sgen-stw.c
[1750/3206  0s] CopyFiles /Users/lucas-furini/repos/checkout/unity/builds/ios/Il2CppOutputProject/IL2CPP/external/mono/mono/metadata/sgen-new-bridge.c
[1751/3206  0s] CopyFiles /Users/lucas-furini/repos/checkout/unity/builds/ios/Il2CppOutputProject/IL2CPP/external/mono/mono/metadata/sgen-dynarray.h
[1752/3206  0s] CopyFiles /Users/lucas-furini/repos/checkout/unity/builds/ios/Il2CppOutputProject/IL2CPP/external/mono/mono/metadata/sgen-toggleref.h
[1753/3206  0s] CopyFiles /Users/lucas-furini/repos/checkout/unity/builds/ios/Il2CppOutputProject/IL2CPP/external/mono/mono/metadata/sgen-bridge.c
[1754/3206  0s] CopyFiles /Users/lucas-furini/repos/checkout/unity/builds/ios/Il2CppOutputProject/IL2CPP/external/mono/mono/metadata/sgen-bridge.h
[1755/3206  0s] CopyFiles /Users/lucas-furini/repos/checkout/unity/builds/ios/Il2CppOutputProject/IL2CPP/external/mono/mono/metadata/sgen-bridge-internals.h
[1756/3206  0s] CopyFiles /Users/lucas-furini/repos/checkout/unity/builds/ios/Il2CppOutputProject/IL2CPP/external/mono/mono/metadata/security.h
[1757/3206  0s] CopyFiles /Users/lucas-furini/repos/checkout/unity/builds/ios/Il2CppOutputProject/IL2CPP/external/mono/mono/metadata/sgen-client-mono.h
[1758/3206  0s] CopyFiles /Users/lucas-furini/repos/checkout/unity/builds/ios/Il2CppOutputProject/IL2CPP/external/mono/mono/metadata/seq-points-data.h
[1759/3206  0s] CopyFiles /Users/lucas-furini/repos/checkout/unity/builds/ios/Il2CppOutputProject/IL2CPP/external/mono/mono/metadata/seq-points-data.c
[1760/3206  0s] CopyFiles /Users/lucas-furini/repos/checkout/unity/builds/ios/Il2CppOutputProject/IL2CPP/external/mono/mono/metadata/security-manager.h
[1761/3206  0s] CopyFiles /Users/lucas-furini/repos/checkout/unity/builds/ios/Il2CppOutputProject/IL2CPP/external/mono/mono/metadata/sgen-old-bridge.c
[1762/3206  0s] CopyFiles /Users/lucas-furini/repos/checkout/unity/builds/ios/Il2CppOutputProject/IL2CPP/external/mono/mono/metadata/security-manager.c
[1763/3206  0s] CopyFiles /Users/lucas-furini/repos/checkout/unity/builds/ios/Il2CppOutputProject/IL2CPP/external/mono/mono/metadata/sgen-mono.c
[1764/3206  0s] CopyFiles /Users/lucas-furini/repos/checkout/unity/builds/ios/Il2CppOutputProject/IL2CPP/external/mono/mono/metadata/verify.c
[1765/3206  0s] CopyFiles /Users/lucas-furini/repos/checkout/unity/builds/ios/Il2CppOutputProject/IL2CPP/external/mono/mono/metadata/security-core-clr.h
[1766/3206  0s] CopyFiles /Users/lucas-furini/repos/checkout/unity/builds/ios/Il2CppOutputProject/IL2CPP/external/mono/mono/metadata/remoting.h
[1767/3206  0s] CopyFiles /Users/lucas-furini/repos/checkout/unity/builds/ios/Il2CppOutputProject/IL2CPP/external/mono/mono/metadata/runtime.h
[1768/3206  0s] CopyFiles /Users/lucas-furini/repos/checkout/unity/builds/ios/Il2CppOutputProject/IL2CPP/external/mono/mono/metadata/reflection.h
[1769/3206  0s] CopyFiles /Users/lucas-furini/repos/checkout/unity/builds/ios/Il2CppOutputProject/IL2CPP/external/mono/mono/metadata/row-indexes.h
[1770/3206  0s] CopyFiles /Users/lucas-furini/repos/checkout/unity/builds/ios/Il2CppOutputProject/IL2CPP/external/mono/mono/metadata/reflection-internals.h
[1771/3206  0s] CopyFiles /Users/lucas-furini/repos/checkout/unity/builds/ios/Il2CppOutputProject/IL2CPP/external/mono/mono/metadata/rand.h
[1772/3206  0s] CopyFiles /Users/lucas-furini/repos/checkout/unity/builds/ios/Il2CppOutputProject/IL2CPP/external/mono/mono/metadata/rand.c
[1773/3206  0s] CopyFiles /Users/lucas-furini/repos/checkout/unity/builds/ios/Il2CppOutputProject/IL2CPP/external/mono/mono/metadata/runtime.c
[1774/3206  0s] CopyFiles /Users/lucas-furini/repos/checkout/unity/builds/ios/Il2CppOutputProject/IL2CPP/external/mono/mono/metadata/remoting.c
[1775/3206  0s] CopyFiles /Users/lucas-furini/repos/checkout/unity/builds/ios/Il2CppOutputProject/IL2CPP/external/mono/mono/metadata/security-core-clr.c
[1776/3206  0s] CopyFiles /Users/lucas-furini/repos/checkout/unity/builds/ios/Il2CppOutputProject/IL2CPP/external/mono/mono/metadata/property-bag.c
[1777/3206  0s] CopyFiles /Users/lucas-furini/repos/checkout/unity/builds/ios/Il2CppOutputProject/IL2CPP/external/mono/mono/metadata/reflection-cache.h
[1778/3206  0s] CopyFiles /Users/lucas-furini/repos/checkout/unity/builds/ios/Il2CppOutputProject/IL2CPP/external/mono/mono/metadata/profiler.c
[1779/3206  0s] CopyFiles /Users/lucas-furini/repos/checkout/unity/builds/ios/Il2CppOutputProject/IL2CPP/external/mono/mono/metadata/reflection.c
[1780/3206  0s] CopyFiles /Users/lucas-furini/repos/checkout/unity/builds/ios/Il2CppOutputProject/IL2CPP/external/mono/mono/metadata/profiler.h
[1781/3206  0s] CopyFiles /Users/lucas-furini/repos/checkout/unity/builds/ios/Il2CppOutputProject/IL2CPP/external/mono/mono/metadata/profiler-private.h
[1782/3206  0s] CopyFiles /Users/lucas-furini/repos/checkout/unity/builds/ios/Il2CppOutputProject/IL2CPP/external/mono/mono/metadata/profiler-legacy.h
[1783/3206  0s] CopyFiles /Users/lucas-furini/repos/checkout/unity/builds/ios/Il2CppOutputProject/IL2CPP/external/mono/mono/metadata/profiler-events.h
[1784/3206  0s] CopyFiles /Users/lucas-furini/repos/checkout/unity/builds/ios/Il2CppOutputProject/IL2CPP/external/mono/mono/metadata/private/threadpool-io-poll.c
[1785/3206  0s] CopyFiles /Users/lucas-furini/repos/checkout/unity/builds/ios/Il2CppOutputProject/IL2CPP/external/mono/mono/metadata/opcodes.c
[1786/3206  0s] CopyFiles /Users/lucas-furini/repos/checkout/unity/builds/ios/Il2CppOutputProject/IL2CPP/external/mono/mono/metadata/private/threadpool-io-kqueue.c
[1787/3206  0s] CopyFiles /Users/lucas-furini/repos/checkout/unity/builds/ios/Il2CppOutputProject/IL2CPP/external/mono/mono/metadata/property-bag.h
[1788/3206  0s] CopyFiles /Users/lucas-furini/repos/checkout/unity/builds/ios/Il2CppOutputProject/IL2CPP/external/mono/mono/metadata/object.h
[1789/3206  0s] CopyFiles /Users/lucas-furini/repos/checkout/unity/builds/ios/Il2CppOutputProject/IL2CPP/external/mono/mono/metadata/private/threadpool-io-epoll.c
[1790/3206  0s] CopyFiles /Users/lucas-furini/repos/checkout/unity/builds/ios/Il2CppOutputProject/IL2CPP/external/mono/mono/metadata/number-ms.h
[1791/3206  0s] CopyFiles /Users/lucas-furini/repos/checkout/unity/builds/ios/Il2CppOutputProject/IL2CPP/external/mono/mono/metadata/opcodes.h
[1792/3206  0s] CopyFiles /Users/lucas-furini/repos/checkout/unity/builds/ios/Il2CppOutputProject/IL2CPP/external/mono/mono/metadata/number-ms.c
[1793/3206  0s] CopyFiles /Users/lucas-furini/repos/checkout/unity/builds/ios/Il2CppOutputProject/IL2CPP/external/mono/mono/metadata/object-forward.h
[1794/3206  0s] CopyFiles /Users/lucas-furini/repos/checkout/unity/builds/ios/Il2CppOutputProject/IL2CPP/external/mono/mono/metadata/object-offsets.h
[1795/3206  0s] CopyFiles /Users/lucas-furini/repos/checkout/unity/builds/ios/Il2CppOutputProject/IL2CPP/external/mono/mono/metadata/object-internals.h
[1796/3206  0s] CopyFiles /Users/lucas-furini/repos/checkout/unity/builds/ios/Il2CppOutputProject/IL2CPP/external/mono/mono/metadata/number-formatter.h
[1797/3206  0s] CopyFiles /Users/lucas-furini/repos/checkout/unity/builds/ios/Il2CppOutputProject/IL2CPP/external/mono/mono/metadata/object.c
[1798/3206  0s] CopyFiles /Users/lucas-furini/repos/checkout/unity/builds/ios/Il2CppOutputProject/IL2CPP/external/mono/mono/metadata/mono-security-windows-internals.h
[1799/3206  0s] CopyFiles /Users/lucas-furini/repos/checkout/unity/builds/ios/Il2CppOutputProject/IL2CPP/external/mono/mono/metadata/mono-security-windows.c
[1800/3206  0s] CopyFiles /Users/lucas-furini/repos/checkout/unity/builds/ios/Il2CppOutputProject/IL2CPP/external/mono/mono/metadata/mono-security.c
[1801/3206  0s] CopyFiles /Users/lucas-furini/repos/checkout/unity/builds/ios/Il2CppOutputProject/IL2CPP/external/mono/mono/metadata/null-gc-handles.h
[1802/3206  0s] CopyFiles /Users/lucas-furini/repos/checkout/unity/builds/ios/Il2CppOutputProject/IL2CPP/external/mono/mono/metadata/mono-route.h
[1803/3206  0s] CopyFiles /Users/lucas-furini/repos/checkout/unity/builds/ios/Il2CppOutputProject/IL2CPP/external/mono/mono/metadata/mono-perfcounters.h
[1804/3206  0s] CopyFiles /Users/lucas-furini/repos/checkout/unity/builds/ios/Il2CppOutputProject/IL2CPP/external/mono/mono/metadata/mono-route.c
[1805/3206  0s] CopyFiles /Users/lucas-furini/repos/checkout/unity/builds/ios/Il2CppOutputProject/IL2CPP/external/mono/mono/metadata/normalization-tables.h
[1806/3206  0s] CopyFiles /Users/lucas-furini/repos/checkout/unity/builds/ios/Il2CppOutputProject/IL2CPP/external/mono/mono/metadata/mono-ptr-array.h
[1807/3206  0s] CopyFiles /Users/lucas-furini/repos/checkout/unity/builds/ios/Il2CppOutputProject/IL2CPP/external/mono/mono/metadata/null-gc.c
[1808/3206  0s] CopyFiles /Users/lucas-furini/repos/checkout/unity/builds/ios/Il2CppOutputProject/IL2CPP/external/mono/mono/metadata/mono-hash.c
[1809/3206  0s] CopyFiles /Users/lucas-furini/repos/checkout/unity/builds/ios/Il2CppOutputProject/IL2CPP/external/mono/mono/metadata/mono-perfcounters-def.h
[1810/3206  0s] CopyFiles /Users/lucas-furini/repos/checkout/unity/builds/ios/Il2CppOutputProject/IL2CPP/external/mono/mono/metadata/mono-mlist.h
[1811/3206  0s] CopyFiles /Users/lucas-furini/repos/checkout/unity/builds/ios/Il2CppOutputProject/IL2CPP/external/mono/mono/metadata/mono-hash.h
[1812/3206  0s] CopyFiles /Users/lucas-furini/repos/checkout/unity/builds/ios/Il2CppOutputProject/IL2CPP/external/mono/mono/metadata/mono-mlist.c
[1813/3206  0s] CopyFiles /Users/lucas-furini/repos/checkout/unity/builds/ios/Il2CppOutputProject/IL2CPP/external/mono/mono/metadata/mono-hash-internals.h
[1814/3206  0s] CopyFiles /Users/lucas-furini/repos/checkout/unity/builds/ios/Il2CppOutputProject/IL2CPP/external/mono/mono/metadata/mono-perfcounters.c
[1815/3206  0s] CopyFiles /Users/lucas-furini/repos/checkout/unity/builds/ios/Il2CppOutputProject/IL2CPP/external/mono/mono/metadata/mono-endian.h
[1816/3206  0s] CopyFiles /Users/lucas-furini/repos/checkout/unity/builds/ios/Il2CppOutputProject/IL2CPP/external/mono/mono/metadata/mono-gc.h
[1817/3206  0s] CopyFiles /Users/lucas-furini/repos/checkout/unity/builds/ios/Il2CppOutputProject/IL2CPP/external/mono/mono/metadata/mono-debug.h
[1818/3206  0s] CopyFiles /Users/lucas-furini/repos/checkout/unity/builds/ios/Il2CppOutputProject/IL2CPP/external/mono/mono/metadata/mono-endian.c
[1819/3206  0s] CopyFiles /Users/lucas-furini/repos/checkout/unity/builds/ios/Il2CppOutputProject/IL2CPP/external/mono/mono/metadata/mono-conc-hash.h
[1820/3206  0s] CopyFiles /Users/lucas-furini/repos/checkout/unity/builds/ios/Il2CppOutputProject/IL2CPP/external/mono/mono/metadata/mono-config.h
[1821/3206  0s] CopyFiles /Users/lucas-furini/repos/checkout/unity/builds/ios/Il2CppOutputProject/IL2CPP/external/mono/mono/metadata/mono-config-dirs.h
[1822/3206  0s] CopyFiles /Users/lucas-furini/repos/checkout/unity/builds/ios/Il2CppOutputProject/IL2CPP/external/mono/mono/metadata/mono-debug.c
[1823/3206  0s] CopyFiles /Users/lucas-furini/repos/checkout/unity/builds/ios/Il2CppOutputProject/IL2CPP/external/mono/mono/metadata/mono-config-dirs.c
[1824/3206  0s] CopyFiles /Users/lucas-furini/repos/checkout/unity/builds/ios/Il2CppOutputProject/IL2CPP/external/mono/mono/metadata/mono-conc-hash.c
[1825/3206  0s] CopyFiles /Users/lucas-furini/repos/checkout/unity/builds/ios/Il2CppOutputProject/IL2CPP/external/mono/mono/metadata/monitor.h
[1826/3206  0s] CopyFiles /Users/lucas-furini/repos/checkout/unity/builds/ios/Il2CppOutputProject/IL2CPP/external/mono/mono/metadata/mono-basic-block.h
[1827/3206  0s] CopyFiles /Users/lucas-furini/repos/checkout/unity/builds/ios/Il2CppOutputProject/IL2CPP/external/mono/mono/metadata/method-builder.h
[1828/3206  0s] CopyFiles /Users/lucas-furini/repos/checkout/unity/builds/ios/Il2CppOutputProject/IL2CPP/external/mono/mono/metadata/mono-basic-block.c
[1829/3206  0s] CopyFiles /Users/lucas-furini/repos/checkout/unity/builds/ios/Il2CppOutputProject/IL2CPP/external/mono/mono/metadata/mono-config.c
[1830/3206  0s] CopyFiles /Users/lucas-furini/repos/checkout/unity/builds/ios/Il2CppOutputProject/IL2CPP/external/mono/mono/metadata/metadata.h
[1831/3206  0s] CopyFiles /Users/lucas-furini/repos/checkout/unity/builds/ios/Il2CppOutputProject/IL2CPP/external/mono/mono/metadata/method-builder.c
[1832/3206  0s] CopyFiles /Users/lucas-furini/repos/checkout/unity/builds/ios/Il2CppOutputProject/IL2CPP/external/mono/mono/metadata/metadata-cross-helpers.c
[1833/3206  0s] CopyFiles /Users/lucas-furini/repos/checkout/unity/builds/ios/Il2CppOutputProject/IL2CPP/external/mono/mono/metadata/monitor.c
[1834/3206  0s] CopyFiles /Users/lucas-furini/repos/checkout/unity/builds/ios/Il2CppOutputProject/IL2CPP/external/mono/mono/metadata/metadata.c
[1835/3206  0s] CopyFiles /Users/lucas-furini/repos/checkout/unity/builds/ios/Il2CppOutputProject/IL2CPP/external/mono/mono/metadata/metadata-internals.h
[1836/3206  0s] CopyFiles /Users/lucas-furini/repos/checkout/unity/builds/ios/Il2CppOutputProject/IL2CPP/external/mono/mono/metadata/metadata-verify.c
[1837/3206  0s] CopyFiles /Users/lucas-furini/repos/checkout/unity/builds/ios/Il2CppOutputProject/IL2CPP/external/mono/mono/metadata/mempool.c
[1838/3206  0s] CopyFiles /Users/lucas-furini/repos/checkout/unity/builds/ios/Il2CppOutputProject/IL2CPP/external/mono/mono/metadata/mempool.h
[1839/3206  0s] CopyFiles /Users/lucas-furini/repos/checkout/unity/builds/ios/Il2CppOutputProject/IL2CPP/external/mono/mono/metadata/marshal-windows.c
[1840/3206  0s] CopyFiles /Users/lucas-furini/repos/checkout/unity/builds/ios/Il2CppOutputProject/IL2CPP/external/mono/mono/metadata/mempool-internals.h
[1841/3206  0s] CopyFiles /Users/lucas-furini/repos/checkout/unity/builds/ios/Il2CppOutputProject/IL2CPP/external/mono/mono/metadata/lock-tracer.h
[1842/3206  0s] CopyFiles /Users/lucas-furini/repos/checkout/unity/builds/ios/Il2CppOutputProject/IL2CPP/external/mono/mono/metadata/marshal.h
[1843/3206  0s] CopyFiles /Users/lucas-furini/repos/checkout/unity/builds/ios/Il2CppOutputProject/IL2CPP/external/mono/mono/metadata/marshal-internals.h
[1844/3206  0s] CopyFiles /Users/lucas-furini/repos/checkout/unity/builds/ios/Il2CppOutputProject/IL2CPP/external/mono/mono/metadata/marshal.c
[1845/3206  0s] CopyFiles /Users/lucas-furini/repos/checkout/unity/builds/ios/Il2CppOutputProject/IL2CPP/external/mono/mono/metadata/marshal-windows-internals.h
[1846/3206  0s] CopyFiles /Users/lucas-furini/repos/checkout/unity/builds/ios/Il2CppOutputProject/IL2CPP/external/mono/mono/metadata/lock-tracer.c
[1847/3206  0s] CopyFiles /Users/lucas-furini/repos/checkout/unity/builds/ios/Il2CppOutputProject/IL2CPP/external/mono/mono/metadata/jit-icall-reg.h
[1848/3206  0s] CopyFiles /Users/lucas-furini/repos/checkout/unity/builds/ios/Il2CppOutputProject/IL2CPP/external/mono/mono/metadata/locales.h
[1849/3206  0s] CopyFiles /Users/lucas-furini/repos/checkout/unity/builds/ios/Il2CppOutputProject/IL2CPP/external/mono/mono/metadata/image.h
[1850/3206  0s] CopyFiles /Users/lucas-furini/repos/checkout/unity/builds/ios/Il2CppOutputProject/IL2CPP/external/mono/mono/metadata/jit-info.c
[1851/3206  0s] CopyFiles /Users/lucas-furini/repos/checkout/unity/builds/ios/Il2CppOutputProject/IL2CPP/external/mono/mono/metadata/loader.h
[1852/3206  0s] CopyFiles /Users/lucas-furini/repos/checkout/unity/builds/ios/Il2CppOutputProject/IL2CPP/external/mono/mono/metadata/locales.c
[1853/3206  0s] CopyFiles /Users/lucas-furini/repos/checkout/unity/builds/ios/Il2CppOutputProject/IL2CPP/external/mono/mono/metadata/loader.c
[1854/3206  0s] CopyFiles /Users/lucas-furini/repos/checkout/unity/builds/ios/Il2CppOutputProject/IL2CPP/external/mono/mono/metadata/image-internals.h
[1855/3206  0s] CopyFiles /Users/lucas-furini/repos/checkout/unity/builds/ios/Il2CppOutputProject/IL2CPP/external/mono/mono/metadata/loader-internals.h
[1856/3206  0s] CopyFiles /Users/lucas-furini/repos/checkout/unity/builds/ios/Il2CppOutputProject/IL2CPP/external/mono/mono/metadata/icalls.h
[1857/3206  0s] CopyFiles /Users/lucas-furini/repos/checkout/unity/builds/ios/Il2CppOutputProject/IL2CPP/external/mono/mono/metadata/icall.c
[1858/3206  0s] CopyFiles /Users/lucas-furini/repos/checkout/unity/builds/ios/Il2CppOutputProject/IL2CPP/external/mono/mono/metadata/image.c
[1859/3206  0s] CopyFiles /Users/lucas-furini/repos/checkout/unity/builds/ios/Il2CppOutputProject/IL2CPP/external/mono/mono/metadata/icall-internals.h
[1860/3206  0s] CopyFiles /Users/lucas-furini/repos/checkout/unity/builds/ios/Il2CppOutputProject/IL2CPP/external/mono/mono/metadata/icall-windows-internals.h
[1861/3206  0s] CopyFiles /Users/lucas-furini/repos/checkout/unity/builds/ios/Il2CppOutputProject/IL2CPP/external/mono/mono/metadata/handle.c
[1862/3206  0s] CopyFiles /Users/lucas-furini/repos/checkout/unity/builds/ios/Il2CppOutputProject/IL2CPP/external/mono/mono/metadata/handle-decl.h
[1863/3206  0s] CopyFiles /Users/lucas-furini/repos/checkout/unity/builds/ios/Il2CppOutputProject/IL2CPP/external/mono/mono/metadata/handle.h
[1864/3206  0s] CopyFiles /Users/lucas-furini/repos/checkout/unity/builds/ios/Il2CppOutputProject/IL2CPP/external/mono/mono/metadata/gc-stats.c
[1865/3206  0s] CopyFiles /Users/lucas-furini/repos/checkout/unity/builds/ios/Il2CppOutputProject/IL2CPP/external/mono/mono/metadata/gc.c
[1866/3206  0s] CopyFiles /Users/lucas-furini/repos/checkout/unity/builds/ios/Il2CppOutputProject/IL2CPP/external/mono/mono/metadata/icall-windows.c
[1867/3206  0s] CopyFiles /Users/lucas-furini/repos/checkout/unity/builds/ios/Il2CppOutputProject/IL2CPP/external/mono/mono/metadata/icall-def.h
[1868/3206  0s] CopyFiles /Users/lucas-furini/repos/checkout/unity/builds/ios/Il2CppOutputProject/IL2CPP/external/mono/mono/metadata/fdhandle.h
[1869/3206  0s] CopyFiles /Users/lucas-furini/repos/checkout/unity/builds/ios/Il2CppOutputProject/IL2CPP/external/mono/mono/metadata/file-mmap-posix.c
[1870/3206  0s] CopyFiles /Users/lucas-furini/repos/checkout/unity/builds/ios/Il2CppOutputProject/IL2CPP/external/mono/mono/metadata/file-mmap.h
[1871/3206  0s] CopyFiles /Users/lucas-furini/repos/checkout/unity/builds/ios/Il2CppOutputProject/IL2CPP/external/mono/mono/metadata/fdhandle.c
[1872/3206  0s] CopyFiles /Users/lucas-furini/repos/checkout/unity/builds/ios/Il2CppOutputProject/IL2CPP/external/mono/mono/metadata/filewatcher.c
[1873/3206  0s] CopyFiles /Users/lucas-furini/repos/checkout/unity/builds/ios/Il2CppOutputProject/IL2CPP/external/mono/mono/metadata/filewatcher.h
[1874/3206  0s] CopyFiles /Users/lucas-furini/repos/checkout/unity/builds/ios/Il2CppOutputProject/IL2CPP/external/mono/mono/metadata/file-mmap-windows.c
[1875/3206  0s] CopyFiles /Users/lucas-furini/repos/checkout/unity/builds/ios/Il2CppOutputProject/IL2CPP/external/mono/mono/metadata/gc-internals.h
[1876/3206  0s] CopyFiles /Users/lucas-furini/repos/checkout/unity/builds/ios/Il2CppOutputProject/IL2CPP/external/mono/mono/metadata/exception.h
[1877/3206  0s] CopyFiles /Users/lucas-furini/repos/checkout/unity/builds/ios/Il2CppOutputProject/IL2CPP/external/mono/mono/metadata/environment.h
[1878/3206  0s] CopyFiles /Users/lucas-furini/repos/checkout/unity/builds/ios/Il2CppOutputProject/IL2CPP/external/mono/mono/metadata/exception-internals.h
[1879/3206  0s] CopyFiles /Users/lucas-furini/repos/checkout/unity/builds/ios/Il2CppOutputProject/IL2CPP/external/mono/mono/metadata/exception.c
[1880/3206  0s] CopyFiles /Users/lucas-furini/repos/checkout/unity/builds/ios/Il2CppOutputProject/IL2CPP/external/mono/mono/metadata/environment.c
[1881/3206  0s] CopyFiles /Users/lucas-furini/repos/checkout/unity/builds/ios/Il2CppOutputProject/IL2CPP/external/mono/mono/metadata/dynamic-image-internals.h
[1882/3206  0s] CopyFiles /Users/lucas-furini/repos/checkout/unity/builds/ios/Il2CppOutputProject/IL2CPP/external/mono/mono/metadata/dynamic-stream.c
[1883/3206  0s] CopyFiles /Users/lucas-furini/repos/checkout/unity/builds/ios/Il2CppOutputProject/IL2CPP/external/mono/mono/metadata/domain-internals.h
[1884/3206  0s] CopyFiles /Users/lucas-furini/repos/checkout/unity/builds/ios/Il2CppOutputProject/IL2CPP/external/mono/mono/metadata/dynamic-stream-internals.h
[1885/3206  0s] CopyFiles /Users/lucas-furini/repos/checkout/unity/builds/ios/Il2CppOutputProject/IL2CPP/external/mono/mono/metadata/decimal-ms.h
[1886/3206  0s] CopyFiles /Users/lucas-furini/repos/checkout/unity/builds/ios/Il2CppOutputProject/IL2CPP/external/mono/mono/metadata/dynamic-image.c
[1887/3206  0s] CopyFiles /Users/lucas-furini/repos/checkout/unity/builds/ios/Il2CppOutputProject/IL2CPP/external/mono/mono/metadata/domain.c
[1888/3206  0s] CopyFiles /Users/lucas-furini/repos/checkout/unity/builds/ios/Il2CppOutputProject/IL2CPP/external/mono/mono/metadata/debug-mono-ppdb.h
[1889/3206  0s] CopyFiles /Users/lucas-furini/repos/checkout/unity/builds/ios/Il2CppOutputProject/IL2CPP/external/mono/mono/metadata/debug-mono-symfile.h
[1890/3206  0s] CopyFiles /Users/lucas-furini/repos/checkout/unity/builds/ios/Il2CppOutputProject/IL2CPP/external/mono/mono/metadata/debug-mono-symfile.c
[1891/3206  0s] CopyFiles /Users/lucas-furini/repos/checkout/unity/builds/ios/Il2CppOutputProject/IL2CPP/external/mono/mono/metadata/decimal-ms.c
[1892/3206  0s] CopyFiles /Users/lucas-furini/repos/checkout/unity/builds/ios/Il2CppOutputProject/IL2CPP/external/mono/mono/metadata/debug-mono-ppdb.c
[1893/3206  0s] CopyFiles /Users/lucas-furini/repos/checkout/unity/builds/ios/Il2CppOutputProject/IL2CPP/external/mono/mono/metadata/debug-internals.h
[1894/3206  0s] CopyFiles /Users/lucas-furini/repos/checkout/unity/builds/ios/Il2CppOutputProject/IL2CPP/external/mono/mono/metadata/coree.h
[1895/3206  0s] CopyFiles /Users/lucas-furini/repos/checkout/unity/builds/ios/Il2CppOutputProject/IL2CPP/external/mono/mono/metadata/coree-internals.h
[1896/3206  0s] CopyFiles /Users/lucas-furini/repos/checkout/unity/builds/ios/Il2CppOutputProject/IL2CPP/external/mono/mono/metadata/debug-helpers.c
[1897/3206  0s] CopyFiles /Users/lucas-furini/repos/checkout/unity/builds/ios/Il2CppOutputProject/IL2CPP/external/mono/mono/metadata/custom-attrs-internals.h
[1898/3206  0s] CopyFiles /Users/lucas-furini/repos/checkout/unity/builds/ios/Il2CppOutputProject/IL2CPP/external/mono/mono/metadata/coree.c
[1899/3206  0s] CopyFiles /Users/lucas-furini/repos/checkout/unity/builds/ios/Il2CppOutputProject/IL2CPP/external/mono/mono/metadata/culture-info.h
[1900/3206  0s] CopyFiles /Users/lucas-furini/repos/checkout/unity/builds/ios/Il2CppOutputProject/IL2CPP/external/mono/mono/metadata/console-win32.c
[1901/3206  0s] CopyFiles /Users/lucas-furini/repos/checkout/unity/builds/ios/Il2CppOutputProject/IL2CPP/external/mono/mono/metadata/custom-attrs.c
[1902/3206  0s] CopyFiles /Users/lucas-furini/repos/checkout/unity/builds/ios/Il2CppOutputProject/IL2CPP/external/mono/mono/metadata/debug-helpers.h
[1903/3206  0s] CopyFiles /Users/lucas-furini/repos/checkout/unity/builds/ios/Il2CppOutputProject/IL2CPP/external/mono/mono/metadata/culture-info-tables.h
[1904/3206  0s] CopyFiles /Users/lucas-furini/repos/checkout/unity/builds/ios/Il2CppOutputProject/IL2CPP/external/mono/mono/metadata/console-io.h
[1905/3206  0s] CopyFiles /Users/lucas-furini/repos/checkout/unity/builds/ios/Il2CppOutputProject/IL2CPP/external/mono/mono/metadata/console-unix.c
[1906/3206  0s] CopyFiles /Users/lucas-furini/repos/checkout/unity/builds/ios/Il2CppOutputProject/IL2CPP/external/mono/mono/metadata/class-getters.h
[1907/3206  0s] CopyFiles /Users/lucas-furini/repos/checkout/unity/builds/ios/Il2CppOutputProject/IL2CPP/external/mono/mono/metadata/class-inlines.h
[1908/3206  0s] CopyFiles /Users/lucas-furini/repos/checkout/unity/builds/ios/Il2CppOutputProject/IL2CPP/external/mono/mono/metadata/cominterop.h
[1909/3206  0s] CopyFiles /Users/lucas-furini/repos/checkout/unity/builds/ios/Il2CppOutputProject/IL2CPP/external/mono/mono/metadata/cominterop.c
[1910/3206  0s] CopyFiles /Users/lucas-furini/repos/checkout/unity/builds/ios/Il2CppOutputProject/IL2CPP/external/mono/mono/metadata/class-private-definition.h
[1911/3206  0s] CopyFiles /Users/lucas-furini/repos/checkout/unity/builds/ios/Il2CppOutputProject/IL2CPP/external/mono/mono/metadata/class-accessors.c
[1912/3206  0s] CopyFiles /Users/lucas-furini/repos/checkout/unity/builds/ios/Il2CppOutputProject/IL2CPP/external/mono/mono/metadata/cominterop-win32-internals.h
[1913/3206  0s] CopyFiles /Users/lucas-furini/repos/checkout/unity/builds/ios/Il2CppOutputProject/IL2CPP/external/mono/mono/metadata/class-internals.h
[1914/3206  0s] CopyFiles /Users/lucas-furini/repos/checkout/unity/builds/ios/Il2CppOutputProject/IL2CPP/external/mono/mono/metadata/class.h
[1915/3206  0s] CopyFiles /Users/lucas-furini/repos/checkout/unity/builds/ios/Il2CppOutputProject/IL2CPP/external/mono/mono/metadata/cil-coff.h
[1916/3206  0s] CopyFiles /Users/lucas-furini/repos/checkout/unity/builds/ios/Il2CppOutputProject/IL2CPP/external/mono/mono/metadata/class.c
[1917/3206  0s] CopyFiles /Users/lucas-furini/repos/checkout/unity/builds/ios/Il2CppOutputProject/IL2CPP/external/mono/mono/metadata/blob.h
[1918/3206  0s] CopyFiles /Users/lucas-furini/repos/checkout/unity/builds/ios/Il2CppOutputProject/IL2CPP/external/mono/mono/metadata/attrdefs.h
[1919/3206  0s] CopyFiles /Users/lucas-furini/repos/checkout/unity/builds/ios/Il2CppOutputProject/IL2CPP/external/mono/mono/metadata/assembly.h
[1920/3206  0s] CopyFiles /Users/lucas-furini/repos/checkout/unity/builds/ios/Il2CppOutputProject/IL2CPP/external/mono/mono/metadata/boehm-gc.c
[1921/3206  0s] CopyFiles /Users/lucas-furini/repos/checkout/unity/builds/ios/Il2CppOutputProject/IL2CPP/external/mono/mono/metadata/assembly-internals.h
[1922/3206  0s] CopyFiles /Users/lucas-furini/repos/checkout/unity/builds/ios/Il2CppOutputProject/IL2CPP/external/mono/mono/metadata/attach.h
[1923/3206  0s] CopyFiles /Users/lucas-furini/repos/checkout/unity/builds/ios/Il2CppOutputProject/IL2CPP/external/mono/mono/metadata/callspec.h
[1924/3206  0s] CopyFiles /Users/lucas-furini/repos/checkout/unity/builds/ios/Il2CppOutputProject/IL2CPP/external/mono/mono/metadata/attach.c
[1925/3206  0s] CopyFiles /Users/lucas-furini/repos/checkout/unity/builds/ios/Il2CppOutputProject/IL2CPP/external/mono/mono/metadata/appdomain.h
[1926/3206  0s] CopyFiles /Users/lucas-furini/repos/checkout/unity/builds/ios/Il2CppOutputProject/IL2CPP/external/mono/mono/eglib/gunicode-win32.c
[1927/3206  0s] CopyFiles /Users/lucas-furini/repos/checkout/unity/builds/ios/Il2CppOutputProject/IL2CPP/external/mono/mono/eglib/sort.frag.h
[1928/3206  0s] CopyFiles /Users/lucas-furini/repos/checkout/unity/builds/ios/Il2CppOutputProject/IL2CPP/external/mono/mono/eglib/gunicode.c
[1929/3206  0s] CopyFiles /Users/lucas-furini/repos/checkout/unity/builds/ios/Il2CppOutputProject/IL2CPP/external/mono/mono/eglib/gstring.c
[1930/3206  0s] CopyFiles /Users/lucas-furini/repos/checkout/unity/builds/ios/Il2CppOutputProject/IL2CPP/external/mono/mono/eglib/unicode-data.h
[1931/3206  0s] CopyFiles /Users/lucas-furini/repos/checkout/unity/builds/ios/Il2CppOutputProject/IL2CPP/external/mono/mono/eglib/gutf8.c
[1932/3206  0s] CopyFiles /Users/lucas-furini/repos/checkout/unity/builds/ios/Il2CppOutputProject/IL2CPP/external/mono/mono/metadata/abi-details.h
[1933/3206  0s] CopyFiles /Users/lucas-furini/repos/checkout/unity/builds/ios/Il2CppOutputProject/IL2CPP/external/mono/mono/eglib/gunicode-win32-uwp.c
[1934/3206  0s] CopyFiles /Users/lucas-furini/repos/checkout/unity/builds/ios/Il2CppOutputProject/IL2CPP/external/mono/mono/metadata/appdomain-icalls.h
[1935/3206  0s] CopyFiles /Users/lucas-furini/repos/checkout/unity/builds/ios/Il2CppOutputProject/IL2CPP/external/mono/mono/metadata/assembly.c
[1936/3206  0s] CopyFiles /Users/lucas-furini/repos/checkout/unity/builds/ios/Il2CppOutputProject/IL2CPP/external/mono/mono/eglib/gstr.c
[1937/3206  0s] CopyFiles /Users/lucas-furini/repos/checkout/unity/builds/ios/Il2CppOutputProject/IL2CPP/external/mono/mono/eglib/gshell.c
[1938/3206  0s] CopyFiles /Users/lucas-furini/repos/checkout/unity/builds/ios/Il2CppOutputProject/IL2CPP/external/mono/mono/metadata/appdomain.c
[1939/3206  0s] CopyFiles /Users/lucas-furini/repos/checkout/unity/builds/ios/Il2CppOutputProject/IL2CPP/external/mono/mono/eglib/gspawn.c
[1940/3206  0s] CopyFiles /Users/lucas-furini/repos/checkout/unity/builds/ios/Il2CppOutputProject/IL2CPP/external/mono/mono/eglib/gqsort.c
[1941/3206  0s] CopyFiles /Users/lucas-furini/repos/checkout/unity/builds/ios/Il2CppOutputProject/IL2CPP/external/mono/mono/eglib/gqueue.c
[1942/3206  0s] CopyFiles /Users/lucas-furini/repos/checkout/unity/builds/ios/Il2CppOutputProject/IL2CPP/external/mono/mono/eglib/gmodule.h
[1943/3206  0s] CopyFiles /Users/lucas-furini/repos/checkout/unity/builds/ios/Il2CppOutputProject/IL2CPP/external/mono/mono/eglib/goutput.c
[1944/3206  0s] CopyFiles /Users/lucas-furini/repos/checkout/unity/builds/ios/Il2CppOutputProject/IL2CPP/external/mono/mono/eglib/gpattern.c
[1945/3206  0s] CopyFiles /Users/lucas-furini/repos/checkout/unity/builds/ios/Il2CppOutputProject/IL2CPP/external/mono/mono/eglib/gpath.c
[1946/3206  0s] CopyFiles /Users/lucas-furini/repos/checkout/unity/builds/ios/Il2CppOutputProject/IL2CPP/external/mono/mono/eglib/gmarkup.c
[1947/3206  0s] CopyFiles /Users/lucas-furini/repos/checkout/unity/builds/ios/Il2CppOutputProject/IL2CPP/external/mono/mono/eglib/gslist.c
[1948/3206  0s] CopyFiles /Users/lucas-furini/repos/checkout/unity/builds/ios/Il2CppOutputProject/IL2CPP/external/mono/mono/eglib/gptrarray.c
[1949/3206  0s] CopyFiles /Users/lucas-furini/repos/checkout/unity/builds/ios/Il2CppOutputProject/IL2CPP/external/mono/mono/eglib/glist.c
[1950/3206  0s] CopyFiles /Users/lucas-furini/repos/checkout/unity/builds/ios/Il2CppOutputProject/IL2CPP/external/mono/mono/eglib/gmem.c
[1951/3206  0s] CopyFiles /Users/lucas-furini/repos/checkout/unity/builds/ios/Il2CppOutputProject/IL2CPP/external/mono/mono/eglib/gmisc-unity.c
[1952/3206  0s] CopyFiles /Users/lucas-furini/repos/checkout/unity/builds/ios/Il2CppOutputProject/IL2CPP/external/mono/mono/eglib/giconv.c
[1953/3206  0s] CopyFiles /Users/lucas-furini/repos/checkout/unity/builds/ios/Il2CppOutputProject/IL2CPP/external/mono/mono/eglib/ghashtable.c
[1954/3206  0s] CopyFiles /Users/lucas-furini/repos/checkout/unity/builds/ios/Il2CppOutputProject/IL2CPP/external/mono/mono/eglib/gfile-unity.c
[1955/3206  0s] CopyFiles /Users/lucas-furini/repos/checkout/unity/builds/ios/Il2CppOutputProject/IL2CPP/external/mono/mono/cil/tables.def
[1956/3206  0s] CopyFiles /Users/lucas-furini/repos/checkout/unity/builds/ios/Il2CppOutputProject/IL2CPP/external/mono/mono/cil/opcode.def
[1957/3206  0s] CopyFiles /Users/lucas-furini/repos/checkout/unity/builds/ios/Il2CppOutputProject/IL2CPP/external/mono/mono/eglib/garray.c
[1958/3206  0s] CopyFiles /Users/lucas-furini/repos/checkout/unity/builds/ios/Il2CppOutputProject/IL2CPP/external/mono/mono/eglib/gdate-unity.c
[1959/3206  0s] CopyFiles /Users/lucas-furini/repos/checkout/unity/builds/ios/Il2CppOutputProject/IL2CPP/external/mono/mono/eglib/gbytearray.c
[1960/3206  0s] CopyFiles /Users/lucas-furini/repos/checkout/unity/builds/ios/Il2CppOutputProject/IL2CPP/external/mono/mono/eglib/gerror.c
[1961/3206  0s] CopyFiles /Users/lucas-furini/repos/checkout/unity/builds/ios/Il2CppOutputProject/IL2CPP/external/mono/mono/eglib/glib.h
[1962/3206  0s] CopyFiles /Users/lucas-furini/repos/checkout/unity/builds/ios/Il2CppOutputProject/IL2CPP/external/mono/mono/eglib/gfile.c
[1963/3206  0s] CopyFiles /Users/lucas-furini/repos/checkout/unity/builds/ios/Il2CppOutputProject/IL2CPP/external/mono/mono/eglib/gdir-unity.c
[1964/3206  0s] CopyFiles /Users/lucas-furini/repos/checkout/unity/builds/ios/Il2CppOutputProject/IL2CPP/external/mono/mono/eglib/eglib-remap.h
[1965/3206  0s] CopyFiles /Users/lucas-furini/repos/checkout/unity/builds/ios/Il2CppOutputProject/IL2CPP/external/mono/mono/arch/x86/x86-codegen.h
[1966/3206  0s] CopyFiles /Users/lucas-furini/repos/checkout/unity/builds/ios/Il2CppOutputProject/IL2CPP/external/mono/mono/arch/arm/arm_vfpmacros.h
[1967/3206  0s] CopyFiles /Users/lucas-furini/repos/checkout/unity/builds/ios/Il2CppOutputProject/IL2CPP/external/mono/mono/arch/arm/arm-vfp-codegen.h
[1968/3206  0s] CopyFiles /Users/lucas-furini/repos/checkout/unity/builds/ios/Il2CppOutputProject/IL2CPP/external/google/sparsehash/type_traits.h
[1969/3206  0s] CopyFiles /Users/lucas-furini/repos/checkout/unity/builds/ios/Il2CppOutputProject/IL2CPP/external/google/sparsehash/sparse_hash_set.h
[1970/3206  0s] CopyFiles /Users/lucas-furini/repos/checkout/unity/builds/ios/Il2CppOutputProject/IL2CPP/external/google/sparsehash/template_util.h
[1971/3206  0s] CopyFiles /Users/lucas-furini/repos/checkout/unity/builds/ios/Il2CppOutputProject/IL2CPP/external/mono/mono/arch/arm/arm-codegen.h
[1972/3206  0s] CopyFiles /Users/lucas-furini/repos/checkout/unity/builds/ios/Il2CppOutputProject/IL2CPP/external/mono/mono/arch/arm/arm_dpimacros.h
[1973/3206  0s] CopyFiles /Users/lucas-furini/repos/checkout/unity/builds/ios/Il2CppOutputProject/IL2CPP/external/google/sparsehash/sparse_hash_map.h
[1974/3206  0s] CopyFiles /Users/lucas-furini/repos/checkout/unity/builds/ios/Il2CppOutputProject/IL2CPP/external/google/sparsehash/sparsetable.h
[1975/3206  0s] CopyFiles /Users/lucas-furini/repos/checkout/unity/builds/ios/Il2CppOutputProject/IL2CPP/external/mono/mono/arch/arm64/arm64-codegen.h
[1976/3206  0s] CopyFiles /Users/lucas-furini/repos/checkout/unity/builds/ios/Il2CppOutputProject/IL2CPP/external/mono/mono/arch/amd64/amd64-codegen.h
[1977/3206  0s] CopyFiles /Users/lucas-furini/repos/checkout/unity/builds/ios/Il2CppOutputProject/IL2CPP/external/google/sparsehash/internal/sparsehashtable.h
[1978/3206  0s] CopyFiles /Users/lucas-furini/repos/checkout/unity/builds/ios/Il2CppOutputProject/IL2CPP/external/google/sparsehash/internal/libc_allocator_with_realloc.h
[1979/3206  0s] CopyFiles /Users/lucas-furini/repos/checkout/unity/builds/ios/Il2CppOutputProject/IL2CPP/external/google/sparsehash/dense_hash_map.h
[1980/3206  0s] CopyFiles /Users/lucas-furini/repos/checkout/unity/builds/ios/Il2CppOutputProject/IL2CPP/external/bdwgc/windows-untested/stdafx.h
[1981/3206  0s] CopyFiles /Users/lucas-furini/repos/checkout/unity/builds/ios/Il2CppOutputProject/IL2CPP/external/google/sparsehash/internal/densehashtable.h
[1982/3206  0s] CopyFiles /Users/lucas-furini/repos/checkout/unity/builds/ios/Il2CppOutputProject/IL2CPP/external/bdwgc/win32_threads.c
[1983/3206  0s] CopyFiles /Users/lucas-furini/repos/checkout/unity/builds/ios/Il2CppOutputProject/IL2CPP/external/google/sparsehash/dense_hash_set.h
[1984/3206  0s] CopyFiles /Users/lucas-furini/repos/checkout/unity/builds/ios/Il2CppOutputProject/IL2CPP/external/bdwgc/typd_mlc.c
[1985/3206  0s] CopyFiles /Users/lucas-furini/repos/checkout/unity/builds/ios/Il2CppOutputProject/IL2CPP/external/bdwgc/tools/threadlibs.c
[1986/3206  0s] CopyFiles /Users/lucas-furini/repos/checkout/unity/builds/ios/Il2CppOutputProject/IL2CPP/external/bdwgc/tools/if_not_there.c
[1987/3206  0s] CopyFiles /Users/lucas-furini/repos/checkout/unity/builds/ios/Il2CppOutputProject/IL2CPP/external/bdwgc/tools/if_mach.c
[1988/3206  0s] CopyFiles /Users/lucas-furini/repos/checkout/unity/builds/ios/Il2CppOutputProject/IL2CPP/external/bdwgc/tools/setjmp_t.c
[1989/3206  0s] CopyFiles /Users/lucas-furini/repos/checkout/unity/builds/ios/Il2CppOutputProject/IL2CPP/external/bdwgc/vector_mlc.c
[1990/3206  0s] CopyFiles /Users/lucas-furini/repos/checkout/unity/builds/ios/Il2CppOutputProject/IL2CPP/external/google/sparsehash/internal/sparseconfig.h
[1991/3206  0s] CopyFiles /Users/lucas-furini/repos/checkout/unity/builds/ios/Il2CppOutputProject/IL2CPP/external/bdwgc/tests/trace_test.c
[1992/3206  0s] CopyFiles /Users/lucas-furini/repos/checkout/unity/builds/ios/Il2CppOutputProject/IL2CPP/external/google/sparsehash/internal/hashtable-common.h
[1993/3206  0s] CopyFiles /Users/lucas-furini/repos/checkout/unity/builds/ios/Il2CppOutputProject/IL2CPP/external/bdwgc/windows-untested/stdafx.c
[1994/3206  0s] CopyFiles /Users/lucas-furini/repos/checkout/unity/builds/ios/Il2CppOutputProject/IL2CPP/external/bdwgc/tests/threadkey_test.c
[1995/3206  0s] CopyFiles /Users/lucas-furini/repos/checkout/unity/builds/ios/Il2CppOutputProject/IL2CPP/external/bdwgc/tests/test.c
[1996/3206  0s] CopyFiles /Users/lucas-furini/repos/checkout/unity/builds/ios/Il2CppOutputProject/IL2CPP/external/bdwgc/thread_local_alloc.c
[1997/3206  0s] CopyFiles /Users/lucas-furini/repos/checkout/unity/builds/ios/Il2CppOutputProject/IL2CPP/external/bdwgc/tests/test_atomic_ops.c
[1998/3206  0s] CopyFiles /Users/lucas-furini/repos/checkout/unity/builds/ios/Il2CppOutputProject/IL2CPP/external/bdwgc/tests/subthread_create.c
[1999/3206  0s] CopyFiles /Users/lucas-furini/repos/checkout/unity/builds/ios/Il2CppOutputProject/IL2CPP/external/bdwgc/tests/staticrootstest.c
[2000/3206  0s] CopyFiles /Users/lucas-furini/repos/checkout/unity/builds/ios/Il2CppOutputProject/IL2CPP/external/bdwgc/tests/thread_leak_test.c
[2001/3206  0s] CopyFiles /Users/lucas-furini/repos/checkout/unity/builds/ios/Il2CppOutputProject/IL2CPP/external/bdwgc/tests/leak_test.c
[2002/3206  0s] CopyFiles /Users/lucas-furini/repos/checkout/unity/builds/ios/Il2CppOutputProject/IL2CPP/external/bdwgc/tests/realloc_test.c
[2003/3206  0s] CopyFiles /Users/lucas-furini/repos/checkout/unity/builds/ios/Il2CppOutputProject/IL2CPP/external/bdwgc/tests/staticrootslib.c
[2004/3206  0s] CopyFiles /Users/lucas-furini/repos/checkout/unity/builds/ios/Il2CppOutputProject/IL2CPP/external/bdwgc/tests/middle.c
[2005/3206  0s] CopyFiles /Users/lucas-furini/repos/checkout/unity/builds/ios/Il2CppOutputProject/IL2CPP/external/bdwgc/README.md
[2006/3206  0s] CopyFiles /Users/lucas-furini/repos/checkout/unity/builds/ios/Il2CppOutputProject/IL2CPP/external/bdwgc/tests/huge_test.c
[2007/3206  0s] CopyFiles /Users/lucas-furini/repos/checkout/unity/builds/ios/Il2CppOutputProject/IL2CPP/external/bdwgc/tests/initsecondarythread.c
[2008/3206  0s] CopyFiles /Users/lucas-furini/repos/checkout/unity/builds/ios/Il2CppOutputProject/IL2CPP/external/bdwgc/specific.c
[2009/3206  0s] CopyFiles /Users/lucas-furini/repos/checkout/unity/builds/ios/Il2CppOutputProject/IL2CPP/external/bdwgc/tests/disclaim_bench.c
[2010/3206  0s] CopyFiles /Users/lucas-furini/repos/checkout/unity/builds/ios/Il2CppOutputProject/IL2CPP/external/bdwgc/reclaim.c
[2011/3206  0s] CopyFiles /Users/lucas-furini/repos/checkout/unity/builds/ios/Il2CppOutputProject/IL2CPP/external/bdwgc/ptr_chck.c
[2012/3206  0s] CopyFiles /Users/lucas-furini/repos/checkout/unity/builds/ios/Il2CppOutputProject/IL2CPP/external/bdwgc/tests/disclaim_test.c
[2013/3206  0s] CopyFiles /Users/lucas-furini/repos/checkout/unity/builds/ios/Il2CppOutputProject/IL2CPP/external/bdwgc/pthread_stop_world.c
[2014/3206  0s] CopyFiles /Users/lucas-furini/repos/checkout/unity/builds/ios/Il2CppOutputProject/IL2CPP/external/bdwgc/pthread_start.c
[2015/3206  0s] CopyFiles /Users/lucas-furini/repos/checkout/unity/builds/ios/Il2CppOutputProject/IL2CPP/external/bdwgc/os_dep.c
[2016/3206  0s] CopyFiles /Users/lucas-furini/repos/checkout/unity/builds/ios/Il2CppOutputProject/IL2CPP/external/bdwgc/obj_map.c
[2017/3206  0s] CopyFiles /Users/lucas-furini/repos/checkout/unity/builds/ios/Il2CppOutputProject/IL2CPP/external/bdwgc/new_hblk.c
[2018/3206  0s] CopyFiles /Users/lucas-furini/repos/checkout/unity/builds/ios/Il2CppOutputProject/IL2CPP/external/bdwgc/mark_rts.c
[2019/3206  0s] CopyFiles /Users/lucas-furini/repos/checkout/unity/builds/ios/Il2CppOutputProject/IL2CPP/external/bdwgc/mark.c
[2020/3206  0s] CopyFiles /Users/lucas-furini/repos/checkout/unity/builds/ios/Il2CppOutputProject/IL2CPP/external/bdwgc/pthread_support.c
[2021/3206  0s] CopyFiles /Users/lucas-furini/repos/checkout/unity/builds/ios/Il2CppOutputProject/IL2CPP/external/bdwgc/mach_dep.c
[2022/3206  0s] CopyFiles /Users/lucas-furini/repos/checkout/unity/builds/ios/Il2CppOutputProject/IL2CPP/external/bdwgc/libatomic_ops/src/atomic_ops/sysdeps/test_and_set_t_is_char.h
[2023/3206  0s] CopyFiles /Users/lucas-furini/repos/checkout/unity/builds/ios/Il2CppOutputProject/IL2CPP/external/bdwgc/tests/smash_test.c
[2024/3206  0s] CopyFiles /Users/lucas-furini/repos/checkout/unity/builds/ios/Il2CppOutputProject/IL2CPP/external/bdwgc/libatomic_ops/src/atomic_ops/sysdeps/test_and_set_t_is_ao_t.h
[2025/3206  0s] CopyFiles /Users/lucas-furini/repos/checkout/unity/builds/ios/Il2CppOutputProject/IL2CPP/external/bdwgc/libatomic_ops/src/atomic_ops/sysdeps/sunc/sparc.h
[2026/3206  0s] CopyFiles /Users/lucas-furini/repos/checkout/unity/builds/ios/Il2CppOutputProject/IL2CPP/external/bdwgc/libatomic_ops/src/atomic_ops/sysdeps/read_ordered.h
[2027/3206  0s] CopyFiles /Users/lucas-furini/repos/checkout/unity/builds/ios/Il2CppOutputProject/IL2CPP/external/bdwgc/libatomic_ops/src/atomic_ops/sysdeps/standard_ao_double_t.h
[2028/3206  0s] CopyFiles /Users/lucas-furini/repos/checkout/unity/builds/ios/Il2CppOutputProject/IL2CPP/external/bdwgc/mallocx.c
[2029/3206  0s] CopyFiles /Users/lucas-furini/repos/checkout/unity/builds/ios/Il2CppOutputProject/IL2CPP/external/bdwgc/libatomic_ops/src/atomic_ops/sysdeps/sunc/x86.h
[2030/3206  0s] CopyFiles /Users/lucas-furini/repos/checkout/unity/builds/ios/Il2CppOutputProject/IL2CPP/external/bdwgc/libatomic_ops/src/atomic_ops/sysdeps/msftc/common32_defs.h
[2031/3206  0s] CopyFiles /Users/lucas-furini/repos/checkout/unity/builds/ios/Il2CppOutputProject/IL2CPP/external/bdwgc/libatomic_ops/src/atomic_ops/sysdeps/msftc/x86_64.h
[2032/3206  0s] CopyFiles /Users/lucas-furini/repos/checkout/unity/builds/ios/Il2CppOutputProject/IL2CPP/external/bdwgc/libatomic_ops/src/atomic_ops/sysdeps/ordered_except_wr.h
[2033/3206  0s] CopyFiles /Users/lucas-furini/repos/checkout/unity/builds/ios/Il2CppOutputProject/IL2CPP/external/bdwgc/libatomic_ops/src/atomic_ops/sysdeps/msftc/arm.h
[2034/3206  0s] CopyFiles /Users/lucas-furini/repos/checkout/unity/builds/ios/Il2CppOutputProject/IL2CPP/external/bdwgc/libatomic_ops/src/atomic_ops/sysdeps/msftc/x86.h
[2035/3206  0s] CopyFiles /Users/lucas-furini/repos/checkout/unity/builds/ios/Il2CppOutputProject/IL2CPP/external/bdwgc/libatomic_ops/src/atomic_ops/sysdeps/ordered.h
[2036/3206  0s] CopyFiles /Users/lucas-furini/repos/checkout/unity/builds/ios/Il2CppOutputProject/IL2CPP/external/bdwgc/malloc.c
[2037/3206  0s] CopyFiles /Users/lucas-furini/repos/checkout/unity/builds/ios/Il2CppOutputProject/IL2CPP/external/bdwgc/libatomic_ops/src/atomic_ops/sysdeps/loadstore/short_atomic_store.h
[2038/3206  0s] CopyFiles /Users/lucas-furini/repos/checkout/unity/builds/ios/Il2CppOutputProject/IL2CPP/external/bdwgc/libatomic_ops/src/atomic_ops/sysdeps/loadstore/ordered_stores_only.h
[2039/3206  0s] CopyFiles /Users/lucas-furini/repos/checkout/unity/builds/ios/Il2CppOutputProject/IL2CPP/external/bdwgc/libatomic_ops/src/atomic_ops/sysdeps/loadstore/short_atomic_load.h
[2040/3206  0s] CopyFiles /Users/lucas-furini/repos/checkout/unity/builds/ios/Il2CppOutputProject/IL2CPP/external/bdwgc/libatomic_ops/src/atomic_ops/sysdeps/loadstore/short_acquire_release_volatile.h
[2041/3206  0s] CopyFiles /Users/lucas-furini/repos/checkout/unity/builds/ios/Il2CppOutputProject/IL2CPP/external/bdwgc/misc.c
[2042/3206  0s] CopyFiles /Users/lucas-furini/repos/checkout/unity/builds/ios/Il2CppOutputProject/IL2CPP/external/bdwgc/libatomic_ops/src/atomic_ops/sysdeps/loadstore/ordered_loads_only.h
[2043/3206  0s] CopyFiles /Users/lucas-furini/repos/checkout/unity/builds/ios/Il2CppOutputProject/IL2CPP/external/bdwgc/libatomic_ops/src/atomic_ops/sysdeps/loadstore/int_atomic_store.h
[2044/3206  0s] CopyFiles /Users/lucas-furini/repos/checkout/unity/builds/ios/Il2CppOutputProject/IL2CPP/external/bdwgc/libatomic_ops/src/atomic_ops/sysdeps/loadstore/int_atomic_load.h
[2045/3206  0s] CopyFiles /Users/lucas-furini/repos/checkout/unity/builds/ios/Il2CppOutputProject/IL2CPP/external/bdwgc/libatomic_ops/src/atomic_ops/sysdeps/loadstore/int_acquire_release_volatile.h
[2046/3206  0s] CopyFiles /Users/lucas-furini/repos/checkout/unity/builds/ios/Il2CppOutputProject/IL2CPP/external/bdwgc/libatomic_ops/src/atomic_ops/sysdeps/loadstore/char_atomic_load.h
[2047/3206  0s] CopyFiles /Users/lucas-furini/repos/checkout/unity/builds/ios/Il2CppOutputProject/IL2CPP/external/bdwgc/libatomic_ops/src/atomic_ops/sysdeps/icc/ia64.h
[2048/3206  0s] CopyFiles /Users/lucas-furini/repos/checkout/unity/builds/ios/Il2CppOutputProject/IL2CPP/external/bdwgc/libatomic_ops/src/atomic_ops/sysdeps/loadstore/char_atomic_store.h
[2049/3206  0s] CopyFiles /Users/lucas-furini/repos/checkout/unity/builds/ios/Il2CppOutputProject/IL2CPP/external/bdwgc/libatomic_ops/src/atomic_ops/sysdeps/loadstore/atomic_store.h
[2050/3206  0s] CopyFiles /Users/lucas-furini/repos/checkout/unity/builds/ios/Il2CppOutputProject/IL2CPP/external/bdwgc/libatomic_ops/src/atomic_ops/sysdeps/loadstore/atomic_load.h
[2051/3206  0s] CopyFiles /Users/lucas-furini/repos/checkout/unity/builds/ios/Il2CppOutputProject/IL2CPP/external/bdwgc/libatomic_ops/src/atomic_ops/sysdeps/loadstore/acquire_release_volatile.h
[2052/3206  0s] CopyFiles /Users/lucas-furini/repos/checkout/unity/builds/ios/Il2CppOutputProject/IL2CPP/external/bdwgc/libatomic_ops/src/atomic_ops/sysdeps/loadstore/char_acquire_release_volatile.h
[2053/3206  0s] CopyFiles /Users/lucas-furini/repos/checkout/unity/builds/ios/Il2CppOutputProject/IL2CPP/external/bdwgc/libatomic_ops/src/atomic_ops/sysdeps/loadstore/double_atomic_load_store.h
[2054/3206  0s] CopyFiles /Users/lucas-furini/repos/checkout/unity/builds/ios/Il2CppOutputProject/IL2CPP/external/bdwgc/libatomic_ops/src/atomic_ops/sysdeps/generic_pthread.h
[2055/3206  0s] CopyFiles /Users/lucas-furini/repos/checkout/unity/builds/ios/Il2CppOutputProject/IL2CPP/external/bdwgc/libatomic_ops/src/atomic_ops/sysdeps/ibmc/powerpc.h
[2056/3206  0s] CopyFiles /Users/lucas-furini/repos/checkout/unity/builds/ios/Il2CppOutputProject/IL2CPP/external/bdwgc/libatomic_ops/src/atomic_ops/sysdeps/hpc/ia64.h
[2057/3206  0s] CopyFiles /Users/lucas-furini/repos/checkout/unity/builds/ios/Il2CppOutputProject/IL2CPP/external/bdwgc/libatomic_ops/src/atomic_ops/sysdeps/gcc/sh.h
[2058/3206  0s] CopyFiles /Users/lucas-furini/repos/checkout/unity/builds/ios/Il2CppOutputProject/IL2CPP/external/bdwgc/libatomic_ops/src/atomic_ops/sysdeps/gcc/sparc.h
[2059/3206  0s] CopyFiles /Users/lucas-furini/repos/checkout/unity/builds/ios/Il2CppOutputProject/IL2CPP/external/bdwgc/libatomic_ops/src/atomic_ops/sysdeps/hpc/hppa.h
[2060/3206  0s] CopyFiles /Users/lucas-furini/repos/checkout/unity/builds/ios/Il2CppOutputProject/IL2CPP/external/bdwgc/libatomic_ops/src/atomic_ops/sysdeps/gcc/s390.h
[2061/3206  0s] CopyFiles /Users/lucas-furini/repos/checkout/unity/builds/ios/Il2CppOutputProject/IL2CPP/external/bdwgc/libatomic_ops/src/atomic_ops/sysdeps/gcc/ia64.h
[2062/3206  0s] CopyFiles /Users/lucas-furini/repos/checkout/unity/builds/ios/Il2CppOutputProject/IL2CPP/external/bdwgc/libatomic_ops/src/atomic_ops/sysdeps/gcc/x86.h
[2063/3206  0s] CopyFiles /Users/lucas-furini/repos/checkout/unity/builds/ios/Il2CppOutputProject/IL2CPP/external/bdwgc/libatomic_ops/src/atomic_ops/sysdeps/gcc/mips.h
[2064/3206  0s] CopyFiles /Users/lucas-furini/repos/checkout/unity/builds/ios/Il2CppOutputProject/IL2CPP/external/bdwgc/libatomic_ops/src/atomic_ops/sysdeps/gcc/m68k.h
[2065/3206  0s] CopyFiles /Users/lucas-furini/repos/checkout/unity/builds/ios/Il2CppOutputProject/IL2CPP/external/bdwgc/libatomic_ops/src/atomic_ops/sysdeps/gcc/powerpc.h
[2066/3206  0s] CopyFiles /Users/lucas-furini/repos/checkout/unity/builds/ios/Il2CppOutputProject/IL2CPP/external/bdwgc/libatomic_ops/src/atomic_ops/sysdeps/gcc/hppa.h
[2067/3206  0s] CopyFiles /Users/lucas-furini/repos/checkout/unity/builds/ios/Il2CppOutputProject/IL2CPP/external/bdwgc/libatomic_ops/src/atomic_ops/sysdeps/gcc/hexagon.h
[2068/3206  0s] CopyFiles /Users/lucas-furini/repos/checkout/unity/builds/ios/Il2CppOutputProject/IL2CPP/external/bdwgc/libatomic_ops/src/atomic_ops/sysdeps/gcc/generic.h
[2069/3206  0s] CopyFiles /Users/lucas-furini/repos/checkout/unity/builds/ios/Il2CppOutputProject/IL2CPP/external/bdwgc/libatomic_ops/src/atomic_ops/sysdeps/gcc/generic-small.h
[2070/3206  0s] CopyFiles /Users/lucas-furini/repos/checkout/unity/builds/ios/Il2CppOutputProject/IL2CPP/external/bdwgc/libatomic_ops/src/atomic_ops/sysdeps/gcc/generic-arithm.h
[2071/3206  0s] CopyFiles /Users/lucas-furini/repos/checkout/unity/builds/ios/Il2CppOutputProject/IL2CPP/external/bdwgc/libatomic_ops/src/atomic_ops/sysdeps/gcc/cris.h
[2072/3206  0s] CopyFiles /Users/lucas-furini/repos/checkout/unity/builds/ios/Il2CppOutputProject/IL2CPP/external/bdwgc/libatomic_ops/src/atomic_ops/sysdeps/gcc/avr32.h
[2073/3206  0s] CopyFiles /Users/lucas-furini/repos/checkout/unity/builds/ios/Il2CppOutputProject/IL2CPP/external/bdwgc/libatomic_ops/src/atomic_ops/sysdeps/armcc/arm_v6.h
[2074/3206  0s] CopyFiles /Users/lucas-furini/repos/checkout/unity/builds/ios/Il2CppOutputProject/IL2CPP/external/bdwgc/libatomic_ops/src/atomic_ops/sysdeps/emul_cas.h
[2075/3206  0s] CopyFiles /Users/lucas-furini/repos/checkout/unity/builds/ios/Il2CppOutputProject/IL2CPP/external/bdwgc/libatomic_ops/src/atomic_ops/sysdeps/gcc/alpha.h
[2076/3206  0s] CopyFiles /Users/lucas-furini/repos/checkout/unity/builds/ios/Il2CppOutputProject/IL2CPP/external/bdwgc/libatomic_ops/src/atomic_ops/sysdeps/gcc/arm.h
[2077/3206  0s] CopyFiles /Users/lucas-furini/repos/checkout/unity/builds/ios/Il2CppOutputProject/IL2CPP/external/bdwgc/libatomic_ops/src/atomic_ops/sysdeps/ao_t_is_int.h
[2078/3206  0s] CopyFiles /Users/lucas-furini/repos/checkout/unity/builds/ios/Il2CppOutputProject/IL2CPP/external/bdwgc/libatomic_ops/src/atomic_ops/sysdeps/gcc/aarch64.h
[2079/3206  0s] CopyFiles /Users/lucas-furini/repos/checkout/unity/builds/ios/Il2CppOutputProject/IL2CPP/external/bdwgc/libatomic_ops/README.md
[2080/3206  0s] CopyFiles /Users/lucas-furini/repos/checkout/unity/builds/ios/Il2CppOutputProject/IL2CPP/external/bdwgc/libatomic_ops/src/atomic_ops/sysdeps/all_acquire_release_volatile.h
[2081/3206  0s] CopyFiles /Users/lucas-furini/repos/checkout/unity/builds/ios/Il2CppOutputProject/IL2CPP/external/bdwgc/libatomic_ops/src/atomic_ops/generalize.h
[2082/3206  0s] CopyFiles /Users/lucas-furini/repos/checkout/unity/builds/ios/Il2CppOutputProject/IL2CPP/external/bdwgc/libatomic_ops/COPYING
[2083/3206  0s] CopyFiles /Users/lucas-furini/repos/checkout/unity/builds/ios/Il2CppOutputProject/IL2CPP/external/bdwgc/libatomic_ops/src/atomic_ops/sysdeps/all_atomic_load_store.h
[2084/3206  0s] CopyFiles /Users/lucas-furini/repos/checkout/unity/builds/ios/Il2CppOutputProject/IL2CPP/external/bdwgc/libatomic_ops/src/atomic_ops/ao_version.h
[2085/3206  0s] CopyFiles /Users/lucas-furini/repos/checkout/unity/builds/ios/Il2CppOutputProject/IL2CPP/external/bdwgc/libatomic_ops/src/atomic_ops/sysdeps/all_atomic_only_load.h
[2086/3206  0s] CopyFiles /Users/lucas-furini/repos/checkout/unity/builds/ios/Il2CppOutputProject/IL2CPP/external/bdwgc/libatomic_ops/src/atomic_ops/generalize-small.h
[2087/3206  0s] CopyFiles /Users/lucas-furini/repos/checkout/unity/builds/ios/Il2CppOutputProject/IL2CPP/external/bdwgc/libatomic_ops/src/atomic_ops/sysdeps/all_aligned_atomic_load_store.h
[2088/3206  0s] CopyFiles /Users/lucas-furini/repos/checkout/unity/builds/ios/Il2CppOutputProject/IL2CPP/external/bdwgc/libatomic_ops/src/atomic_ops/generalize-arithm.h
[2089/3206  0s] CopyFiles /Users/lucas-furini/repos/checkout/unity/builds/ios/Il2CppOutputProject/IL2CPP/external/bdwgc/libatomic_ops/src/atomic_ops.c
[2090/3206  0s] CopyFiles /Users/lucas-furini/repos/checkout/unity/builds/ios/Il2CppOutputProject/IL2CPP/external/bdwgc/libatomic_ops/src/atomic_ops.h
[2091/3206  0s] CopyFiles /Users/lucas-furini/repos/checkout/unity/builds/ios/Il2CppOutputProject/IL2CPP/external/bdwgc/libatomic_ops/doc/README.txt
[2092/3206  0s] CopyFiles /Users/lucas-furini/repos/checkout/unity/builds/ios/Il2CppOutputProject/IL2CPP/external/bdwgc/include/private/pthread_stop_world.h
[2093/3206  0s] CopyFiles /Users/lucas-furini/repos/checkout/unity/builds/ios/Il2CppOutputProject/IL2CPP/external/bdwgc/include/private/msvc_dbg.h
[2094/3206  0s] CopyFiles /Users/lucas-furini/repos/checkout/unity/builds/ios/Il2CppOutputProject/IL2CPP/external/bdwgc/include/private/gc_locks.h
[2095/3206  0s] CopyFiles /Users/lucas-furini/repos/checkout/unity/builds/ios/Il2CppOutputProject/IL2CPP/external/bdwgc/include/private/gc_priv.h
[2096/3206  0s] CopyFiles /Users/lucas-furini/repos/checkout/unity/builds/ios/Il2CppOutputProject/IL2CPP/external/bdwgc/include/weakpointer.h
[2097/3206  0s] CopyFiles /Users/lucas-furini/repos/checkout/unity/builds/ios/Il2CppOutputProject/IL2CPP/external/bdwgc/libatomic_ops/doc/LICENSING.txt
[2098/3206  0s] CopyFiles /Users/lucas-furini/repos/checkout/unity/builds/ios/Il2CppOutputProject/IL2CPP/external/bdwgc/include/private/thread_local_alloc.h
[2099/3206  0s] CopyFiles /Users/lucas-furini/repos/checkout/unity/builds/ios/Il2CppOutputProject/IL2CPP/external/bdwgc/include/private/gc_pmark.h
[2100/3206  0s] CopyFiles /Users/lucas-furini/repos/checkout/unity/builds/ios/Il2CppOutputProject/IL2CPP/external/bdwgc/include/private/gc_hdrs.h
[2101/3206  0s] CopyFiles /Users/lucas-furini/repos/checkout/unity/builds/ios/Il2CppOutputProject/IL2CPP/external/bdwgc/include/private/specific.h
[2102/3206  0s] CopyFiles /Users/lucas-furini/repos/checkout/unity/builds/ios/Il2CppOutputProject/IL2CPP/external/bdwgc/include/private/dbg_mlc.h
[2103/3206  0s] CopyFiles /Users/lucas-furini/repos/checkout/unity/builds/ios/Il2CppOutputProject/IL2CPP/external/bdwgc/include/private/pthread_support.h
[2104/3206  0s] CopyFiles /Users/lucas-furini/repos/checkout/unity/builds/ios/Il2CppOutputProject/IL2CPP/external/bdwgc/include/private/darwin_semaphore.h
[2105/3206  0s] CopyFiles /Users/lucas-furini/repos/checkout/unity/builds/ios/Il2CppOutputProject/IL2CPP/external/bdwgc/include/private/gcconfig.h
[2106/3206  0s] CopyFiles /Users/lucas-furini/repos/checkout/unity/builds/ios/Il2CppOutputProject/IL2CPP/external/bdwgc/include/private/darwin_stop_world.h
[2107/3206  0s] CopyFiles /Users/lucas-furini/repos/checkout/unity/builds/ios/Il2CppOutputProject/IL2CPP/external/bdwgc/include/new_gc_alloc.h
[2108/3206  0s] CopyFiles /Users/lucas-furini/repos/checkout/unity/builds/ios/Il2CppOutputProject/IL2CPP/external/bdwgc/include/leak_detector.h
[2109/3206  0s] CopyFiles /Users/lucas-furini/repos/checkout/unity/builds/ios/Il2CppOutputProject/IL2CPP/external/bdwgc/include/gc_version.h
[2110/3206  0s] CopyFiles /Users/lucas-furini/repos/checkout/unity/builds/ios/Il2CppOutputProject/IL2CPP/external/bdwgc/include/private/gc_atomic_ops.h
[2111/3206  0s] CopyFiles /Users/lucas-furini/repos/checkout/unity/builds/ios/Il2CppOutputProject/IL2CPP/external/bdwgc/include/javaxfc.h
[2112/3206  0s] CopyFiles /Users/lucas-furini/repos/checkout/unity/builds/ios/Il2CppOutputProject/IL2CPP/external/bdwgc/include/gc_pthread_redirects.h
[2113/3206  0s] CopyFiles /Users/lucas-furini/repos/checkout/unity/builds/ios/Il2CppOutputProject/IL2CPP/external/bdwgc/include/gc_vector.h
[2114/3206  0s] CopyFiles /Users/lucas-furini/repos/checkout/unity/builds/ios/Il2CppOutputProject/IL2CPP/external/bdwgc/include/gc_gcj.h
[2115/3206  0s] CopyFiles /Users/lucas-furini/repos/checkout/unity/builds/ios/Il2CppOutputProject/IL2CPP/external/bdwgc/include/gc_tiny_fl.h
[2116/3206  0s] CopyFiles /Users/lucas-furini/repos/checkout/unity/builds/ios/Il2CppOutputProject/IL2CPP/external/bdwgc/include/gc_cpp.h
[2117/3206  0s] CopyFiles /Users/lucas-furini/repos/checkout/unity/builds/ios/Il2CppOutputProject/IL2CPP/external/bdwgc/include/gc_disclaim.h
[2118/3206  0s] CopyFiles /Users/lucas-furini/repos/checkout/unity/builds/ios/Il2CppOutputProject/IL2CPP/external/bdwgc/include/gc_config_macros.h
[2119/3206  0s] CopyFiles /Users/lucas-furini/repos/checkout/unity/builds/ios/Il2CppOutputProject/IL2CPP/external/bdwgc/include/gc_alloc_ptrs.h
[2120/3206  0s] CopyFiles /Users/lucas-furini/repos/checkout/unity/builds/ios/Il2CppOutputProject/IL2CPP/external/bdwgc/include/gc_backptr.h
[2121/3206  0s] CopyFiles /Users/lucas-furini/repos/checkout/unity/builds/ios/Il2CppOutputProject/IL2CPP/external/bdwgc/include/extra/gc_cpp.h
[2122/3206  0s] CopyFiles /Users/lucas-furini/repos/checkout/unity/builds/ios/Il2CppOutputProject/IL2CPP/external/bdwgc/include/gc.h
[2123/3206  0s] CopyFiles /Users/lucas-furini/repos/checkout/unity/builds/ios/Il2CppOutputProject/IL2CPP/external/bdwgc/include/gc_allocator.h
[2124/3206  0s] CopyFiles /Users/lucas-furini/repos/checkout/unity/builds/ios/Il2CppOutputProject/IL2CPP/external/bdwgc/include/extra/gc.h
[2125/3206  0s] CopyFiles /Users/lucas-furini/repos/checkout/unity/builds/ios/Il2CppOutputProject/IL2CPP/external/bdwgc/include/gc_mark.h
[2126/3206  0s] CopyFiles /Users/lucas-furini/repos/checkout/unity/builds/ios/Il2CppOutputProject/IL2CPP/external/bdwgc/include/ec.h
[2127/3206  0s] CopyFiles /Users/lucas-furini/repos/checkout/unity/builds/ios/Il2CppOutputProject/IL2CPP/external/bdwgc/include/gc_typed.h
[2128/3206  0s] CopyFiles /Users/lucas-furini/repos/checkout/unity/builds/ios/Il2CppOutputProject/IL2CPP/external/bdwgc/include/cord_pos.h
[2129/3206  0s] CopyFiles /Users/lucas-furini/repos/checkout/unity/builds/ios/Il2CppOutputProject/IL2CPP/external/bdwgc/heapsections.c
[2130/3206  0s] CopyFiles /Users/lucas-furini/repos/checkout/unity/builds/ios/Il2CppOutputProject/IL2CPP/external/bdwgc/include/gc_inline.h
[2131/3206  0s] CopyFiles /Users/lucas-furini/repos/checkout/unity/builds/ios/Il2CppOutputProject/IL2CPP/external/bdwgc/headers.c
[2132/3206  0s] CopyFiles /Users/lucas-furini/repos/checkout/unity/builds/ios/Il2CppOutputProject/IL2CPP/external/bdwgc/fnlz_mlc.c
[2133/3206  0s] CopyFiles /Users/lucas-furini/repos/checkout/unity/builds/ios/Il2CppOutputProject/IL2CPP/external/bdwgc/gc_dlopen.c
[2134/3206  0s] CopyFiles /Users/lucas-furini/repos/checkout/unity/builds/ios/Il2CppOutputProject/IL2CPP/external/bdwgc/gcj_mlc.c
[2135/3206  0s] CopyFiles /Users/lucas-furini/repos/checkout/unity/builds/ios/Il2CppOutputProject/IL2CPP/external/bdwgc/extra/real_malloc.c
[2136/3206  0s] CopyFiles /Users/lucas-furini/repos/checkout/unity/builds/ios/Il2CppOutputProject/IL2CPP/external/bdwgc/extra/pcr_interface.c
[2137/3206  0s] CopyFiles /Users/lucas-furini/repos/checkout/unity/builds/ios/Il2CppOutputProject/IL2CPP/external/bdwgc/extra/msvc_dbg.c
[2138/3206  0s] CopyFiles /Users/lucas-furini/repos/checkout/unity/builds/ios/Il2CppOutputProject/IL2CPP/external/bdwgc/finalize.c
[2139/3206  0s] CopyFiles /Users/lucas-furini/repos/checkout/unity/builds/ios/Il2CppOutputProject/IL2CPP/external/bdwgc/extra/Mac_files/MacOS_config.h
[2140/3206  0s] CopyFiles /Users/lucas-furini/repos/checkout/unity/builds/ios/Il2CppOutputProject/IL2CPP/external/bdwgc/extra/Mac_files/datastart.c
[2141/3206  0s] CopyFiles /Users/lucas-furini/repos/checkout/unity/builds/ios/Il2CppOutputProject/IL2CPP/external/bdwgc/extra/Mac_files/dataend.c
[2142/3206  0s] CopyFiles /Users/lucas-furini/repos/checkout/unity/builds/ios/Il2CppOutputProject/IL2CPP/external/bdwgc/include/cord.h
[2143/3206  0s] CopyFiles /Users/lucas-furini/repos/checkout/unity/builds/ios/Il2CppOutputProject/IL2CPP/external/bdwgc/extra/gc.c
[2144/3206  0s] CopyFiles /Users/lucas-furini/repos/checkout/unity/builds/ios/Il2CppOutputProject/IL2CPP/external/bdwgc/extra/MacOS.c
[2145/3206  0s] CopyFiles /Users/lucas-furini/repos/checkout/unity/builds/ios/Il2CppOutputProject/IL2CPP/external/bdwgc/extra/krait_signal_handler.c
[2146/3206  0s] CopyFiles /Users/lucas-furini/repos/checkout/unity/builds/ios/Il2CppOutputProject/IL2CPP/external/bdwgc/extra/AmigaOS.c
[2147/3206  0s] CopyFiles /Users/lucas-furini/repos/checkout/unity/builds/ios/Il2CppOutputProject/IL2CPP/external/bdwgc/darwin_stop_world.c
[2148/3206  0s] CopyFiles /Users/lucas-furini/repos/checkout/unity/builds/ios/Il2CppOutputProject/IL2CPP/external/bdwgc/cord/tests/de_win.h
[2149/3206  0s] CopyFiles /Users/lucas-furini/repos/checkout/unity/builds/ios/Il2CppOutputProject/IL2CPP/external/bdwgc/dbg_mlc.c
[2150/3206  0s] CopyFiles /Users/lucas-furini/repos/checkout/unity/builds/ios/Il2CppOutputProject/IL2CPP/external/bdwgc/dyn_load.c
[2151/3206  0s] CopyFiles /Users/lucas-furini/repos/checkout/unity/builds/ios/Il2CppOutputProject/IL2CPP/external/bdwgc/cord/tests/de.c
[2152/3206  0s] CopyFiles /Users/lucas-furini/repos/checkout/unity/builds/ios/Il2CppOutputProject/IL2CPP/external/bdwgc/cord/tests/de_cmds.h
[2153/3206  0s] CopyFiles /Users/lucas-furini/repos/checkout/unity/builds/ios/Il2CppOutputProject/IL2CPP/external/bdwgc/cord/cordprnt.c
[2154/3206  0s] CopyFiles /Users/lucas-furini/repos/checkout/unity/builds/ios/Il2CppOutputProject/IL2CPP/external/bdwgc/cord/cordxtra.c
[2155/3206  0s] CopyFiles /Users/lucas-furini/repos/checkout/unity/builds/ios/Il2CppOutputProject/IL2CPP/external/bdwgc/cord/cordbscs.c
[2156/3206  0s] CopyFiles /Users/lucas-furini/repos/checkout/unity/builds/ios/Il2CppOutputProject/IL2CPP/external/bdwgc/cord/tests/de_win.c
[2157/3206  0s] CopyFiles /Users/lucas-furini/repos/checkout/unity/builds/ios/Il2CppOutputProject/IL2CPP/external/bdwgc/blacklst.c
[2158/3206  0s] CopyFiles /Users/lucas-furini/repos/checkout/unity/builds/ios/Il2CppOutputProject/IL2CPP/external/bdwgc/alloc.c
[2159/3206  0s] CopyFiles /Users/lucas-furini/repos/checkout/unity/builds/ios/Il2CppOutputProject/IL2CPP/external/bdwgc/allchblk.c
[2160/3206  0s] CopyFiles /Users/lucas-furini/repos/checkout/unity/builds/ios/Il2CppOutputProject/IL2CPP/external/bdwgc/backgraph.c
[2161/3206  0s] CopyFiles /Users/lucas-furini/repos/checkout/unity/builds/ios/Il2CppOutputProject/IL2CPP/external/bdwgc/checksums.c
[2162/3206  0s] CopyFiles /Users/lucas-furini/repos/checkout/unity/builds/ios/Il2CppOutputProject/IL2CPP/external/bdwgc/cord/tests/cordtest.c
[2163/3206  0s] CopyFiles /Users/lucas-furini/repos/checkout/unity/builds/ios/Il2CppOutputProject/IL2CPP/external/baselib/Platforms/WindowsGames/Include/C/Baselib_FileIO.inl.h
[2164/3206  0s] CopyFiles /Users/lucas-furini/repos/checkout/unity/builds/ios/Il2CppOutputProject/IL2CPP/external/baselib/Platforms/WindowsGames/Include/C/Baselib_ThreadLocalStorage.inl.h
[2165/3206  0s] CopyFiles /Users/lucas-furini/repos/checkout/unity/builds/ios/Il2CppOutputProject/IL2CPP/external/baselib/Platforms/WindowsGames/Include/C/Baselib_ErrorState.inl.h
[2166/3206  0s] CopyFiles /Users/lucas-furini/repos/checkout/unity/builds/ios/Il2CppOutputProject/IL2CPP/external/baselib/Platforms/WindowsGames/Include/BaselibPlatformSpecificEnvironment.h
[2167/3206  0s] CopyFiles /Users/lucas-furini/repos/checkout/unity/builds/ios/Il2CppOutputProject/IL2CPP/external/baselib/Platforms/WindowsGames/Include/C/Baselib_DynamicLibrary.inl.h
[2168/3206  0s] CopyFiles /Users/lucas-furini/repos/checkout/unity/builds/ios/Il2CppOutputProject/IL2CPP/external/baselib/Platforms/Windows/Include/BaselibPlatformSpecificEnvironment.h
[2169/3206  0s] CopyFiles /Users/lucas-furini/repos/checkout/unity/builds/ios/Il2CppOutputProject/IL2CPP/external/baselib/Platforms/Windows/Include/C/Baselib_FileIO.inl.h
[2170/3206  0s] CopyFiles /Users/lucas-furini/repos/checkout/unity/builds/ios/Il2CppOutputProject/IL2CPP/external/baselib/Platforms/Windows/Include/C/Baselib_ErrorState.inl.h
[2171/3206  0s] CopyFiles /Users/lucas-furini/repos/checkout/unity/builds/ios/Il2CppOutputProject/IL2CPP/external/baselib/Platforms/Windows/Include/C/Baselib_ThreadLocalStorage.inl.h
[2172/3206  0s] CopyFiles /Users/lucas-furini/repos/checkout/unity/builds/ios/Il2CppOutputProject/IL2CPP/external/baselib/Platforms/Windows/Include/C/Baselib_DynamicLibrary.inl.h
[2173/3206  0s] CopyFiles /Users/lucas-furini/repos/checkout/unity/builds/ios/Il2CppOutputProject/IL2CPP/external/baselib/Platforms/WebGL/Include/C/Baselib_ErrorState.inl.h
[2174/3206  0s] CopyFiles /Users/lucas-furini/repos/checkout/unity/builds/ios/Il2CppOutputProject/IL2CPP/external/baselib/Platforms/WebGL/Include/C/Baselib_FileIO.inl.h
[2175/3206  0s] CopyFiles /Users/lucas-furini/repos/checkout/unity/builds/ios/Il2CppOutputProject/IL2CPP/external/baselib/Platforms/VisionOS/Include/C/Baselib_ErrorState.inl.h
[2176/3206  0s] CopyFiles /Users/lucas-furini/repos/checkout/unity/builds/ios/Il2CppOutputProject/IL2CPP/external/baselib/Platforms/WebGL/Include/C/Baselib_ThreadLocalStorage.inl.h
[2177/3206  0s] CopyFiles /Users/lucas-furini/repos/checkout/unity/builds/ios/Il2CppOutputProject/IL2CPP/external/baselib/Platforms/WebGL/Include/C/Baselib_DynamicLibrary.inl.h
[2178/3206  0s] CopyFiles /Users/lucas-furini/repos/checkout/unity/builds/ios/Il2CppOutputProject/IL2CPP/external/baselib/Platforms/VisionOS/Include/C/Baselib_FileIO.inl.h
[2179/3206  0s] CopyFiles /Users/lucas-furini/repos/checkout/unity/builds/ios/Il2CppOutputProject/IL2CPP/external/baselib/Platforms/VisionOS/Include/C/Baselib_ThreadLocalStorage.inl.h
[2180/3206  0s] CopyFiles /Users/lucas-furini/repos/checkout/unity/builds/ios/Il2CppOutputProject/IL2CPP/external/baselib/Platforms/VisionOS/Include/C/Baselib_DynamicLibrary.inl.h
[2181/3206  0s] CopyFiles /Users/lucas-furini/repos/checkout/unity/builds/ios/Il2CppOutputProject/IL2CPP/external/baselib/Platforms/VisionOS/Include/BaselibPlatformSpecificEnvironment.h
[2182/3206  0s] CopyFiles /Users/lucas-furini/repos/checkout/unity/builds/ios/Il2CppOutputProject/IL2CPP/external/baselib/Platforms/Tvos/Include/C/Baselib_ThreadLocalStorage.inl.h
[2183/3206  0s] CopyFiles /Users/lucas-furini/repos/checkout/unity/builds/ios/Il2CppOutputProject/IL2CPP/external/baselib/Platforms/UniversalWindows/Include/C/Baselib_DynamicLibrary.inl.h
[2184/3206  0s] CopyFiles /Users/lucas-furini/repos/checkout/unity/builds/ios/Il2CppOutputProject/IL2CPP/external/baselib/Platforms/UniversalWindows/Include/C/Baselib_ErrorState.inl.h
[2185/3206  0s] CopyFiles /Users/lucas-furini/repos/checkout/unity/builds/ios/Il2CppOutputProject/IL2CPP/external/baselib/Platforms/UniversalWindows/Include/C/Baselib_FileIO.inl.h
[2186/3206  0s] CopyFiles /Users/lucas-furini/repos/checkout/unity/builds/ios/Il2CppOutputProject/IL2CPP/external/baselib/Platforms/UniversalWindows/Include/C/Baselib_ThreadLocalStorage.inl.h
[2187/3206  0s] CopyFiles /Users/lucas-furini/repos/checkout/unity/builds/ios/Il2CppOutputProject/IL2CPP/external/baselib/Platforms/WebGL/Include/BaselibPlatformSpecificEnvironment.h
[2188/3206  0s] CopyFiles /Users/lucas-furini/repos/checkout/unity/builds/ios/Il2CppOutputProject/IL2CPP/external/baselib/Platforms/Tvos/Include/C/Baselib_ErrorState.inl.h
[2189/3206  0s] CopyFiles /Users/lucas-furini/repos/checkout/unity/builds/ios/Il2CppOutputProject/IL2CPP/external/baselib/Platforms/Tvos/Include/C/Baselib_FileIO.inl.h
[2190/3206  0s] CopyFiles /Users/lucas-furini/repos/checkout/unity/builds/ios/Il2CppOutputProject/IL2CPP/external/baselib/Platforms/Tvos/Include/C/Baselib_DynamicLibrary.inl.h
[2191/3206  0s] CopyFiles /Users/lucas-furini/repos/checkout/unity/builds/ios/Il2CppOutputProject/IL2CPP/external/baselib/Platforms/UniversalWindows/Include/BaselibPlatformSpecificEnvironment.h
[2192/3206  0s] CopyFiles /Users/lucas-furini/repos/checkout/unity/builds/ios/Il2CppOutputProject/IL2CPP/external/baselib/Platforms/Tvos/Include/BaselibPlatformSpecificEnvironment.h
[2193/3206  0s] CopyFiles /Users/lucas-furini/repos/checkout/unity/builds/ios/Il2CppOutputProject/IL2CPP/external/baselib/Platforms/OSX/Include/C/Baselib_ErrorState.inl.h
[2194/3206  0s] CopyFiles /Users/lucas-furini/repos/checkout/unity/builds/ios/Il2CppOutputProject/IL2CPP/external/baselib/Platforms/OSX/Include/C/Baselib_DynamicLibrary.inl.h
[2195/3206  0s] CopyFiles /Users/lucas-furini/repos/checkout/unity/builds/ios/Il2CppOutputProject/IL2CPP/external/baselib/Platforms/Linux/Include/C/Baselib_ErrorState.inl.h
[2196/3206  0s] CopyFiles /Users/lucas-furini/repos/checkout/unity/builds/ios/Il2CppOutputProject/IL2CPP/external/baselib/Platforms/Linux/Include/C/Baselib_DynamicLibrary.inl.h
[2197/3206  0s] CopyFiles /Users/lucas-furini/repos/checkout/unity/builds/ios/Il2CppOutputProject/IL2CPP/external/baselib/Platforms/OSX/Include/C/Baselib_FileIO.inl.h
[2198/3206  0s] CopyFiles /Users/lucas-furini/repos/checkout/unity/builds/ios/Il2CppOutputProject/IL2CPP/external/baselib/Platforms/OSX/Include/C/Baselib_ThreadLocalStorage.inl.h
[2199/3206  0s] CopyFiles /Users/lucas-furini/repos/checkout/unity/builds/ios/Il2CppOutputProject/IL2CPP/external/baselib/Platforms/Linux/Include/C/Baselib_FileIO.inl.h
[2200/3206  0s] CopyFiles /Users/lucas-furini/repos/checkout/unity/builds/ios/Il2CppOutputProject/IL2CPP/external/baselib/Platforms/OSX/Include/BaselibPlatformSpecificEnvironment.h
[2201/3206  0s] CopyFiles /Users/lucas-furini/repos/checkout/unity/builds/ios/Il2CppOutputProject/IL2CPP/external/baselib/Platforms/IOS/Include/C/Baselib_ThreadLocalStorage.inl.h
[2202/3206  0s] CopyFiles /Users/lucas-furini/repos/checkout/unity/builds/ios/Il2CppOutputProject/IL2CPP/external/baselib/Platforms/IOS/Include/C/Baselib_ErrorState.inl.h
[2203/3206  0s] CopyFiles /Users/lucas-furini/repos/checkout/unity/builds/ios/Il2CppOutputProject/IL2CPP/external/baselib/Platforms/EmbeddedLinux/Include/C/Baselib_ThreadLocalStorage.inl.h
[2204/3206  0s] CopyFiles /Users/lucas-furini/repos/checkout/unity/builds/ios/Il2CppOutputProject/IL2CPP/external/baselib/Platforms/Linux/Include/C/Baselib_ThreadLocalStorage.inl.h
[2205/3206  0s] CopyFiles /Users/lucas-furini/repos/checkout/unity/builds/ios/Il2CppOutputProject/IL2CPP/external/baselib/Platforms/EmbeddedLinux/Include/C/Baselib_FileIO.inl.h
[2206/3206  0s] CopyFiles /Users/lucas-furini/repos/checkout/unity/builds/ios/Il2CppOutputProject/IL2CPP/external/baselib/Platforms/Linux/Include/BaselibPlatformSpecificEnvironment.h
[2207/3206  0s] CopyFiles /Users/lucas-furini/repos/checkout/unity/builds/ios/Il2CppOutputProject/IL2CPP/external/baselib/Platforms/IOS/Include/BaselibPlatformSpecificEnvironment.h
[2208/3206  0s] CopyFiles /Users/lucas-furini/repos/checkout/unity/builds/ios/Il2CppOutputProject/IL2CPP/external/baselib/Platforms/EmbeddedLinux/Include/C/Baselib_ErrorState.inl.h
[2209/3206  0s] CopyFiles /Users/lucas-furini/repos/checkout/unity/builds/ios/Il2CppOutputProject/IL2CPP/external/baselib/Platforms/EmbeddedLinux/Include/C/Baselib_DynamicLibrary.inl.h
[2210/3206  0s] CopyFiles /Users/lucas-furini/repos/checkout/unity/builds/ios/Il2CppOutputProject/IL2CPP/external/baselib/Platforms/Android/Include/C/Baselib_ThreadLocalStorage.inl.h
[2211/3206  0s] CopyFiles /Users/lucas-furini/repos/checkout/unity/builds/ios/Il2CppOutputProject/IL2CPP/external/baselib/Platforms/IOS/Include/C/Baselib_DynamicLibrary.inl.h
[2212/3206  0s] CopyFiles /Users/lucas-furini/repos/checkout/unity/builds/ios/Il2CppOutputProject/IL2CPP/external/baselib/Platforms/IOS/Include/C/Baselib_FileIO.inl.h
[2213/3206  0s] CopyFiles /Users/lucas-furini/repos/checkout/unity/builds/ios/Il2CppOutputProject/IL2CPP/external/baselib/Platforms/Android/Include/C/Baselib_DynamicLibrary.inl.h
[2214/3206  0s] CopyFiles /Users/lucas-furini/repos/checkout/unity/builds/ios/Il2CppOutputProject/IL2CPP/external/baselib/Platforms/Android/Include/C/Baselib_FileIO.inl.h
[2215/3206  0s] CopyFiles /Users/lucas-furini/repos/checkout/unity/builds/ios/Il2CppOutputProject/IL2CPP/external/baselib/Platforms/Android/Include/C/Baselib_ErrorState.inl.h
[2216/3206  0s] CopyFiles /Users/lucas-furini/repos/checkout/unity/builds/ios/Il2CppOutputProject/IL2CPP/external/baselib/Platforms/EmbeddedLinux/Include/BaselibPlatformSpecificEnvironment.h
[2217/3206  0s] CopyFiles /Users/lucas-furini/repos/checkout/unity/builds/ios/Il2CppOutputProject/IL2CPP/external/baselib/Include/PostExternalInclude.h
[2218/3206  0s] CopyFiles /Users/lucas-furini/repos/checkout/unity/builds/ios/Il2CppOutputProject/IL2CPP/external/baselib/Include/PreExternalInclude.h
[2219/3206  0s] CopyFiles /Users/lucas-furini/repos/checkout/unity/builds/ios/Il2CppOutputProject/IL2CPP/external/baselib/Platforms/Android/Include/BaselibPlatformSpecificEnvironment.h
[2220/3206  0s] CopyFiles /Users/lucas-furini/repos/checkout/unity/builds/ios/Il2CppOutputProject/IL2CPP/external/baselib/Include/Internal/UndefineCompilerMacros.h
[2221/3206  0s] CopyFiles /Users/lucas-furini/repos/checkout/unity/builds/ios/Il2CppOutputProject/IL2CPP/external/baselib/Include/Internal/PlatformEnvironment.h
[2222/3206  0s] CopyFiles /Users/lucas-furini/repos/checkout/unity/builds/ios/Il2CppOutputProject/IL2CPP/external/baselib/Include/Internal/PlatformDetection.h
[2223/3206  0s] CopyFiles /Users/lucas-furini/repos/checkout/unity/builds/ios/Il2CppOutputProject/IL2CPP/external/baselib/Include/Internal/Compiler/CompilerEnvironmentGcc.h
[2224/3206  0s] CopyFiles /Users/lucas-furini/repos/checkout/unity/builds/ios/Il2CppOutputProject/IL2CPP/external/baselib/Include/Internal/Compiler/CompilerEnvironmentMsvc.h
[2225/3206  0s] CopyFiles /Users/lucas-furini/repos/checkout/unity/builds/ios/Il2CppOutputProject/IL2CPP/external/baselib/Include/Internal/CoreMacros.h
[2226/3206  0s] CopyFiles /Users/lucas-furini/repos/checkout/unity/builds/ios/Il2CppOutputProject/IL2CPP/external/baselib/Include/Internal/VerifyPlatformEnvironment.h
[2227/3206  0s] CopyFiles /Users/lucas-furini/repos/checkout/unity/builds/ios/Il2CppOutputProject/IL2CPP/external/baselib/Include/Internal/RedefineCompilerMacros.h
[2228/3206  0s] CopyFiles /Users/lucas-furini/repos/checkout/unity/builds/ios/Il2CppOutputProject/IL2CPP/external/baselib/Include/Internal/BasicTypes.h
[2229/3206  0s] CopyFiles /Users/lucas-furini/repos/checkout/unity/builds/ios/Il2CppOutputProject/IL2CPP/external/baselib/Include/Internal/UndefineCoreMacros.h
[2230/3206  0s] CopyFiles /Users/lucas-furini/repos/checkout/unity/builds/ios/Il2CppOutputProject/IL2CPP/external/baselib/Include/Internal/Compiler/CompilerEnvironmentClang.h
[2231/3206  0s] CopyFiles /Users/lucas-furini/repos/checkout/unity/builds/ios/Il2CppOutputProject/IL2CPP/external/baselib/Include/Internal/Assert.h
[2232/3206  0s] CopyFiles /Users/lucas-furini/repos/checkout/unity/builds/ios/Il2CppOutputProject/IL2CPP/external/baselib/Include/Internal/ArchitectureDetection.h
[2233/3206  0s] CopyFiles /Users/lucas-furini/repos/checkout/unity/builds/ios/Il2CppOutputProject/IL2CPP/external/baselib/Include/Cpp/tlsf_allocator.h
[2234/3206  0s] CopyFiles /Users/lucas-furini/repos/checkout/unity/builds/ios/Il2CppOutputProject/IL2CPP/external/baselib/Include/Cpp/Time.h
[2235/3206  0s] CopyFiles /Users/lucas-furini/repos/checkout/unity/builds/ios/Il2CppOutputProject/IL2CPP/external/baselib/Include/Cpp/ThreadLocalStorage.h
[2236/3206  0s] CopyFiles /Users/lucas-furini/repos/checkout/unity/builds/ios/Il2CppOutputProject/IL2CPP/external/baselib/Include/Cpp/Thread.h
[2237/3206  0s] CopyFiles /Users/lucas-furini/repos/checkout/unity/builds/ios/Il2CppOutputProject/IL2CPP/external/baselib/Include/Cpp/Stopwatch.h
[2238/3206  0s] CopyFiles /Users/lucas-furini/repos/checkout/unity/builds/ios/Il2CppOutputProject/IL2CPP/external/baselib/Include/External/utfcpp/source/utf8.h
[2239/3206  0s] CopyFiles /Users/lucas-furini/repos/checkout/unity/builds/ios/Il2CppOutputProject/IL2CPP/external/baselib/Include/Cpp/source_location.h
[2240/3206  0s] CopyFiles /Users/lucas-furini/repos/checkout/unity/builds/ios/Il2CppOutputProject/IL2CPP/external/baselib/Include/Cpp/Semaphore.h
[2241/3206  0s] CopyFiles /Users/lucas-furini/repos/checkout/unity/builds/ios/Il2CppOutputProject/IL2CPP/external/baselib/Include/Cpp/ScopedAcquire.h
[2242/3206  0s] CopyFiles /Users/lucas-furini/repos/checkout/unity/builds/ios/Il2CppOutputProject/IL2CPP/external/baselib/Include/External/utfcpp/source/utf8/unchecked.h
[2243/3206  0s] CopyFiles /Users/lucas-furini/repos/checkout/unity/builds/ios/Il2CppOutputProject/IL2CPP/external/baselib/Include/External/utfcpp/source/utf8/cpp11.h
[2244/3206  0s] CopyFiles /Users/lucas-furini/repos/checkout/unity/builds/ios/Il2CppOutputProject/IL2CPP/external/baselib/Include/Cpp/ReentrantLock.h
[2245/3206  0s] CopyFiles /Users/lucas-furini/repos/checkout/unity/builds/ios/Il2CppOutputProject/IL2CPP/external/baselib/Include/External/utfcpp/source/utf8/core.h
[2246/3206  0s] CopyFiles /Users/lucas-furini/repos/checkout/unity/builds/ios/Il2CppOutputProject/IL2CPP/external/baselib/Include/Cpp/mpmc_node_queue.h
[2247/3206  0s] CopyFiles /Users/lucas-furini/repos/checkout/unity/builds/ios/Il2CppOutputProject/IL2CPP/external/baselib/Include/Cpp/mpmc_node.h
[2248/3206  0s] CopyFiles /Users/lucas-furini/repos/checkout/unity/builds/ios/Il2CppOutputProject/IL2CPP/external/baselib/Include/Cpp/mpmc_node_stack.h
[2249/3206  0s] CopyFiles /Users/lucas-furini/repos/checkout/unity/builds/ios/Il2CppOutputProject/IL2CPP/external/baselib/Include/External/utfcpp/source/utf8/cpp17.h
[2250/3206  0s] CopyFiles /Users/lucas-furini/repos/checkout/unity/builds/ios/Il2CppOutputProject/IL2CPP/external/baselib/Include/Cpp/Internal/tlsf_allocator.inl.h
[2251/3206  0s] CopyFiles /Users/lucas-furini/repos/checkout/unity/builds/ios/Il2CppOutputProject/IL2CPP/external/baselib/Include/Cpp/Internal/page_allocator.inl.h
[2252/3206  0s] CopyFiles /Users/lucas-furini/repos/checkout/unity/builds/ios/Il2CppOutputProject/IL2CPP/external/baselib/Include/External/utfcpp/source/utf8/checked.h
[2253/3206  0s] CopyFiles /Users/lucas-furini/repos/checkout/unity/builds/ios/Il2CppOutputProject/IL2CPP/external/baselib/Include/Cpp/Internal/heap_allocator.inl.h
[2254/3206  0s] CopyFiles /Users/lucas-furini/repos/checkout/unity/builds/ios/Il2CppOutputProject/IL2CPP/external/baselib/Include/Cpp/mpmc_fixed_queue.h
[2255/3206  0s] CopyFiles /Users/lucas-furini/repos/checkout/unity/builds/ios/Il2CppOutputProject/IL2CPP/external/baselib/Include/Cpp/Internal/ConditionVariable_FutexBased.inl.h
[2256/3206  0s] CopyFiles /Users/lucas-furini/repos/checkout/unity/builds/ios/Il2CppOutputProject/IL2CPP/external/baselib/Include/Cpp/Internal/ConditionVariable_SemaphoreBased.inl.h
[2257/3206  0s] CopyFiles /Users/lucas-furini/repos/checkout/unity/builds/ios/Il2CppOutputProject/IL2CPP/external/baselib/Include/Cpp/Lock.h
[2258/3206  0s] CopyFiles /Users/lucas-furini/repos/checkout/unity/builds/ios/Il2CppOutputProject/IL2CPP/external/baselib/Include/Cpp/Internal/ConditionVariableData_SemaphoreBased.inl.h
[2259/3206  0s] CopyFiles /Users/lucas-furini/repos/checkout/unity/builds/ios/Il2CppOutputProject/IL2CPP/external/baselib/Include/Cpp/Internal/ConditionVariableData_FutexBased.inl.h
[2260/3206  0s] CopyFiles /Users/lucas-furini/repos/checkout/unity/builds/ios/Il2CppOutputProject/IL2CPP/external/baselib/Include/Cpp/Internal/Algorithm.inl.h
[2261/3206  0s] CopyFiles /Users/lucas-furini/repos/checkout/unity/builds/ios/Il2CppOutputProject/IL2CPP/external/baselib/Include/Cpp/HighCapacitySemaphore.h
[2262/3206  0s] CopyFiles /Users/lucas-furini/repos/checkout/unity/builds/ios/Il2CppOutputProject/IL2CPP/external/baselib/Include/Cpp/Internal/Compiler/ClangOrGcc/AlgorithmClangOrGcc.inl.h
[2263/3206  0s] CopyFiles /Users/lucas-furini/repos/checkout/unity/builds/ios/Il2CppOutputProject/IL2CPP/external/baselib/Include/Cpp/Internal/chunked_allocator.inl.h
[2264/3206  0s] CopyFiles /Users/lucas-furini/repos/checkout/unity/builds/ios/Il2CppOutputProject/IL2CPP/external/baselib/Include/Cpp/Internal/Compiler/Msvc/AlgorithmMsvc.inl.h
[2265/3206  0s] CopyFiles /Users/lucas-furini/repos/checkout/unity/builds/ios/Il2CppOutputProject/IL2CPP/external/baselib/Include/Cpp/heap_allocator.h
[2266/3206  0s] CopyFiles /Users/lucas-furini/repos/checkout/unity/builds/ios/Il2CppOutputProject/IL2CPP/external/baselib/Include/Cpp/fallback_allocator.h
[2267/3206  0s] CopyFiles /Users/lucas-furini/repos/checkout/unity/builds/ios/Il2CppOutputProject/IL2CPP/external/baselib/Include/Cpp/CountdownTimer.h
[2268/3206  0s] CopyFiles /Users/lucas-furini/repos/checkout/unity/builds/ios/Il2CppOutputProject/IL2CPP/external/baselib/Include/Cpp/EventSemaphore.h
[2269/3206  0s] CopyFiles /Users/lucas-furini/repos/checkout/unity/builds/ios/Il2CppOutputProject/IL2CPP/external/baselib/Include/Cpp/ConditionVariable.h
[2270/3206  0s] CopyFiles /Users/lucas-furini/repos/checkout/unity/builds/ios/Il2CppOutputProject/IL2CPP/external/baselib/Include/Cpp/chunked_allocator.h
[2271/3206  0s] CopyFiles /Users/lucas-furini/repos/checkout/unity/builds/ios/Il2CppOutputProject/IL2CPP/external/baselib/Include/Cpp/CappedSemaphore.h
[2272/3206  0s] CopyFiles /Users/lucas-furini/repos/checkout/unity/builds/ios/Il2CppOutputProject/IL2CPP/external/baselib/Include/Cpp/Baselib_DynamicLibrary.h
[2273/3206  0s] CopyFiles /Users/lucas-furini/repos/checkout/unity/builds/ios/Il2CppOutputProject/IL2CPP/external/baselib/Include/Cpp/Barrier.h
[2274/3206  0s] CopyFiles /Users/lucas-furini/repos/checkout/unity/builds/ios/Il2CppOutputProject/IL2CPP/external/baselib/Include/Cpp/BinarySemaphore.h
[2275/3206  0s] CopyFiles /Users/lucas-furini/repos/checkout/unity/builds/ios/Il2CppOutputProject/IL2CPP/external/baselib/Include/Cpp/Algorithm.h
[2276/3206  0s] CopyFiles /Users/lucas-furini/repos/checkout/unity/builds/ios/Il2CppOutputProject/IL2CPP/external/baselib/Include/Cpp/Atomic.h
[2277/3206  0s] CopyFiles /Users/lucas-furini/repos/checkout/unity/builds/ios/Il2CppOutputProject/IL2CPP/external/baselib/Include/Cpp/page_allocator.h
[2278/3206  0s] CopyFiles /Users/lucas-furini/repos/checkout/unity/builds/ios/Il2CppOutputProject/IL2CPP/external/baselib/Include/Cpp/AtomicReferenceCounter.h
[2279/3206  0s] CopyFiles /Users/lucas-furini/repos/checkout/unity/builds/ios/Il2CppOutputProject/IL2CPP/external/baselib/Include/Cpp/affix_allocator.h
[2280/3206  0s] CopyFiles /Users/lucas-furini/repos/checkout/unity/builds/ios/Il2CppOutputProject/IL2CPP/external/baselib/Include/C/Internal/Compiler/Baselib_Cpu_Msvc.inl.h
[2281/3206  0s] CopyFiles /Users/lucas-furini/repos/checkout/unity/builds/ios/Il2CppOutputProject/IL2CPP/external/baselib/Include/C/Internal/Compiler/Baselib_Cpu_Gcc.inl.h
[2282/3206  0s] CopyFiles /Users/lucas-furini/repos/checkout/unity/builds/ios/Il2CppOutputProject/IL2CPP/external/baselib/Include/C/Internal/Compiler/Baselib_Atomic_MsvcIntrinsics.h
[2283/3206  0s] CopyFiles /Users/lucas-furini/repos/checkout/unity/builds/ios/Il2CppOutputProject/IL2CPP/external/baselib/Include/Cpp/mpsc_node_stack.h
[2284/3206  0s] CopyFiles /Users/lucas-furini/repos/checkout/unity/builds/ios/Il2CppOutputProject/IL2CPP/external/baselib/Include/C/Internal/Compiler/Baselib_Atomic_Gcc_Patch.h
[2285/3206  0s] CopyFiles /Users/lucas-furini/repos/checkout/unity/builds/ios/Il2CppOutputProject/IL2CPP/external/baselib/Include/C/Internal/Compiler/Baselib_Atomic_LLSC_Gcc.inl.h
[2286/3206  0s] CopyFiles /Users/lucas-furini/repos/checkout/unity/builds/ios/Il2CppOutputProject/IL2CPP/external/baselib/Include/C/Internal/Compiler/Baselib_Atomic_Msvc.h
[2287/3206  0s] CopyFiles /Users/lucas-furini/repos/checkout/unity/builds/ios/Il2CppOutputProject/IL2CPP/external/baselib/Include/C/Internal/Baselib_SpinLoop.h
[2288/3206  0s] CopyFiles /Users/lucas-furini/repos/checkout/unity/builds/ios/Il2CppOutputProject/IL2CPP/external/baselib/Include/C/Internal/Compiler/Baselib_Atomic_Gcc.h
[2289/3206  0s] CopyFiles /Users/lucas-furini/repos/checkout/unity/builds/ios/Il2CppOutputProject/IL2CPP/external/baselib/Include/C/Internal/Compiler/Baselib_Atomic_Gcc_Patch_PostInclude.h
[2290/3206  0s] CopyFiles /Users/lucas-furini/repos/checkout/unity/builds/ios/Il2CppOutputProject/IL2CPP/external/baselib/Include/Cpp/mpsc_node.h
[2291/3206  0s] CopyFiles /Users/lucas-furini/repos/checkout/unity/builds/ios/Il2CppOutputProject/IL2CPP/external/baselib/Include/C/Internal/Baselib_Semaphore_SemaphoreBased.inl.h
[2292/3206  0s] CopyFiles /Users/lucas-furini/repos/checkout/unity/builds/ios/Il2CppOutputProject/IL2CPP/external/baselib/Include/C/Internal/Baselib_Semaphore_FutexBased.inl.h
[2293/3206  0s] CopyFiles /Users/lucas-furini/repos/checkout/unity/builds/ios/Il2CppOutputProject/IL2CPP/external/baselib/Include/C/Internal/Baselib_EventSemaphore_SemaphoreBased.inl.h
[2294/3206  0s] CopyFiles /Users/lucas-furini/repos/checkout/unity/builds/ios/Il2CppOutputProject/IL2CPP/external/baselib/Include/C/Internal/Baselib_Lock_SemaphoreBased.inl.h
[2295/3206  0s] CopyFiles /Users/lucas-furini/repos/checkout/unity/builds/ios/Il2CppOutputProject/IL2CPP/external/baselib/Include/C/Internal/Baselib_EnumSizeCheck.h
[2296/3206  0s] CopyFiles /Users/lucas-furini/repos/checkout/unity/builds/ios/Il2CppOutputProject/IL2CPP/external/baselib/Include/C/Internal/Baselib_Lock_FutexBased.inl.h
[2297/3206  0s] CopyFiles /Users/lucas-furini/repos/checkout/unity/builds/ios/Il2CppOutputProject/IL2CPP/external/baselib/Include/C/Internal/Baselib_HighCapacitySemaphore_FutexBased.inl.h
[2298/3206  0s] CopyFiles /Users/lucas-furini/repos/checkout/unity/builds/ios/Il2CppOutputProject/IL2CPP/external/baselib/Include/C/Internal/Baselib_EventSemaphore_FutexBased.inl.h
[2299/3206  0s] CopyFiles /Users/lucas-furini/repos/checkout/unity/builds/ios/Il2CppOutputProject/IL2CPP/external/baselib/Include/C/Internal/Baselib_CappedSemaphore_SemaphoreBased.inl.h
[2300/3206  0s] CopyFiles /Users/lucas-furini/repos/checkout/unity/builds/ios/Il2CppOutputProject/IL2CPP/external/baselib/Include/C/Internal/Baselib_HighCapacitySemaphore_SemaphoreBased.inl.h
[2301/3206  0s] CopyFiles /Users/lucas-furini/repos/checkout/unity/builds/ios/Il2CppOutputProject/IL2CPP/external/baselib/Include/C/Internal/Baselib_ReentrantLock.inl.h
[2302/3206  0s] CopyFiles /Users/lucas-furini/repos/checkout/unity/builds/ios/Il2CppOutputProject/IL2CPP/external/baselib/Include/C/Internal/Baselib_BinarySemaphore_SemaphoreBased.inl.h
[2303/3206  0s] CopyFiles /Users/lucas-furini/repos/checkout/unity/builds/ios/Il2CppOutputProject/IL2CPP/external/baselib/Include/C/Internal/Baselib_Atomic_Extensions.h
[2304/3206  0s] CopyFiles /Users/lucas-furini/repos/checkout/unity/builds/ios/Il2CppOutputProject/IL2CPP/external/baselib/Include/C/Internal/Baselib_CappedSemaphore_FutexBased.inl.h
[2305/3206  0s] CopyFiles /Users/lucas-furini/repos/checkout/unity/builds/ios/Il2CppOutputProject/IL2CPP/external/baselib/Include/C/Baselib_WakeupFallbackStrategy.h
[2306/3206  0s] CopyFiles /Users/lucas-furini/repos/checkout/unity/builds/ios/Il2CppOutputProject/IL2CPP/external/baselib/Include/C/Baselib_Timer.h
[2307/3206  0s] CopyFiles /Users/lucas-furini/repos/checkout/unity/builds/ios/Il2CppOutputProject/IL2CPP/external/baselib/Include/C/Baselib_Thread.h
[2308/3206  0s] CopyFiles /Users/lucas-furini/repos/checkout/unity/builds/ios/Il2CppOutputProject/IL2CPP/external/baselib/Include/C/Baselib_SystemSemaphore.h
[2309/3206  0s] CopyFiles /Users/lucas-furini/repos/checkout/unity/builds/ios/Il2CppOutputProject/IL2CPP/external/baselib/Include/C/Baselib_StaticAssert.h
[2310/3206  0s] CopyFiles /Users/lucas-furini/repos/checkout/unity/builds/ios/Il2CppOutputProject/IL2CPP/external/baselib/Include/C/Baselib_SystemFutex.h
[2311/3206  0s] CopyFiles /Users/lucas-furini/repos/checkout/unity/builds/ios/Il2CppOutputProject/IL2CPP/external/baselib/Include/C/Baselib_ReentrantLock.h
[2312/3206  0s] CopyFiles /Users/lucas-furini/repos/checkout/unity/builds/ios/Il2CppOutputProject/IL2CPP/external/baselib/Include/C/Baselib_ThreadLocalStorage.h
[2313/3206  0s] CopyFiles /Users/lucas-furini/repos/checkout/unity/builds/ios/Il2CppOutputProject/IL2CPP/external/baselib/Include/C/Baselib_RegisteredNetwork.h
[2314/3206  0s] CopyFiles /Users/lucas-furini/repos/checkout/unity/builds/ios/Il2CppOutputProject/IL2CPP/external/baselib/Include/C/Baselib_Process.h
[2315/3206  0s] CopyFiles /Users/lucas-furini/repos/checkout/unity/builds/ios/Il2CppOutputProject/IL2CPP/external/baselib/Include/C/Baselib_Semaphore.h
[2316/3206  0s] CopyFiles /Users/lucas-furini/repos/checkout/unity/builds/ios/Il2CppOutputProject/IL2CPP/external/baselib/Include/C/Baselib_NetworkAddress.h
[2317/3206  0s] CopyFiles /Users/lucas-furini/repos/checkout/unity/builds/ios/Il2CppOutputProject/IL2CPP/external/baselib/Include/C/Internal/Baselib_BinarySemaphore_FutexBased.inl.h
[2318/3206  0s] CopyFiles /Users/lucas-furini/repos/checkout/unity/builds/ios/Il2CppOutputProject/IL2CPP/external/baselib/Include/C/Baselib_SourceLocation.h
[2319/3206  0s] CopyFiles /Users/lucas-furini/repos/checkout/unity/builds/ios/Il2CppOutputProject/IL2CPP/external/baselib/Include/C/Baselib_Socket.h
[2320/3206  0s] CopyFiles /Users/lucas-furini/repos/checkout/unity/builds/ios/Il2CppOutputProject/IL2CPP/external/baselib/Include/C/Baselib_HostnameLookup.h
[2321/3206  0s] CopyFiles /Users/lucas-furini/repos/checkout/unity/builds/ios/Il2CppOutputProject/IL2CPP/external/baselib/Include/C/Baselib_Memory.h
[2322/3206  0s] CopyFiles /Users/lucas-furini/repos/checkout/unity/builds/ios/Il2CppOutputProject/IL2CPP/external/baselib/Include/C/Baselib_HighCapacitySemaphore.h
[2323/3206  0s] CopyFiles /Users/lucas-furini/repos/checkout/unity/builds/ios/Il2CppOutputProject/IL2CPP/external/baselib/Include/C/Baselib_Lock.h
[2324/3206  0s] CopyFiles /Users/lucas-furini/repos/checkout/unity/builds/ios/Il2CppOutputProject/IL2CPP/external/baselib/Include/C/Baselib_ErrorState.h
[2325/3206  0s] CopyFiles /Users/lucas-furini/repos/checkout/unity/builds/ios/Il2CppOutputProject/IL2CPP/external/baselib/Include/C/Baselib_FileIO.h
[2326/3206  0s] CopyFiles /Users/lucas-furini/repos/checkout/unity/builds/ios/Il2CppOutputProject/IL2CPP/external/baselib/Include/C/Baselib_ErrorCode.h
[2327/3206  0s] CopyFiles /Users/lucas-furini/repos/checkout/unity/builds/ios/Il2CppOutputProject/IL2CPP/external/baselib/Include/C/Baselib_DynamicLibrary.h
[2328/3206  0s] CopyFiles /Users/lucas-furini/repos/checkout/unity/builds/ios/Il2CppOutputProject/IL2CPP/external/baselib/Include/C/Baselib_Debug.h
[2329/3206  0s] CopyFiles /Users/lucas-furini/repos/checkout/unity/builds/ios/Il2CppOutputProject/IL2CPP/external/baselib/Include/C/Baselib_EventSemaphore.h
[2330/3206  0s] CopyFiles /Users/lucas-furini/repos/checkout/unity/builds/ios/Il2CppOutputProject/IL2CPP/external/baselib/Include/C/Baselib_Cpu_Features.h
[2331/3206  0s] CopyFiles /Users/lucas-furini/repos/checkout/unity/builds/ios/Il2CppOutputProject/IL2CPP/external/baselib/Include/Cpp/Internal/TypeTraits.h
[2332/3206  0s] CopyFiles /Users/lucas-furini/repos/checkout/unity/builds/ios/Il2CppOutputProject/IL2CPP/external/baselib/Include/C/Baselib_BinarySemaphore.h
[2333/3206  0s] CopyFiles /Users/lucas-furini/repos/checkout/unity/builds/ios/Il2CppOutputProject/IL2CPP/external/baselib/Include/C/Baselib_CountdownTimer.h
[2334/3206  0s] CopyFiles /Users/lucas-furini/repos/checkout/unity/builds/ios/Il2CppOutputProject/IL2CPP/external/baselib/Include/C/Baselib_CappedSemaphore.h
[2335/3206  0s] CopyFiles /Users/lucas-furini/repos/checkout/unity/builds/ios/Il2CppOutputProject/IL2CPP/external/baselib/Include/C/Baselib_Atomic_TypeSafe.h
[2336/3206  0s] CopyFiles /Users/lucas-furini/repos/checkout/unity/builds/ios/Il2CppOutputProject/IL2CPP/external/baselib/Include/C/Baselib_Atomic_Macros.h
[2337/3206  0s] CopyFiles /Users/lucas-furini/repos/checkout/unity/builds/ios/Il2CppOutputProject/IL2CPP/external/baselib/Include/C/Baselib_Cpu.h
[2338/3206  0s] CopyFiles /Users/lucas-furini/repos/checkout/unity/builds/ios/Il2CppOutputProject/IL2CPP/external/baselib/Include/C/Baselib_Atomic.h
[2339/3206  0s] CopyFiles /Users/lucas-furini/repos/checkout/unity/builds/ios/Il2CppOutputProject/IL2CPP/build/deploy_x86_64/UnityLinkerOld
[2340/3206  0s] CopyFiles /Users/lucas-furini/repos/checkout/unity/builds/ios/Il2CppOutputProject/IL2CPP/external/baselib/Include/Cpp/Internal/ScopedAcquireMixin.h
[2341/3206  0s] CopyFiles /Users/lucas-furini/repos/checkout/unity/builds/ios/Il2CppOutputProject/IL2CPP/external/baselib/Include/C/Baselib_Alignment.h
[2342/3206  0s] CopyFiles /Users/lucas-furini/repos/checkout/unity/builds/ios/Il2CppOutputProject/IL2CPP/external/baselib/Include/C/Baselib_Atomic_LLSC.h
[2343/3206  0s] CopyFiles /Users/lucas-furini/repos/checkout/unity/builds/ios/Il2CppOutputProject/IL2CPP/build/deploy_x86_64/UnityLinker
[2344/3206  0s] CopyFiles /Users/lucas-furini/repos/checkout/unity/builds/ios/Il2CppOutputProject/IL2CPP/external/baselib/Include/Baselib.h
[2345/3206  0s] CopyFiles /Users/lucas-furini/repos/checkout/unity/builds/ios/Il2CppOutputProject/IL2CPP/build/deploy_x86_64/UnityLinkerOld.dll
[2346/3206  0s] CopyFiles /Users/lucas-furini/repos/checkout/unity/builds/ios/Il2CppOutputProject/IL2CPP/build/deploy_x86_64/WindowsBase.dll
[2347/3206  0s] CopyFiles /Users/lucas-furini/repos/checkout/unity/builds/ios/Il2CppOutputProject/IL2CPP/build/deploy_x86_64/UnityLinkerOld.pdb
[2348/3206  0s] CopyFiles /Users/lucas-furini/repos/checkout/unity/builds/ios/Il2CppOutputProject/IL2CPP/build/deploy_x86_64/UnityLinker.runtimeconfig.json
[2349/3206  0s] CopyFiles /Users/lucas-furini/repos/checkout/unity/builds/ios/Il2CppOutputProject/IL2CPP/build/deploy_x86_64/Unity.Options.dll
[2350/3206  0s] CopyFiles /Users/lucas-furini/repos/checkout/unity/builds/ios/Il2CppOutputProject/IL2CPP/build/deploy_x86_64/UnityLinker.deps.json
[2351/3206  0s] CopyFiles /Users/lucas-furini/repos/checkout/unity/builds/ios/Il2CppOutputProject/IL2CPP/build/deploy_x86_64/Unity.Options.pdb
[2352/3206  0s] CopyFiles /Users/lucas-furini/repos/checkout/unity/builds/ios/Il2CppOutputProject/IL2CPP/build/deploy_x86_64/UnityLinker.pdb
[2353/3206  0s] CopyFiles /Users/lucas-furini/repos/checkout/unity/builds/ios/Il2CppOutputProject/IL2CPP/build/deploy_x86_64/Unity.TinyProfiler.dll
[2354/3206  0s] CopyFiles /Users/lucas-furini/repos/checkout/unity/builds/ios/Il2CppOutputProject/IL2CPP/build/deploy_x86_64/UnityLinkerOld.deps.json
[2355/3206  0s] CopyFiles /Users/lucas-furini/repos/checkout/unity/builds/ios/Il2CppOutputProject/IL2CPP/build/deploy_x86_64/UnityLinkerOld.runtimeconfig.json
[2356/3206  0s] CopyFiles /Users/lucas-furini/repos/checkout/unity/builds/ios/Il2CppOutputProject/IL2CPP/build/deploy_x86_64/Unity.TinyProfiler.pdb
[2357/3206  0s] CopyFiles /Users/lucas-furini/repos/checkout/unity/builds/ios/Il2CppOutputProject/IL2CPP/build/deploy_x86_64/Unity.Linker.Api.dll
[2358/3206  0s] CopyFiles /Users/lucas-furini/repos/checkout/unity/builds/ios/Il2CppOutputProject/IL2CPP/build/deploy_x86_64/Unity.Linker.Api.Output.xml
[2359/3206  0s] CopyFiles /Users/lucas-furini/repos/checkout/unity/builds/ios/Il2CppOutputProject/IL2CPP/build/deploy_x86_64/Unity.Linker.Api.Output.dll
[2360/3206  0s] CopyFiles /Users/lucas-furini/repos/checkout/unity/builds/ios/Il2CppOutputProject/IL2CPP/build/deploy_x86_64/Unity.Linker.Api.Output.pdb
[2361/3206  0s] CopyFiles /Users/lucas-furini/repos/checkout/unity/builds/ios/Il2CppOutputProject/IL2CPP/build/deploy_x86_64/Unity.IL2CPP.pdb
[2362/3206  0s] CopyFiles /Users/lucas-furini/repos/checkout/unity/builds/ios/Il2CppOutputProject/IL2CPP/build/deploy_x86_64/Unity.IL2CPP.Shell.pdb
[2363/3206  0s] CopyFiles /Users/lucas-furini/repos/checkout/unity/builds/ios/Il2CppOutputProject/IL2CPP/build/deploy_x86_64/Unity.Linker.Api.pdb
[2364/3206  0s] CopyFiles /Users/lucas-furini/repos/checkout/unity/builds/ios/Il2CppOutputProject/IL2CPP/build/deploy_x86_64/Unity.IL2CPP.InternalizedMapping.pdb
[2365/3206  0s] CopyFiles /Users/lucas-furini/repos/checkout/unity/builds/ios/Il2CppOutputProject/IL2CPP/build/deploy_x86_64/Unity.IL2CPP.InternalizedMapping.dll
[2366/3206  0s] CopyFiles /Users/lucas-furini/repos/checkout/unity/builds/ios/Il2CppOutputProject/IL2CPP/build/deploy_x86_64/Unity.IL2CPP.DataModel.dll
[2367/3206  0s] CopyFiles /Users/lucas-furini/repos/checkout/unity/builds/ios/Il2CppOutputProject/IL2CPP/build/deploy_x86_64/Unity.IL2CPP.CompilerServices.pdb
[2368/3206  0s] CopyFiles /Users/lucas-furini/repos/checkout/unity/builds/ios/Il2CppOutputProject/IL2CPP/build/deploy_x86_64/Unity.IL2CPP.DataModel.pdb
[2369/3206  0s] CopyFiles /Users/lucas-furini/repos/checkout/unity/builds/ios/Il2CppOutputProject/IL2CPP/build/deploy_x86_64/Unity.IL2CPP.Compile.pdb
[2370/3206  0s] CopyFiles /Users/lucas-furini/repos/checkout/unity/builds/ios/Il2CppOutputProject/IL2CPP/build/deploy_x86_64/Unity.IL2CPP.Compile.dll
[2371/3206  0s] CopyFiles /Users/lucas-furini/repos/checkout/unity/builds/ios/Il2CppOutputProject/IL2CPP/build/deploy_x86_64/Unity.IL2CPP.Shell.dll
[2372/3206  0s] CopyFiles /Users/lucas-furini/repos/checkout/unity/builds/ios/Il2CppOutputProject/IL2CPP/build/deploy_x86_64/Unity.IL2CPP.CompilerServices.dll
[2373/3206  0s] CopyFiles /Users/lucas-furini/repos/checkout/unity/builds/ios/Il2CppOutputProject/IL2CPP/build/deploy_x86_64/Unity.IL2CPP.Common.pdb
[2374/3206  0s] CopyFiles /Users/lucas-furini/repos/checkout/unity/builds/ios/Il2CppOutputProject/IL2CPP/build/deploy_x86_64/Unity.IL2CPP.Common35.pdb
[2375/3206  0s] CopyFiles /Users/lucas-furini/repos/checkout/unity/builds/ios/Il2CppOutputProject/IL2CPP/build/deploy_x86_64/Unity.IL2CPP.Bee.IL2CPPExeCompileCppBuildProgram.Data.pdb
[2376/3206  0s] CopyFiles /Users/lucas-furini/repos/checkout/unity/builds/ios/Il2CppOutputProject/IL2CPP/build/deploy_x86_64/Unity.IL2CPP.Bee.IL2CPPExeCompileCppBuildProgram.dll
[2377/3206  0s] CopyFiles /Users/lucas-furini/repos/checkout/unity/builds/ios/Il2CppOutputProject/IL2CPP/build/deploy_x86_64/Unity.IL2CPP.Bee.IL2CPPExeCompileCppBuildProgram.Data.dll
[2378/3206  0s] CopyFiles /Users/lucas-furini/repos/checkout/unity/builds/ios/Il2CppOutputProject/IL2CPP/build/deploy_x86_64/Unity.IL2CPP.Bee.BuildLogic.WindowsDesktop.pdb
[2379/3206  0s] CopyFiles /Users/lucas-furini/repos/checkout/unity/builds/ios/Il2CppOutputProject/IL2CPP/build/deploy_x86_64/Unity.IL2CPP.Bee.BuildLogic.WindowsDesktop.dll
[2380/3206  0s] CopyFiles /Users/lucas-furini/repos/checkout/unity/builds/ios/Il2CppOutputProject/IL2CPP/build/deploy_x86_64/Unity.IL2CPP.Bee.IL2CPPExeCompileCppBuildProgram.pdb
[2381/3206  0s] CopyFiles /Users/lucas-furini/repos/checkout/unity/builds/ios/Il2CppOutputProject/IL2CPP/build/deploy_x86_64/Unity.IL2CPP.Bee.BuildLogic.WebGL.pdb
[2382/3206  0s] CopyFiles /Users/lucas-furini/repos/checkout/unity/builds/ios/Il2CppOutputProject/IL2CPP/build/deploy_x86_64/Unity.IL2CPP.Bee.BuildLogic.VisionOS.pdb
[2383/3206  0s] CopyFiles /Users/lucas-furini/repos/checkout/unity/builds/ios/Il2CppOutputProject/IL2CPP/build/deploy_x86_64/Unity.IL2CPP.Bee.BuildLogic.WebGL.dll
[2384/3206  0s] CopyFiles /Users/lucas-furini/repos/checkout/unity/builds/ios/Il2CppOutputProject/IL2CPP/build/deploy_x86_64/Unity.IL2CPP.Common35.dll
[2385/3206  0s] CopyFiles /Users/lucas-furini/repos/checkout/unity/builds/ios/Il2CppOutputProject/IL2CPP/build/deploy_x86_64/UnityLinker.dll
[2386/3206  0s] CopyFiles /Users/lucas-furini/repos/checkout/unity/builds/ios/Il2CppOutputProject/IL2CPP/build/deploy_x86_64/Unity.IL2CPP.Bee.BuildLogic.VisionOS.dll
[2387/3206  0s] CopyFiles /Users/lucas-furini/repos/checkout/unity/builds/ios/Il2CppOutputProject/IL2CPP/build/deploy_x86_64/Unity.IL2CPP.Bee.BuildLogic.UniversalWindows.pdb
[2388/3206  0s] CopyFiles /Users/lucas-furini/repos/checkout/unity/builds/ios/Il2CppOutputProject/IL2CPP/external/baselib/Include/Cpp/mpsc_node_queue.h
[2389/3206  0s] CopyFiles /Users/lucas-furini/repos/checkout/unity/builds/ios/Il2CppOutputProject/IL2CPP/build/deploy_x86_64/Unity.IL2CPP.Bee.BuildLogic.MacOSX.dll
[2390/3206  0s] CopyFiles /Users/lucas-furini/repos/checkout/unity/builds/ios/Il2CppOutputProject/IL2CPP/build/deploy_x86_64/Unity.IL2CPP.Bee.BuildLogic.UniversalWindows.dll
[2391/3206  0s] CopyFiles /Users/lucas-furini/repos/checkout/unity/builds/ios/Il2CppOutputProject/IL2CPP/build/deploy_x86_64/Unity.IL2CPP.Bee.BuildLogic.Linux.dll
[2392/3206  0s] CopyFiles /Users/lucas-furini/repos/checkout/unity/builds/ios/Il2CppOutputProject/IL2CPP/build/deploy_x86_64/Unity.IL2CPP.Bee.BuildLogic.Linux.pdb
[2393/3206  0s] CopyFiles /Users/lucas-furini/repos/checkout/unity/builds/ios/Il2CppOutputProject/IL2CPP/build/deploy_x86_64/Unity.IL2CPP.Bee.BuildLogic.iOS.dll
[2394/3206  0s] CopyFiles /Users/lucas-furini/repos/checkout/unity/builds/ios/Il2CppOutputProject/IL2CPP/build/deploy_x86_64/Unity.IL2CPP.Bee.BuildLogic.MacOSX.pdb
[2395/3206  0s] CopyFiles /Users/lucas-furini/repos/checkout/unity/builds/ios/Il2CppOutputProject/IL2CPP/build/deploy_x86_64/Unity.IL2CPP.Bee.BuildLogic.AppleTV.dll
[2396/3206  0s] CopyFiles /Users/lucas-furini/repos/checkout/unity/builds/ios/Il2CppOutputProject/IL2CPP/build/deploy_x86_64/Unity.IL2CPP.Bee.BuildLogic.Android.dll
[2397/3206  0s] CopyFiles /Users/lucas-furini/repos/checkout/unity/builds/ios/Il2CppOutputProject/IL2CPP/build/deploy_x86_64/Unity.IL2CPP.Bee.BuildLogic.dll
[2398/3206  0s] CopyFiles /Users/lucas-furini/repos/checkout/unity/builds/ios/Il2CppOutputProject/IL2CPP/build/deploy_x86_64/Unity.IL2CPP.Bee.BuildLogic.EmbeddedLinux.pdb
[2399/3206  0s] CopyFiles /Users/lucas-furini/repos/checkout/unity/builds/ios/Il2CppOutputProject/IL2CPP/build/deploy_x86_64/Unity.IL2CPP.Common.dll
[2400/3206  0s] CopyFiles /Users/lucas-furini/repos/checkout/unity/builds/ios/Il2CppOutputProject/IL2CPP/build/deploy_x86_64/Unity.IL2CPP.Bee.BuildLogic.iOS.pdb
[2401/3206  0s] CopyFiles /Users/lucas-furini/repos/checkout/unity/builds/ios/Il2CppOutputProject/IL2CPP/build/deploy_x86_64/Unity.IL2CPP.Bee.BuildLogic.EmbeddedLinux.dll
[2402/3206  0s] CopyFiles /Users/lucas-furini/repos/checkout/unity/builds/ios/Il2CppOutputProject/IL2CPP/build/deploy_x86_64/Unity.IL2CPP.Bee.BuildLogic.pdb
[2403/3206  0s] CopyFiles /Users/lucas-furini/repos/checkout/unity/builds/ios/Il2CppOutputProject/IL2CPP/build/deploy_x86_64/Unity.IL2CPP.Api.Output.pdb
[2404/3206  0s] CopyFiles /Users/lucas-furini/repos/checkout/unity/builds/ios/Il2CppOutputProject/IL2CPP/build/deploy_x86_64/Unity.IL2CPP.Api.dll
[2405/3206  0s] CopyFiles /Users/lucas-furini/repos/checkout/unity/builds/ios/Il2CppOutputProject/IL2CPP/build/deploy_x86_64/Unity.IL2CPP.Bee.BuildLogic.AppleTV.pdb
[2406/3206  0s] CopyFiles /Users/lucas-furini/repos/checkout/unity/builds/ios/Il2CppOutputProject/IL2CPP/build/deploy_x86_64/Unity.IL2CPP.Api.Output.dll
[2407/3206  0s] CopyFiles /Users/lucas-furini/repos/checkout/unity/builds/ios/Il2CppOutputProject/IL2CPP/build/deploy_x86_64/Unity.IL2CPP.Bee.BuildLogic.Android.pdb
[2408/3206  0s] CopyFiles /Users/lucas-furini/repos/checkout/unity/builds/ios/Il2CppOutputProject/IL2CPP/build/deploy_x86_64/Unity.IL2CPP.Api.Output.xml
[2409/3206  0s] CopyFiles /Users/lucas-furini/repos/checkout/unity/builds/ios/Il2CppOutputProject/IL2CPP/build/deploy_x86_64/Unity.IL2CPP.Api.pdb
[2410/3206  0s] CopyFiles /Users/lucas-furini/repos/checkout/unity/builds/ios/Il2CppOutputProject/IL2CPP/build/deploy_x86_64/Unity.Cecil.Awesome.pdb
[2411/3206  0s] CopyFiles /Users/lucas-furini/repos/checkout/unity/builds/ios/Il2CppOutputProject/IL2CPP/build/deploy_x86_64/Unity.Cecil.Visitor.pdb
[2412/3206  0s] CopyFiles /Users/lucas-furini/repos/checkout/unity/builds/ios/Il2CppOutputProject/IL2CPP/build/deploy_x86_64/Unity.Api.Attributes.dll
[2413/3206  0s] CopyFiles /Users/lucas-furini/repos/checkout/unity/builds/ios/Il2CppOutputProject/IL2CPP/build/deploy_x86_64/Unity.Cecil.Visitor.dll
[2414/3206  0s] CopyFiles /Users/lucas-furini/repos/checkout/unity/builds/ios/Il2CppOutputProject/IL2CPP/build/deploy_x86_64/Unity.Api.Attributes.pdb
[2415/3206  0s] CopyFiles /Users/lucas-furini/repos/checkout/unity/builds/ios/Il2CppOutputProject/IL2CPP/build/deploy_x86_64/Unity.Cecil.Awesome.dll
[2416/3206  0s] CopyFiles /Users/lucas-furini/repos/checkout/unity/builds/ios/Il2CppOutputProject/IL2CPP/build/deploy_x86_64/System.Xml.XPath.dll
[2417/3206  0s] CopyFiles /Users/lucas-furini/repos/checkout/unity/builds/ios/Il2CppOutputProject/IL2CPP/build/deploy_x86_64/System.Xml.XmlSerializer.dll
[2418/3206  0s] CopyFiles /Users/lucas-furini/repos/checkout/unity/builds/ios/Il2CppOutputProject/IL2CPP/build/deploy_x86_64/System.Xml.XmlDocument.dll
[2419/3206  0s] CopyFiles /Users/lucas-furini/repos/checkout/unity/builds/ios/Il2CppOutputProject/IL2CPP/build/deploy_x86_64/System.Xml.XDocument.dll
[2420/3206  0s] CopyFiles /Users/lucas-furini/repos/checkout/unity/builds/ios/Il2CppOutputProject/IL2CPP/build/deploy_x86_64/System.Xml.ReaderWriter.dll
[2421/3206  0s] CopyFiles /Users/lucas-furini/repos/checkout/unity/builds/ios/Il2CppOutputProject/IL2CPP/build/deploy_x86_64/System.Xml.Serialization.dll
[2422/3206  0s] CopyFiles /Users/lucas-furini/repos/checkout/unity/builds/ios/Il2CppOutputProject/IL2CPP/build/deploy_x86_64/System.Xml.dll
[2423/3206  0s] CopyFiles /Users/lucas-furini/repos/checkout/unity/builds/ios/Il2CppOutputProject/IL2CPP/build/deploy_x86_64/System.Xml.Linq.dll
[2424/3206  0s] CopyFiles /Users/lucas-furini/repos/checkout/unity/builds/ios/Il2CppOutputProject/IL2CPP/build/deploy_x86_64/System.Xml.XPath.XDocument.dll
[2425/3206  0s] CopyFiles /Users/lucas-furini/repos/checkout/unity/builds/ios/Il2CppOutputProject/IL2CPP/build/deploy_x86_64/System.Windows.dll
[2426/3206  0s] CopyFiles /Users/lucas-furini/repos/checkout/unity/builds/ios/Il2CppOutputProject/IL2CPP/build/deploy_x86_64/System.Web.dll
[2427/3206  0s] CopyFiles /Users/lucas-furini/repos/checkout/unity/builds/ios/Il2CppOutputProject/IL2CPP/build/deploy_x86_64/System.ValueTuple.dll
[2428/3206  0s] CopyFiles /Users/lucas-furini/repos/checkout/unity/builds/ios/Il2CppOutputProject/IL2CPP/build/deploy_x86_64/System.Transactions.dll
[2429/3206  0s] CopyFiles /Users/lucas-furini/repos/checkout/unity/builds/ios/Il2CppOutputProject/IL2CPP/build/deploy_x86_64/System.Threading.ThreadPool.dll
[2430/3206  0s] CopyFiles /Users/lucas-furini/repos/checkout/unity/builds/ios/Il2CppOutputProject/IL2CPP/build/deploy_x86_64/System.Web.HttpUtility.dll
[2431/3206  0s] CopyFiles /Users/lucas-furini/repos/checkout/unity/builds/ios/Il2CppOutputProject/IL2CPP/build/deploy_x86_64/System.Threading.Timer.dll
[2432/3206  0s] CopyFiles /Users/lucas-furini/repos/checkout/unity/builds/ios/Il2CppOutputProject/IL2CPP/build/deploy_x86_64/System.Threading.Thread.dll
[2433/3206  0s] CopyFiles /Users/lucas-furini/repos/checkout/unity/builds/ios/Il2CppOutputProject/IL2CPP/build/deploy_x86_64/System.Transactions.Local.dll
[2434/3206  0s] CopyFiles /Users/lucas-furini/repos/checkout/unity/builds/ios/Il2CppOutputProject/IL2CPP/build/deploy_x86_64/Unity.IL2CPP.dll
[2435/3206  0s] CopyFiles /Users/lucas-furini/repos/checkout/unity/builds/ios/Il2CppOutputProject/IL2CPP/build/deploy_x86_64/System.Threading.Tasks.dll
[2436/3206  0s] CopyFiles /Users/lucas-furini/repos/checkout/unity/builds/ios/Il2CppOutputProject/IL2CPP/build/deploy_x86_64/System.Threading.Tasks.Extensions.dll
[2437/3206  0s] CopyFiles /Users/lucas-furini/repos/checkout/unity/builds/ios/Il2CppOutputProject/IL2CPP/build/deploy_x86_64/System.Threading.Tasks.Dataflow.dll
[2438/3206  0s] CopyFiles /Users/lucas-furini/repos/checkout/unity/builds/ios/Il2CppOutputProject/IL2CPP/build/deploy_x86_64/System.Threading.Overlapped.dll
[2439/3206  0s] CopyFiles /Users/lucas-furini/repos/checkout/unity/builds/ios/Il2CppOutputProject/IL2CPP/build/deploy_x86_64/System.Threading.dll
[2440/3206  0s] CopyFiles /Users/lucas-furini/repos/checkout/unity/builds/ios/Il2CppOutputProject/IL2CPP/build/deploy_x86_64/System.Text.Encodings.Web.dll
[2441/3206  0s] CopyFiles /Users/lucas-furini/repos/checkout/unity/builds/ios/Il2CppOutputProject/IL2CPP/build/deploy_x86_64/System.Text.Encoding.dll
[2442/3206  0s] CopyFiles /Users/lucas-furini/repos/checkout/unity/builds/ios/Il2CppOutputProject/IL2CPP/build/deploy_x86_64/System.Text.Encoding.Extensions.dll
[2443/3206  0s] CopyFiles /Users/lucas-furini/repos/checkout/unity/builds/ios/Il2CppOutputProject/IL2CPP/build/deploy_x86_64/System.ServiceProcess.dll
[2444/3206  0s] CopyFiles /Users/lucas-furini/repos/checkout/unity/builds/ios/Il2CppOutputProject/IL2CPP/build/deploy_x86_64/System.Text.Encoding.CodePages.dll
[2445/3206  0s] CopyFiles /Users/lucas-furini/repos/checkout/unity/builds/ios/Il2CppOutputProject/IL2CPP/build/deploy_x86_64/System.ServiceModel.Web.dll
[2446/3206  0s] CopyFiles /Users/lucas-furini/repos/checkout/unity/builds/ios/Il2CppOutputProject/IL2CPP/build/deploy_x86_64/System.Security.SecureString.dll
[2447/3206  0s] CopyFiles /Users/lucas-furini/repos/checkout/unity/builds/ios/Il2CppOutputProject/IL2CPP/build/deploy_x86_64/System.Security.Principal.Windows.dll
[2448/3206  0s] CopyFiles /Users/lucas-furini/repos/checkout/unity/builds/ios/Il2CppOutputProject/IL2CPP/build/deploy_x86_64/System.Security.Principal.dll
[2449/3206  0s] CopyFiles /Users/lucas-furini/repos/checkout/unity/builds/ios/Il2CppOutputProject/IL2CPP/build/deploy_x86_64/System.Security.dll
[2450/3206  0s] CopyFiles /Users/lucas-furini/repos/checkout/unity/builds/ios/Il2CppOutputProject/IL2CPP/build/deploy_x86_64/System.Security.Cryptography.X509Certificates.dll
[2451/3206  0s] CopyFiles /Users/lucas-furini/repos/checkout/unity/builds/ios/Il2CppOutputProject/IL2CPP/build/deploy_x86_64/System.Security.Cryptography.Primitives.dll
[2452/3206  0s] CopyFiles /Users/lucas-furini/repos/checkout/unity/builds/ios/Il2CppOutputProject/IL2CPP/build/deploy_x86_64/System.Security.Cryptography.OpenSsl.dll
[2453/3206  0s] CopyFiles /Users/lucas-furini/repos/checkout/unity/builds/ios/Il2CppOutputProject/IL2CPP/build/deploy_x86_64/System.Threading.Channels.dll
[2454/3206  0s] CopyFiles /Users/lucas-furini/repos/checkout/unity/builds/ios/Il2CppOutputProject/IL2CPP/build/deploy_x86_64/System.Security.Cryptography.Encoding.dll
[2455/3206  0s] CopyFiles /Users/lucas-furini/repos/checkout/unity/builds/ios/Il2CppOutputProject/IL2CPP/build/deploy_x86_64/System.Security.Cryptography.Csp.dll
[2456/3206  0s] CopyFiles /Users/lucas-furini/repos/checkout/unity/builds/ios/Il2CppOutputProject/IL2CPP/build/deploy_x86_64/System.Security.Cryptography.Cng.dll
[2457/3206  0s] CopyFiles /Users/lucas-furini/repos/checkout/unity/builds/ios/Il2CppOutputProject/IL2CPP/build/deploy_x86_64/System.Security.Cryptography.Algorithms.dll
[2458/3206  0s] CopyFiles /Users/lucas-furini/repos/checkout/unity/builds/ios/Il2CppOutputProject/IL2CPP/build/deploy_x86_64/System.Runtime.Serialization.Xml.dll
[2459/3206  0s] CopyFiles /Users/lucas-furini/repos/checkout/unity/builds/ios/Il2CppOutputProject/IL2CPP/build/deploy_x86_64/System.Security.Claims.dll
[2460/3206  0s] CopyFiles /Users/lucas-furini/repos/checkout/unity/builds/ios/Il2CppOutputProject/IL2CPP/build/deploy_x86_64/System.Security.AccessControl.dll
[2461/3206  0s] CopyFiles /Users/lucas-furini/repos/checkout/unity/builds/ios/Il2CppOutputProject/IL2CPP/build/deploy_x86_64/System.Runtime.Serialization.Json.dll
[2462/3206  0s] CopyFiles /Users/lucas-furini/repos/checkout/unity/builds/ios/Il2CppOutputProject/IL2CPP/build/deploy_x86_64/System.Runtime.Serialization.dll
[2463/3206  0s] CopyFiles /Users/lucas-furini/repos/checkout/unity/builds/ios/Il2CppOutputProject/IL2CPP/build/deploy_x86_64/System.Text.Json.dll
[2464/3206  0s] CopyFiles /Users/lucas-furini/repos/checkout/unity/builds/ios/Il2CppOutputProject/IL2CPP/build/deploy_x86_64/System.Runtime.Loader.dll
[2465/3206  0s] CopyFiles /Users/lucas-furini/repos/checkout/unity/builds/ios/Il2CppOutputProject/IL2CPP/build/deploy_x86_64/System.Runtime.Intrinsics.dll
[2466/3206  0s] CopyFiles /Users/lucas-furini/repos/checkout/unity/builds/ios/Il2CppOutputProject/IL2CPP/build/deploy_x86_64/System.Runtime.InteropServices.RuntimeInformation.dll
[2467/3206  0s] CopyFiles /Users/lucas-furini/repos/checkout/unity/builds/ios/Il2CppOutputProject/IL2CPP/build/deploy_x86_64/System.Runtime.Serialization.Primitives.dll
[2468/3206  0s] CopyFiles /Users/lucas-furini/repos/checkout/unity/builds/ios/Il2CppOutputProject/IL2CPP/build/deploy_x86_64/System.Runtime.Extensions.dll
[2469/3206  0s] CopyFiles /Users/lucas-furini/repos/checkout/unity/builds/ios/Il2CppOutputProject/IL2CPP/build/deploy_x86_64/System.Runtime.InteropServices.JavaScript.dll
[2470/3206  0s] CopyFiles /Users/lucas-furini/repos/checkout/unity/builds/ios/Il2CppOutputProject/IL2CPP/build/deploy_x86_64/System.Runtime.Handles.dll
[2471/3206  0s] CopyFiles /Users/lucas-furini/repos/checkout/unity/builds/ios/Il2CppOutputProject/IL2CPP/build/deploy_x86_64/System.Runtime.dll
[2472/3206  0s] CopyFiles /Users/lucas-furini/repos/checkout/unity/builds/ios/Il2CppOutputProject/IL2CPP/build/deploy_x86_64/System.Runtime.Serialization.Formatters.dll
[2473/3206  0s] CopyFiles /Users/lucas-furini/repos/checkout/unity/builds/ios/Il2CppOutputProject/IL2CPP/build/deploy_x86_64/System.Runtime.CompilerServices.Unsafe.dll
[2474/3206  0s] CopyFiles /Users/lucas-furini/repos/checkout/unity/builds/ios/Il2CppOutputProject/IL2CPP/build/deploy_x86_64/System.Runtime.Numerics.dll
[2475/3206  0s] CopyFiles /Users/lucas-furini/repos/checkout/unity/builds/ios/Il2CppOutputProject/IL2CPP/build/deploy_x86_64/System.Resources.ResourceManager.dll
[2476/3206  0s] CopyFiles /Users/lucas-furini/repos/checkout/unity/builds/ios/Il2CppOutputProject/IL2CPP/build/deploy_x86_64/System.Runtime.CompilerServices.VisualC.dll
[2477/3206  0s] CopyFiles /Users/lucas-furini/repos/checkout/unity/builds/ios/Il2CppOutputProject/IL2CPP/build/deploy_x86_64/System.Resources.Reader.dll
[2478/3206  0s] CopyFiles /Users/lucas-furini/repos/checkout/unity/builds/ios/Il2CppOutputProject/IL2CPP/build/deploy_x86_64/System.Reflection.Primitives.dll
[2479/3206  0s] CopyFiles /Users/lucas-furini/repos/checkout/unity/builds/ios/Il2CppOutputProject/IL2CPP/build/deploy_x86_64/System.Runtime.InteropServices.dll
[2480/3206  0s] CopyFiles /Users/lucas-furini/repos/checkout/unity/builds/ios/Il2CppOutputProject/IL2CPP/build/deploy_x86_64/System.Resources.Writer.dll
[2481/3206  0s] CopyFiles /Users/lucas-furini/repos/checkout/unity/builds/ios/Il2CppOutputProject/IL2CPP/build/deploy_x86_64/System.Reflection.TypeExtensions.dll
[2482/3206  0s] CopyFiles /Users/lucas-furini/repos/checkout/unity/builds/ios/Il2CppOutputProject/IL2CPP/build/deploy_x86_64/System.Reflection.Emit.Lightweight.dll
[2483/3206  0s] CopyFiles /Users/lucas-furini/repos/checkout/unity/builds/ios/Il2CppOutputProject/IL2CPP/build/deploy_x86_64/System.Reflection.Extensions.dll
[2484/3206  0s] CopyFiles /Users/lucas-furini/repos/checkout/unity/builds/ios/Il2CppOutputProject/IL2CPP/build/deploy_x86_64/System.Reflection.dll
[2485/3206  0s] CopyFiles /Users/lucas-furini/repos/checkout/unity/builds/ios/Il2CppOutputProject/IL2CPP/build/deploy_x86_64/System.Reflection.Emit.ILGeneration.dll
[2486/3206  0s] CopyFiles /Users/lucas-furini/repos/checkout/unity/builds/ios/Il2CppOutputProject/IL2CPP/build/deploy_x86_64/System.Reflection.Emit.dll
[2487/3206  0s] CopyFiles /Users/lucas-furini/repos/checkout/unity/builds/ios/Il2CppOutputProject/IL2CPP/build/deploy_x86_64/System.Reflection.DispatchProxy.dll
[2488/3206  0s] CopyFiles /Users/lucas-furini/repos/checkout/unity/builds/ios/Il2CppOutputProject/IL2CPP/build/deploy_x86_64/System.Private.Uri.dll
[2489/3206  0s] CopyFiles /Users/lucas-furini/repos/checkout/unity/builds/ios/Il2CppOutputProject/IL2CPP/build/deploy_x86_64/System.Numerics.Vectors.dll
[2490/3206  0s] CopyFiles /Users/lucas-furini/repos/checkout/unity/builds/ios/Il2CppOutputProject/IL2CPP/build/deploy_x86_64/System.Numerics.dll
[2491/3206  0s] CopyFiles /Users/lucas-furini/repos/checkout/unity/builds/ios/Il2CppOutputProject/IL2CPP/build/deploy_x86_64/System.Threading.Tasks.Parallel.dll
[2492/3206  0s] CopyFiles /Users/lucas-furini/repos/checkout/unity/builds/ios/Il2CppOutputProject/IL2CPP/build/deploy_x86_64/System.ObjectModel.dll
[2493/3206  0s] CopyFiles /Users/lucas-furini/repos/checkout/unity/builds/ios/Il2CppOutputProject/IL2CPP/build/deploy_x86_64/System.Net.WebSockets.dll
[2494/3206  0s] CopyFiles /Users/lucas-furini/repos/checkout/unity/builds/ios/Il2CppOutputProject/IL2CPP/build/deploy_x86_64/System.Net.WebProxy.dll
[2495/3206  0s] CopyFiles /Users/lucas-furini/repos/checkout/unity/builds/ios/Il2CppOutputProject/IL2CPP/build/deploy_x86_64/System.Net.WebSockets.Client.dll
[2496/3206  0s] CopyFiles /Users/lucas-furini/repos/checkout/unity/builds/ios/Il2CppOutputProject/IL2CPP/build/deploy_x86_64/System.Net.WebHeaderCollection.dll
[2497/3206  0s] CopyFiles /Users/lucas-furini/repos/checkout/unity/builds/ios/Il2CppOutputProject/IL2CPP/build/deploy_x86_64/System.Net.ServicePoint.dll
[2498/3206  0s] CopyFiles /Users/lucas-furini/repos/checkout/unity/builds/ios/Il2CppOutputProject/IL2CPP/build/deploy_x86_64/System.Net.WebClient.dll
[2499/3206  0s] CopyFiles /Users/lucas-furini/repos/checkout/unity/builds/ios/Il2CppOutputProject/IL2CPP/build/deploy_x86_64/System.Net.Sockets.dll
[2500/3206  0s] CopyFiles /Users/lucas-furini/repos/checkout/unity/builds/ios/Il2CppOutputProject/IL2CPP/build/deploy_x86_64/System.Net.Requests.dll
[2501/3206  0s] CopyFiles /Users/lucas-furini/repos/checkout/unity/builds/ios/Il2CppOutputProject/IL2CPP/build/deploy_x86_64/System.Net.Quic.dll
[2502/3206  0s] CopyFiles /Users/lucas-furini/repos/checkout/unity/builds/ios/Il2CppOutputProject/IL2CPP/build/deploy_x86_64/System.Net.Primitives.dll
[2503/3206  0s] CopyFiles /Users/lucas-furini/repos/checkout/unity/builds/ios/Il2CppOutputProject/IL2CPP/build/deploy_x86_64/System.Net.Ping.dll
[2504/3206  0s] CopyFiles /Users/lucas-furini/repos/checkout/unity/builds/ios/Il2CppOutputProject/IL2CPP/build/deploy_x86_64/System.Net.NetworkInformation.dll
[2505/3206  0s] CopyFiles /Users/lucas-furini/repos/checkout/unity/builds/ios/Il2CppOutputProject/IL2CPP/build/deploy_x86_64/System.Net.Mail.dll
[2506/3206  0s] CopyFiles /Users/lucas-furini/repos/checkout/unity/builds/ios/Il2CppOutputProject/IL2CPP/build/deploy_x86_64/System.Net.HttpListener.dll
[2507/3206  0s] CopyFiles /Users/lucas-furini/repos/checkout/unity/builds/ios/Il2CppOutputProject/IL2CPP/build/deploy_x86_64/System.Net.NameResolution.dll
[2508/3206  0s] CopyFiles /Users/lucas-furini/repos/checkout/unity/builds/ios/Il2CppOutputProject/IL2CPP/build/deploy_x86_64/System.Net.dll
[2509/3206  0s] CopyFiles /Users/lucas-furini/repos/checkout/unity/builds/ios/Il2CppOutputProject/IL2CPP/build/deploy_x86_64/System.Memory.dll
[2510/3206  0s] CopyFiles /Users/lucas-furini/repos/checkout/unity/builds/ios/Il2CppOutputProject/IL2CPP/build/deploy_x86_64/System.Linq.Queryable.dll
[2511/3206  0s] CopyFiles /Users/lucas-furini/repos/checkout/unity/builds/ios/Il2CppOutputProject/IL2CPP/build/deploy_x86_64/System.Linq.Expressions.dll
[2512/3206  0s] CopyFiles /Users/lucas-furini/repos/checkout/unity/builds/ios/Il2CppOutputProject/IL2CPP/build/deploy_x86_64/System.Net.Http.Json.dll
[2513/3206  0s] CopyFiles /Users/lucas-furini/repos/checkout/unity/builds/ios/Il2CppOutputProject/IL2CPP/build/deploy_x86_64/System.IO.UnmanagedMemoryStream.dll
[2514/3206  0s] CopyFiles /Users/lucas-furini/repos/checkout/unity/builds/ios/Il2CppOutputProject/IL2CPP/build/deploy_x86_64/System.IO.Pipes.dll
[2515/3206  0s] CopyFiles /Users/lucas-furini/repos/checkout/unity/builds/ios/Il2CppOutputProject/IL2CPP/build/deploy_x86_64/System.IO.Pipes.AccessControl.dll
[2516/3206  0s] CopyFiles /Users/lucas-furini/repos/checkout/unity/builds/ios/Il2CppOutputProject/IL2CPP/build/deploy_x86_64/System.IO.Pipelines.dll
[2517/3206  0s] CopyFiles /Users/lucas-furini/repos/checkout/unity/builds/ios/Il2CppOutputProject/IL2CPP/build/deploy_x86_64/System.IO.MemoryMappedFiles.dll
[2518/3206  0s] CopyFiles /Users/lucas-furini/repos/checkout/unity/builds/ios/Il2CppOutputProject/IL2CPP/build/deploy_x86_64/System.IO.IsolatedStorage.dll
[2519/3206  0s] CopyFiles /Users/lucas-furini/repos/checkout/unity/builds/ios/Il2CppOutputProject/IL2CPP/build/deploy_x86_64/System.IO.FileSystem.Watcher.dll
[2520/3206  0s] CopyFiles /Users/lucas-furini/repos/checkout/unity/builds/ios/Il2CppOutputProject/IL2CPP/build/deploy_x86_64/System.IO.FileSystem.Primitives.dll
[2521/3206  0s] CopyFiles /Users/lucas-furini/repos/checkout/unity/builds/ios/Il2CppOutputProject/IL2CPP/build/deploy_x86_64/System.IO.FileSystem.DriveInfo.dll
[2522/3206  0s] CopyFiles /Users/lucas-furini/repos/checkout/unity/builds/ios/Il2CppOutputProject/IL2CPP/build/deploy_x86_64/System.IO.FileSystem.dll
[2523/3206  0s] CopyFiles /Users/lucas-furini/repos/checkout/unity/builds/ios/Il2CppOutputProject/IL2CPP/build/deploy_x86_64/System.IO.FileSystem.AccessControl.dll
[2524/3206  0s] CopyFiles /Users/lucas-furini/repos/checkout/unity/builds/ios/Il2CppOutputProject/IL2CPP/build/deploy_x86_64/System.IO.dll
[2525/3206  0s] CopyFiles /Users/lucas-furini/repos/checkout/unity/builds/ios/Il2CppOutputProject/IL2CPP/build/deploy_x86_64/System.IO.Compression.ZipFile.dll
[2526/3206  0s] CopyFiles /Users/lucas-furini/repos/checkout/unity/builds/ios/Il2CppOutputProject/IL2CPP/build/deploy_x86_64/System.IO.Compression.FileSystem.dll
[2527/3206  0s] CopyFiles /Users/lucas-furini/repos/checkout/unity/builds/ios/Il2CppOutputProject/IL2CPP/build/deploy_x86_64/System.IO.Compression.dll
[2528/3206  0s] CopyFiles /Users/lucas-furini/repos/checkout/unity/builds/ios/Il2CppOutputProject/IL2CPP/build/deploy_x86_64/System.IO.Compression.Brotli.dll
[2529/3206  0s] CopyFiles /Users/lucas-furini/repos/checkout/unity/builds/ios/Il2CppOutputProject/IL2CPP/build/deploy_x86_64/System.Globalization.Extensions.dll
[2530/3206  0s] CopyFiles /Users/lucas-furini/repos/checkout/unity/builds/ios/Il2CppOutputProject/IL2CPP/build/deploy_x86_64/System.Globalization.dll
[2531/3206  0s] CopyFiles /Users/lucas-furini/repos/checkout/unity/builds/ios/Il2CppOutputProject/IL2CPP/build/deploy_x86_64/System.Globalization.Calendars.dll
[2532/3206  0s] CopyFiles /Users/lucas-furini/repos/checkout/unity/builds/ios/Il2CppOutputProject/IL2CPP/build/deploy_x86_64/System.Formats.Tar.dll
[2533/3206  0s] CopyFiles /Users/lucas-furini/repos/checkout/unity/builds/ios/Il2CppOutputProject/IL2CPP/build/deploy_x86_64/System.Formats.Asn1.dll
[2534/3206  0s] CopyFiles /Users/lucas-furini/repos/checkout/unity/builds/ios/Il2CppOutputProject/IL2CPP/build/deploy_x86_64/System.Dynamic.Runtime.dll
[2535/3206  3s] CopyFiles /Users/lucas-furini/repos/checkout/unity/builds/ios/Il2CppOutputProject/IL2CPP/build/deploy_x86_64/System.Private.Xml.dll
[2536/3206  0s] CopyFiles /Users/lucas-furini/repos/checkout/unity/builds/ios/Il2CppOutputProject/IL2CPP/build/deploy_x86_64/System.Drawing.dll
[2537/3206  0s] CopyFiles /Users/lucas-furini/repos/checkout/unity/builds/ios/Il2CppOutputProject/IL2CPP/build/deploy_x86_64/System.dll
[2538/3206  0s] CopyFiles /Users/lucas-furini/repos/checkout/unity/builds/ios/Il2CppOutputProject/IL2CPP/build/deploy_x86_64/System.Diagnostics.Tracing.dll
[2539/3206  0s] CopyFiles /Users/lucas-furini/repos/checkout/unity/builds/ios/Il2CppOutputProject/IL2CPP/build/deploy_x86_64/System.Diagnostics.TraceSource.dll
[2540/3206  0s] CopyFiles /Users/lucas-furini/repos/checkout/unity/builds/ios/Il2CppOutputProject/IL2CPP/build/deploy_x86_64/System.Diagnostics.Tools.dll
[2541/3206  0s] CopyFiles /Users/lucas-furini/repos/checkout/unity/builds/ios/Il2CppOutputProject/IL2CPP/build/deploy_x86_64/System.Diagnostics.TextWriterTraceListener.dll
[2542/3206  0s] CopyFiles /Users/lucas-furini/repos/checkout/unity/builds/ios/Il2CppOutputProject/IL2CPP/build/deploy_x86_64/System.Diagnostics.StackTrace.dll
[2543/3206  0s] CopyFiles /Users/lucas-furini/repos/checkout/unity/builds/ios/Il2CppOutputProject/IL2CPP/build/deploy_x86_64/System.Diagnostics.Process.dll
[2544/3206  0s] CopyFiles /Users/lucas-furini/repos/checkout/unity/builds/ios/Il2CppOutputProject/IL2CPP/build/deploy_x86_64/System.Diagnostics.FileVersionInfo.dll
[2545/3206  0s] CopyFiles /Users/lucas-furini/repos/checkout/unity/builds/ios/Il2CppOutputProject/IL2CPP/build/deploy_x86_64/System.Diagnostics.DiagnosticSource.dll
[2546/3206  0s] CopyFiles /Users/lucas-furini/repos/checkout/unity/builds/ios/Il2CppOutputProject/IL2CPP/build/deploy_x86_64/System.Diagnostics.Debug.dll
[2547/3206  0s] CopyFiles /Users/lucas-furini/repos/checkout/unity/builds/ios/Il2CppOutputProject/IL2CPP/build/deploy_x86_64/System.Diagnostics.Contracts.dll
[2548/3206  0s] CopyFiles /Users/lucas-furini/repos/checkout/unity/builds/ios/Il2CppOutputProject/IL2CPP/build/deploy_x86_64/System.Data.dll
[2549/3206  0s] CopyFiles /Users/lucas-furini/repos/checkout/unity/builds/ios/Il2CppOutputProject/IL2CPP/build/deploy_x86_64/System.Data.DataSetExtensions.dll
[2550/3206  0s] CopyFiles /Users/lucas-furini/repos/checkout/unity/builds/ios/Il2CppOutputProject/IL2CPP/build/deploy_x86_64/System.Data.Common.dll
[2551/3206  0s] CopyFiles /Users/lucas-furini/repos/checkout/unity/builds/ios/Il2CppOutputProject/IL2CPP/build/deploy_x86_64/System.Core.dll
[2552/3206  4s] CopyFiles /Users/lucas-furini/repos/checkout/unity/builds/ios/Il2CppOutputProject/IL2CPP/build/deploy_x86_64/System.Private.CoreLib.dll
[2553/3206  0s] CopyFiles /Users/lucas-furini/repos/checkout/unity/builds/ios/Il2CppOutputProject/IL2CPP/build/deploy_x86_64/System.Configuration.dll
[2554/3206  0s] CopyFiles /Users/lucas-furini/repos/checkout/unity/builds/ios/Il2CppOutputProject/IL2CPP/build/deploy_x86_64/System.Console.dll
[2555/3206  0s] CopyFiles /Users/lucas-furini/repos/checkout/unity/builds/ios/Il2CppOutputProject/IL2CPP/build/deploy_x86_64/System.ComponentModel.TypeConverter.dll
[2556/3206  0s] CopyFiles /Users/lucas-furini/repos/checkout/unity/builds/ios/Il2CppOutputProject/IL2CPP/build/deploy_x86_64/System.ComponentModel.Primitives.dll
[2557/3206  0s] CopyFiles /Users/lucas-furini/repos/checkout/unity/builds/ios/Il2CppOutputProject/IL2CPP/build/deploy_x86_64/System.ComponentModel.dll
[2558/3206  0s] CopyFiles /Users/lucas-furini/repos/checkout/unity/builds/ios/Il2CppOutputProject/IL2CPP/build/deploy_x86_64/System.ComponentModel.EventBasedAsync.dll
[2559/3206  0s] CopyFiles /Users/lucas-furini/repos/checkout/unity/builds/ios/Il2CppOutputProject/IL2CPP/build/deploy_x86_64/System.ComponentModel.DataAnnotations.dll
[2560/3206  1s] CopyFiles /Users/lucas-furini/repos/checkout/unity/builds/ios/Il2CppOutputProject/IL2CPP/build/deploy_x86_64/System.Drawing.Primitives.dll
[2561/3206  0s] CopyFiles /Users/lucas-furini/repos/checkout/unity/builds/ios/Il2CppOutputProject/IL2CPP/build/deploy_x86_64/System.Collections.Specialized.dll
[2562/3206  0s] CopyFiles /Users/lucas-furini/repos/checkout/unity/builds/ios/Il2CppOutputProject/IL2CPP/build/deploy_x86_64/System.ComponentModel.Annotations.dll
[2563/3206  0s] CopyFiles /Users/lucas-furini/repos/checkout/unity/builds/ios/Il2CppOutputProject/IL2CPP/build/deploy_x86_64/System.Collections.dll
[2564/3206  0s] CopyFiles /Users/lucas-furini/repos/checkout/unity/builds/ios/Il2CppOutputProject/IL2CPP/build/deploy_x86_64/System.Collections.NonGeneric.dll
[2565/3206  0s] CopyFiles /Users/lucas-furini/repos/checkout/unity/builds/ios/Il2CppOutputProject/IL2CPP/build/deploy_x86_64/System.Buffers.dll
[2566/3206  0s] CopyFiles /Users/lucas-furini/repos/checkout/unity/builds/ios/Il2CppOutputProject/IL2CPP/build/deploy_x86_64/System.Collections.Concurrent.dll
[2567/3206  0s] CopyFiles /Users/lucas-furini/repos/checkout/unity/builds/ios/Il2CppOutputProject/IL2CPP/build/deploy_x86_64/System.AppContext.dll
[2568/3206  0s] CopyFiles /Users/lucas-furini/repos/checkout/unity/builds/ios/Il2CppOutputProject/IL2CPP/build/deploy_x86_64/SharpYaml.dll
[2569/3206  0s] CopyFiles /Users/lucas-furini/repos/checkout/unity/builds/ios/Il2CppOutputProject/IL2CPP/build/deploy_x86_64/NiceIO.dll
[2570/3206  0s] CopyFiles /Users/lucas-furini/repos/checkout/unity/builds/ios/Il2CppOutputProject/IL2CPP/build/deploy_x86_64/NiceIO.pdb
[2571/3206  0s] CopyFiles /Users/lucas-furini/repos/checkout/unity/builds/ios/Il2CppOutputProject/IL2CPP/build/deploy_x86_64/System.Collections.Immutable.dll
[2572/3206  0s] CopyFiles /Users/lucas-furini/repos/checkout/unity/builds/ios/Il2CppOutputProject/IL2CPP/build/deploy_x86_64/netstandard.dll
[2573/3206  0s] CopyFiles /Users/lucas-furini/repos/checkout/unity/builds/ios/Il2CppOutputProject/IL2CPP/build/deploy_x86_64/mscorlib.dll
[2574/3206  0s] CopyFiles /Users/lucas-furini/repos/checkout/unity/builds/ios/Il2CppOutputProject/IL2CPP/build/deploy_x86_64/monolinkerold.pdb
[2575/3206  0s] CopyFiles /Users/lucas-furini/repos/checkout/unity/builds/ios/Il2CppOutputProject/IL2CPP/build/deploy_x86_64/Newtonsoft.Json.dll
[2576/3206  0s] CopyFiles /Users/lucas-furini/repos/checkout/unity/builds/ios/Il2CppOutputProject/IL2CPP/build/deploy_x86_64/Mono.Cecil.Rocks.pdb
[2577/3206  0s] CopyFiles /Users/lucas-furini/repos/checkout/unity/builds/ios/Il2CppOutputProject/IL2CPP/build/deploy_x86_64/Mono.Cecil.Rocks.dll
[2578/3206  0s] CopyFiles /Users/lucas-furini/repos/checkout/unity/builds/ios/Il2CppOutputProject/IL2CPP/build/deploy_x86_64/Mono.Cecil.Pdb.dll
[2579/3206  0s] CopyFiles /Users/lucas-furini/repos/checkout/unity/builds/ios/Il2CppOutputProject/IL2CPP/build/deploy_x86_64/Mono.Cecil.Pdb.pdb
[2580/3206  0s] CopyFiles /Users/lucas-furini/repos/checkout/unity/builds/ios/Il2CppOutputProject/IL2CPP/build/deploy_x86_64/Mono.Cecil.pdb
[2581/3206  0s] CopyFiles /Users/lucas-furini/repos/checkout/unity/builds/ios/Il2CppOutputProject/IL2CPP/build/deploy_x86_64/Mono.Cecil.Mdb.pdb
[2582/3206  0s] CopyFiles /Users/lucas-furini/repos/checkout/unity/builds/ios/Il2CppOutputProject/IL2CPP/build/deploy_x86_64/Mono.Cecil.Mdb.dll
[2583/3206  0s] CopyFiles /Users/lucas-furini/repos/checkout/unity/builds/ios/Il2CppOutputProject/IL2CPP/build/deploy_x86_64/Mono.Cecil.dll
[2584/3206  0s] CopyFiles /Users/lucas-furini/repos/checkout/unity/builds/ios/Il2CppOutputProject/IL2CPP/build/deploy_x86_64/monolinkerold.dll
[2585/3206  0s] CopyFiles /Users/lucas-furini/repos/checkout/unity/builds/ios/Il2CppOutputProject/IL2CPP/build/deploy_x86_64/Microsoft.Win32.Primitives.dll
[2586/3206  0s] CopyFiles /Users/lucas-furini/repos/checkout/unity/builds/ios/Il2CppOutputProject/IL2CPP/build/deploy_x86_64/Microsoft.VisualBasic.dll
[2587/3206  0s] CopyFiles /Users/lucas-furini/repos/checkout/unity/builds/ios/Il2CppOutputProject/IL2CPP/build/deploy_x86_64/Microsoft.Win32.Registry.dll
[2588/3206  0s] CopyFiles /Users/lucas-furini/repos/checkout/unity/builds/ios/Il2CppOutputProject/IL2CPP/build/deploy_x86_64/Microsoft.Bcl.HashCode.dll
[2589/3206  0s] CopyFiles /Users/lucas-furini/repos/checkout/unity/builds/ios/Il2CppOutputProject/IL2CPP/build/deploy_x86_64/MemoryPack.Core.dll
[2590/3206  0s] CopyFiles /Users/lucas-furini/repos/checkout/unity/builds/ios/Il2CppOutputProject/IL2CPP/build/deploy_x86_64/libSystem.Security.Cryptography.Native.OpenSsl.dylib
[2591/3206  0s] CopyFiles /Users/lucas-furini/repos/checkout/unity/builds/ios/Il2CppOutputProject/IL2CPP/build/deploy_x86_64/libSystem.Security.Cryptography.Native.Apple.dylib
[2592/3206  0s] CopyFiles /Users/lucas-furini/repos/checkout/unity/builds/ios/Il2CppOutputProject/IL2CPP/build/deploy_x86_64/libSystem.Net.Security.Native.dylib
[2593/3206  0s] CopyFiles /Users/lucas-furini/repos/checkout/unity/builds/ios/Il2CppOutputProject/IL2CPP/build/deploy_x86_64/libSystem.Native.dylib
[2594/3206  0s] CopyFiles /Users/lucas-furini/repos/checkout/unity/builds/ios/Il2CppOutputProject/IL2CPP/build/deploy_x86_64/libSystem.IO.Compression.Native.dylib
[2595/3206  0s] CopyFiles /Users/lucas-furini/repos/checkout/unity/builds/ios/Il2CppOutputProject/IL2CPP/build/deploy_x86_64/libSystem.Globalization.Native.dylib
[2596/3206  0s] CopyFiles /Users/lucas-furini/repos/checkout/unity/builds/ios/Il2CppOutputProject/IL2CPP/build/deploy_x86_64/libmscordbi.dylib
[2597/3206  0s] CopyFiles /Users/lucas-furini/repos/checkout/unity/builds/ios/Il2CppOutputProject/IL2CPP/build/deploy_x86_64/libmscordaccore.dylib
[2598/3206  0s] CopyFiles /Users/lucas-furini/repos/checkout/unity/builds/ios/Il2CppOutputProject/IL2CPP/build/deploy_x86_64/libhostpolicy.dylib
[2599/3206  0s] CopyFiles /Users/lucas-furini/repos/checkout/unity/builds/ios/Il2CppOutputProject/IL2CPP/build/deploy_x86_64/libhostfxr.dylib
[2600/3206  0s] CopyFiles /Users/lucas-furini/repos/checkout/unity/builds/ios/Il2CppOutputProject/IL2CPP/build/deploy_x86_64/libcoreclr.dylib
[2601/3206  0s] CopyFiles /Users/lucas-furini/repos/checkout/unity/builds/ios/Il2CppOutputProject/IL2CPP/build/deploy_x86_64/libclrjit.dylib
[2602/3206  0s] CopyFiles /Users/lucas-furini/repos/checkout/unity/builds/ios/Il2CppOutputProject/IL2CPP/build/deploy_x86_64/libclrgcexp.dylib
[2603/3206  0s] CopyFiles /Users/lucas-furini/repos/checkout/unity/builds/ios/Il2CppOutputProject/IL2CPP/build/deploy_x86_64/libclrgc.dylib
[2604/3206  0s] CopyFiles /Users/lucas-furini/repos/checkout/unity/builds/ios/Il2CppOutputProject/IL2CPP/build/deploy_x86_64/JetBrains.Profiler.Api.dll
[2605/3206  0s] CopyFiles /Users/lucas-furini/repos/checkout/unity/builds/ios/Il2CppOutputProject/IL2CPP/build/deploy_x86_64/illink.pdb
[2606/3206  0s] CopyFiles /Users/lucas-furini/repos/checkout/unity/builds/ios/Il2CppOutputProject/IL2CPP/build/deploy_x86_64/illink.dll
[2607/3206  0s] CopyFiles /Users/lucas-furini/repos/checkout/unity/builds/ios/Il2CppOutputProject/IL2CPP/build/deploy_x86_64/il2cpp.runtimeconfig.json
[2608/3206  0s] CopyFiles /Users/lucas-furini/repos/checkout/unity/builds/ios/Il2CppOutputProject/IL2CPP/build/deploy_x86_64/il2cpp.pdb
[2609/3206  0s] CopyFiles /Users/lucas-furini/repos/checkout/unity/builds/ios/Il2CppOutputProject/IL2CPP/build/deploy_x86_64/il2cpp.dll.config
[2610/3206  0s] CopyFiles /Users/lucas-furini/repos/checkout/unity/builds/ios/Il2CppOutputProject/IL2CPP/build/deploy_x86_64/il2cpp.dll
[2611/3206  0s] CopyFiles /Users/lucas-furini/repos/checkout/unity/builds/ios/Il2CppOutputProject/IL2CPP/build/deploy_x86_64/il2cpp.deps.json
[2612/3206  0s] CopyFiles /Users/lucas-furini/repos/checkout/unity/builds/ios/Il2CppOutputProject/IL2CPP/build/deploy_x86_64/il2cpp-compile.runtimeconfig.json
[2613/3206  0s] CopyFiles /Users/lucas-furini/repos/checkout/unity/builds/ios/Il2CppOutputProject/IL2CPP/build/deploy_x86_64/il2cpp-compile.pdb
[2614/3206  0s] CopyFiles /Users/lucas-furini/repos/checkout/unity/builds/ios/Il2CppOutputProject/IL2CPP/build/deploy_x86_64/il2cpp-compile.dll
[2615/3206  0s] CopyFiles /Users/lucas-furini/repos/checkout/unity/builds/ios/Il2CppOutputProject/IL2CPP/build/deploy_x86_64/il2cpp-compile.deps.json
[2616/3206  0s] CopyFiles /Users/lucas-furini/repos/checkout/unity/builds/ios/Il2CppOutputProject/IL2CPP/build/deploy_x86_64/il2cpp-compile
[2617/3206  0s] CopyFiles /Users/lucas-furini/repos/checkout/unity/builds/ios/Il2CppOutputProject/IL2CPP/build/deploy_x86_64/il2cpp
[2618/3206  0s] CopyFiles /Users/lucas-furini/repos/checkout/unity/builds/ios/Il2CppOutputProject/IL2CPP/build/deploy_x86_64/createdump
[2619/3206  0s] CopyFiles /Users/lucas-furini/repos/checkout/unity/builds/ios/Il2CppOutputProject/IL2CPP/build/deploy_x86_64/bee_backend/mac-x64/bee_backend
[2620/3206  0s] CopyFiles /Users/lucas-furini/repos/checkout/unity/builds/ios/Il2CppOutputProject/IL2CPP/build/deploy_x86_64/Bee.VisualStudioSolution.pdb
[2621/3206  0s] CopyFiles /Users/lucas-furini/repos/checkout/unity/builds/ios/Il2CppOutputProject/IL2CPP/build/deploy_x86_64/Bee.VisualStudioSolution.dll
[2622/3206  0s] CopyFiles /Users/lucas-furini/repos/checkout/unity/builds/ios/Il2CppOutputProject/IL2CPP/build/deploy_x86_64/Bee.TundraBackend.pdb
[2623/3206  0s] CopyFiles /Users/lucas-furini/repos/checkout/unity/builds/ios/Il2CppOutputProject/IL2CPP/build/deploy_x86_64/Bee.TundraBackend.dll
[2624/3206  0s] CopyFiles /Users/lucas-furini/repos/checkout/unity/builds/ios/Il2CppOutputProject/IL2CPP/build/deploy_x86_64/Bee.Tools.pdb
[2625/3206  0s] CopyFiles /Users/lucas-furini/repos/checkout/unity/builds/ios/Il2CppOutputProject/IL2CPP/build/deploy_x86_64/Bee.Tools.dll
[2626/3206  0s] CopyFiles /Users/lucas-furini/repos/checkout/unity/builds/ios/Il2CppOutputProject/IL2CPP/build/deploy_x86_64/Bee.Toolchain.Xcode.pdb
[2627/3206  0s] CopyFiles /Users/lucas-furini/repos/checkout/unity/builds/ios/Il2CppOutputProject/IL2CPP/build/deploy_x86_64/Bee.Toolchain.Xcode.dll
[2628/3206  0s] CopyFiles /Users/lucas-furini/repos/checkout/unity/builds/ios/Il2CppOutputProject/IL2CPP/build/deploy_x86_64/Bee.Toolchain.Windows.pdb
[2629/3206  0s] CopyFiles /Users/lucas-furini/repos/checkout/unity/builds/ios/Il2CppOutputProject/IL2CPP/build/deploy_x86_64/Bee.Toolchain.Windows.dll
[2630/3206  0s] CopyFiles /Users/lucas-furini/repos/checkout/unity/builds/ios/Il2CppOutputProject/IL2CPP/build/deploy_x86_64/Bee.Toolchain.VisualStudio.pdb
[2631/3206  0s] CopyFiles /Users/lucas-furini/repos/checkout/unity/builds/ios/Il2CppOutputProject/IL2CPP/build/deploy_x86_64/Bee.Toolchain.VisualStudio.dll
[2632/3206  0s] CopyFiles /Users/lucas-furini/repos/checkout/unity/builds/ios/Il2CppOutputProject/IL2CPP/build/deploy_x86_64/Bee.Toolchain.VisionOS.pdb
[2633/3206  0s] CopyFiles /Users/lucas-furini/repos/checkout/unity/builds/ios/Il2CppOutputProject/IL2CPP/build/deploy_x86_64/Bee.Toolchain.VisionOS.dll
[2634/3206  0s] CopyFiles /Users/lucas-furini/repos/checkout/unity/builds/ios/Il2CppOutputProject/IL2CPP/build/deploy_x86_64/Bee.Toolchain.UWP.pdb
[2635/3206  0s] CopyFiles /Users/lucas-furini/repos/checkout/unity/builds/ios/Il2CppOutputProject/IL2CPP/build/deploy_x86_64/Bee.Toolchain.UWP.dll
[2636/3206  0s] CopyFiles /Users/lucas-furini/repos/checkout/unity/builds/ios/Il2CppOutputProject/IL2CPP/build/deploy_x86_64/Bee.Toolchain.TvOS.pdb
[2637/3206  0s] CopyFiles /Users/lucas-furini/repos/checkout/unity/builds/ios/Il2CppOutputProject/IL2CPP/build/deploy_x86_64/Bee.Toolchain.TvOS.dll
[2638/3206  0s] CopyFiles /Users/lucas-furini/repos/checkout/unity/builds/ios/Il2CppOutputProject/IL2CPP/build/deploy_x86_64/Bee.Toolchain.MacOS.pdb
[2639/3206  0s] CopyFiles /Users/lucas-furini/repos/checkout/unity/builds/ios/Il2CppOutputProject/IL2CPP/build/deploy_x86_64/Bee.Toolchain.MacOS.dll
[2640/3206  0s] CopyFiles /Users/lucas-furini/repos/checkout/unity/builds/ios/Il2CppOutputProject/IL2CPP/build/deploy_x86_64/Bee.Toolchain.LLVM.pdb
[2641/3206  0s] CopyFiles /Users/lucas-furini/repos/checkout/unity/builds/ios/Il2CppOutputProject/IL2CPP/build/deploy_x86_64/Bee.Toolchain.LLVM.dll
[2642/3206  0s] CopyFiles /Users/lucas-furini/repos/checkout/unity/builds/ios/Il2CppOutputProject/IL2CPP/build/deploy_x86_64/Bee.Toolchain.Linux.pdb
[2643/3206  0s] CopyFiles /Users/lucas-furini/repos/checkout/unity/builds/ios/Il2CppOutputProject/IL2CPP/build/deploy_x86_64/Bee.Toolchain.Linux.dll
[2644/3206  0s] CopyFiles /Users/lucas-furini/repos/checkout/unity/builds/ios/Il2CppOutputProject/IL2CPP/build/deploy_x86_64/Bee.Toolchain.IOS.pdb
[2645/3206  0s] CopyFiles /Users/lucas-furini/repos/checkout/unity/builds/ios/Il2CppOutputProject/IL2CPP/build/deploy_x86_64/Bee.Toolchain.IOS.dll
[2646/3206  0s] CopyFiles /Users/lucas-furini/repos/checkout/unity/builds/ios/Il2CppOutputProject/IL2CPP/build/deploy_x86_64/Bee.Toolchain.GNU.pdb
[2647/3206  0s] CopyFiles /Users/lucas-furini/repos/checkout/unity/builds/ios/Il2CppOutputProject/IL2CPP/build/deploy_x86_64/Bee.Toolchain.GNU.dll
[2648/3206  0s] CopyFiles /Users/lucas-furini/repos/checkout/unity/builds/ios/Il2CppOutputProject/IL2CPP/build/deploy_x86_64/Bee.Toolchain.Emscripten.pdb
[2649/3206  0s] CopyFiles /Users/lucas-furini/repos/checkout/unity/builds/ios/Il2CppOutputProject/IL2CPP/build/deploy_x86_64/Bee.Toolchain.Emscripten.dll
[2650/3206  0s] CopyFiles /Users/lucas-furini/repos/checkout/unity/builds/ios/Il2CppOutputProject/IL2CPP/build/deploy_x86_64/Bee.Toolchain.EmbeddedLinux.pdb
[2651/3206  0s] CopyFiles /Users/lucas-furini/repos/checkout/unity/builds/ios/Il2CppOutputProject/IL2CPP/build/deploy_x86_64/Bee.Toolchain.EmbeddedLinux.dll
[2652/3206  0s] CopyFiles /Users/lucas-furini/repos/checkout/unity/builds/ios/Il2CppOutputProject/IL2CPP/build/deploy_x86_64/Bee.Toolchain.Android.pdb
[2653/3206  0s] CopyFiles /Users/lucas-furini/repos/checkout/unity/builds/ios/Il2CppOutputProject/IL2CPP/build/deploy_x86_64/Bee.Toolchain.Android.dll
[2654/3206  0s] CopyFiles /Users/lucas-furini/repos/checkout/unity/builds/ios/Il2CppOutputProject/IL2CPP/build/deploy_x86_64/Bee.TinyProfiler2.pdb
[2655/3206  0s] CopyFiles /Users/lucas-furini/repos/checkout/unity/builds/ios/Il2CppOutputProject/IL2CPP/build/deploy_x86_64/Bee.TinyProfiler2.dll
[2656/3206  0s] CopyFiles /Users/lucas-furini/repos/checkout/unity/builds/ios/Il2CppOutputProject/IL2CPP/build/deploy_x86_64/Bee.Telemetry.pdb
[2657/3206  0s] CopyFiles /Users/lucas-furini/repos/checkout/unity/builds/ios/Il2CppOutputProject/IL2CPP/build/deploy_x86_64/Bee.Telemetry.dll
[2658/3206  0s] CopyFiles /Users/lucas-furini/repos/checkout/unity/builds/ios/Il2CppOutputProject/IL2CPP/build/deploy_x86_64/Bee.Stevedore.Program.pdb
[2659/3206  0s] CopyFiles /Users/lucas-furini/repos/checkout/unity/builds/ios/Il2CppOutputProject/IL2CPP/build/deploy_x86_64/Bee.Stevedore.Program.dll
[2660/3206  0s] CopyFiles /Users/lucas-furini/repos/checkout/unity/builds/ios/Il2CppOutputProject/IL2CPP/build/deploy_x86_64/Bee.NativeProgramSupport.pdb
[2661/3206  0s] CopyFiles /Users/lucas-furini/repos/checkout/unity/builds/ios/Il2CppOutputProject/IL2CPP/build/deploy_x86_64/Bee.NativeProgramSupport.dll
[2662/3206  0s] CopyFiles /Users/lucas-furini/repos/checkout/unity/builds/ios/Il2CppOutputProject/IL2CPP/build/deploy_x86_64/Bee.Core.pdb
[2663/3206  0s] CopyFiles /Users/lucas-furini/repos/checkout/unity/builds/ios/Il2CppOutputProject/IL2CPP/build/deploy_x86_64/Bee.Core.dll
[2664/3206  0s] CopyFiles /Users/lucas-furini/repos/checkout/unity/builds/ios/Il2CppOutputProject/IL2CPP/build/deploy_x86_64/Bee.BuildGraph.pdb
[2665/3206  0s] CopyFiles /Users/lucas-furini/repos/checkout/unity/builds/ios/Il2CppOutputProject/IL2CPP/build/deploy_x86_64/Bee.BuildGraph.dll
[2666/3206  0s] CopyFiles /Users/lucas-furini/repos/checkout/unity/builds/ios/Il2CppOutputProject/IL2CPP/build/deploy_x86_64/Bee.BinLog.xml
[2667/3206  0s] CopyFiles /Users/lucas-furini/repos/checkout/unity/builds/ios/Il2CppOutputProject/IL2CPP/build/deploy_x86_64/Bee.BinLog.pdb
[2668/3206  0s] CopyFiles /Users/lucas-furini/repos/checkout/unity/builds/ios/Il2CppOutputProject/IL2CPP/build/deploy_x86_64/Bee.BinLog.dll
[2669/3206  0s] CopyFiles /Users/lucas-furini/repos/checkout/unity/builds/ios/Il2CppOutputProject/IL2CPP/build/deploy_x86_64/Bee.BeeDriver2.pdb
[2670/3206  0s] CopyFiles /Users/lucas-furini/repos/checkout/unity/builds/ios/Il2CppOutputProject/IL2CPP/build/deploy_x86_64/Bee.BeeDriver2.dll
[2671/3206  0s] CopyFiles /Users/lucas-furini/repos/checkout/unity/builds/ios/Il2CppOutputProject/IL2CPP/build/deploy_x86_64/Analytics.runtimeconfig.json
[2672/3206  0s] CopyFiles /Users/lucas-furini/repos/checkout/unity/builds/ios/Il2CppOutputProject/IL2CPP/build/deploy_x86_64/Analytics.pdb
[2673/3206  0s] CopyFiles /Users/lucas-furini/repos/checkout/unity/builds/ios/Il2CppOutputProject/IL2CPP/build/deploy_x86_64/Analytics.dll
[2674/3206  0s] CopyFiles /Users/lucas-furini/repos/checkout/unity/builds/ios/Il2CppOutputProject/IL2CPP/build/deploy_x86_64/Analytics.deps.json
[2675/3206  0s] CopyFiles /Users/lucas-furini/repos/checkout/unity/builds/ios/Il2CppOutputProject/IL2CPP/build/deploy_x86_64/Analytics.Api.Output.xml
[2676/3206  0s] CopyFiles /Users/lucas-furini/repos/checkout/unity/builds/ios/Il2CppOutputProject/IL2CPP/build/deploy_x86_64/Analytics.Api.Output.pdb
[2677/3206  0s] CopyFiles /Users/lucas-furini/repos/checkout/unity/builds/ios/Il2CppOutputProject/IL2CPP/build/deploy_x86_64/Analytics.Api.Output.dll
[2678/3206  0s] CopyFiles /Users/lucas-furini/repos/checkout/unity/builds/ios/Il2CppOutputProject/IL2CPP/build/deploy_x86_64/Analytics
[2679/3206  0s] CopyFiles /Users/lucas-furini/repos/checkout/unity/builds/ios/Il2CppOutputProject/IL2CPP/build/deploy_arm64/WindowsBase.dll
[2680/3206  0s] CopyFiles /Users/lucas-furini/repos/checkout/unity/builds/ios/Il2CppOutputProject/IL2CPP/build/deploy_arm64/UnityLinkerOld.runtimeconfig.json
[2681/3206  0s] CopyFiles /Users/lucas-furini/repos/checkout/unity/builds/ios/Il2CppOutputProject/IL2CPP/build/deploy_arm64/UnityLinkerOld.pdb
[2682/3206  0s] CopyFiles /Users/lucas-furini/repos/checkout/unity/builds/ios/Il2CppOutputProject/IL2CPP/build/deploy_arm64/UnityLinkerOld.dll
[2683/3206  0s] CopyFiles /Users/lucas-furini/repos/checkout/unity/builds/ios/Il2CppOutputProject/IL2CPP/build/deploy_arm64/UnityLinkerOld.deps.json
[2684/3206  0s] CopyFiles /Users/lucas-furini/repos/checkout/unity/builds/ios/Il2CppOutputProject/IL2CPP/build/deploy_arm64/UnityLinkerOld
[2685/3206  0s] CopyFiles /Users/lucas-furini/repos/checkout/unity/builds/ios/Il2CppOutputProject/IL2CPP/build/deploy_arm64/UnityLinker.runtimeconfig.json
[2686/3206  0s] CopyFiles /Users/lucas-furini/repos/checkout/unity/builds/ios/Il2CppOutputProject/IL2CPP/build/deploy_arm64/UnityLinker.pdb
[2687/3206  0s] CopyFiles /Users/lucas-furini/repos/checkout/unity/builds/ios/Il2CppOutputProject/IL2CPP/build/deploy_arm64/UnityLinker.dll
[2688/3206  0s] CopyFiles /Users/lucas-furini/repos/checkout/unity/builds/ios/Il2CppOutputProject/IL2CPP/build/deploy_arm64/UnityLinker.deps.json
[2689/3206  0s] CopyFiles /Users/lucas-furini/repos/checkout/unity/builds/ios/Il2CppOutputProject/IL2CPP/build/deploy_arm64/UnityLinker
[2690/3206  0s] CopyFiles /Users/lucas-furini/repos/checkout/unity/builds/ios/Il2CppOutputProject/IL2CPP/build/deploy_arm64/Unity.TinyProfiler.pdb
[2691/3206  0s] CopyFiles /Users/lucas-furini/repos/checkout/unity/builds/ios/Il2CppOutputProject/IL2CPP/build/deploy_arm64/Unity.TinyProfiler.dll
[2692/3206  0s] CopyFiles /Users/lucas-furini/repos/checkout/unity/builds/ios/Il2CppOutputProject/IL2CPP/build/deploy_arm64/Unity.Options.pdb
[2693/3206  0s] CopyFiles /Users/lucas-furini/repos/checkout/unity/builds/ios/Il2CppOutputProject/IL2CPP/build/deploy_arm64/Unity.Options.dll
[2694/3206  0s] CopyFiles /Users/lucas-furini/repos/checkout/unity/builds/ios/Il2CppOutputProject/IL2CPP/build/deploy_arm64/Unity.Linker.Api.pdb
[2695/3206  0s] CopyFiles /Users/lucas-furini/repos/checkout/unity/builds/ios/Il2CppOutputProject/IL2CPP/build/deploy_arm64/Unity.Linker.Api.Output.xml
[2696/3206  0s] CopyFiles /Users/lucas-furini/repos/checkout/unity/builds/ios/Il2CppOutputProject/IL2CPP/build/deploy_arm64/Unity.Linker.Api.Output.pdb
[2697/3206  0s] CopyFiles /Users/lucas-furini/repos/checkout/unity/builds/ios/Il2CppOutputProject/IL2CPP/build/deploy_arm64/Unity.Linker.Api.Output.dll
[2698/3206  0s] CopyFiles /Users/lucas-furini/repos/checkout/unity/builds/ios/Il2CppOutputProject/IL2CPP/build/deploy_arm64/Unity.Linker.Api.dll
[2699/3206  0s] CopyFiles /Users/lucas-furini/repos/checkout/unity/builds/ios/Il2CppOutputProject/IL2CPP/build/deploy_arm64/Unity.IL2CPP.Shell.pdb
[2700/3206  0s] CopyFiles /Users/lucas-furini/repos/checkout/unity/builds/ios/Il2CppOutputProject/IL2CPP/build/deploy_arm64/Unity.IL2CPP.Shell.dll
[2701/3206  0s] CopyFiles /Users/lucas-furini/repos/checkout/unity/builds/ios/Il2CppOutputProject/IL2CPP/build/deploy_arm64/Unity.IL2CPP.pdb
[2702/3206  0s] CopyFiles /Users/lucas-furini/repos/checkout/unity/builds/ios/Il2CppOutputProject/IL2CPP/build/deploy_arm64/Unity.IL2CPP.InternalizedMapping.pdb
[2703/3206  0s] CopyFiles /Users/lucas-furini/repos/checkout/unity/builds/ios/Il2CppOutputProject/IL2CPP/build/deploy_arm64/Unity.IL2CPP.InternalizedMapping.dll
[2704/3206  0s] CopyFiles /Users/lucas-furini/repos/checkout/unity/builds/ios/Il2CppOutputProject/IL2CPP/build/deploy_arm64/Unity.IL2CPP.dll
[2705/3206  0s] CopyFiles /Users/lucas-furini/repos/checkout/unity/builds/ios/Il2CppOutputProject/IL2CPP/build/deploy_arm64/Unity.IL2CPP.DataModel.pdb
[2706/3206  0s] CopyFiles /Users/lucas-furini/repos/checkout/unity/builds/ios/Il2CppOutputProject/IL2CPP/build/deploy_arm64/Unity.IL2CPP.DataModel.dll
[2707/3206  0s] CopyFiles /Users/lucas-furini/repos/checkout/unity/builds/ios/Il2CppOutputProject/IL2CPP/build/deploy_arm64/Unity.IL2CPP.CompilerServices.pdb
[2708/3206  0s] CopyFiles /Users/lucas-furini/repos/checkout/unity/builds/ios/Il2CppOutputProject/IL2CPP/build/deploy_arm64/Unity.IL2CPP.CompilerServices.dll
[2709/3206  0s] CopyFiles /Users/lucas-furini/repos/checkout/unity/builds/ios/Il2CppOutputProject/IL2CPP/build/deploy_arm64/Unity.IL2CPP.Compile.pdb
[2710/3206  0s] CopyFiles /Users/lucas-furini/repos/checkout/unity/builds/ios/Il2CppOutputProject/IL2CPP/build/deploy_arm64/Unity.IL2CPP.Compile.dll
[2711/3206  0s] CopyFiles /Users/lucas-furini/repos/checkout/unity/builds/ios/Il2CppOutputProject/IL2CPP/build/deploy_arm64/Unity.IL2CPP.Common35.pdb
[2712/3206  0s] CopyFiles /Users/lucas-furini/repos/checkout/unity/builds/ios/Il2CppOutputProject/IL2CPP/build/deploy_arm64/Unity.IL2CPP.Common35.dll
[2713/3206  0s] CopyFiles /Users/lucas-furini/repos/checkout/unity/builds/ios/Il2CppOutputProject/IL2CPP/build/deploy_arm64/Unity.IL2CPP.Common.pdb
[2714/3206  0s] CopyFiles /Users/lucas-furini/repos/checkout/unity/builds/ios/Il2CppOutputProject/IL2CPP/build/deploy_arm64/Unity.IL2CPP.Common.dll
[2715/3206  0s] CopyFiles /Users/lucas-furini/repos/checkout/unity/builds/ios/Il2CppOutputProject/IL2CPP/build/deploy_arm64/Unity.IL2CPP.Bee.IL2CPPExeCompileCppBuildProgram.pdb
[2716/3206  0s] CopyFiles /Users/lucas-furini/repos/checkout/unity/builds/ios/Il2CppOutputProject/IL2CPP/build/deploy_arm64/Unity.IL2CPP.Bee.IL2CPPExeCompileCppBuildProgram.dll
[2717/3206  0s] CopyFiles /Users/lucas-furini/repos/checkout/unity/builds/ios/Il2CppOutputProject/IL2CPP/build/deploy_arm64/Unity.IL2CPP.Bee.IL2CPPExeCompileCppBuildProgram.Data.pdb
[2718/3206  0s] CopyFiles /Users/lucas-furini/repos/checkout/unity/builds/ios/Il2CppOutputProject/IL2CPP/build/deploy_arm64/Unity.IL2CPP.Bee.IL2CPPExeCompileCppBuildProgram.Data.dll
[2719/3206  0s] CopyFiles /Users/lucas-furini/repos/checkout/unity/builds/ios/Il2CppOutputProject/IL2CPP/build/deploy_arm64/Unity.IL2CPP.Bee.BuildLogic.WindowsDesktop.pdb
[2720/3206  0s] CopyFiles /Users/lucas-furini/repos/checkout/unity/builds/ios/Il2CppOutputProject/IL2CPP/build/deploy_arm64/Unity.IL2CPP.Bee.BuildLogic.WindowsDesktop.dll
[2721/3206  0s] CopyFiles /Users/lucas-furini/repos/checkout/unity/builds/ios/Il2CppOutputProject/IL2CPP/build/deploy_arm64/Unity.IL2CPP.Bee.BuildLogic.WebGL.pdb
[2722/3206  0s] CopyFiles /Users/lucas-furini/repos/checkout/unity/builds/ios/Il2CppOutputProject/IL2CPP/build/deploy_arm64/Unity.IL2CPP.Bee.BuildLogic.WebGL.dll
[2723/3206  0s] CopyFiles /Users/lucas-furini/repos/checkout/unity/builds/ios/Il2CppOutputProject/IL2CPP/build/deploy_arm64/Unity.IL2CPP.Bee.BuildLogic.VisionOS.pdb
[2724/3206  0s] CopyFiles /Users/lucas-furini/repos/checkout/unity/builds/ios/Il2CppOutputProject/IL2CPP/build/deploy_arm64/Unity.IL2CPP.Bee.BuildLogic.VisionOS.dll
[2725/3206  0s] CopyFiles /Users/lucas-furini/repos/checkout/unity/builds/ios/Il2CppOutputProject/IL2CPP/build/deploy_arm64/Unity.IL2CPP.Bee.BuildLogic.UniversalWindows.pdb
[2726/3206  0s] CopyFiles /Users/lucas-furini/repos/checkout/unity/builds/ios/Il2CppOutputProject/IL2CPP/build/deploy_arm64/Unity.IL2CPP.Bee.BuildLogic.UniversalWindows.dll
[2727/3206  0s] CopyFiles /Users/lucas-furini/repos/checkout/unity/builds/ios/Il2CppOutputProject/IL2CPP/build/deploy_arm64/Unity.IL2CPP.Bee.BuildLogic.pdb
[2728/3206  0s] CopyFiles /Users/lucas-furini/repos/checkout/unity/builds/ios/Il2CppOutputProject/IL2CPP/build/deploy_arm64/Unity.IL2CPP.Bee.BuildLogic.MacOSX.pdb
[2729/3206  0s] CopyFiles /Users/lucas-furini/repos/checkout/unity/builds/ios/Il2CppOutputProject/IL2CPP/build/deploy_arm64/Unity.IL2CPP.Bee.BuildLogic.MacOSX.dll
[2730/3206  0s] CopyFiles /Users/lucas-furini/repos/checkout/unity/builds/ios/Il2CppOutputProject/IL2CPP/build/deploy_arm64/Unity.IL2CPP.Bee.BuildLogic.Linux.pdb
[2731/3206  0s] CopyFiles /Users/lucas-furini/repos/checkout/unity/builds/ios/Il2CppOutputProject/IL2CPP/build/deploy_arm64/Unity.IL2CPP.Bee.BuildLogic.Linux.dll
[2732/3206  0s] CopyFiles /Users/lucas-furini/repos/checkout/unity/builds/ios/Il2CppOutputProject/IL2CPP/build/deploy_arm64/Unity.IL2CPP.Bee.BuildLogic.iOS.pdb
[2733/3206  0s] CopyFiles /Users/lucas-furini/repos/checkout/unity/builds/ios/Il2CppOutputProject/IL2CPP/build/deploy_arm64/Unity.IL2CPP.Bee.BuildLogic.iOS.dll
[2734/3206  0s] CopyFiles /Users/lucas-furini/repos/checkout/unity/builds/ios/Il2CppOutputProject/IL2CPP/build/deploy_arm64/Unity.IL2CPP.Bee.BuildLogic.EmbeddedLinux.pdb
[2735/3206  0s] CopyFiles /Users/lucas-furini/repos/checkout/unity/builds/ios/Il2CppOutputProject/IL2CPP/build/deploy_arm64/Unity.IL2CPP.Bee.BuildLogic.EmbeddedLinux.dll
[2736/3206  0s] CopyFiles /Users/lucas-furini/repos/checkout/unity/builds/ios/Il2CppOutputProject/IL2CPP/build/deploy_arm64/Unity.IL2CPP.Bee.BuildLogic.dll
[2737/3206  0s] CopyFiles /Users/lucas-furini/repos/checkout/unity/builds/ios/Il2CppOutputProject/IL2CPP/build/deploy_arm64/Unity.IL2CPP.Bee.BuildLogic.AppleTV.pdb
[2738/3206  0s] CopyFiles /Users/lucas-furini/repos/checkout/unity/builds/ios/Il2CppOutputProject/IL2CPP/build/deploy_arm64/Unity.IL2CPP.Bee.BuildLogic.AppleTV.dll
[2739/3206  0s] CopyFiles /Users/lucas-furini/repos/checkout/unity/builds/ios/Il2CppOutputProject/IL2CPP/build/deploy_arm64/Unity.IL2CPP.Bee.BuildLogic.Android.pdb
[2740/3206  0s] CopyFiles /Users/lucas-furini/repos/checkout/unity/builds/ios/Il2CppOutputProject/IL2CPP/build/deploy_arm64/Unity.IL2CPP.Bee.BuildLogic.Android.dll
[2741/3206  0s] CopyFiles /Users/lucas-furini/repos/checkout/unity/builds/ios/Il2CppOutputProject/IL2CPP/build/deploy_arm64/Unity.IL2CPP.Api.pdb
[2742/3206  7s] CopyFiles /Users/lucas-furini/repos/checkout/unity/builds/ios/Il2CppOutputProject/IL2CPP/build/deploy_x86_64/System.Net.Http.dll
[2743/3206  0s] CopyFiles /Users/lucas-furini/repos/checkout/unity/builds/ios/Il2CppOutputProject/IL2CPP/build/deploy_arm64/Unity.IL2CPP.Api.Output.xml
[2744/3206  0s] CopyFiles /Users/lucas-furini/repos/checkout/unity/builds/ios/Il2CppOutputProject/IL2CPP/build/deploy_arm64/Unity.IL2CPP.Api.Output.pdb
[2745/3206  0s] CopyFiles /Users/lucas-furini/repos/checkout/unity/builds/ios/Il2CppOutputProject/IL2CPP/build/deploy_arm64/Unity.IL2CPP.Api.Output.dll
[2746/3206  0s] CopyFiles /Users/lucas-furini/repos/checkout/unity/builds/ios/Il2CppOutputProject/IL2CPP/build/deploy_arm64/Unity.IL2CPP.Api.dll
[2747/3206  0s] CopyFiles /Users/lucas-furini/repos/checkout/unity/builds/ios/Il2CppOutputProject/IL2CPP/build/deploy_arm64/Unity.Cecil.Visitor.pdb
[2748/3206  0s] CopyFiles /Users/lucas-furini/repos/checkout/unity/builds/ios/Il2CppOutputProject/IL2CPP/build/deploy_arm64/Unity.Cecil.Awesome.pdb
[2749/3206  0s] CopyFiles /Users/lucas-furini/repos/checkout/unity/builds/ios/Il2CppOutputProject/IL2CPP/build/deploy_arm64/Unity.Cecil.Visitor.dll
[2750/3206  0s] CopyFiles /Users/lucas-furini/repos/checkout/unity/builds/ios/Il2CppOutputProject/IL2CPP/build/deploy_arm64/Unity.Api.Attributes.pdb
[2751/3206  0s] CopyFiles /Users/lucas-furini/repos/checkout/unity/builds/ios/Il2CppOutputProject/IL2CPP/build/deploy_arm64/Unity.Api.Attributes.dll
[2752/3206  0s] CopyFiles /Users/lucas-furini/repos/checkout/unity/builds/ios/Il2CppOutputProject/IL2CPP/build/deploy_arm64/Unity.Cecil.Awesome.dll
[2753/3206  0s] CopyFiles /Users/lucas-furini/repos/checkout/unity/builds/ios/Il2CppOutputProject/IL2CPP/build/deploy_arm64/System.Xml.XPath.dll
[2754/3206  0s] CopyFiles /Users/lucas-furini/repos/checkout/unity/builds/ios/Il2CppOutputProject/IL2CPP/build/deploy_arm64/System.Xml.XmlSerializer.dll
[2755/3206  0s] CopyFiles /Users/lucas-furini/repos/checkout/unity/builds/ios/Il2CppOutputProject/IL2CPP/build/deploy_arm64/System.Xml.XPath.XDocument.dll
[2756/3206  0s] CopyFiles /Users/lucas-furini/repos/checkout/unity/builds/ios/Il2CppOutputProject/IL2CPP/build/deploy_arm64/System.Xml.XmlDocument.dll
[2757/3206  0s] CopyFiles /Users/lucas-furini/repos/checkout/unity/builds/ios/Il2CppOutputProject/IL2CPP/build/deploy_arm64/System.Xml.Serialization.dll
[2758/3206  0s] CopyFiles /Users/lucas-furini/repos/checkout/unity/builds/ios/Il2CppOutputProject/IL2CPP/build/deploy_arm64/System.Xml.XDocument.dll
[2759/3206  0s] CopyFiles /Users/lucas-furini/repos/checkout/unity/builds/ios/Il2CppOutputProject/IL2CPP/build/deploy_arm64/System.Xml.ReaderWriter.dll
[2760/3206  0s] CopyFiles /Users/lucas-furini/repos/checkout/unity/builds/ios/Il2CppOutputProject/IL2CPP/build/deploy_arm64/System.Xml.Linq.dll
[2761/3206  0s] CopyFiles /Users/lucas-furini/repos/checkout/unity/builds/ios/Il2CppOutputProject/IL2CPP/build/deploy_arm64/System.Xml.dll
[2762/3206  0s] CopyFiles /Users/lucas-furini/repos/checkout/unity/builds/ios/Il2CppOutputProject/IL2CPP/build/deploy_arm64/System.Windows.dll
[2763/3206  0s] CopyFiles /Users/lucas-furini/repos/checkout/unity/builds/ios/Il2CppOutputProject/IL2CPP/build/deploy_arm64/System.Web.dll
[2764/3206  0s] CopyFiles /Users/lucas-furini/repos/checkout/unity/builds/ios/Il2CppOutputProject/IL2CPP/build/deploy_arm64/System.ValueTuple.dll
[2765/3206  7s] CopyFiles /Users/lucas-furini/repos/checkout/unity/builds/ios/Il2CppOutputProject/IL2CPP/build/deploy_x86_64/System.Linq.dll
[2766/3206  0s] CopyFiles /Users/lucas-furini/repos/checkout/unity/builds/ios/Il2CppOutputProject/IL2CPP/build/deploy_arm64/System.Transactions.dll
[2767/3206  0s] CopyFiles /Users/lucas-furini/repos/checkout/unity/builds/ios/Il2CppOutputProject/IL2CPP/build/deploy_arm64/System.Web.HttpUtility.dll
[2768/3206  0s] CopyFiles /Users/lucas-furini/repos/checkout/unity/builds/ios/Il2CppOutputProject/IL2CPP/build/deploy_arm64/System.Threading.Timer.dll
[2769/3206  0s] CopyFiles /Users/lucas-furini/repos/checkout/unity/builds/ios/Il2CppOutputProject/IL2CPP/build/deploy_arm64/System.Threading.ThreadPool.dll
[2770/3206  7s] CopyFiles /Users/lucas-furini/repos/checkout/unity/builds/ios/Il2CppOutputProject/IL2CPP/build/deploy_x86_64/System.Linq.Parallel.dll
[2771/3206  0s] CopyFiles /Users/lucas-furini/repos/checkout/unity/builds/ios/Il2CppOutputProject/IL2CPP/build/deploy_arm64/System.Threading.Thread.dll
[2772/3206  0s] CopyFiles /Users/lucas-furini/repos/checkout/unity/builds/ios/Il2CppOutputProject/IL2CPP/build/deploy_arm64/System.Threading.Tasks.Extensions.dll
[2773/3206  0s] CopyFiles /Users/lucas-furini/repos/checkout/unity/builds/ios/Il2CppOutputProject/IL2CPP/build/deploy_arm64/System.Threading.Tasks.dll
[2774/3206  0s] CopyFiles /Users/lucas-furini/repos/checkout/unity/builds/ios/Il2CppOutputProject/IL2CPP/build/deploy_arm64/System.Threading.Overlapped.dll
[2775/3206  0s] CopyFiles /Users/lucas-furini/repos/checkout/unity/builds/ios/Il2CppOutputProject/IL2CPP/build/deploy_arm64/System.Transactions.Local.dll
[2776/3206  0s] CopyFiles /Users/lucas-furini/repos/checkout/unity/builds/ios/Il2CppOutputProject/IL2CPP/build/deploy_arm64/System.Threading.Channels.dll
[2777/3206  0s] CopyFiles /Users/lucas-furini/repos/checkout/unity/builds/ios/Il2CppOutputProject/IL2CPP/build/deploy_arm64/System.Threading.Tasks.Parallel.dll
[2778/3206  0s] CopyFiles /Users/lucas-furini/repos/checkout/unity/builds/ios/Il2CppOutputProject/IL2CPP/build/deploy_arm64/System.Threading.dll
[2779/3206  0s] CopyFiles /Users/lucas-furini/repos/checkout/unity/builds/ios/Il2CppOutputProject/IL2CPP/build/deploy_arm64/System.Text.Encodings.Web.dll
[2780/3206  0s] CopyFiles /Users/lucas-furini/repos/checkout/unity/builds/ios/Il2CppOutputProject/IL2CPP/build/deploy_arm64/System.Text.Encoding.Extensions.dll
[2781/3206  0s] CopyFiles /Users/lucas-furini/repos/checkout/unity/builds/ios/Il2CppOutputProject/IL2CPP/build/deploy_arm64/System.Text.Encoding.dll
[2782/3206  8s] CopyFiles /Users/lucas-furini/repos/checkout/unity/builds/ios/Il2CppOutputProject/IL2CPP/build/deploy_x86_64/System.Reflection.Metadata.dll
[2783/3206  0s] CopyFiles /Users/lucas-furini/repos/checkout/unity/builds/ios/Il2CppOutputProject/IL2CPP/build/deploy_arm64/System.ServiceProcess.dll
[2784/3206  0s] CopyFiles /Users/lucas-furini/repos/checkout/unity/builds/ios/Il2CppOutputProject/IL2CPP/build/deploy_arm64/System.ServiceModel.Web.dll
[2785/3206  0s] CopyFiles /Users/lucas-furini/repos/checkout/unity/builds/ios/Il2CppOutputProject/IL2CPP/build/deploy_arm64/System.Security.SecureString.dll
[2786/3206  0s] CopyFiles /Users/lucas-furini/repos/checkout/unity/builds/ios/Il2CppOutputProject/IL2CPP/build/deploy_arm64/System.Text.Encoding.CodePages.dll
[2787/3206  0s] CopyFiles /Users/lucas-furini/repos/checkout/unity/builds/ios/Il2CppOutputProject/IL2CPP/build/deploy_arm64/System.Security.Principal.dll
[2788/3206  0s] CopyFiles /Users/lucas-furini/repos/checkout/unity/builds/ios/Il2CppOutputProject/IL2CPP/build/deploy_arm64/System.Security.Principal.Windows.dll
[2789/3206  0s] CopyFiles /Users/lucas-furini/repos/checkout/unity/builds/ios/Il2CppOutputProject/IL2CPP/build/deploy_arm64/System.Security.dll
[2790/3206  0s] CopyFiles /Users/lucas-furini/repos/checkout/unity/builds/ios/Il2CppOutputProject/IL2CPP/build/deploy_arm64/System.Security.Cryptography.X509Certificates.dll
[2791/3206  8s] CopyFiles /Users/lucas-furini/repos/checkout/unity/builds/ios/Il2CppOutputProject/IL2CPP/build/deploy_x86_64/System.Private.Xml.Linq.dll
[2792/3206  0s] CopyFiles /Users/lucas-furini/repos/checkout/unity/builds/ios/Il2CppOutputProject/IL2CPP/build/deploy_arm64/System.Security.Cryptography.OpenSsl.dll
[2793/3206  0s] CopyFiles /Users/lucas-furini/repos/checkout/unity/builds/ios/Il2CppOutputProject/IL2CPP/build/deploy_arm64/System.Security.Cryptography.Primitives.dll
[2794/3206  0s] CopyFiles /Users/lucas-furini/repos/checkout/unity/builds/ios/Il2CppOutputProject/IL2CPP/build/deploy_arm64/System.Security.Cryptography.Encoding.dll
[2795/3206  0s] CopyFiles /Users/lucas-furini/repos/checkout/unity/builds/ios/Il2CppOutputProject/IL2CPP/build/deploy_arm64/System.Security.Cryptography.Csp.dll
[2796/3206  0s] CopyFiles /Users/lucas-furini/repos/checkout/unity/builds/ios/Il2CppOutputProject/IL2CPP/build/deploy_arm64/System.Security.Cryptography.Cng.dll
[2797/3206  0s] CopyFiles /Users/lucas-furini/repos/checkout/unity/builds/ios/Il2CppOutputProject/IL2CPP/build/deploy_arm64/System.Security.Cryptography.Algorithms.dll
[2798/3206  0s] CopyFiles /Users/lucas-furini/repos/checkout/unity/builds/ios/Il2CppOutputProject/IL2CPP/build/deploy_arm64/System.Security.Claims.dll
[2799/3206  0s] CopyFiles /Users/lucas-furini/repos/checkout/unity/builds/ios/Il2CppOutputProject/IL2CPP/build/deploy_arm64/System.Runtime.Serialization.Xml.dll
[2800/3206  0s] CopyFiles /Users/lucas-furini/repos/checkout/unity/builds/ios/Il2CppOutputProject/IL2CPP/build/deploy_arm64/System.Security.AccessControl.dll
[2801/3206  0s] CopyFiles /Users/lucas-furini/repos/checkout/unity/builds/ios/Il2CppOutputProject/IL2CPP/build/deploy_arm64/System.Runtime.Serialization.Json.dll
[2802/3206  0s] CopyFiles /Users/lucas-furini/repos/checkout/unity/builds/ios/Il2CppOutputProject/IL2CPP/build/deploy_arm64/System.Runtime.Serialization.Primitives.dll
[2803/3206  0s] CopyFiles /Users/lucas-furini/repos/checkout/unity/builds/ios/Il2CppOutputProject/IL2CPP/build/deploy_arm64/System.Runtime.Serialization.Formatters.dll
[2804/3206  0s] CopyFiles /Users/lucas-furini/repos/checkout/unity/builds/ios/Il2CppOutputProject/IL2CPP/build/deploy_arm64/System.Runtime.Serialization.dll
[2805/3206  0s] CopyFiles /Users/lucas-furini/repos/checkout/unity/builds/ios/Il2CppOutputProject/IL2CPP/build/deploy_arm64/System.Runtime.Loader.dll
[2806/3206  0s] CopyFiles /Users/lucas-furini/repos/checkout/unity/builds/ios/Il2CppOutputProject/IL2CPP/build/deploy_arm64/System.Runtime.Intrinsics.dll
[2807/3206  0s] CopyFiles /Users/lucas-furini/repos/checkout/unity/builds/ios/Il2CppOutputProject/IL2CPP/build/deploy_arm64/System.Runtime.InteropServices.RuntimeInformation.dll
[2808/3206  0s] CopyFiles /Users/lucas-furini/repos/checkout/unity/builds/ios/Il2CppOutputProject/IL2CPP/build/deploy_arm64/System.Runtime.Numerics.dll
[2809/3206  0s] CopyFiles /Users/lucas-furini/repos/checkout/unity/builds/ios/Il2CppOutputProject/IL2CPP/build/deploy_arm64/System.Runtime.InteropServices.JavaScript.dll
[2810/3206  0s] CopyFiles /Users/lucas-furini/repos/checkout/unity/builds/ios/Il2CppOutputProject/IL2CPP/build/deploy_arm64/System.Runtime.InteropServices.dll
[2811/3206  0s] CopyFiles /Users/lucas-furini/repos/checkout/unity/builds/ios/Il2CppOutputProject/IL2CPP/build/deploy_arm64/System.Runtime.Handles.dll
[2812/3206  0s] CopyFiles /Users/lucas-furini/repos/checkout/unity/builds/ios/Il2CppOutputProject/IL2CPP/build/deploy_arm64/System.Runtime.Extensions.dll
[2813/3206  0s] CopyFiles /Users/lucas-furini/repos/checkout/unity/builds/ios/Il2CppOutputProject/IL2CPP/build/deploy_arm64/System.Runtime.dll
[2814/3206  0s] CopyFiles /Users/lucas-furini/repos/checkout/unity/builds/ios/Il2CppOutputProject/IL2CPP/build/deploy_arm64/System.Runtime.CompilerServices.Unsafe.dll
[2815/3206  0s] CopyFiles /Users/lucas-furini/repos/checkout/unity/builds/ios/Il2CppOutputProject/IL2CPP/build/deploy_arm64/System.Resources.Writer.dll
[2816/3206  0s] CopyFiles /Users/lucas-furini/repos/checkout/unity/builds/ios/Il2CppOutputProject/IL2CPP/build/deploy_arm64/System.Runtime.CompilerServices.VisualC.dll
[2817/3206  0s] CopyFiles /Users/lucas-furini/repos/checkout/unity/builds/ios/Il2CppOutputProject/IL2CPP/build/deploy_arm64/System.Resources.ResourceManager.dll
[2818/3206  0s] CopyFiles /Users/lucas-furini/repos/checkout/unity/builds/ios/Il2CppOutputProject/IL2CPP/build/deploy_arm64/System.Resources.Reader.dll
[2819/3206  0s] CopyFiles /Users/lucas-furini/repos/checkout/unity/builds/ios/Il2CppOutputProject/IL2CPP/build/deploy_arm64/System.Reflection.Primitives.dll
[2820/3206  0s] CopyFiles /Users/lucas-furini/repos/checkout/unity/builds/ios/Il2CppOutputProject/IL2CPP/build/deploy_arm64/System.Reflection.TypeExtensions.dll
[2821/3206  0s] CopyFiles /Users/lucas-furini/repos/checkout/unity/builds/ios/Il2CppOutputProject/IL2CPP/build/deploy_arm64/System.Reflection.Extensions.dll
[2822/3206  0s] CopyFiles /Users/lucas-furini/repos/checkout/unity/builds/ios/Il2CppOutputProject/IL2CPP/build/deploy_arm64/System.Reflection.Metadata.dll
[2823/3206  0s] CopyFiles /Users/lucas-furini/repos/checkout/unity/builds/ios/Il2CppOutputProject/IL2CPP/build/deploy_arm64/System.Reflection.Emit.Lightweight.dll
[2824/3206  0s] CopyFiles /Users/lucas-furini/repos/checkout/unity/builds/ios/Il2CppOutputProject/IL2CPP/build/deploy_arm64/System.Reflection.Emit.ILGeneration.dll
[2825/3206  0s] CopyFiles /Users/lucas-furini/repos/checkout/unity/builds/ios/Il2CppOutputProject/IL2CPP/build/deploy_arm64/System.Reflection.dll
[2826/3206  0s] CopyFiles /Users/lucas-furini/repos/checkout/unity/builds/ios/Il2CppOutputProject/IL2CPP/build/deploy_arm64/System.Reflection.Emit.dll
[2827/3206  0s] CopyFiles /Users/lucas-furini/repos/checkout/unity/builds/ios/Il2CppOutputProject/IL2CPP/build/deploy_arm64/System.Reflection.DispatchProxy.dll
[2828/3206  0s] CopyFiles /Users/lucas-furini/repos/checkout/unity/builds/ios/Il2CppOutputProject/IL2CPP/build/deploy_arm64/System.Private.Xml.Linq.dll
[2829/3206  9s] CopyFiles /Users/lucas-furini/repos/checkout/unity/builds/ios/Il2CppOutputProject/IL2CPP/build/deploy_x86_64/System.Net.Security.dll
[2830/3206 11s] CopyFiles /Users/lucas-furini/repos/checkout/unity/builds/ios/Il2CppOutputProject/IL2CPP/build/deploy_x86_64/System.Private.DataContractSerialization.dll
[2831/3206  1s] CopyFiles /Users/lucas-furini/repos/checkout/unity/builds/ios/Il2CppOutputProject/IL2CPP/build/deploy_arm64/System.Private.Uri.dll
[2832/3206  0s] CopyFiles /Users/lucas-furini/repos/checkout/unity/builds/ios/Il2CppOutputProject/IL2CPP/build/deploy_arm64/System.ObjectModel.dll
[2833/3206  0s] CopyFiles /Users/lucas-furini/repos/checkout/unity/builds/ios/Il2CppOutputProject/IL2CPP/build/deploy_arm64/System.Numerics.Vectors.dll
[2834/3206  0s] CopyFiles /Users/lucas-furini/repos/checkout/unity/builds/ios/Il2CppOutputProject/IL2CPP/build/deploy_arm64/System.Numerics.dll
[2835/3206  0s] CopyFiles /Users/lucas-furini/repos/checkout/unity/builds/ios/Il2CppOutputProject/IL2CPP/build/deploy_arm64/System.Net.WebSockets.dll
[2836/3206  0s] CopyFiles /Users/lucas-furini/repos/checkout/unity/builds/ios/Il2CppOutputProject/IL2CPP/build/deploy_arm64/System.Net.WebSockets.Client.dll
[2837/3206  0s] CopyFiles /Users/lucas-furini/repos/checkout/unity/builds/ios/Il2CppOutputProject/IL2CPP/build/deploy_arm64/System.Net.WebProxy.dll
[2838/3206  0s] CopyFiles /Users/lucas-furini/repos/checkout/unity/builds/ios/Il2CppOutputProject/IL2CPP/build/deploy_arm64/System.Net.WebHeaderCollection.dll
[2839/3206  0s] CopyFiles /Users/lucas-furini/repos/checkout/unity/builds/ios/Il2CppOutputProject/IL2CPP/build/deploy_arm64/System.Net.WebClient.dll
[2840/3206 13s] CopyFiles /Users/lucas-furini/repos/checkout/unity/builds/ios/Il2CppOutputProject/IL2CPP/build/deploy_x86_64/System.Text.RegularExpressions.dll
[2841/3206  0s] CopyFiles /Users/lucas-furini/repos/checkout/unity/builds/ios/Il2CppOutputProject/IL2CPP/build/deploy_arm64/System.Net.ServicePoint.dll
[2842/3206 13s] CopyFiles /Users/lucas-furini/repos/checkout/unity/builds/ios/Il2CppOutputProject/IL2CPP/build/deploy_x86_64/System.Security.Cryptography.dll
[2843/3206  8s] CopyFiles /Users/lucas-furini/repos/checkout/unity/builds/ios/Il2CppOutputProject/IL2CPP/build/deploy_x86_64/Microsoft.CSharp.dll
[2844/3206  5s] CopyFiles /Users/lucas-furini/repos/checkout/unity/builds/ios/Il2CppOutputProject/IL2CPP/build/deploy_arm64/System.Threading.Tasks.Dataflow.dll
[2845/3206  0s] CopyFiles /Users/lucas-furini/repos/checkout/unity/builds/ios/Il2CppOutputProject/IL2CPP/build/deploy_arm64/System.Net.Primitives.dll
[2846/3206  3s] CopyFiles /Users/lucas-furini/repos/checkout/unity/builds/ios/Il2CppOutputProject/IL2CPP/build/deploy_arm64/System.Private.CoreLib.dll
[2847/3206  0s] CopyFiles /Users/lucas-furini/repos/checkout/unity/builds/ios/Il2CppOutputProject/IL2CPP/build/deploy_arm64/System.Net.Ping.dll
[2848/3206  0s] CopyFiles /Users/lucas-furini/repos/checkout/unity/builds/ios/Il2CppOutputProject/IL2CPP/build/deploy_arm64/System.Net.NameResolution.dll
[2849/3206  1s] CopyFiles /Users/lucas-furini/repos/checkout/unity/builds/ios/Il2CppOutputProject/IL2CPP/build/deploy_arm64/System.Net.NetworkInformation.dll
[2850/3206  0s] CopyFiles /Users/lucas-furini/repos/checkout/unity/builds/ios/Il2CppOutputProject/IL2CPP/build/deploy_arm64/System.Net.HttpListener.dll
[2851/3206  7s] CopyFiles /Users/lucas-furini/repos/checkout/unity/builds/ios/Il2CppOutputProject/IL2CPP/build/deploy_arm64/System.Private.DataContractSerialization.dll
[2852/3206  4s] CopyFiles /Users/lucas-furini/repos/checkout/unity/builds/ios/Il2CppOutputProject/IL2CPP/build/deploy_arm64/System.Net.Requests.dll
[2853/3206  0s] CopyFiles /Users/lucas-furini/repos/checkout/unity/builds/ios/Il2CppOutputProject/IL2CPP/build/deploy_arm64/System.Net.Http.Json.dll
[2854/3206  0s] CopyFiles /Users/lucas-furini/repos/checkout/unity/builds/ios/Il2CppOutputProject/IL2CPP/build/deploy_arm64/System.Net.dll
[2855/3206  3s] CopyFiles /Users/lucas-furini/repos/checkout/unity/builds/ios/Il2CppOutputProject/IL2CPP/build/deploy_arm64/System.Net.Quic.dll
[2856/3206  0s] CopyFiles /Users/lucas-furini/repos/checkout/unity/builds/ios/Il2CppOutputProject/IL2CPP/build/deploy_arm64/System.Memory.dll
[2857/3206  0s] CopyFiles /Users/lucas-furini/repos/checkout/unity/builds/ios/Il2CppOutputProject/IL2CPP/build/deploy_arm64/System.Linq.Queryable.dll
[2858/3206 12s] CopyFiles /Users/lucas-furini/repos/checkout/unity/builds/ios/Il2CppOutputProject/IL2CPP/build/deploy_x86_64/Microsoft.VisualBasic.Core.dll
[2859/3206  1s] CopyFiles /Users/lucas-furini/repos/checkout/unity/builds/ios/Il2CppOutputProject/IL2CPP/build/deploy_arm64/System.Net.Http.dll
[2860/3206  0s] CopyFiles /Users/lucas-furini/repos/checkout/unity/builds/ios/Il2CppOutputProject/IL2CPP/build/deploy_arm64/System.IO.UnmanagedMemoryStream.dll
[2861/3206  0s] CopyFiles /Users/lucas-furini/repos/checkout/unity/builds/ios/Il2CppOutputProject/IL2CPP/build/deploy_arm64/System.IO.Pipes.dll
[2862/3206  8s] CopyFiles /Users/lucas-furini/repos/checkout/unity/builds/ios/Il2CppOutputProject/IL2CPP/build/deploy_arm64/System.Private.Xml.dll
[2863/3206  0s] CopyFiles /Users/lucas-furini/repos/checkout/unity/builds/ios/Il2CppOutputProject/IL2CPP/build/deploy_arm64/System.IO.Pipes.AccessControl.dll
[2864/3206  0s] CopyFiles /Users/lucas-furini/repos/checkout/unity/builds/ios/Il2CppOutputProject/IL2CPP/build/deploy_arm64/System.IO.Pipelines.dll
[2865/3206  0s] CopyFiles /Users/lucas-furini/repos/checkout/unity/builds/ios/Il2CppOutputProject/IL2CPP/build/deploy_arm64/System.IO.MemoryMappedFiles.dll
[2866/3206  0s] CopyFiles /Users/lucas-furini/repos/checkout/unity/builds/ios/Il2CppOutputProject/IL2CPP/build/deploy_arm64/System.IO.IsolatedStorage.dll
[2867/3206  0s] CopyFiles /Users/lucas-furini/repos/checkout/unity/builds/ios/Il2CppOutputProject/IL2CPP/build/deploy_arm64/System.IO.FileSystem.Watcher.dll
[2868/3206  0s] CopyFiles /Users/lucas-furini/repos/checkout/unity/builds/ios/Il2CppOutputProject/IL2CPP/build/deploy_arm64/System.IO.FileSystem.Primitives.dll
[2869/3206  0s] CopyFiles /Users/lucas-furini/repos/checkout/unity/builds/ios/Il2CppOutputProject/IL2CPP/build/deploy_arm64/System.IO.FileSystem.DriveInfo.dll
[2870/3206  0s] CopyFiles /Users/lucas-furini/repos/checkout/unity/builds/ios/Il2CppOutputProject/IL2CPP/build/deploy_arm64/System.IO.FileSystem.dll
[2871/3206  0s] CopyFiles /Users/lucas-furini/repos/checkout/unity/builds/ios/Il2CppOutputProject/IL2CPP/build/deploy_arm64/System.IO.FileSystem.AccessControl.dll
[2872/3206  0s] CopyFiles /Users/lucas-furini/repos/checkout/unity/builds/ios/Il2CppOutputProject/IL2CPP/build/deploy_arm64/System.IO.dll
[2873/3206  0s] CopyFiles /Users/lucas-furini/repos/checkout/unity/builds/ios/Il2CppOutputProject/IL2CPP/build/deploy_arm64/System.IO.Compression.FileSystem.dll
[2874/3206  0s] CopyFiles /Users/lucas-furini/repos/checkout/unity/builds/ios/Il2CppOutputProject/IL2CPP/build/deploy_arm64/System.IO.Compression.ZipFile.dll
[2875/3206  0s] CopyFiles /Users/lucas-furini/repos/checkout/unity/builds/ios/Il2CppOutputProject/IL2CPP/build/deploy_arm64/System.IO.Compression.dll
[2876/3206  0s] CopyFiles /Users/lucas-furini/repos/checkout/unity/builds/ios/Il2CppOutputProject/IL2CPP/build/deploy_arm64/System.Globalization.Extensions.dll
[2877/3206  0s] CopyFiles /Users/lucas-furini/repos/checkout/unity/builds/ios/Il2CppOutputProject/IL2CPP/build/deploy_arm64/System.Globalization.dll
[2878/3206  0s] CopyFiles /Users/lucas-furini/repos/checkout/unity/builds/ios/Il2CppOutputProject/IL2CPP/build/deploy_arm64/System.Globalization.Calendars.dll
[2879/3206  0s] CopyFiles /Users/lucas-furini/repos/checkout/unity/builds/ios/Il2CppOutputProject/IL2CPP/build/deploy_arm64/System.IO.Compression.Brotli.dll
[2880/3206  0s] CopyFiles /Users/lucas-furini/repos/checkout/unity/builds/ios/Il2CppOutputProject/IL2CPP/build/deploy_arm64/System.Formats.Tar.dll
[2881/3206  0s] CopyFiles /Users/lucas-furini/repos/checkout/unity/builds/ios/Il2CppOutputProject/IL2CPP/build/deploy_arm64/System.Dynamic.Runtime.dll
[2882/3206  0s] CopyFiles /Users/lucas-furini/repos/checkout/unity/builds/ios/Il2CppOutputProject/IL2CPP/build/deploy_arm64/System.Formats.Asn1.dll
[2883/3206  0s] CopyFiles /Users/lucas-furini/repos/checkout/unity/builds/ios/Il2CppOutputProject/IL2CPP/build/deploy_arm64/System.Drawing.dll
[2884/3206  8s] CopyFiles /Users/lucas-furini/repos/checkout/unity/builds/ios/Il2CppOutputProject/IL2CPP/build/deploy_arm64/System.Net.Sockets.dll
[2885/3206  0s] CopyFiles /Users/lucas-furini/repos/checkout/unity/builds/ios/Il2CppOutputProject/IL2CPP/build/deploy_arm64/System.dll
[2886/3206  0s] CopyFiles /Users/lucas-furini/repos/checkout/unity/builds/ios/Il2CppOutputProject/IL2CPP/build/deploy_arm64/System.Diagnostics.Tracing.dll
[2887/3206  0s] CopyFiles /Users/lucas-furini/repos/checkout/unity/builds/ios/Il2CppOutputProject/IL2CPP/build/deploy_arm64/System.Drawing.Primitives.dll
[2888/3206  0s] CopyFiles /Users/lucas-furini/repos/checkout/unity/builds/ios/Il2CppOutputProject/IL2CPP/build/deploy_arm64/System.Diagnostics.Tools.dll
[2889/3206  0s] CopyFiles /Users/lucas-furini/repos/checkout/unity/builds/ios/Il2CppOutputProject/IL2CPP/build/deploy_arm64/System.Diagnostics.TextWriterTraceListener.dll
[2890/3206  0s] CopyFiles /Users/lucas-furini/repos/checkout/unity/builds/ios/Il2CppOutputProject/IL2CPP/build/deploy_arm64/System.Diagnostics.StackTrace.dll
[2891/3206  0s] CopyFiles /Users/lucas-furini/repos/checkout/unity/builds/ios/Il2CppOutputProject/IL2CPP/build/deploy_arm64/System.Diagnostics.Process.dll
[2892/3206  0s] CopyFiles /Users/lucas-furini/repos/checkout/unity/builds/ios/Il2CppOutputProject/IL2CPP/build/deploy_arm64/System.Diagnostics.TraceSource.dll
[2893/3206  0s] CopyFiles /Users/lucas-furini/repos/checkout/unity/builds/ios/Il2CppOutputProject/IL2CPP/build/deploy_arm64/System.Diagnostics.DiagnosticSource.dll
[2894/3206  0s] CopyFiles /Users/lucas-furini/repos/checkout/unity/builds/ios/Il2CppOutputProject/IL2CPP/build/deploy_arm64/System.Diagnostics.Debug.dll
[2895/3206  0s] CopyFiles /Users/lucas-furini/repos/checkout/unity/builds/ios/Il2CppOutputProject/IL2CPP/build/deploy_arm64/System.Diagnostics.FileVersionInfo.dll
[2896/3206  0s] CopyFiles /Users/lucas-furini/repos/checkout/unity/builds/ios/Il2CppOutputProject/IL2CPP/build/deploy_arm64/System.Diagnostics.Contracts.dll
[2897/3206  0s] CopyFiles /Users/lucas-furini/repos/checkout/unity/builds/ios/Il2CppOutputProject/IL2CPP/build/deploy_arm64/System.Data.dll
[2898/3206  0s] CopyFiles /Users/lucas-furini/repos/checkout/unity/builds/ios/Il2CppOutputProject/IL2CPP/build/deploy_arm64/System.Data.DataSetExtensions.dll
[2899/3206  0s] CopyFiles /Users/lucas-furini/repos/checkout/unity/builds/ios/Il2CppOutputProject/IL2CPP/build/deploy_arm64/System.Core.dll
[2900/3206  0s] CopyFiles /Users/lucas-furini/repos/checkout/unity/builds/ios/Il2CppOutputProject/IL2CPP/build/deploy_arm64/System.Configuration.dll
[2901/3206  7s] CopyFiles /Users/lucas-furini/repos/checkout/unity/builds/ios/Il2CppOutputProject/IL2CPP/build/deploy_arm64/System.Net.Security.dll
[2902/3206  0s] CopyFiles /Users/lucas-furini/repos/checkout/unity/builds/ios/Il2CppOutputProject/IL2CPP/build/deploy_arm64/System.Console.dll
[2903/3206  0s] CopyFiles /Users/lucas-furini/repos/checkout/unity/builds/ios/Il2CppOutputProject/IL2CPP/build/deploy_arm64/System.ComponentModel.Primitives.dll
[2904/3206  5s] CopyFiles /Users/lucas-furini/repos/checkout/unity/builds/ios/Il2CppOutputProject/IL2CPP/build/deploy_arm64/System.Net.Mail.dll
[2905/3206  0s] CopyFiles /Users/lucas-furini/repos/checkout/unity/builds/ios/Il2CppOutputProject/IL2CPP/build/deploy_arm64/System.ComponentModel.EventBasedAsync.dll
[2906/3206  0s] CopyFiles /Users/lucas-furini/repos/checkout/unity/builds/ios/Il2CppOutputProject/IL2CPP/build/deploy_arm64/System.ComponentModel.dll
[2907/3206  0s] CopyFiles /Users/lucas-furini/repos/checkout/unity/builds/ios/Il2CppOutputProject/IL2CPP/build/deploy_arm64/System.ComponentModel.DataAnnotations.dll
[2908/3206  0s] CopyFiles /Users/lucas-furini/repos/checkout/unity/builds/ios/Il2CppOutputProject/IL2CPP/build/deploy_arm64/System.ComponentModel.Annotations.dll
[2909/3206  0s] CopyFiles /Users/lucas-furini/repos/checkout/unity/builds/ios/Il2CppOutputProject/IL2CPP/build/deploy_arm64/System.Collections.Specialized.dll
[2910/3206 13s] CopyFiles /Users/lucas-furini/repos/checkout/unity/builds/ios/Il2CppOutputProject/IL2CPP/build/deploy_arm64/System.Text.RegularExpressions.dll
[2911/3206 13s] CopyFiles /Users/lucas-furini/repos/checkout/unity/builds/ios/Il2CppOutputProject/IL2CPP/build/deploy_arm64/System.Text.Json.dll
[2912/3206  0s] CopyFiles /Users/lucas-furini/repos/checkout/unity/builds/ios/Il2CppOutputProject/IL2CPP/build/deploy_arm64/System.Collections.dll
[2913/3206  0s] CopyFiles /Users/lucas-furini/repos/checkout/unity/builds/ios/Il2CppOutputProject/IL2CPP/build/deploy_arm64/System.Collections.Concurrent.dll
[2914/3206  0s] CopyFiles /Users/lucas-furini/repos/checkout/unity/builds/ios/Il2CppOutputProject/IL2CPP/build/deploy_arm64/System.Buffers.dll
[2915/3206  0s] CopyFiles /Users/lucas-furini/repos/checkout/unity/builds/ios/Il2CppOutputProject/IL2CPP/build/deploy_arm64/System.AppContext.dll
[2916/3206  0s] CopyFiles /Users/lucas-furini/repos/checkout/unity/builds/ios/Il2CppOutputProject/IL2CPP/build/deploy_arm64/SharpYaml.dll
[2917/3206  0s] CopyFiles /Users/lucas-furini/repos/checkout/unity/builds/ios/Il2CppOutputProject/IL2CPP/build/deploy_arm64/NiceIO.dll
[2918/3206  0s] CopyFiles /Users/lucas-furini/repos/checkout/unity/builds/ios/Il2CppOutputProject/IL2CPP/build/deploy_arm64/NiceIO.pdb
[2919/3206  0s] CopyFiles /Users/lucas-furini/repos/checkout/unity/builds/ios/Il2CppOutputProject/IL2CPP/build/deploy_arm64/Newtonsoft.Json.dll
[2920/3206  0s] CopyFiles /Users/lucas-furini/repos/checkout/unity/builds/ios/Il2CppOutputProject/IL2CPP/build/deploy_arm64/netstandard.dll
[2921/3206  0s] CopyFiles /Users/lucas-furini/repos/checkout/unity/builds/ios/Il2CppOutputProject/IL2CPP/build/deploy_arm64/System.Collections.NonGeneric.dll
[2922/3206  0s] CopyFiles /Users/lucas-furini/repos/checkout/unity/builds/ios/Il2CppOutputProject/IL2CPP/build/deploy_arm64/monolinkerold.pdb
[2923/3206  0s] CopyFiles /Users/lucas-furini/repos/checkout/unity/builds/ios/Il2CppOutputProject/IL2CPP/build/deploy_arm64/mscorlib.dll
[2924/3206 13s] CopyFiles /Users/lucas-furini/repos/checkout/unity/builds/ios/Il2CppOutputProject/IL2CPP/build/deploy_arm64/System.Security.Cryptography.dll
[2925/3206  0s] CopyFiles /Users/lucas-furini/repos/checkout/unity/builds/ios/Il2CppOutputProject/IL2CPP/build/deploy_arm64/Mono.Cecil.Rocks.pdb
[2926/3206  0s] CopyFiles /Users/lucas-furini/repos/checkout/unity/builds/ios/Il2CppOutputProject/IL2CPP/build/deploy_arm64/Mono.Cecil.Rocks.dll
[2927/3206  0s] CopyFiles /Users/lucas-furini/repos/checkout/unity/builds/ios/Il2CppOutputProject/IL2CPP/build/deploy_arm64/Mono.Cecil.Pdb.dll
[2928/3206  0s] CopyFiles /Users/lucas-furini/repos/checkout/unity/builds/ios/Il2CppOutputProject/IL2CPP/build/deploy_arm64/Mono.Cecil.Pdb.pdb
[2929/3206  0s] CopyFiles /Users/lucas-furini/repos/checkout/unity/builds/ios/Il2CppOutputProject/IL2CPP/build/deploy_arm64/monolinkerold.dll
[2930/3206  0s] CopyFiles /Users/lucas-furini/repos/checkout/unity/builds/ios/Il2CppOutputProject/IL2CPP/build/deploy_arm64/Mono.Cecil.Mdb.pdb
[2931/3206  0s] CopyFiles /Users/lucas-furini/repos/checkout/unity/builds/ios/Il2CppOutputProject/IL2CPP/build/deploy_arm64/Mono.Cecil.Mdb.dll
[2932/3206  0s] CopyFiles /Users/lucas-furini/repos/checkout/unity/builds/ios/Il2CppOutputProject/IL2CPP/build/deploy_arm64/Mono.Cecil.pdb
[2933/3206  0s] CopyFiles /Users/lucas-furini/repos/checkout/unity/builds/ios/Il2CppOutputProject/IL2CPP/build/deploy_arm64/Microsoft.Win32.Primitives.dll
[2934/3206  0s] CopyFiles /Users/lucas-furini/repos/checkout/unity/builds/ios/Il2CppOutputProject/IL2CPP/build/deploy_arm64/Mono.Cecil.dll
[2935/3206  0s] CopyFiles /Users/lucas-furini/repos/checkout/unity/builds/ios/Il2CppOutputProject/IL2CPP/build/deploy_arm64/Microsoft.VisualBasic.dll
[2936/3206  0s] CopyFiles /Users/lucas-furini/repos/checkout/unity/builds/ios/Il2CppOutputProject/IL2CPP/build/deploy_arm64/libSystem.Security.Cryptography.Native.OpenSsl.dylib
[2937/3206  0s] CopyFiles /Users/lucas-furini/repos/checkout/unity/builds/ios/Il2CppOutputProject/IL2CPP/build/deploy_arm64/libSystem.Security.Cryptography.Native.Apple.dylib
[2938/3206  0s] CopyFiles /Users/lucas-furini/repos/checkout/unity/builds/ios/Il2CppOutputProject/IL2CPP/build/deploy_arm64/libSystem.Net.Security.Native.dylib
[2939/3206  0s] CopyFiles /Users/lucas-furini/repos/checkout/unity/builds/ios/Il2CppOutputProject/IL2CPP/build/deploy_arm64/libSystem.Native.dylib
[2940/3206  0s] CopyFiles /Users/lucas-furini/repos/checkout/unity/builds/ios/Il2CppOutputProject/IL2CPP/build/deploy_arm64/libSystem.IO.Compression.Native.dylib
[2941/3206  0s] CopyFiles /Users/lucas-furini/repos/checkout/unity/builds/ios/Il2CppOutputProject/IL2CPP/build/deploy_arm64/libSystem.Globalization.Native.dylib
[2942/3206  0s] CopyFiles /Users/lucas-furini/repos/checkout/unity/builds/ios/Il2CppOutputProject/IL2CPP/build/deploy_arm64/libmscordbi.dylib
[2943/3206  0s] CopyFiles /Users/lucas-furini/repos/checkout/unity/builds/ios/Il2CppOutputProject/IL2CPP/build/deploy_arm64/libmscordaccore.dylib
[2944/3206  0s] CopyFiles /Users/lucas-furini/repos/checkout/unity/builds/ios/Il2CppOutputProject/IL2CPP/build/deploy_arm64/libhostpolicy.dylib
[2945/3206  0s] CopyFiles /Users/lucas-furini/repos/checkout/unity/builds/ios/Il2CppOutputProject/IL2CPP/build/deploy_arm64/libhostfxr.dylib
[2946/3206  0s] CopyFiles /Users/lucas-furini/repos/checkout/unity/builds/ios/Il2CppOutputProject/IL2CPP/build/deploy_arm64/libcoreclr.dylib
[2947/3206  0s] CopyFiles /Users/lucas-furini/repos/checkout/unity/builds/ios/Il2CppOutputProject/IL2CPP/build/deploy_arm64/libclrjit.dylib
[2948/3206  0s] CopyFiles /Users/lucas-furini/repos/checkout/unity/builds/ios/Il2CppOutputProject/IL2CPP/build/deploy_arm64/libclrgcexp.dylib
[2949/3206  0s] CopyFiles /Users/lucas-furini/repos/checkout/unity/builds/ios/Il2CppOutputProject/IL2CPP/build/deploy_arm64/libclrgc.dylib
[2950/3206  0s] CopyFiles /Users/lucas-furini/repos/checkout/unity/builds/ios/Il2CppOutputProject/IL2CPP/build/deploy_arm64/Microsoft.Win32.Registry.dll
[2951/3206  0s] CopyFiles /Users/lucas-furini/repos/checkout/unity/builds/ios/Il2CppOutputProject/IL2CPP/build/deploy_arm64/Microsoft.Bcl.HashCode.dll
[2952/3206  0s] CopyFiles /Users/lucas-furini/repos/checkout/unity/builds/ios/Il2CppOutputProject/IL2CPP/build/deploy_arm64/MemoryPack.Core.dll
[2953/3206  1s] CopyFiles /Users/lucas-furini/repos/checkout/unity/builds/ios/Il2CppOutputProject/IL2CPP/build/deploy_arm64/JetBrains.Profiler.Api.dll
[2954/3206  1s] CopyFiles /Users/lucas-furini/repos/checkout/unity/builds/ios/Il2CppOutputProject/IL2CPP/build/deploy_arm64/illink.pdb
[2955/3206  1s] CopyFiles /Users/lucas-furini/repos/checkout/unity/builds/ios/Il2CppOutputProject/IL2CPP/build/deploy_arm64/illink.dll
[2956/3206  1s] CopyFiles /Users/lucas-furini/repos/checkout/unity/builds/ios/Il2CppOutputProject/IL2CPP/build/deploy_arm64/il2cpp.runtimeconfig.json
[2957/3206  0s] CopyFiles /Users/lucas-furini/repos/checkout/unity/builds/ios/Il2CppOutputProject/IL2CPP/build/deploy_arm64/il2cpp.pdb
[2958/3206  0s] CopyFiles /Users/lucas-furini/repos/checkout/unity/builds/ios/Il2CppOutputProject/IL2CPP/build/deploy_arm64/il2cpp.dll.config
[2959/3206  8s] CopyFiles /Users/lucas-furini/repos/checkout/unity/builds/ios/Il2CppOutputProject/IL2CPP/build/deploy_arm64/System.Linq.dll
[2960/3206  1s] CopyFiles /Users/lucas-furini/repos/checkout/unity/builds/ios/Il2CppOutputProject/IL2CPP/build/deploy_arm64/il2cpp.dll
[2961/3206  1s] CopyFiles /Users/lucas-furini/repos/checkout/unity/builds/ios/Il2CppOutputProject/IL2CPP/build/deploy_arm64/il2cpp.deps.json
[2962/3206  0s] CopyFiles /Users/lucas-furini/repos/checkout/unity/builds/ios/Il2CppOutputProject/IL2CPP/build/deploy_arm64/il2cpp-compile
[2963/3206  0s] CopyFiles /Users/lucas-furini/repos/checkout/unity/builds/ios/Il2CppOutputProject/IL2CPP/build/deploy_arm64/il2cpp
[2964/3206  0s] CopyFiles /Users/lucas-furini/repos/checkout/unity/builds/ios/Il2CppOutputProject/IL2CPP/build/deploy_arm64/createdump
[2965/3206  0s] CopyFiles /Users/lucas-furini/repos/checkout/unity/builds/ios/Il2CppOutputProject/IL2CPP/build/deploy_arm64/bee_backend/mac-arm64/bee_backend
[2966/3206  1s] CopyFiles /Users/lucas-furini/repos/checkout/unity/builds/ios/Il2CppOutputProject/IL2CPP/build/deploy_arm64/il2cpp-compile.runtimeconfig.json
[2967/3206  1s] CopyFiles /Users/lucas-furini/repos/checkout/unity/builds/ios/Il2CppOutputProject/IL2CPP/build/deploy_arm64/il2cpp-compile.pdb
[2968/3206  0s] CopyFiles /Users/lucas-furini/repos/checkout/unity/builds/ios/Il2CppOutputProject/IL2CPP/build/deploy_arm64/il2cpp-compile.dll
[2969/3206  0s] CopyFiles /Users/lucas-furini/repos/checkout/unity/builds/ios/Il2CppOutputProject/IL2CPP/build/deploy_arm64/il2cpp-compile.deps.json
[2970/3206  0s] CopyFiles /Users/lucas-furini/repos/checkout/unity/builds/ios/Il2CppOutputProject/IL2CPP/build/deploy_arm64/Bee.VisualStudioSolution.pdb
[2971/3206  0s] CopyFiles /Users/lucas-furini/repos/checkout/unity/builds/ios/Il2CppOutputProject/IL2CPP/build/deploy_arm64/Bee.VisualStudioSolution.dll
[2972/3206  0s] CopyFiles /Users/lucas-furini/repos/checkout/unity/builds/ios/Il2CppOutputProject/IL2CPP/build/deploy_arm64/Bee.TundraBackend.pdb
[2973/3206  0s] CopyFiles /Users/lucas-furini/repos/checkout/unity/builds/ios/Il2CppOutputProject/IL2CPP/build/deploy_arm64/Bee.TundraBackend.dll
[2974/3206  0s] CopyFiles /Users/lucas-furini/repos/checkout/unity/builds/ios/Il2CppOutputProject/IL2CPP/build/deploy_arm64/Bee.Tools.pdb
[2975/3206  0s] CopyFiles /Users/lucas-furini/repos/checkout/unity/builds/ios/Il2CppOutputProject/IL2CPP/build/deploy_arm64/Bee.Tools.dll
[2976/3206  0s] CopyFiles /Users/lucas-furini/repos/checkout/unity/builds/ios/Il2CppOutputProject/IL2CPP/build/deploy_arm64/Bee.Toolchain.Xcode.pdb
[2977/3206  0s] CopyFiles /Users/lucas-furini/repos/checkout/unity/builds/ios/Il2CppOutputProject/IL2CPP/build/deploy_arm64/Bee.Toolchain.Windows.pdb
[2978/3206  0s] CopyFiles /Users/lucas-furini/repos/checkout/unity/builds/ios/Il2CppOutputProject/IL2CPP/build/deploy_arm64/Bee.Toolchain.Windows.dll
[2979/3206  0s] CopyFiles /Users/lucas-furini/repos/checkout/unity/builds/ios/Il2CppOutputProject/IL2CPP/build/deploy_arm64/Bee.Toolchain.Xcode.dll
[2980/3206  0s] CopyFiles /Users/lucas-furini/repos/checkout/unity/builds/ios/Il2CppOutputProject/IL2CPP/build/deploy_arm64/Bee.Toolchain.VisualStudio.pdb
[2981/3206  0s] CopyFiles /Users/lucas-furini/repos/checkout/unity/builds/ios/Il2CppOutputProject/IL2CPP/build/deploy_arm64/Bee.Toolchain.VisionOS.pdb
[2982/3206  0s] CopyFiles /Users/lucas-furini/repos/checkout/unity/builds/ios/Il2CppOutputProject/IL2CPP/build/deploy_arm64/Bee.Toolchain.VisualStudio.dll
[2983/3206  0s] CopyFiles /Users/lucas-furini/repos/checkout/unity/builds/ios/Il2CppOutputProject/IL2CPP/build/deploy_arm64/Bee.Toolchain.UWP.dll
[2984/3206  0s] CopyFiles /Users/lucas-furini/repos/checkout/unity/builds/ios/Il2CppOutputProject/IL2CPP/build/deploy_arm64/Bee.Toolchain.UWP.pdb
[2985/3206  0s] CopyFiles /Users/lucas-furini/repos/checkout/unity/builds/ios/Il2CppOutputProject/IL2CPP/build/deploy_arm64/Bee.Toolchain.VisionOS.dll
[2986/3206  0s] CopyFiles /Users/lucas-furini/repos/checkout/unity/builds/ios/Il2CppOutputProject/IL2CPP/build/deploy_arm64/Bee.Toolchain.TvOS.dll
[2987/3206  0s] CopyFiles /Users/lucas-furini/repos/checkout/unity/builds/ios/Il2CppOutputProject/IL2CPP/build/deploy_arm64/Bee.Toolchain.TvOS.pdb
[2988/3206  0s] CopyFiles /Users/lucas-furini/repos/checkout/unity/builds/ios/Il2CppOutputProject/IL2CPP/build/deploy_arm64/Bee.Toolchain.MacOS.pdb
[2989/3206  0s] CopyFiles /Users/lucas-furini/repos/checkout/unity/builds/ios/Il2CppOutputProject/IL2CPP/build/deploy_arm64/Bee.Toolchain.MacOS.dll
[2990/3206  0s] CopyFiles /Users/lucas-furini/repos/checkout/unity/builds/ios/Il2CppOutputProject/IL2CPP/build/deploy_arm64/Bee.Toolchain.LLVM.pdb
[2991/3206  0s] CopyFiles /Users/lucas-furini/repos/checkout/unity/builds/ios/Il2CppOutputProject/IL2CPP/build/deploy_arm64/Bee.Toolchain.LLVM.dll
[2992/3206  0s] CopyFiles /Users/lucas-furini/repos/checkout/unity/builds/ios/Il2CppOutputProject/IL2CPP/build/deploy_arm64/Bee.Toolchain.Linux.pdb
[2993/3206  0s] CopyFiles /Users/lucas-furini/repos/checkout/unity/builds/ios/Il2CppOutputProject/IL2CPP/build/deploy_arm64/Bee.Toolchain.Linux.dll
[2994/3206  0s] CopyFiles /Users/lucas-furini/repos/checkout/unity/builds/ios/Il2CppOutputProject/IL2CPP/build/deploy_arm64/Bee.Toolchain.IOS.pdb
[2995/3206  0s] CopyFiles /Users/lucas-furini/repos/checkout/unity/builds/ios/Il2CppOutputProject/IL2CPP/build/deploy_arm64/Bee.Toolchain.IOS.dll
[2996/3206  0s] CopyFiles /Users/lucas-furini/repos/checkout/unity/builds/ios/Il2CppOutputProject/IL2CPP/build/deploy_arm64/Bee.Toolchain.GNU.pdb
[2997/3206  0s] CopyFiles /Users/lucas-furini/repos/checkout/unity/builds/ios/Il2CppOutputProject/IL2CPP/build/deploy_arm64/Bee.Toolchain.GNU.dll
[2998/3206  0s] CopyFiles /Users/lucas-furini/repos/checkout/unity/builds/ios/Il2CppOutputProject/IL2CPP/build/deploy_arm64/Bee.Toolchain.Emscripten.pdb
[2999/3206  0s] CopyFiles /Users/lucas-furini/repos/checkout/unity/builds/ios/Il2CppOutputProject/IL2CPP/build/deploy_arm64/Bee.Toolchain.Android.pdb
[3000/3206  0s] CopyFiles /Users/lucas-furini/repos/checkout/unity/builds/ios/Il2CppOutputProject/IL2CPP/build/deploy_arm64/Bee.Toolchain.EmbeddedLinux.pdb
[3001/3206  0s] CopyFiles /Users/lucas-furini/repos/checkout/unity/builds/ios/Il2CppOutputProject/IL2CPP/build/deploy_arm64/Bee.Toolchain.Emscripten.dll
[3002/3206  0s] CopyFiles /Users/lucas-furini/repos/checkout/unity/builds/ios/Il2CppOutputProject/IL2CPP/build/deploy_arm64/Bee.Toolchain.EmbeddedLinux.dll
[3003/3206  0s] CopyFiles /Users/lucas-furini/repos/checkout/unity/builds/ios/Il2CppOutputProject/IL2CPP/build/deploy_arm64/Bee.TinyProfiler2.pdb
[3004/3206  0s] CopyFiles /Users/lucas-furini/repos/checkout/unity/builds/ios/Il2CppOutputProject/IL2CPP/build/deploy_arm64/Bee.Toolchain.Android.dll
[3005/3206  0s] CopyFiles /Users/lucas-furini/repos/checkout/unity/builds/ios/Il2CppOutputProject/IL2CPP/build/deploy_arm64/Bee.Telemetry.dll
[3006/3206  0s] CopyFiles /Users/lucas-furini/repos/checkout/unity/builds/ios/Il2CppOutputProject/IL2CPP/build/deploy_arm64/Bee.TinyProfiler2.dll
[3007/3206  0s] CopyFiles /Users/lucas-furini/repos/checkout/unity/builds/ios/Il2CppOutputProject/IL2CPP/build/deploy_arm64/Bee.Telemetry.pdb
[3008/3206  0s] CopyFiles /Users/lucas-furini/repos/checkout/unity/builds/ios/Il2CppOutputProject/IL2CPP/build/deploy_arm64/Bee.Stevedore.Program.dll
[3009/3206  0s] CopyFiles /Users/lucas-furini/repos/checkout/unity/builds/ios/Il2CppOutputProject/IL2CPP/build/deploy_arm64/Bee.Stevedore.Program.pdb
[3010/3206  0s] CopyFiles /Users/lucas-furini/repos/checkout/unity/builds/ios/Il2CppOutputProject/IL2CPP/build/deploy_arm64/Bee.NativeProgramSupport.pdb
[3011/3206  0s] CopyFiles /Users/lucas-furini/repos/checkout/unity/builds/ios/Il2CppOutputProject/IL2CPP/build/deploy_arm64/Bee.Core.pdb
[3012/3206  0s] CopyFiles /Users/lucas-furini/repos/checkout/unity/builds/ios/Il2CppOutputProject/IL2CPP/build/deploy_arm64/Bee.BinLog.xml
[3013/3206  0s] CopyFiles /Users/lucas-furini/repos/checkout/unity/builds/ios/Il2CppOutputProject/IL2CPP/build/deploy_arm64/Bee.BinLog.pdb
[3014/3206  0s] CopyFiles /Users/lucas-furini/repos/checkout/unity/builds/ios/Il2CppOutputProject/IL2CPP/build/deploy_arm64/Bee.BinLog.dll
[3015/3206  0s] CopyFiles /Users/lucas-furini/repos/checkout/unity/builds/ios/Il2CppOutputProject/IL2CPP/build/deploy_arm64/Bee.BeeDriver2.pdb
[3016/3206  0s] CopyFiles /Users/lucas-furini/repos/checkout/unity/builds/ios/Il2CppOutputProject/IL2CPP/build/deploy_arm64/Bee.BeeDriver2.dll
[3017/3206  0s] CopyFiles /Users/lucas-furini/repos/checkout/unity/builds/ios/Il2CppOutputProject/IL2CPP/build/deploy_arm64/Analytics.runtimeconfig.json
[3018/3206  0s] CopyFiles /Users/lucas-furini/repos/checkout/unity/builds/ios/Il2CppOutputProject/IL2CPP/build/deploy_arm64/Analytics.pdb
[3019/3206  0s] CopyFiles /Users/lucas-furini/repos/checkout/unity/builds/ios/Il2CppOutputProject/IL2CPP/build/deploy_arm64/Analytics.dll
[3020/3206  0s] CopyFiles /Users/lucas-furini/repos/checkout/unity/builds/ios/Il2CppOutputProject/IL2CPP/build/deploy_arm64/Analytics.deps.json
[3021/3206  0s] CopyFiles /Users/lucas-furini/repos/checkout/unity/builds/ios/Il2CppOutputProject/IL2CPP/build/deploy_arm64/Analytics.Api.Output.xml
[3022/3206  0s] CopyFiles /Users/lucas-furini/repos/checkout/unity/builds/ios/Il2CppOutputProject/IL2CPP/build/deploy_arm64/Analytics.Api.Output.pdb
[3023/3206  0s] CopyFiles /Users/lucas-furini/repos/checkout/unity/builds/ios/Il2CppOutputProject/IL2CPP/build/deploy_arm64/Analytics.Api.Output.dll
[3024/3206  0s] CopyFiles /Users/lucas-furini/repos/checkout/unity/builds/ios/Il2CppOutputProject/IL2CPP/build/deploy_arm64/Analytics
[3025/3206  0s] CopyFiles /Users/lucas-furini/repos/checkout/unity/builds/ios/Data/Managed/mono/4.0/machine.config
[3026/3206  0s] CopyFiles /Users/lucas-furini/repos/checkout/unity/builds/ios/Il2CppOutputProject/IL2CPP/libil2cpp/vm/Thread.cpp
[3027/3206  0s] CopyFiles /Users/lucas-furini/repos/checkout/unity/builds/ios/Data/Resources/unity default resources
[3028/3206  0s] CopyFiles /Users/lucas-furini/repos/checkout/unity/builds/ios/Libraries/baselib.a
[3029/3206  0s] CopyFiles /Users/lucas-furini/repos/checkout/unity/builds/ios/Il2CppOutputProject/IL2CPP/libil2cpp/vm/Thread.h
[3030/3206  0s] CopyFiles /Users/lucas-furini/repos/checkout/unity/builds/ios/Il2CppOutputProject/IL2CPP/libil2cpp/vm/ThreadPoolMs.cpp
[3031/3206  0s] CopyFiles /Users/lucas-furini/repos/checkout/unity/builds/ios/UnityFramework/UnityFramework.h
[3032/3206  0s] CopyFiles /Users/lucas-furini/repos/checkout/unity/builds/ios/Il2CppOutputProject/IL2CPP/build/deploy_arm64/Bee.NativeProgramSupport.dll
[3033/3206  0s] CopyFiles /Users/lucas-furini/repos/checkout/unity/builds/ios/UnityFramework/Info.plist
[3034/3206  0s] CopyFiles /Users/lucas-furini/repos/checkout/unity/builds/ios/Unity-iPhone Tests/Unity_iPhone_Tests.m
[3035/3206  0s] CopyFiles /Users/lucas-furini/repos/checkout/unity/builds/ios/Unity-iPhone Tests/Unity-iPhone Tests-Prefix.pch
[3036/3206  0s] CopyFiles /Users/lucas-furini/repos/checkout/unity/builds/ios/Unity-iPhone Tests/Unity-iPhone Tests-Info.plist
[3037/3206  0s] CopyFiles /Users/lucas-furini/repos/checkout/unity/builds/ios/process_symbols_il2cpp.sh
[3038/3206  0s] CopyFiles /Users/lucas-furini/repos/checkout/unity/builds/ios/Unity-iPhone Tests/en.lproj/InfoPlist.strings
[3039/3206  0s] CopyFiles /Users/lucas-furini/repos/checkout/unity/builds/ios/process_symbols.sh
[3040/3206  0s] CopyFiles /Users/lucas-furini/repos/checkout/unity/builds/ios/MainApp/main.mm
[3041/3206  0s] CopyFiles /Users/lucas-furini/repos/checkout/unity/builds/ios/Classes/Vector3.h
[3042/3206  0s] CopyFiles /Users/lucas-furini/repos/checkout/unity/builds/ios/Classes/UnityTrampolineInterface.h
[3043/3206  0s] CopyFiles /Users/lucas-furini/repos/checkout/unity/builds/ios/Classes/UnityAppController.mm
[3044/3206  0s] CopyFiles /Users/lucas-furini/repos/checkout/unity/builds/ios/Classes/UnityTrampolineConfigure.h
[3045/3206  0s] CopyFiles /Users/lucas-furini/repos/checkout/unity/builds/ios/Classes/UnityAppController+UnityInterface.mm
[3046/3206  0s] CopyFiles /Users/lucas-furini/repos/checkout/unity/builds/ios/Classes/UnityAppController.h
[3047/3206  0s] CopyFiles /Users/lucas-furini/repos/checkout/unity/builds/ios/Classes/UnityAppController+Thermal.mm
[3048/3206  0s] CopyFiles /Users/lucas-furini/repos/checkout/unity/builds/ios/Classes/UnityAppController+UnityInterface.h
[3049/3206  0s] CopyFiles /Users/lucas-furini/repos/checkout/unity/builds/ios/Classes/UnityAppController+Rendering.mm
[3050/3206  0s] CopyFiles /Users/lucas-furini/repos/checkout/unity/builds/ios/Classes/UnityAppController+Thermal.h
[3051/3206  0s] CopyFiles /Users/lucas-furini/repos/checkout/unity/builds/ios/Classes/UnityAppController+Rendering.h
[3052/3206  0s] CopyFiles /Users/lucas-furini/repos/checkout/unity/builds/ios/Classes/UnityAppController+Rendering+visionOS.mm
[3053/3206  0s] CopyFiles /Users/lucas-furini/repos/checkout/unity/builds/ios/Classes/UnityAppController+Rendering+visionOS.h
[3054/3206  0s] CopyFiles /Users/lucas-furini/repos/checkout/unity/builds/ios/Classes/Unity/VideoPlayer.mm
[3055/3206  0s] CopyFiles /Users/lucas-furini/repos/checkout/unity/builds/ios/Classes/Unity/VideoPlayer.h
[3056/3206  0s] CopyFiles /Users/lucas-furini/repos/checkout/unity/builds/ios/Classes/Unity/UnityTrampolineCompatibility.h
[3057/3206  0s] CopyFiles /Users/lucas-furini/repos/checkout/unity/builds/ios/Classes/Unity/UnityInternalInterface.mm
[3058/3206  0s] CopyFiles /Users/lucas-furini/repos/checkout/unity/builds/ios/Classes/Unity/UnityRendering.h
[3059/3206  0s] CopyFiles /Users/lucas-furini/repos/checkout/unity/builds/ios/Classes/Unity/UnityInternalGraphicsInterface.mm
[3060/3206  0s] CopyFiles /Users/lucas-furini/repos/checkout/unity/builds/ios/Classes/Unity/UnityInternalInterface.h
[3061/3206  0s] CopyFiles /Users/lucas-furini/repos/checkout/unity/builds/ios/Classes/Unity/UnityInternalGraphicsInterface.h
[3062/3206  0s] CopyFiles /Users/lucas-furini/repos/checkout/unity/builds/ios/Classes/Unity/UnityInterface.h
[3063/3206  0s] CopyFiles /Users/lucas-furini/repos/checkout/unity/builds/ios/Classes/Unity/OnDemandResources.mm
[3064/3206  0s] CopyFiles /Users/lucas-furini/repos/checkout/unity/builds/ios/Classes/Unity/UnityForwardDecls.h
[3065/3206  0s] CopyFiles /Users/lucas-furini/repos/checkout/unity/builds/ios/Classes/Unity/NoGraphicsHelper.mm
[3066/3206  0s] CopyFiles /Users/lucas-furini/repos/checkout/unity/builds/ios/Classes/Unity/ObjCRuntime.h
[3067/3206  0s] CopyFiles /Users/lucas-furini/repos/checkout/unity/builds/ios/Classes/Unity/MetalHelper.mm
[3068/3206  0s] CopyFiles /Users/lucas-furini/repos/checkout/unity/builds/ios/Classes/Unity/Logging.mm
[3069/3206  0s] CopyFiles /Users/lucas-furini/repos/checkout/unity/builds/ios/Classes/Unity/Logging.h
[3070/3206  0s] CopyFiles /Users/lucas-furini/repos/checkout/unity/builds/ios/Classes/Unity/IUnityRenderingExtensions.h
[3071/3206  0s] CopyFiles /Users/lucas-furini/repos/checkout/unity/builds/ios/Classes/Unity/IUnityProfilerCallbacks.h
[3072/3206  0s] CopyFiles /Users/lucas-furini/repos/checkout/unity/builds/ios/Classes/Unity/IUnityProfiler.h
[3073/3206  0s] CopyFiles /Users/lucas-furini/repos/checkout/unity/builds/ios/Classes/Unity/IUnityPhysicsBackendSystem.h
[3074/3206  0s] CopyFiles /Users/lucas-furini/repos/checkout/unity/builds/ios/Classes/Unity/IUnityMemoryManager.h
[3075/3206  0s] CopyFiles /Users/lucas-furini/repos/checkout/unity/builds/ios/Classes/Unity/IUnityLog.h
[3076/3206  0s] CopyFiles /Users/lucas-furini/repos/checkout/unity/builds/ios/Classes/Unity/IUnityInterface.h
[3077/3206  0s] CopyFiles /Users/lucas-furini/repos/checkout/unity/builds/ios/Classes/Unity/IUnityGraphicsMetal.h
[3078/3206  0s] CopyFiles /Users/lucas-furini/repos/checkout/unity/builds/ios/Classes/Unity/IUnityGraphics.h
[3079/3206  0s] CopyFiles /Users/lucas-furini/repos/checkout/unity/builds/ios/Classes/Unity/FullScreenVideoPlayer.mm
[3080/3206  0s] CopyFiles /Users/lucas-furini/repos/checkout/unity/builds/ios/Classes/Unity/IUnityEventQueue.h
[3081/3206  0s] CopyFiles /Users/lucas-furini/repos/checkout/unity/builds/ios/Classes/Unity/Filesystem.mm
[3082/3206  0s] CopyFiles /Users/lucas-furini/repos/checkout/unity/builds/ios/Classes/Unity/DisplayManager.mm
[3083/3206  0s] CopyFiles /Users/lucas-furini/repos/checkout/unity/builds/ios/Classes/Unity/DeviceSettings.mm
[3084/3206  0s] CopyFiles /Users/lucas-furini/repos/checkout/unity/builds/ios/Classes/Unity/DisplayManager.h
[3085/3206  0s] CopyFiles /Users/lucas-furini/repos/checkout/unity/builds/ios/Classes/Unity/CVTextureCache.mm
[3086/3206  0s] CopyFiles /Users/lucas-furini/repos/checkout/unity/builds/ios/Classes/Unity/DeviceInfo.cpp
[3087/3206  0s] CopyFiles /Users/lucas-furini/repos/checkout/unity/builds/ios/Classes/Unity/CVTextureCache.h
[3088/3206  0s] CopyFiles /Users/lucas-furini/repos/checkout/unity/builds/ios/Classes/Unity/CMVideoSampling.mm
[3089/3206  0s] CopyFiles /Users/lucas-furini/repos/checkout/unity/builds/ios/Classes/Unity/CMVideoSampling.h
[3090/3206  0s] CopyFiles /Users/lucas-furini/repos/checkout/unity/builds/ios/Classes/Unity/CameraCapture.mm
[3091/3206  0s] CopyFiles /Users/lucas-furini/repos/checkout/unity/builds/ios/Classes/Unity/CameraCapture.h
[3092/3206  0s] CopyFiles /Users/lucas-furini/repos/checkout/unity/builds/ios/Classes/Unity/AVCapture.mm
[3093/3206  0s] CopyFiles /Users/lucas-furini/repos/checkout/unity/builds/ios/Classes/Unity/AVCapture.h
[3094/3206  0s] CopyFiles /Users/lucas-furini/repos/checkout/unity/builds/ios/Classes/UndefinePlatforms.h
[3095/3206  0s] CopyFiles /Users/lucas-furini/repos/checkout/unity/builds/ios/Classes/UI/UnityViewControllerBase.h
[3096/3206  0s] CopyFiles /Users/lucas-furini/repos/checkout/unity/builds/ios/Classes/UI/UnityViewControllerBase.mm
[3097/3206  0s] CopyFiles /Users/lucas-furini/repos/checkout/unity/builds/ios/Classes/UI/UnityViewControllerBase+visionOS.mm
[3098/3206  0s] CopyFiles /Users/lucas-furini/repos/checkout/unity/builds/ios/Classes/UI/UnityViewControllerBase+visionOS.h
[3099/3206  0s] CopyFiles /Users/lucas-furini/repos/checkout/unity/builds/ios/Classes/UI/UnityViewControllerBase+tvOS.mm
[3100/3206  0s] CopyFiles /Users/lucas-furini/repos/checkout/unity/builds/ios/Classes/UI/UnityViewControllerBase+tvOS.h
[3101/3206  0s] CopyFiles /Users/lucas-furini/repos/checkout/unity/builds/ios/Classes/UI/UnityViewControllerBase+iOS.mm
[3102/3206  0s] CopyFiles /Users/lucas-furini/repos/checkout/unity/builds/ios/Classes/UI/UnityViewControllerBase+iOS.h
[3103/3206  0s] CopyFiles /Users/lucas-furini/repos/checkout/unity/builds/ios/Classes/UI/UnityView.mm
[3104/3206  0s] CopyFiles /Users/lucas-furini/repos/checkout/unity/builds/ios/Classes/UI/UnityView+tvOS.mm
[3105/3206  0s] CopyFiles /Users/lucas-furini/repos/checkout/unity/builds/ios/Classes/UI/UnityView.h
[3106/3206  0s] CopyFiles /Users/lucas-furini/repos/checkout/unity/builds/ios/Classes/UI/UnityView+tvOS.h
[3107/3206  0s] CopyFiles /Users/lucas-furini/repos/checkout/unity/builds/ios/Classes/UI/UnityView+Keyboard.mm
[3108/3206  0s] CopyFiles /Users/lucas-furini/repos/checkout/unity/builds/ios/Classes/UI/UnityView+iOS.mm
[3109/3206  0s] CopyFiles /Users/lucas-furini/repos/checkout/unity/builds/ios/Classes/UI/UnityView+iOS.h
[3110/3206  0s] CopyFiles /Users/lucas-furini/repos/checkout/unity/builds/ios/Classes/UI/UnityScene.mm
[3111/3206  0s] CopyFiles /Users/lucas-furini/repos/checkout/unity/builds/ios/Classes/UI/UnityAppController+ViewHandling.mm
[3112/3206  0s] CopyFiles /Users/lucas-furini/repos/checkout/unity/builds/ios/Classes/UI/UnityScene.h
[3113/3206  0s] CopyFiles /Users/lucas-furini/repos/checkout/unity/builds/ios/Classes/UI/StoreReview.m
[3114/3206  0s] CopyFiles /Users/lucas-furini/repos/checkout/unity/builds/ios/Classes/UI/UnityAppController+ViewHandling.h
[3115/3206  0s] CopyFiles /Users/lucas-furini/repos/checkout/unity/builds/ios/Classes/UI/OrientationSupport.mm
[3116/3206  0s] CopyFiles /Users/lucas-furini/repos/checkout/unity/builds/ios/Classes/UI/OrientationSupport.h
[3117/3206  0s] CopyFiles /Users/lucas-furini/repos/checkout/unity/builds/ios/Classes/UI/KeyboardViews.h
[3118/3206  0s] CopyFiles /Users/lucas-furini/repos/checkout/unity/builds/ios/Classes/UI/KeyboardViews+tvOS+visionOS.mm
[3119/3206  0s] CopyFiles /Users/lucas-furini/repos/checkout/unity/builds/ios/Classes/UI/KeyboardViews+iOS.mm
[3120/3206  0s] CopyFiles /Users/lucas-furini/repos/checkout/unity/builds/ios/Classes/UI/KeyboardViews+tvOS+visionOS.h
[3121/3206  0s] CopyFiles /Users/lucas-furini/repos/checkout/unity/builds/ios/Classes/UI/KeyboardViews+iOS.h
[3122/3206  0s] CopyFiles /Users/lucas-furini/repos/checkout/unity/builds/ios/Classes/UI/KeyboardViews+iOS+Glass.mm
[3123/3206  0s] CopyFiles /Users/lucas-furini/repos/checkout/unity/builds/ios/Classes/UI/Keyboard.mm
[3124/3206  0s] CopyFiles /Users/lucas-furini/repos/checkout/unity/builds/ios/Classes/UI/KeyboardViews+iOS+Glass.h
[3125/3206  0s] CopyFiles /Users/lucas-furini/repos/checkout/unity/builds/ios/Classes/UI/Keyboard.h
[3126/3206  0s] CopyFiles /Users/lucas-furini/repos/checkout/unity/builds/ios/Classes/UI/ActivityIndicator.mm
[3127/3206  0s] CopyFiles /Users/lucas-furini/repos/checkout/unity/builds/ios/Classes/UI/ActivityIndicator.h
[3128/3206  0s] CopyFiles /Users/lucas-furini/repos/checkout/unity/builds/ios/Classes/RedefinePlatforms.h
[3129/3206  0s] CopyFiles /Users/lucas-furini/repos/checkout/unity/builds/ios/Classes/Quaternion4.h
[3130/3206  0s] CopyFiles /Users/lucas-furini/repos/checkout/unity/builds/ios/Classes/Prefix.pch
[3131/3206  0s] CopyFiles /Users/lucas-furini/repos/checkout/unity/builds/ios/Classes/PluginBase/UnityViewControllerListener.mm
[3132/3206  0s] CopyFiles /Users/lucas-furini/repos/checkout/unity/builds/ios/Classes/PluginBase/RenderPluginDelegate.mm
[3133/3206  0s] CopyFiles /Users/lucas-furini/repos/checkout/unity/builds/ios/Classes/PluginBase/UnityViewControllerListener.h
[3134/3206  0s] CopyFiles /Users/lucas-furini/repos/checkout/unity/builds/ios/Classes/PluginBase/LifeCycleListener.mm
[3135/3206  0s] CopyFiles /Users/lucas-furini/repos/checkout/unity/builds/ios/Il2CppOutputProject/IL2CPP/build/deploy_arm64/Bee.BuildGraph.dll
[3136/3206  0s] CopyFiles /Users/lucas-furini/repos/checkout/unity/builds/ios/Il2CppOutputProject/IL2CPP/build/deploy_arm64/Bee.Core.dll
[3137/3206  0s] CopyFiles /Users/lucas-furini/repos/checkout/unity/builds/ios/Classes/PluginBase/AppDelegateListener.mm
[3138/3206  0s] CopyFiles /Users/lucas-furini/repos/checkout/unity/builds/ios/Classes/PluginBase/AppDelegateListener.h
[3139/3206  0s] CopyFiles /Users/lucas-furini/repos/checkout/unity/builds/ios/Classes/main.mm
[3140/3206  0s] CopyFiles /Users/lucas-furini/repos/checkout/unity/builds/ios/Classes/iPhone_Sensors.mm
[3141/3206  0s] CopyFiles /Users/lucas-furini/repos/checkout/unity/builds/ios/Classes/CrashReporter.mm
[3142/3206  0s] CopyFiles /Users/lucas-furini/repos/checkout/unity/builds/ios/Classes/iPhone_Sensors.h
[3143/3206  0s] CopyFiles /Users/lucas-furini/repos/checkout/unity/builds/ios/Il2CppOutputProject/IL2CPP/libil2cpp/vm/ThreadPoolMs.h
[3144/3206  0s] CopyFiles /Users/lucas-furini/repos/checkout/unity/builds/ios/Il2CppOutputProject/IL2CPP/libil2cpp/vm/Type.cpp
[3145/3206  0s] CopyFiles /Users/lucas-furini/repos/checkout/unity/builds/ios/Il2CppOutputProject/IL2CPP/build/deploy_arm64/Bee.BuildGraph.pdb
[3146/3206  0s] CopyFiles /Users/lucas-furini/repos/checkout/unity/builds/ios/Il2CppOutputProject/IL2CPP/libil2cpp/vm/VisualizerHelpers.cpp
[3147/3206  0s] CopyFiles /Users/lucas-furini/repos/checkout/unity/builds/ios/Il2CppOutputProject/IL2CPP/libil2cpp/vm/Type.h
[3148/3206  0s] CopyFiles /Users/lucas-furini/repos/checkout/unity/builds/ios/Il2CppOutputProject/IL2CPP/libil2cpp/vm/WaitHandle.cpp
[3149/3206  0s] CopyFiles /Users/lucas-furini/repos/checkout/unity/builds/ios/Il2CppOutputProject/IL2CPP/libil2cpp/vm/WeakReference.cpp
[3150/3206  0s] CopyFiles /Users/lucas-furini/repos/checkout/unity/builds/ios/Il2CppOutputProject/IL2CPP/libil2cpp/vm/WaitHandle.h
[3151/3206  0s] CopyFiles /Users/lucas-furini/repos/checkout/unity/builds/ios/Il2CppOutputProject/IL2CPP/libil2cpp/vm/WeakReference.h
[3152/3206  0s] CopyFiles /Users/lucas-furini/repos/checkout/unity/builds/ios/Il2CppOutputProject/IL2CPP/libil2cpp/vm/WindowsRuntime.h
[3153/3206  0s] CopyFiles /Users/lucas-furini/repos/checkout/unity/builds/ios/Il2CppOutputProject/IL2CPP/libil2cpp/vm/WindowsRuntime.cpp
[3154/3206  0s] CopyFiles /Users/lucas-furini/repos/checkout/unity/builds/ios/Il2CppOutputProject/IL2CPP/libmono/config/eglib-config.hw
[3155/3206  0s] CopyFiles /Users/lucas-furini/repos/checkout/unity/builds/ios/Il2CppOutputProject/IL2CPP/libmono/config/eglib-config.h
[3156/3206  0s] CopyFiles /Users/lucas-furini/repos/checkout/unity/builds/ios/Il2CppOutputProject/IL2CPP/libmono/config/config.h
[3157/3206  0s] CopyFiles /Users/lucas-furini/repos/checkout/unity/builds/ios/Il2CppOutputProject/IL2CPP/libmono/config/il2cpp-config-mono-android.h
[3158/3206  0s] CopyFiles /Users/lucas-furini/repos/checkout/unity/builds/ios/Il2CppOutputProject/IL2CPP/libmono/config/il2cpp-config-mono-ios.h
[3159/3206  0s] CopyFiles /Users/lucas-furini/repos/checkout/unity/builds/ios/Il2CppOutputProject/IL2CPP/libmono/config/il2cpp-config-mono-linux.h
[3160/3206  0s] CopyFiles /Users/lucas-furini/repos/checkout/unity/builds/ios/Il2CppOutputProject/IL2CPP/libmono/config/il2cpp-config-mono-osx.h
[3161/3206  0s] CopyFiles /Users/lucas-furini/repos/checkout/unity/builds/ios/Il2CppOutputProject/IL2CPP/libmono/config/il2cpp-config-mono-web.h
[3162/3206  0s] CopyFiles /Users/lucas-furini/repos/checkout/unity/builds/ios/Il2CppOutputProject/IL2CPP/libmono/config/il2cpp-config-mono-win.h
[3163/3206  0s] CopyFiles /Users/lucas-furini/repos/checkout/unity/builds/ios/Il2CppOutputProject/IL2CPP/libmono/config/il2cpp-config-mono.h
[3164/3206  0s] CopyFiles /Users/lucas-furini/repos/checkout/unity/builds/ios/Il2CppOutputProject/IL2CPP/il2cpp_root
[3165/3206  0s] CopyFiles /Users/lucas-furini/repos/checkout/unity/builds/ios/Il2CppOutputProject/IL2CPP/BeeLocalCacheTool
[3166/3206  0s] WriteText /Users/lucas-furini/repos/checkout/unity/builds/ios/Libraries/Il2CppOptions.cpp
[3167/3206  0s] WriteText /Users/lucas-furini/repos/checkout/unity/builds/ios/Libraries/RegisterFeatures.cpp
[3168/3206  0s] CopyFiles /Users/lucas-furini/repos/checkout/unity/builds/ios/Libraries/RegisterFeatures.h
[3169/3206  0s] WriteText /Users/lucas-furini/repos/checkout/unity/builds/ios/Classes/CrashReporter.h
[3170/3206  0s] WriteText /Users/lucas-furini/repos/checkout/unity/builds/ios/Classes/Preprocessor.h
[3171/3206  0s] CopyFiles /Users/lucas-furini/repos/checkout/unity/builds/ios/LaunchScreen-iPhone.storyboard
[3172/3206  0s] CopyFiles /Users/lucas-furini/repos/checkout/unity/builds/ios/LaunchScreen-iPhonePortrait.png
[3173/3206  0s] CopyFiles /Users/lucas-furini/repos/checkout/unity/builds/ios/LaunchScreen-iPhoneLandscape.png
[3174/3206  0s] CopyFiles /Users/lucas-furini/repos/checkout/unity/builds/ios/LaunchScreen-iPad.storyboard
[3175/3206  0s] CopyFiles /Users/lucas-furini/repos/checkout/unity/builds/ios/LaunchScreen-iPad.png
[3176/3206  0s] WriteText /Users/lucas-furini/repos/checkout/unity/builds/ios/Info.plist
[3177/3206  0s] CopyFiles /Users/lucas-furini/repos/checkout/unity/builds/ios/Classes/PluginBase/RenderPluginDelegate.h
[3178/3206  0s] CopyFiles /Users/lucas-furini/repos/checkout/unity/builds/ios/Unity-iPhone/Images.xcassets/AppIcon.appiconset/Icon-iPad-76.png
[3179/3206  0s] CopyFiles /Users/lucas-furini/repos/checkout/unity/builds/ios/Unity-iPhone/Images.xcassets/AppIcon.appiconset/Icon-iPhone-120.png
[3180/3206  0s] CopyFiles /Users/lucas-furini/repos/checkout/unity/builds/ios/Unity-iPhone/Images.xcassets/AppIcon.appiconset/Icon-iPad-152.png
[3181/3206  0s] CopyFiles /Users/lucas-furini/repos/checkout/unity/builds/ios/Unity-iPhone/Images.xcassets/AppIcon.appiconset/Icon-iPhone-180.png
[3182/3206  0s] CopyFiles /Users/lucas-furini/repos/checkout/unity/builds/ios/Unity-iPhone/Images.xcassets/AppIcon.appiconset/Icon-iPad-167.png
[3183/3206  0s] WriteText /Users/lucas-furini/repos/checkout/unity/builds/ios/Unity-iPhone/Images.xcassets/AppIcon.appiconset/Contents.json
[3184/3206  0s] WriteText /Users/lucas-furini/repos/checkout/unity/builds/ios/Unity-iPhone.xcodeproj/project.pbxproj
[3185/3206  0s] CopyFiles /Users/lucas-furini/repos/checkout/unity/builds/ios/Libraries/Plugins/iOS/NativeCallProxy.mm
[3186/3206  0s] Update Xcode Scheme /Users/lucas-furini/repos/checkout/unity/builds/ios/Unity-iPhone.xcodeproj/xcshareddata/xcschemes/Unity-iPhone.xcscheme
[3187/3206  0s] CopyFiles /Users/lucas-furini/repos/checkout/unity/builds/ios/Data/sharedassets0.assets.resS
[3188/3206  0s] CopyFiles /Users/lucas-furini/repos/checkout/unity/builds/ios/Libraries/Plugins/iOS/NativeCallProxy.h
[3189/3206  0s] CopyFiles /Users/lucas-furini/repos/checkout/unity/builds/ios/Data/sharedassets0.assets
[3190/3206  0s] CopyFiles /Users/lucas-furini/repos/checkout/unity/builds/ios/Data/Resources/unity_builtin_extra
[3191/3206  0s] CopyFiles /Users/lucas-furini/repos/checkout/unity/builds/ios/Data/RuntimeInitializeOnLoads.json
[3192/3206  0s] CopyFiles /Users/lucas-furini/repos/checkout/unity/builds/ios/Data/ScriptingAssemblies.json
[3193/3206  0s] CopyFiles /Users/lucas-furini/repos/checkout/unity/builds/ios/Data/resources.assets
[3194/3206  0s] CopyFiles /Users/lucas-furini/repos/checkout/unity/builds/ios/Classes/PluginBase/LifeCycleListener.h
[3195/3206  0s] CopyFiles /Users/lucas-furini/repos/checkout/unity/builds/ios/Data/level0
[3196/3206  0s] CopyFiles /Users/lucas-furini/repos/checkout/unity/builds/ios/Data/globalgamemanagers.assets.resS
[3197/3206  0s] CopyFiles /Users/lucas-furini/repos/checkout/unity/builds/ios/Data/globalgamemanagers.assets
[3198/3206  0s] CopyFiles /Users/lucas-furini/repos/checkout/unity/builds/ios/Data/globalgamemanagers
[3199/3206 12s] CopyFiles /Users/lucas-furini/repos/checkout/unity/builds/ios/Il2CppOutputProject/IL2CPP/build/deploy_arm64/System.Linq.Parallel.dll
[3200/3206 13s] CopyFiles /Users/lucas-furini/repos/checkout/unity/builds/ios/Il2CppOutputProject/IL2CPP/build/deploy_arm64/System.Linq.Expressions.dll
[3201/3206  8s] CopyFiles /Users/lucas-furini/repos/checkout/unity/builds/ios/Il2CppOutputProject/IL2CPP/build/deploy_arm64/Microsoft.CSharp.dll
[3202/3206 10s] CopyFiles /Users/lucas-furini/repos/checkout/unity/builds/ios/Il2CppOutputProject/IL2CPP/build/deploy_arm64/System.ComponentModel.TypeConverter.dll
[3203/3206 10s] CopyFiles /Users/lucas-furini/repos/checkout/unity/builds/ios/Il2CppOutputProject/IL2CPP/build/deploy_arm64/Microsoft.VisualBasic.Core.dll
[3204/3206 12s] CopyFiles /Users/lucas-furini/repos/checkout/unity/builds/ios/Il2CppOutputProject/IL2CPP/build/deploy_arm64/System.Collections.Immutable.dll
[3205/3206 13s] CopyFiles /Users/lucas-furini/repos/checkout/unity/builds/ios/Il2CppOutputProject/IL2CPP/build/deploy_arm64/System.Data.Common.dll
*** Tundra build success (46.41 seconds), 3118 items updated, 3206 evaluated
ExitCode: 0 Duration: 46s
[Licensing::Client] Successfully resolved entitlement details
Total cache size 268318716
Total cache size after purge 268318716, took 00:00:00.4607848
Refreshing native plugins compatible for Editor in 3.76 ms, found 0 plugins.

-------------------------------------------------------------------------------
Build Report
Uncompressed usage by category (Percentages based on user generated assets only):
Textures               5.7 mb	 14.6% 
Meshes                 23.8 mb	 60.9% 
Animations             9.0 mb	 23.1% 
Sounds                 0.0 kb	 0.0% 
Shaders                90.6 kb	 0.2% 
Other Assets           349.9 kb	 0.9% 
Levels                 81.5 kb	 0.2% 
File headers           10.7 kb	 0.0% 
Total User Assets      39.0 mb	 100.0% 
Complete build size    909.6 mb
Used Assets and files from the Resources folder, sorted by uncompressed size:
 12.7 mb	 1.4% Assets/Art/Models/MarketWorld.fbx
 4.0 mb	 0.4% Assets/Art/Textures/MarketAtlas.png
 1.9 mb	 0.2% Assets/Art/Characters/Worker_Baker.fbx
 1.9 mb	 0.2% Assets/Art/Characters/Customer_03.fbx
 1.9 mb	 0.2% Assets/Art/Characters/Worker_Fishmonger.fbx
 1.9 mb	 0.2% Assets/Art/Characters/Worker_Butcher.fbx
 1.8 mb	 0.2% Assets/Art/Characters/Worker_Stocker.fbx
 1.8 mb	 0.2% Assets/Art/Characters/Customer_04.fbx
 1.8 mb	 0.2% Assets/Art/Characters/Worker_Cashier.fbx
 1.8 mb	 0.2% Assets/Art/Characters/Customer_01.fbx
 1.8 mb	 0.2% Assets/Art/Characters/Customer_02.fbx
 1.8 mb	 0.2% Assets/Art/Characters/Customer_05.fbx
 1.8 mb	 0.2% Assets/Art/Characters/Worker_Delivery.fbx
 1.2 mb	 0.1% Built-in Texture2D: Splash Screen Unity Logo
 571.7 kb	 0.1% Resources/unity_builtin_extra
 270.8 kb	 0.0% Assets/Resources/MarketRegular.ttf
 49.0 kb	 0.0% Assets/Resources/CheckoutFredoka.ttf
 27.8 kb	 0.0% Assets/Resources/MarketBold.ttf
 26.7 kb	 0.0% Assets/Art/MarketToon.shader
 4.7 kb	 0.0% Assets/Art/MarketSharpness.shader
 0.9 kb	 0.0% Assets/Resources/CheckoutSurface.mat
 0.4 kb	 0.0% Built-in Sprite: 
 0.3 kb	 0.0% Assets/Art/Materials/Glass.mat
 0.2 kb	 0.0% Assets/Art/Materials/MarketPaint.mat
 0.2 kb	 0.0% Packages/com.unity.multiplayer.center/Common/IOnboardingSectionAnalyticsProvider.cs
 0.1 kb	 0.0% Packages/com.unity.multiplayer.center/Common/SelectedSolutionsData.cs
 0.1 kb	 0.0% Packages/com.unity.ugui/Runtime/UGUI/EventSystem/UIElements/UIToolkitInteroperabilityBridge.cs
 0.1 kb	 0.0% Packages/com.unity.multiplayer.center/Common/IOnboardingSection.cs
 0.1 kb	 0.0% Packages/com.unity.ugui/Runtime/TMP/TMP_SpriteAssetImportFormats.cs
 0.1 kb	 0.0% Packages/com.unity.multiplayer.center/Common/StyleConstants.cs
 0.1 kb	 0.0% Packages/com.unity.ugui/Runtime/UGUI/UI/Core/Layout/HorizontalOrVerticalLayoutGroup.cs
 0.1 kb	 0.0% Packages/com.unity.ugui/Runtime/TMP/TMP_DynamicFontAssetUtilities.cs
 0.1 kb	 0.0% Packages/com.unity.ai.assistant/Modules/Unity.AI.MCP.Runtime/Serialization/UnityTypeConverters.cs
 0.1 kb	 0.0% Packages/com.unity.ugui/Runtime/UGUI/EventSystem/UIElements/WorldDocumentRaycaster.cs
 0.1 kb	 0.0% Packages/com.unity.ugui/Runtime/UGUI/EventSystem/InputModules/StandaloneInputModule.cs
 0.1 kb	 0.0% Packages/com.unity.multiplayer.center/Common/AnswerData.cs
 0.1 kb	 0.0% Packages/com.unity.ugui/Runtime/TMP/TMP_ScrollbarEventHandler.cs
 0.1 kb	 0.0% Packages/com.unity.ugui/Runtime/TMP/TMP_PackageResourceImporter.cs
 0.1 kb	 0.0% Packages/com.unity.ugui/Runtime/InternalBridge/ObjectUtilsBridge.cs
 0.1 kb	 0.0% Packages/com.unity.ugui/Runtime/UGUI/UI/Core/Utility/ReflectionMethodsCache.cs
 0.1 kb	 0.0% Packages/com.unity.ugui/Runtime/UGUI/UI/Core/MultipleDisplayUtilities.cs
 0.1 kb	 0.0% Packages/com.unity.ugui/Runtime/UGUI/UI/Core/Layout/HorizontalLayoutGroup.cs
 0.1 kb	 0.0% Packages/com.unity.ugui/Runtime/UGUI/UI/Core/IGraphicEnabledDisabled.cs
 0.1 kb	 0.0% Packages/com.unity.ugui/Runtime/UGUI/UI/Core/GraphicRebuildTracker.cs
 0.1 kb	 0.0% Packages/com.unity.ugui/Runtime/UGUI/UI/Core/Culling/RectangularVertexClipper.cs
 0.1 kb	 0.0% Packages/com.unity.ugui/Runtime/UGUI/EventSystem/UIElements/PanelEventHandler.cs
 0.1 kb	 0.0% Packages/com.unity.ugui/Runtime/UGUI/EventSystem/Raycasters/Physics2DRaycaster.cs
 0.1 kb	 0.0% Packages/com.unity.ugui/Runtime/UGUI/EventSystem/InputModules/PointerInputModule.cs
 0.1 kb	 0.0% Packages/com.unity.ai.assistant/Modules/Unity.AI.Tracing/TraceSinkConfigManager.cs
 0.1 kb	 0.0% Packages/com.unity.ai.assistant/Modules/Unity.AI.Tracing/TraceConfigFileWriter.cs
 0.1 kb	 0.0% Packages/com.unity.ugui/Runtime/UGUI/UI/Animation/CoroutineTween.cs
 0.1 kb	 0.0% Packages/com.unity.ugui/Runtime/UGUI/EventSystem/EventInterfaces.cs
 0.1 kb	 0.0% Packages/com.unity.ugui/Runtime/TMP/TMPro_ExtensionMethods.cs
 0.1 kb	 0.0% Packages/com.unity.ugui/Runtime/TMP/TMP_TextParsingUtilities.cs
 0.1 kb	 0.0% Packages/com.unity.ugui/Runtime/TMP/TMP_TextElement_Legacy.cs
 0.1 kb	 0.0% Packages/com.unity.ugui/Runtime/TMP/TMP_FontAssetUtilities.cs
 0.1 kb	 0.0% Packages/com.unity.ugui/Runtime/TMP/MaterialReferenceManager.cs
 0.1 kb	 0.0% Packages/com.unity.ugui/Runtime/TMP/FontFeatureCommonGSUB.cs
 0.1 kb	 0.0% Packages/com.unity.ai.assistant/Modules/Unity.AI.Tracing/AssemblyInfo.cs
 0.1 kb	 0.0% Assets/Scripts/MarketCharacterMotion.cs
 0.1 kb	 0.0% Assets/Scripts/MarketCharacterAnimator.cs
 0.1 kb	 0.0% Packages/com.unity.ugui/Runtime/UGUI/UI/Core/SetPropertyUtility.cs
 0.1 kb	 0.0% Packages/com.unity.ugui/Runtime/UGUI/UI/Core/MaterialModifiers/IMaterialModifier.cs
 0.1 kb	 0.0% Packages/com.unity.ugui/Runtime/UGUI/UI/Core/Layout/VerticalLayoutGroup.cs
 0.1 kb	 0.0% Packages/com.unity.ugui/Runtime/UGUI/UI/Core/Layout/ContentSizeFitter.cs
 0.1 kb	 0.0% Packages/com.unity.ugui/Runtime/UGUI/UI/Core/Layout/AspectRatioFitter.cs
 0.1 kb	 0.0% Packages/com.unity.ugui/Runtime/UGUI/UI/Core/FontUpdateTracker.cs
 0.1 kb	 0.0% Packages/com.unity.ugui/Runtime/UGUI/UI/Core/CanvasUpdateRegistry.cs
 0.1 kb	 0.0% Packages/com.unity.ugui/Runtime/UGUI/UI/Core/AnimationTriggers.cs
 0.1 kb	 0.0% Packages/com.unity.ugui/Runtime/UGUI/EventSystem/UIElements/PanelRaycaster.cs
 0.1 kb	 0.0% Packages/com.unity.ugui/Runtime/UGUI/EventSystem/Raycasters/PhysicsRaycaster.cs
 0.1 kb	 0.0% Packages/com.unity.ugui/Runtime/UGUI/EventSystem/Raycasters/BaseRaycaster.cs
 0.1 kb	 0.0% Packages/com.unity.ugui/Runtime/UGUI/EventSystem/RaycasterManager.cs
 0.1 kb	 0.0% Packages/com.unity.ugui/Runtime/UGUI/EventSystem/RaycastResult.cs
 0.1 kb	 0.0% Packages/com.unity.ugui/Runtime/UGUI/EventSystem/InputModules/TouchInputModule.cs
 0.1 kb	 0.0% Packages/com.unity.ugui/Runtime/UGUI/EventSystem/InputModules/BaseInputModule.cs
 0.1 kb	 0.0% Packages/com.unity.ugui/Runtime/UGUI/EventSystem/ExecuteEvents.cs
 0.1 kb	 0.0% Packages/com.unity.ugui/Runtime/UGUI/EventSystem/EventData/PointerEventData.cs
 0.1 kb	 0.0% Packages/com.unity.ugui/Runtime/UGUI/EventSystem/EventData/BaseEventData.cs
 0.1 kb	 0.0% Packages/com.unity.ugui/Runtime/UGUI/EventSystem/EventData/AxisEventData.cs
 0.1 kb	 0.0% Packages/com.unity.ugui/Runtime/TMP/TMP_TextProcessingStack.cs
 0.1 kb	 0.0% Packages/com.unity.ugui/Runtime/TMP/TMP_FontFeaturesCommon.cs
 0.1 kb	 0.0% Packages/com.unity.ugui/Runtime/TMP/TMPro_EventManager.cs
 0.1 kb	 0.0% Packages/com.unity.ugui/Runtime/TMP/TMP_UpdateRegistery.cs
 0.1 kb	 0.0% Packages/com.unity.ugui/Runtime/TMP/TMP_UpdateManager.cs
 0.1 kb	 0.0% Packages/com.unity.ugui/Runtime/TMP/TMP_TextUtilities.cs
 0.1 kb	 0.0% Packages/com.unity.ugui/Runtime/TMP/TMP_TextProcessingCommon.cs
 0.1 kb	 0.0% Packages/com.unity.ugui/Runtime/TMP/TMP_SpriteCharacter.cs
 0.1 kb	 0.0% Packages/com.unity.ugui/Runtime/TMP/TMP_SpriteAnimator.cs
 0.1 kb	 0.0% Packages/com.unity.ugui/Runtime/TMP/TMP_SelectionCaret.cs
 0.1 kb	 0.0% Packages/com.unity.ugui/Runtime/TMP/TMP_ResourcesManager.cs
 0.1 kb	 0.0% Packages/com.unity.ugui/Runtime/TMP/TMP_MaterialManager.cs
 0.1 kb	 0.0% Packages/com.unity.ugui/Runtime/TMP/TMP_InputValidator.cs
 0.1 kb	 0.0% Packages/com.unity.ugui/Runtime/TMP/TMP_FontFeatureTable.cs
 0.1 kb	 0.0% Packages/com.unity.ugui/Runtime/TMP/TMP_DefaultControls.cs
 0.1 kb	 0.0% Packages/com.unity.ugui/Runtime/TMP/TMP_Compatibility.cs
 0.1 kb	 0.0% Packages/com.unity.ugui/Runtime/TMP/TMP_ColorGradient.cs
 0.1 kb	 0.0% Packages/com.unity.ugui/Runtime/TMP/TMP_CharacterInfo.cs
 0.1 kb	 0.0% Packages/com.unity.ugui/Runtime/TMP/ITextPreProcessor.cs
 0.1 kb	 0.0% Packages/com.unity.ugui/Runtime/TMP/FontFeatureCommonGPOS.cs
 0.1 kb	 0.0% Packages/com.unity.ugui/Runtime/InternalBridge/TMPHelpURL.cs
 0.1 kb	 0.0% Assets/Scripts/MarketAmbientLife.cs
 0.1 kb	 0.0% Packages/com.unity.ugui/Runtime/UGUI/UI/Core/VertexModifiers/PositionAsUV1.cs
 0.1 kb	 0.0% Packages/com.unity.ugui/Runtime/UGUI/UI/Core/VertexModifiers/IMeshModifier.cs
 0.1 kb	 0.0% Packages/com.unity.ugui/Runtime/UGUI/UI/Core/VertexModifiers/BaseMeshEffect.cs
 0.1 kb	 0.0% Packages/com.unity.ugui/Runtime/UGUI/UI/Core/StencilMaterial.cs
 0.1 kb	 0.0% Packages/com.unity.ugui/Runtime/UGUI/UI/Core/RaycastReceiver.cs
 0.1 kb	 0.0% Packages/com.unity.ugui/Runtime/UGUI/UI/Core/MaskableGraphic.cs
 0.1 kb	 0.0% Packages/com.unity.ugui/Runtime/UGUI/UI/Core/MaskUtilities.cs
 0.1 kb	 0.0% Packages/com.unity.ugui/Runtime/UGUI/UI/Core/Layout/LayoutUtility.cs
 0.1 kb	 0.0% Packages/com.unity.ugui/Runtime/UGUI/UI/Core/Layout/LayoutRebuilder.cs
 0.1 kb	 0.0% Packages/com.unity.ugui/Runtime/UGUI/UI/Core/Layout/LayoutElement.cs
 0.1 kb	 0.0% Packages/com.unity.ugui/Runtime/UGUI/UI/Core/Layout/ILayoutElement.cs
 0.1 kb	 0.0% Packages/com.unity.ugui/Runtime/UGUI/UI/Core/Layout/GridLayoutGroup.cs
 0.1 kb	 0.0% Packages/com.unity.ugui/Runtime/UGUI/UI/Core/GraphicRegistry.cs
 0.1 kb	 0.0% Packages/com.unity.ugui/Runtime/UGUI/UI/Core/GraphicRaycaster.cs
 0.1 kb	 0.0% Packages/com.unity.ugui/Runtime/UGUI/UI/Core/DefaultControls.cs
 0.1 kb	 0.0% Packages/com.unity.ugui/Runtime/UGUI/UI/Core/Culling/ClipperRegistry.cs
 0.1 kb	 0.0% Packages/com.unity.ugui/Runtime/UGUI/EventSystem/UIBehaviour.cs
 0.1 kb	 0.0% Packages/com.unity.ugui/Runtime/UGUI/EventSystem/InputModules/BaseInput.cs
 0.1 kb	 0.0% Packages/com.unity.ugui/Runtime/UGUI/EventSystem/EventTrigger.cs
 0.1 kb	 0.0% Packages/com.unity.ugui/Runtime/UGUI/EventSystem/EventSystem.cs
 0.1 kb	 0.0% Packages/com.unity.ugui/Runtime/TMP/TMPro_MeshUtilities.cs
 0.1 kb	 0.0% Packages/com.unity.ugui/Runtime/TMP/TMP_ShaderUtilities.cs
 0.1 kb	 0.0% Packages/com.unity.ugui/Runtime/TMP/TMP_RichTextTagsCommon.cs
 0.1 kb	 0.0% Packages/com.unity.ugui/Runtime/TMP/TMP_FontAssetCommon.cs
 0.1 kb	 0.0% Packages/com.unity.ai.assistant/Modules/Unity.AI.Tracing/TraceCategories.cs
 0.1 kb	 0.0% Packages/com.unity.ugui/Runtime/TMP/TextMeshProUGUI.cs
 0.1 kb	 0.0% Packages/com.unity.ugui/Runtime/TMP/TextContainer.cs
 0.1 kb	 0.0% Packages/com.unity.ugui/Runtime/TMP/TMP_TextElement.cs
 0.1 kb	 0.0% Packages/com.unity.ugui/Runtime/TMP/TMP_SubMeshUI.cs
 0.1 kb	 0.0% Packages/com.unity.ugui/Runtime/TMP/TMP_StyleSheet.cs
 0.1 kb	 0.0% Packages/com.unity.ugui/Runtime/TMP/TMP_SpriteGlyph.cs
 0.1 kb	 0.0% Packages/com.unity.ugui/Runtime/TMP/TMP_SpriteAsset.cs
 0.1 kb	 0.0% Packages/com.unity.ugui/Runtime/TMP/TMP_InputField.cs
 0.1 kb	 0.0% Packages/com.unity.ugui/Runtime/TMP/TMP_FontAsset.cs
 0.1 kb	 0.0% Packages/com.unity.ugui/Runtime/TMP/TMP_CoroutineTween.cs
 0.1 kb	 0.0% Packages/com.unity.ugui/Runtime/TMP/TMP_Character.cs
 0.1 kb	 0.0% Packages/com.unity.ai.assistant/Modules/Unity.AI.Tracing/TraceTypes.cs
 0.1 kb	 0.0% Assets/Scripts/MarketSimulation.cs
 0.1 kb	 0.0% Assets/Scripts/MarketSharpness.cs
 0.1 kb	 0.0% Assets/Scripts/MarketPlaytest.cs
 0.1 kb	 0.0% Assets/Scripts/MarketEconomy.cs
 0.1 kb	 0.0% Assets/Scripts/DepartmentTarget.cs
 0.1 kb	 0.0% Packages/com.unity.ugui/Runtime/UGUI/UI/Core/Utility/VertexHelper.cs
 0.1 kb	 0.0% Packages/com.unity.ugui/Runtime/UGUI/UI/Core/ToggleGroup.cs
 0.1 kb	 0.0% Packages/com.unity.ugui/Runtime/UGUI/UI/Core/SpriteState.cs
 0.1 kb	 0.0% Packages/com.unity.ugui/Runtime/UGUI/UI/Core/Selectable.cs
 0.1 kb	 0.0% Packages/com.unity.ugui/Runtime/UGUI/UI/Core/Scrollbar.cs
 0.1 kb	 0.0% Packages/com.unity.ugui/Runtime/UGUI/UI/Core/ScrollRect.cs
 0.1 kb	 0.0% Packages/com.unity.ugui/Runtime/UGUI/UI/Core/RectMask2D.cs
 0.1 kb	 0.0% Packages/com.unity.ugui/Runtime/UGUI/UI/Core/Navigation.cs
 0.1 kb	 0.0% Packages/com.unity.ugui/Runtime/UGUI/UI/Core/Layout/LayoutGroup.cs
 0.1 kb	 0.0% Packages/com.unity.ugui/Runtime/UGUI/UI/Core/Layout/CanvasScaler.cs
 0.1 kb	 0.0% Packages/com.unity.ugui/Runtime/UGUI/UI/Core/InputField.cs
 0.1 kb	 0.0% Packages/com.unity.ugui/Runtime/UGUI/UI/Core/IMaskable.cs
 0.1 kb	 0.0% Packages/com.unity.ugui/Runtime/UGUI/UI/Core/ColorBlock.cs
 0.1 kb	 0.0% Packages/com.unity.ai.assistant/Modules/Unity.AI.Tracing/TraceWriter.cs
 0.1 kb	 0.0% Packages/com.unity.ai.assistant/Modules/Unity.AI.Tracing/TraceLogger.cs
 0.1 kb	 0.0% Packages/com.unity.ai.assistant/Modules/Unity.AI.Tracing/TraceLogDir.cs
 0.1 kb	 0.0% Assets/Scripts/Checkout/CheckoutWalker.cs
 0.1 kb	 0.0% Assets/Scripts/Checkout/CheckoutBridge.cs
 0.1 kb	 0.0% Packages/com.unity.ugui/Runtime/UGUI/UI/Core/Culling/IClipRegion.cs
 0.1 kb	 0.0% Packages/com.unity.ugui/Runtime/TMP/TextMeshPro.cs
 0.1 kb	 0.0% Packages/com.unity.ugui/Runtime/TMP/TMP_TextInfo.cs
 0.1 kb	 0.0% Packages/com.unity.ugui/Runtime/TMP/TMP_SubMesh.cs
 0.1 kb	 0.0% Packages/com.unity.ugui/Runtime/TMP/TMP_Style.cs
 0.1 kb	 0.0% Packages/com.unity.ugui/Runtime/TMP/TMP_Sprite.cs
 0.1 kb	 0.0% Packages/com.unity.ugui/Runtime/TMP/TMP_Settings.cs
 0.1 kb	 0.0% Packages/com.unity.ugui/Runtime/TMP/TMP_MeshInfo.cs
 0.1 kb	 0.0% Packages/com.unity.ugui/Runtime/TMP/TMP_LineInfo.cs
 0.1 kb	 0.0% Packages/com.unity.ugui/Runtime/TMP/TMP_Dropdown.cs
 0.1 kb	 0.0% Packages/com.unity.ugui/Runtime/TMP/TMP_Asset.cs
 0.1 kb	 0.0% Packages/com.unity.ugui/Runtime/TMP/FastAction.cs
 0.1 kb	 0.0% Packages/com.unity.ai.assistant/Modules/Unity.AI.Tracing/TraceSinks.cs
 0.1 kb	 0.0% Assets/Scripts/MarketHUD.cs
 0.1 kb	 0.0% Packages/com.unity.ugui/Runtime/UGUI/UI/Core/VertexModifiers/Shadow.cs
 0.1 kb	 0.0% Packages/com.unity.ugui/Runtime/UGUI/UI/Core/VertexModifiers/Outline.cs
 0.1 kb	 0.0% Packages/com.unity.ugui/Runtime/UGUI/UI/Core/Toggle.cs
 0.1 kb	 0.0% Packages/com.unity.ugui/Runtime/UGUI/UI/Core/Slider.cs
 0.1 kb	 0.0% Packages/com.unity.ugui/Runtime/UGUI/UI/Core/RawImage.cs
 0.1 kb	 0.0% Packages/com.unity.ugui/Runtime/UGUI/UI/Core/Image.cs
 0.1 kb	 0.0% Packages/com.unity.ugui/Runtime/UGUI/UI/Core/IMask.cs
 0.1 kb	 0.0% Packages/com.unity.ugui/Runtime/UGUI/UI/Core/Graphic.cs
 0.1 kb	 0.0% Packages/com.unity.ugui/Runtime/UGUI/UI/Core/FontData.cs
 0.1 kb	 0.0% Packages/com.unity.ugui/Runtime/UGUI/UI/Core/Dropdown.cs
 0.1 kb	 0.0% Packages/com.unity.ugui/Runtime/UGUI/UI/Core/Culling/Clipping.cs
 0.1 kb	 0.0% Packages/com.unity.ugui/Runtime/UGUI/UI/Core/Button.cs
 0.1 kb	 0.0% Packages/com.unity.ai.assistant/Modules/Unity.AI.Tracing/Trace.cs
 0.1 kb	 0.0% Assets/Scripts/Checkout/CheckoutSnapshot.cs
 0.1 kb	 0.0% Assets/Scripts/Checkout/CheckoutMap.cs
 0.1 kb	 0.0% Assets/ButtonBehavior.cs
 0.1 kb	 0.0% Packages/com.unity.ugui/Runtime/TMP/TMP_Text.cs
 0.1 kb	 0.0% Packages/com.unity.ugui/Runtime/UGUI/UI/Core/Text.cs
 0.1 kb	 0.0% Packages/com.unity.ugui/Runtime/UGUI/UI/Core/Misc.cs
 0.1 kb	 0.0% Packages/com.unity.ugui/Runtime/UGUI/UI/Core/Mask.cs
-------------------------------------------------------------------------------
Unloading 24 Unused Serialized files (Serialized files now loaded: 0)
Unloading 95 unused Assets / (421.1 KB). Loaded Objects now: 3242.
Memory consumption went from 196.3 MB to 195.9 MB.
Total: 15.748250 ms (FindLiveObjects: 0.100333 ms CreateObjectMapping: 0.141500 ms MarkObjects: 15.231125 ms  DeleteObjects: 0.274833 ms)

Build Finished, Result: Success.
##utp:{"success":true,"type":"PlayerBuildInfo","version":2,"phase":"Immediate","time":1788726525728,"processId":37306,"steps":[{"description":"Preprocess Player","duration":10},{"description":"Prepare For Build","duration":10},{"description":"ProducePlayerScriptAssemblies","duration":1901},{"description":"Verify Build setup","duration":24},{"description":"Prepare assets for target platform","duration":1186},{"description":"Prepare splash screen","duration":4},{"description":"Build scripts DLLs","duration":10},{"description":"Building scenes","duration":52},{"description":"Build GlobalGameManagers file","duration":73},{"description":"Writing asset files","duration":545},{"description":"Building Resources/unity_builtin_extra","duration":1991},{"description":"Write data build dirty tracking information","duration":35},{"description":"Postprocess built player","duration":52933}],"duration":58774}
Unloading 0 Unused Serialized files (Serialized files now loaded: 0)
Loaded scene 'Temp/__Backupscenes/0.backup'
	Deserialize:            3.206 ms
	Integration:            45.236 ms
	Integration of assets:  0.001 ms
	Thread Wait Time:       0.006 ms
	Total Operation Time:   48.449 ms
Unloading 2 unused Assets / (37.6 KB). Loaded Objects now: 4098.
Memory consumption went from 216.0 MB to 215.9 MB.
Total: 15.860500 ms (FindLiveObjects: 0.156666 ms CreateObjectMapping: 0.161875 ms MarkObjects: 15.437750 ms  DeleteObjects: 0.103416 ms)

Launching external process: /Applications/Unity/Hub/Editor/6000.5.7f1/Unity.app/Contents/Resources/Scripting/il2cpp/build/deploy/Analytics
Thread 0x30141f000 may have been prematurely finalized
Batchmode quit successfully invoked - shutting down!
Thread 0x303b07000 may have been prematurely finalized
Input System module state changed to: ShutdownInProgress.
Input Polling Thread exited.
Input System module state changed to: Shutdown.
Shutting down MSBuild server...
Shutting down VB/C# compiler server...
[Physics::Module] Cleanup current backend.
[Physics::Module] Id: 0xf2b8ea05
[Licensing::IpcConnector] LicenseClient-lucas-furini-6000.5.7-notifications channel disconnected successfully.
[Licensing::IpcConnector] LicenseClient-lucas-furini-6000.5.7 channel disconnected successfully.
Thread 0x16c50b000 may have been prematurely finalized
VB/C# compiler server shut down successfully.
AcceleratorClientConnectionCallback - disconnected - :0
Thread 0x1702ff000 may have been prematurely finalized
info: Microsoft.Hosting.Lifetime[0]
      Application is shutting down...
Cleanup mono
CodeReloadManager destroyed
MSBuild server shut down successfully.
debugger-agent: Unable to listen on 44
[usbmuxd] Stop listen thread
[usbmuxd] Error: 
[usbmuxd] Listen thread exiting
Exiting batchmode successfully now!
[Package Manager] Server process was shutdown
