Unity Editor version:    6000.5.7f1 (017862109af0)
Branch:                  6000.5/staging
Build type:              Release
Batch mode:              YES
macOS version:           Version 26.5.2 (Build 25F84)
Darwin version:          25.5.0
Architecture:            arm64
Running under Rosetta:   NO
Available memory:        36864 MB
Date:                    2026-09-10T15:04:40Z
[Licensing::Module] Trying to connect to existing licensing client channel...
[Licensing::IpcConnector] Successfully connected to: "LicenseClient-lucas-furini" at "2026-09-10T15:04:40.843475Z"
Launching external process: /Applications/Unity/Hub/Editor/6000.5.7f1/Unity.app/Contents/Helpers/PackageManager/Server/UnityPackageManager

COMMAND LINE ARGUMENTS:
/Applications/Unity/Hub/Editor/6000.5.7f1/Unity.app/Contents/MacOS/Unity
-batchmode
-quit
-projectPath
/Users/lucas-furini/repos/checkout/unity/CheckoutSimulator
-executeMethod
CheckoutVisualBuilder.IOS
-logFile
/Users/lucas-furini/repos/checkout/unity/parity-ios-build.log
Successfully changed project path to: /Users/lucas-furini/repos/checkout/unity/CheckoutSimulator
/Users/lucas-furini/repos/checkout/unity/CheckoutSimulator
[UnityMemory] Configuration Parameters - Can be set up in boot.config
    "memorysetup-temp-allocator-size-gi-baking-worker=262144"
    "memorysetup-temp-allocator-size-gi-baking-worker=262144"
    "memorysetup-temp-allocator-size-gi-baking-worker=262144"
    "memorysetup-temp-allocator-size-gi-baking-worker=262144"
    "memorysetup-temp-allocator-size-gi-baking-worker=262144"
    "memorysetup-temp-allocator-size-nav-mesh-worker=65536"
    "memorysetup-temp-allocator-size-audio-worker=65536"
    "memorysetup-temp-allocator-size-cloud-worker=32768"
    "memorysetup-allocator-temp-initial-block-size-main=262144"
    "memorysetup-allocator-temp-initial-block-size-worker=262144"
    "memorysetup-temp-allocator-size-preload-manager=33554432"
    "memorysetup-temp-allocator-size-gfx=262144"
    "memorysetup-temp-allocator-size-background-worker=32768"
    "memorysetup-temp-allocator-size-job-worker=262144"
    "memorysetup-bucket-allocator-granularity=16"
    "memorysetup-bucket-allocator-bucket-count=8"
    "memorysetup-bucket-allocator-block-size=33554432"
    "memorysetup-bucket-allocator-block-count=8"
    "memorysetup-main-allocator-block-size=16777216"
    "memorysetup-thread-allocator-block-size=16777216"
    "memorysetup-main-allocator-mimalloc-enabled=0"
    "memorysetup-gfx-main-allocator-block-size=16777216"
    "memorysetup-gfx-thread-allocator-block-size=16777216"
    "memorysetup-cache-allocator-block-size=4194304"
    "memorysetup-typetree-allocator-block-size=2097152"
    "memorysetup-profiler-bucket-allocator-granularity=16"
    "memorysetup-profiler-bucket-allocator-bucket-count=8"
    "memorysetup-profiler-bucket-allocator-block-size=33554432"
    "memorysetup-profiler-bucket-allocator-block-count=8"
    "memorysetup-profiler-allocator-block-size=16777216"
    "memorysetup-profiler-editor-allocator-block-size=1048576"
    "memorysetup-temp-allocator-size-main=16777216"
    "memorysetup-job-temp-allocator-block-size=2097152"
    "memorysetup-job-temp-allocator-block-size-background=1048576"
    "memorysetup-job-temp-allocator-reduction-small-platforms=262144"
Logging is directed to a specific file, skipping project log.Player connection [8420842880]  Target information:

Player connection [8420842880]  * "[IP] 10.60.18.41 [Port] 55504 [Flags] 2 [Guid] 850682583 [EditorId] 850682583 [Version] 1048832 [Id] OSXEditor(0,S24-LT1PYPMVF1) [Debug] 1 [PackageName] OSXEditor [ProjectName] Editor" 

Player connection [8420842880] Host joined multi-casting on [225.0.0.222:54997]...
Player connection [8420842880] Host joined alternative multi-casting on [225.0.0.222:34997]...
Input System module state changed to: Initialized.
[Physics::Module] Initialized fallback backend.
[Physics::Module] Id: 0xdecafbad
[Package Manager] Connected to IPC stream "Upm-40265" after 0.3 seconds.
[Licensing::Module] Licensing is not yet initialized.
[Licensing::Client] Error: HandshakeResponse reported an error:
	ResponseCode: 505
	ResponseStatus: Unsupported protocol version '1.18.1'.
[Licensing::Module] Error: Failed to handshake to channel: "LicenseClient-lucas-furini"
[Licensing::IpcConnector] LicenseClient-lucas-furini channel disconnected successfully.
[Licensing::IpcConnector] Channel LicenseClient-lucas-furini-6000.5.7 doesn't exist
Launching external process: /Applications/Unity/Hub/Editor/6000.5.7f1/Unity.app/Contents/Helpers/UnityLicensingClient.app/Contents/MacOS/Unity.Licensing.Client
[Licensing::Module] Successfully launched the LicensingClient (PId: 40301)
[Licensing::IpcConnector] Successfully connected to: "LicenseClient-lucas-furini-6000.5.7" at "2026-09-10T15:04:48.483481Z"
[Licensing::Client] Handshaking with LicensingClient:
  Version:                 1.18.1+9fbee8e
  Session Id:              051f3a255c2c45c1bbb7c649823d5347
  Correlation Id:          13a0367ffa7969850b8e322aabde411b
  External correlation Id: 622323818042410861
  Machine Id:              ndsxFgK9oCM6n9D0/BNZ1wKm9RU=
[Licensing::Module] Successfully connected to LicensingClient on channel: "LicenseClient-lucas-furini-6000.5.7" (connect: 1.95s, validation: 0.03s, handshake: 4.92s)
[Licensing::IpcConnector] Successfully connected to: "LicenseClient-lucas-furini-6000.5.7-notifications" at "2026-09-10T15:04:53.434288Z"
[Licensing::Module] Connected to LicensingClient (PId: 40301, launch time: 0.00, total connection time: 6.90s)
[Licensing::Module] Error: Access token is unavailable; failed to update
[Licensing::Client] Successfully resolved entitlement details
[Licensing::Module] License group:
  Id: 9072431765316-UnityPersXXXX
  Product: Unity Personal
  Type: Assigned
  Expiration: Unlimited
[Licensing::Client] Successfully updated license, isAsync: True, time: 0.01
[Licensing::Client] Successfully resolved entitlement details
[Licensing::Module] Licensing Background thread has ended after 12.70s
[Licensing::Module] Licensing is initialized (took 12.21s).
[Licensing::Client] Successfully resolved entitlement details
Library Redirect Path: Library/
[Physics::Module] Selected backend.
[Physics::Module] Name: PhysX
[Physics::Module] Id: 0xf2b8ea05
[Physics::Module] SDK Version: 4.1.2
[Physics::Module] Integration Version: 1.0.0
[Physics::Module] Threading Mode: Multi-Threaded
Initialize engine version: 6000.5.7f1 (017862109af0)
[Subsystems] Discovering subsystems at path /Applications/Unity/Hub/Editor/6000.5.7f1/Unity.app/Contents/Resources/UnitySubsystems
[Subsystems] Discovering subsystems at path /Users/lucas-furini/repos/checkout/unity/CheckoutSimulator/Assets
GfxDevice: creating device client; kGfxThreadingModeNonThreaded
 preferred device: Apple M3 Pro (high power)
Metal devices available: 1
0: Apple M3 Pro (high power)
Using device Apple M3 Pro (high power)
Initializing Metal device caps: Apple M3 Pro
Mac GPU Family: 2
Apple GPU Family: 9
MSL Version: 3.0
Has Float MSAA: 1
Has Float Filtering: 1
ReadWrite Texture Tier: 2
Initialize mono
Mono path[0] = '/Applications/Unity/Hub/Editor/6000.5.7f1/Unity.app/Contents/Resources/Scripting/Managed'
Mono path[1] = '/Applications/Unity/Hub/Editor/6000.5.7f1/Unity.app/Contents/Resources/Scripting/BCLExtensions/runtime/netstandard2.1'
Mono path[2] = '/Applications/Unity/Hub/Editor/6000.5.7f1/Unity.app/Contents/Resources/Scripting/MonoBleedingEdge/lib/mono/unityjit-macos'
Mono config path = '/Applications/Unity/Hub/Editor/6000.5.7f1/Unity.app/Contents/Resources/Scripting/MonoBleedingEdge/etc'
Using monoOptions --debugger-agent=transport=dt_socket,embedding=1,server=y,suspend=n,address=127.0.0.1:56265
CodeReloadManager initialized
ImportWorker Server TCP listen port: 0
AcceleratorClientConnectionCallback - disconnected - :0
Begin MonoManager ReloadAssembly
Registering precompiled unity dll's ...
Register platform support module: /Applications/Unity/Hub/Editor/6000.5.7f1/PlaybackEngines/MacStandaloneSupport/UnityEditor.OSXStandalone.Extensions.dll
[Licensing::Client] Successfully resolved entitlement details
Register platform support module: /Applications/Unity/Hub/Editor/6000.5.7f1/PlaybackEngines/iOSSupport/UnityEditor.iOS.Extensions.dll
Registered in 0.043901 seconds.
[usbmuxd] Start listen thread
[usbmuxd] Listen thread started
[usbmuxd] Send listen message
Native extension for iOS target not found
Native extension for OSXStandalone target not found
Package Manager log level set to [2]
ScheduleIndexationOnStartup MainProcess:False IndexOnStartup:True
Mono: successfully reloaded assembly
- Finished resetting the current domain, in  0.341 seconds
Domain Reload Profiling: 1291ms
	BeginReloadAssembly (542ms)
		CreateAndSetChildDomain (9ms)
	RebuildCommonClasses (3ms)
	RebuildNativeTypeToScriptingClass (16ms)
	initialDomainReloadingComplete (98ms)
	LoadAllAssembliesAndSetupDomain (290ms)
		LoadAssemblies (540ms)
		AnalyzeDomain (237ms)
			TypeCache.Refresh (236ms)
				TypeCache.ScanAssembly (223ms)
	FinalizeReload (342ms)
		SetupLoadedEditorAssemblies (0ms)
			InitializePlatformSupportModulesInManaged (68ms)
			BeforeProcessingInitializeOnLoad (55ms)
			ProcessInitializeOnLoadAttributes (64ms)
			ProcessInitializeOnLoadMethodAttributes (105ms)
[Licensing::Client] Successfully resolved entitlement details
Application.AssetDatabase Initial Refresh Start
[Package Manager] Restoring resolved packages state from cache
[Licensing::Client] Successfully resolved entitlement details
[Package Manager] Registered 46 packages:
  Packages from [https://packages.unity.com]:
    com.unity.2d.tilemap.extras@8.0.3 (location: /Users/lucas-furini/repos/checkout/unity/CheckoutSimulator/Library/PackageCache/com.unity.2d.tilemap.extras@a80140457adc)
    com.unity.ai.assistant@2.19.0-pre.2 (location: /Users/lucas-furini/repos/checkout/unity/CheckoutSimulator/Library/PackageCache/com.unity.ai.assistant@8d1e3e89e3a7)
    com.unity.nuget.mono-cecil@1.11.6 (location: /Users/lucas-furini/repos/checkout/unity/CheckoutSimulator/Library/PackageCache/com.unity.nuget.mono-cecil@ecb9724e46ff)
    com.unity.nuget.newtonsoft-json@3.2.2 (location: /Users/lucas-furini/repos/checkout/unity/CheckoutSimulator/Library/PackageCache/com.unity.nuget.newtonsoft-json@4dfd81071c64)
  Built-in packages:
    com.unity.multiplayer.center@1.0.1 (location: /Users/lucas-furini/repos/checkout/unity/CheckoutSimulator/Library/PackageCache/com.unity.multiplayer.center@b860850997d0)
    com.unity.ugui@2.5.0 (location: /Users/lucas-furini/repos/checkout/unity/CheckoutSimulator/Library/PackageCache/com.unity.ugui@67707a67a4ab)
    com.unity.modules.accessibility@1.0.0 (location: /Users/lucas-furini/repos/checkout/unity/CheckoutSimulator/Library/PackageCache/com.unity.modules.accessibility)
    com.unity.modules.adaptiveperformance@1.0.0 (location: /Users/lucas-furini/repos/checkout/unity/CheckoutSimulator/Library/PackageCache/com.unity.modules.adaptiveperformance)
    com.unity.modules.ai@1.0.0 (location: /Users/lucas-furini/repos/checkout/unity/CheckoutSimulator/Library/PackageCache/com.unity.modules.ai)
    com.unity.modules.androidjni@1.0.0 (location: /Users/lucas-furini/repos/checkout/unity/CheckoutSimulator/Library/PackageCache/com.unity.modules.androidjni)
    com.unity.modules.animation@1.0.0 (location: /Users/lucas-furini/repos/checkout/unity/CheckoutSimulator/Library/PackageCache/com.unity.modules.animation)
    com.unity.modules.assetbundle@1.0.0 (location: /Users/lucas-furini/repos/checkout/unity/CheckoutSimulator/Library/PackageCache/com.unity.modules.assetbundle)
    com.unity.modules.audio@1.0.0 (location: /Users/lucas-furini/repos/checkout/unity/CheckoutSimulator/Library/PackageCache/com.unity.modules.audio)
    com.unity.modules.cloth@1.0.0 (location: /Users/lucas-furini/repos/checkout/unity/CheckoutSimulator/Library/PackageCache/com.unity.modules.cloth)
    com.unity.modules.director@1.0.0 (location: /Users/lucas-furini/repos/checkout/unity/CheckoutSimulator/Library/PackageCache/com.unity.modules.director)
    com.unity.modules.imageconversion@1.0.0 (location: /Users/lucas-furini/repos/checkout/unity/CheckoutSimulator/Library/PackageCache/com.unity.modules.imageconversion)
    com.unity.modules.imgui@1.0.0 (location: /Users/lucas-furini/repos/checkout/unity/CheckoutSimulator/Library/PackageCache/com.unity.modules.imgui)
    com.unity.modules.jsonserialize@1.0.0 (location: /Users/lucas-furini/repos/checkout/unity/CheckoutSimulator/Library/PackageCache/com.unity.modules.jsonserialize)
    com.unity.modules.particlesystem@1.0.0 (location: /Users/lucas-furini/repos/checkout/unity/CheckoutSimulator/Library/PackageCache/com.unity.modules.particlesystem)
    com.unity.modules.physics@1.0.0 (location: /Users/lucas-furini/repos/checkout/unity/CheckoutSimulator/Library/PackageCache/com.unity.modules.physics)
    com.unity.modules.physics2d@1.0.0 (location: /Users/lucas-furini/repos/checkout/unity/CheckoutSimulator/Library/PackageCache/com.unity.modules.physics2d)
    com.unity.modules.physicscore2d@1.0.0 (location: /Users/lucas-furini/repos/checkout/unity/CheckoutSimulator/Library/PackageCache/com.unity.modules.physicscore2d)
    com.unity.modules.screencapture@1.0.0 (location: /Users/lucas-furini/repos/checkout/unity/CheckoutSimulator/Library/PackageCache/com.unity.modules.screencapture)
    com.unity.modules.terrain@1.0.0 (location: /Users/lucas-furini/repos/checkout/unity/CheckoutSimulator/Library/PackageCache/com.unity.modules.terrain)
    com.unity.modules.terrainphysics@1.0.0 (location: /Users/lucas-furini/repos/checkout/unity/CheckoutSimulator/Library/PackageCache/com.unity.modules.terrainphysics)
    com.unity.modules.tilemap@1.0.0 (location: /Users/lucas-furini/repos/checkout/unity/CheckoutSimulator/Library/PackageCache/com.unity.modules.tilemap)
    com.unity.modules.ui@1.0.0 (location: /Users/lucas-furini/repos/checkout/unity/CheckoutSimulator/Library/PackageCache/com.unity.modules.ui)
    com.unity.modules.uielements@1.0.0 (location: /Users/lucas-furini/repos/checkout/unity/CheckoutSimulator/Library/PackageCache/com.unity.modules.uielements)
    com.unity.modules.umbra@1.0.0 (location: /Users/lucas-furini/repos/checkout/unity/CheckoutSimulator/Library/PackageCache/com.unity.modules.umbra)
    com.unity.modules.unityanalytics@1.0.0 (location: /Users/lucas-furini/repos/checkout/unity/CheckoutSimulator/Library/PackageCache/com.unity.modules.unityanalytics)
    com.unity.modules.unitywebrequest@1.0.0 (location: /Users/lucas-furini/repos/checkout/unity/CheckoutSimulator/Library/PackageCache/com.unity.modules.unitywebrequest)
    com.unity.modules.unitywebrequestassetbundle@1.0.0 (location: /Users/lucas-furini/repos/checkout/unity/CheckoutSimulator/Library/PackageCache/com.unity.modules.unitywebrequestassetbundle)
    com.unity.modules.unitywebrequestaudio@1.0.0 (location: /Users/lucas-furini/repos/checkout/unity/CheckoutSimulator/Library/PackageCache/com.unity.modules.unitywebrequestaudio)
    com.unity.modules.unitywebrequesttexture@1.0.0 (location: /Users/lucas-furini/repos/checkout/unity/CheckoutSimulator/Library/PackageCache/com.unity.modules.unitywebrequesttexture)
    com.unity.modules.unitywebrequestwww@1.0.0 (location: /Users/lucas-furini/repos/checkout/unity/CheckoutSimulator/Library/PackageCache/com.unity.modules.unitywebrequestwww)
    com.unity.modules.vectorgraphics@1.0.0 (location: /Users/lucas-furini/repos/checkout/unity/CheckoutSimulator/Library/PackageCache/com.unity.modules.vectorgraphics)
    com.unity.modules.vehicles@1.0.0 (location: /Users/lucas-furini/repos/checkout/unity/CheckoutSimulator/Library/PackageCache/com.unity.modules.vehicles)
    com.unity.modules.video@1.0.0 (location: /Users/lucas-furini/repos/checkout/unity/CheckoutSimulator/Library/PackageCache/com.unity.modules.video)
    com.unity.modules.wind@1.0.0 (location: /Users/lucas-furini/repos/checkout/unity/CheckoutSimulator/Library/PackageCache/com.unity.modules.wind)
    com.unity.modules.xr@1.0.0 (location: /Users/lucas-furini/repos/checkout/unity/CheckoutSimulator/Library/PackageCache/com.unity.modules.xr)
    com.unity.modules.subsystems@1.0.0 (location: /Users/lucas-furini/repos/checkout/unity/CheckoutSimulator/Library/PackageCache/com.unity.modules.subsystems)
    com.unity.modules.hierarchycore@1.0.0 (location: /Users/lucas-furini/repos/checkout/unity/CheckoutSimulator/Library/PackageCache/com.unity.modules.hierarchycore)
    com.unity.2d.sprite@1.0.0 (location: /Users/lucas-furini/repos/checkout/unity/CheckoutSimulator/Library/PackageCache/com.unity.2d.sprite@053a968eab56)
    com.unity.mathematics@1.4.0 (location: /Users/lucas-furini/repos/checkout/unity/CheckoutSimulator/Library/PackageCache/com.unity.mathematics@981956d94fb6)
    com.unity.2d.tilemap@1.0.0 (location: /Users/lucas-furini/repos/checkout/unity/CheckoutSimulator/Library/PackageCache/com.unity.2d.tilemap@b959501fd678)
  Embedded packages:
    com.tripo3d.unitybridge@file:/Users/lucas-furini/repos/checkout/unity/CheckoutSimulator/Packages/com.tripo3d.unitybridge (location: /Users/lucas-furini/repos/checkout/unity/CheckoutSimulator/Packages/com.tripo3d.unitybridge)
[Subsystems] No new subsystems found in resolved package list.
[Package Manager] Done registering packages in 0.21 seconds
info: Microsoft.Hosting.Lifetime[14]
      Now listening on: http://unix:/tmp/ilpp.sock-43d6a90eb382e8e04bf8c41d9ed1d025
info: Microsoft.Hosting.Lifetime[0]
      Application started. Press Ctrl+C to shut down.
info: Microsoft.Hosting.Lifetime[0]
      Hosting environment: Production
info: Microsoft.Hosting.Lifetime[0]
      Content root path: /Users/lucas-furini/repos/checkout/unity/CheckoutSimulator
info: Microsoft.AspNetCore.Hosting.Diagnostics[1]
      Request starting HTTP/2 POST http://ilpp/UnityILPP.PostProcessing/Ping - application/grpc -
info: Microsoft.AspNetCore.Routing.EndpointMiddleware[0]
      Executing endpoint 'gRPC - /UnityILPP.PostProcessing/Ping'
info: Microsoft.AspNetCore.Routing.EndpointMiddleware[1]
      Executed endpoint 'gRPC - /UnityILPP.PostProcessing/Ping'
info: Microsoft.AspNetCore.Hosting.Diagnostics[2]
      Request finished HTTP/2 POST http://ilpp/UnityILPP.PostProcessing/Ping - 200 - application/grpc 43.2835ms
Starting: /Applications/Unity/Hub/Editor/6000.5.7f1/Unity.app/Contents/Resources/BuildPipeline/bee_backend --ipc --defer-dag-verification --dagfile="Library/Bee/200b0aE.dag" --continue-on-failure --profile="Library/Bee/backend1.traceevents" ScriptAssemblies
WorkingDir: /Users/lucas-furini/repos/checkout/unity/CheckoutSimulator
DisplayProgressbar: Compiling Scripts
ExitCode: 0 Duration: 7s508ms
[380/647    0s] CopyFiles Library/ScriptAssemblies/UnityEngine.UI.dll
[383/647    0s] CopyFiles Library/ScriptAssemblies/UnityEngine.UI.pdb
[433/647    0s] CopyFiles Library/ScriptAssemblies/Unity.AI.Animate.Motion.Runtime.dll
[434/647    0s] CopyFiles Library/ScriptAssemblies/Unity.AI.Tracing.dll
[435/647    0s] CopyFiles Library/ScriptAssemblies/Unity.Mathematics.dll
[436/647    0s] CopyFiles Library/ScriptAssemblies/Unity.AI.Toolkit.Asset.dll
[437/647    0s] CopyFiles Library/ScriptAssemblies/HFDownloader.dll
[438/647    0s] CopyFiles Library/ScriptAssemblies/Unity.AI.Toolkit.Asset.pdb
[441/647    0s] CopyFiles Library/ScriptAssemblies/Unity.AI.Assistant.Annotations.Editor.dll
[442/647    0s] CopyFiles Library/ScriptAssemblies/HFDownloader.pdb
[444/647    0s] CopyFiles Library/ScriptAssemblies/Unity.AI.Assistant.Annotations.Editor.pdb
[454/647    0s] CopyFiles Library/ScriptAssemblies/Tripo3D.UnityBridge.Editor.pdb
[455/647    0s] CopyFiles Library/ScriptAssemblies/Tripo3D.UnityBridge.Editor.dll
[456/647    0s] CopyFiles Library/ScriptAssemblies/Unity.AI.Animate.Motion.Runtime.pdb
[457/647    0s] CopyFiles Library/ScriptAssemblies/Unity.InternalAPIEngineBridge.004.dll
[458/647    0s] CopyFiles Library/ScriptAssemblies/Unity.AI.Pbr.Srp.dll
[459/647    0s] CopyFiles Library/ScriptAssemblies/Unity.AI.MCP.Runtime.dll
[466/647    0s] CopyFiles Library/ScriptAssemblies/Unity.Multiplayer.Center.Common.dll
[467/647    0s] CopyFiles Library/ScriptAssemblies/Unity.Multiplayer.Center.Common.pdb
[469/647    0s] CopyFiles Library/ScriptAssemblies/Unity.AI.Pbr.Srp.pdb
[470/647    0s] CopyFiles Library/ScriptAssemblies/Unity.AI.Generators.Redux.pdb
[471/647    0s] CopyFiles Library/ScriptAssemblies/Unity.AI.MCP.Runtime.pdb
[472/647    0s] CopyFiles Library/ScriptAssemblies/Unity.AI.Generators.Redux.dll
[486/647    0s] CopyFiles Library/ScriptAssemblies/Unity.2D.Tilemap.Editor.pdb
[487/647    0s] CopyFiles Library/ScriptAssemblies/Unity.2D.Tilemap.Editor.dll
[490/647    0s] CopyFiles Library/ScriptAssemblies/Unity.AI.Assistant.Runtime.dll
[491/647    0s] CopyFiles Library/ScriptAssemblies/Unity.AI.Assistant.Runtime.pdb
[492/647    0s] CopyFiles Library/ScriptAssemblies/Unity.AI.Assistant.Bridge.Editor.pdb
[493/647    0s] CopyFiles Library/ScriptAssemblies/Unity.InternalAPIEngineBridge.004.pdb
[502/647    0s] CopyFiles Library/ScriptAssemblies/Unity.Multiplayer.Center.Editor.pdb
[503/647    0s] CopyFiles Library/ScriptAssemblies/Unity.AI.Assistant.Bridge.Editor.dll
[508/647    0s] CopyFiles Library/ScriptAssemblies/Unity.TextMeshPro.dll
[509/647    0s] CopyFiles Library/ScriptAssemblies/Unity.2D.Tilemap.Extras.dll
[510/647    0s] CopyFiles Library/ScriptAssemblies/Unity.AI.Toolkit.GenerationContextMenu.pdb
[511/647    0s] CopyFiles Library/ScriptAssemblies/Unity.AI.Generators.UI.AIDropdownIntegrations.pdb
[512/647    0s] CopyFiles Library/ScriptAssemblies/Unity.AI.Toolkit.GenerationContextMenu.dll
[513/647    0s] CopyFiles Library/ScriptAssemblies/Unity.AI.Generators.UI.AIDropdownIntegrations.dll
[526/647    0s] CopyFiles Library/ScriptAssemblies/Unity.AI.Generators.IO.pdb
[527/647    0s] CopyFiles Library/ScriptAssemblies/Unity.TextMeshPro.pdb
[529/647    0s] CopyFiles Library/ScriptAssemblies/Unity.AI.Generators.IO.dll
[530/647    0s] CopyFiles Library/ScriptAssemblies/Unity.2D.Tilemap.Extras.pdb
[549/647    0s] CopyFiles Library/ScriptAssemblies/Unity.AI.Toolkit.Accounts.pdb
[558/647    0s] CopyFiles Library/ScriptAssemblies/Unity.AI.Generators.UI.pdb
[559/647    0s] CopyFiles Library/ScriptAssemblies/Unity.AI.Generators.Sdk.pdb
[560/647    0s] CopyFiles Library/ScriptAssemblies/UnityEditor.UI.Analytics.pdb
[561/647    0s] CopyFiles Library/ScriptAssemblies/Unity.TextMeshPro.Editor.dll
[563/647    0s] CopyFiles Library/ScriptAssemblies/Unity.2D.Tilemap.Extras.Editor.pdb
[566/647    0s] CopyFiles Library/ScriptAssemblies/Unity.AI.Generators.UI.dll
[567/647    0s] CopyFiles Library/ScriptAssemblies/Unity.AI.Assistant.Editor.pdb
[568/647    0s] CopyFiles Library/ScriptAssemblies/Unity.AI.Generators.Sdk.dll
[570/647    0s] CopyFiles Library/ScriptAssemblies/Unity.AI.Assistant.Editor.dll
[581/647    0s] CopyFiles Library/ScriptAssemblies/Unity.AI.Image.pdb
[582/647    0s] CopyFiles Library/ScriptAssemblies/Unity.AI.Sound.dll
[583/647    0s] CopyFiles Library/ScriptAssemblies/Unity.AI.Animate.pdb
[584/647    0s] CopyFiles Library/ScriptAssemblies/Unity.AI.Sound.pdb
[585/647    0s] CopyFiles Library/ScriptAssemblies/Unity.AI.Image.dll
[587/647    0s] CopyFiles Library/ScriptAssemblies/Unity.AI.Animate.dll
[590/647    0s] CopyFiles Library/ScriptAssemblies/Unity.AI.Generators.Tools.dll
[591/647    0s] CopyFiles Library/ScriptAssemblies/Unity.AI.Assistant.UI.Editor.dll
[592/647    0s] CopyFiles Library/ScriptAssemblies/Unity.AI.Assistant.UI.Editor.pdb
[595/647    0s] CopyFiles Library/ScriptAssemblies/Unity.AI.Generators.Tools.pdb
[596/647    0s] CopyFiles Library/ScriptAssemblies/Unity.AI.Assistant.AssetGenerators.Editor.pdb
[597/647    0s] CopyFiles Library/ScriptAssemblies/Unity.AI.Mesh.pdb
[598/647    0s] CopyFiles Library/ScriptAssemblies/Unity.AI.Assistant.API.Editor.pdb
[599/647    0s] CopyFiles Library/ScriptAssemblies/Unity.AI.MCP.Editor.dll
[600/647    0s] CopyFiles Library/ScriptAssemblies/Unity.AI.Assistant.Integrations.Profiler.Editor.dll
[601/647    0s] CopyFiles Library/ScriptAssemblies/Unity.AI.Assistant.API.Editor.dll
[602/647    0s] CopyFiles Library/ScriptAssemblies/Unity.AI.Pbr.pdb
[603/647    0s] CopyFiles Library/ScriptAssemblies/Unity.AI.Mesh.dll
[604/647    0s] CopyFiles Library/ScriptAssemblies/Unity.AI.Assistant.AssetGenerators.Editor.dll
[605/647    0s] CopyFiles Library/ScriptAssemblies/Unity.AI.Assistant.Integrations.Profiler.Editor.pdb
[606/647    0s] CopyFiles Library/ScriptAssemblies/Unity.AI.MCP.Editor.pdb
[607/647    0s] CopyFiles Library/ScriptAssemblies/Unity.AI.Pbr.dll
[608/647    0s] CopyFiles Library/ScriptAssemblies/Unity.AI.Assistant.Tools.Editor.pdb
[609/647    0s] CopyFiles Library/ScriptAssemblies/Unity.AI.Search.Editor.pdb
[610/647    0s] CopyFiles Library/ScriptAssemblies/Unity.AI.Assistant.Tools.Editor.dll
[611/647    0s] CopyFiles Library/ScriptAssemblies/Unity.2D.Tilemap.Extras.Editor.dll
[612/647    0s] CopyFiles Library/ScriptAssemblies/UnityEditor.UI.Analytics.dll
[613/647    0s] CopyFiles Library/ScriptAssemblies/Unity.AI.Toolkit.GenerationObjectPicker.pdb
[614/647    0s] CopyFiles Library/ScriptAssemblies/Unity.AI.Toolkit.GenerationObjectPicker.dll
[615/647    0s] CopyFiles Library/ScriptAssemblies/Unity.AI.ModelSelector.dll
[616/647    0s] CopyFiles Library/ScriptAssemblies/Unity.AI.Search.Editor.dll
[617/647    0s] CopyFiles Library/ScriptAssemblies/Unity.AI.ModelSelector.pdb
[618/647    0s] CopyFiles Library/ScriptAssemblies/Unity.AI.Toolkit.Accounts.dll
[619/647    0s] CopyFiles Library/ScriptAssemblies/Unity.TextMeshPro.Editor.pdb
[620/647    0s] CopyFiles Library/ScriptAssemblies/Unity.AI.Generators.Asset.pdb
[621/647    0s] CopyFiles Library/ScriptAssemblies/Unity.AI.Toolkit.Compliance.pdb
[622/647    0s] CopyFiles Library/ScriptAssemblies/Unity.AI.Assistant.Agent.Dynamic.Extension.Editor.pdb
[623/647    0s] CopyFiles Library/ScriptAssemblies/Unity.AI.Toolkit.Compliance.dll
[624/647    0s] CopyFiles Library/ScriptAssemblies/Unity.AI.Generators.Asset.dll
[625/647    0s] CopyFiles Library/ScriptAssemblies/Unity.Multiplayer.Center.Editor.dll
[626/647    0s] CopyFiles Library/ScriptAssemblies/Unity.AI.Assistant.Agent.Dynamic.Extension.Editor.dll
[627/647    0s] CopyFiles Library/ScriptAssemblies/Unity.AI.Generators.IO.Srp.pdb
[628/647    0s] CopyFiles Library/ScriptAssemblies/Unity.AI.Generators.IO.Srp.dll
[629/647    0s] CopyFiles Library/ScriptAssemblies/Unity.AI.Generators.Contexts.pdb
[630/647    0s] CopyFiles Library/ScriptAssemblies/Unity.Mathematics.pdb
[631/647    0s] CopyFiles Library/ScriptAssemblies/Unity.AI.Generators.Contexts.dll
[632/647    0s] CopyFiles Library/ScriptAssemblies/Unity.AI.Toolkit.Async.dll
[633/647    0s] CopyFiles Library/ScriptAssemblies/Unity.2D.Sprite.Editor.dll
[634/647    0s] CopyFiles Library/ScriptAssemblies/Unity.AI.Tracing.pdb
[635/647    0s] CopyFiles Library/ScriptAssemblies/Unity.2D.Sprite.Editor.pdb
[636/647    0s] CopyFiles Library/ScriptAssemblies/UnityEditor.UI.pdb
[637/647    0s] CopyFiles Library/ScriptAssemblies/Unity.AI.Toolkit.Async.pdb
[638/647    0s] CopyFiles Library/ScriptAssemblies/Unity.AI.Toolkit.Utility.dll
[639/647    0s] CopyFiles Library/ScriptAssemblies/Unity.AI.Toolkit.Utility.pdb
[640/647    0s] CopyFiles Library/ScriptAssemblies/UnityEditor.UI.dll
[641/647    5s] Csc Library/Bee/artifacts/200b0aE.dag/Assembly-CSharp.dll (+2 others)
[642/647    0s] CopyFiles Library/ScriptAssemblies/Assembly-CSharp.pdb
[643/647    0s] CopyFiles Library/ScriptAssemblies/Assembly-CSharp.dll
[644/647   129s] Csc Library/Bee/artifacts/200b0aE.dag/Assembly-CSharp-Editor.dll (+2 others)
[645/647    0s] CopyFiles Library/ScriptAssemblies/Assembly-CSharp-Editor.pdb
[646/647    0s] CopyFiles Library/ScriptAssemblies/Assembly-CSharp-Editor.dll
*** Tundra build success (136.36 seconds - 0:02:16), 112 items updated, 647 evaluated
Total cache size 268348196
Total cache size after purge 268348196, took 00:00:00.3020887
AssetDatabase: script compilation time: 32.803314s
[Licensing::Client] Successfully resolved entitlement details
Begin MonoManager ReloadAssembly
ADTM: Control thread waiting for realtime thread timed out, have to lock...
Symbol file LoadedFromMemory is not a mono symbol file
Native extension for iOS target not found
Native extension for OSXStandalone target not found
[Licensing::Client] Error: Code 404 while processing request (status: Found 0 entitlement groups and 0 free entitlements matching requested entitlement ids)
[Licensing::Client] Error: Code 404 while processing request (status: Found 0 entitlement groups and 0 free entitlements matching requested entitlement ids)
[Licensing::Client] Error: Code 404 while processing request (status: Found 0 entitlement groups and 0 free entitlements matching requested entitlement ids)
ScheduleIndexationOnStartup MainProcess:True IndexOnStartup:True
Mono: successfully reloaded assembly
- Finished resetting the current domain, in  1.402 seconds
Domain Reload Profiling: 3253ms
	BeginReloadAssembly (1173ms)
		DisableScriptedObjects (20ms)
		CreateAndSetChildDomain (1022ms)
	RebuildCommonClasses (5ms)
	RebuildNativeTypeToScriptingClass (10ms)
	initialDomainReloadingComplete (43ms)
	LoadAllAssembliesAndSetupDomain (619ms)
		LoadAssemblies (548ms)
		AnalyzeDomain (132ms)
			TypeCache.Refresh (118ms)
				TypeCache.ScanAssembly (108ms)
			BuildScriptInfoCaches (12ms)
	FinalizeReload (1403ms)
		SetupLoadedEditorAssemblies (0ms)
			InitializePlatformSupportModulesInManaged (19ms)
			BeforeProcessingInitializeOnLoad (120ms)
			ProcessInitializeOnLoadAttributes (880ms)
			ProcessInitializeOnLoadMethodAttributes (210ms)
		AwakeInstancesAfterBackupRestoration (12ms)
Starting new worker id: 0 with log in /Users/lucas-furini/repos/checkout/unity/CheckoutSimulator/Logs/AssetImportWorkerHW0.log

Asset Pipeline Refresh (id=0c5158cbf9c334dac9b74a1917fa45c6): Total: 51.465 seconds - Initiated by InitialRefreshV2(ForceSynchronousImport)
	(Values over 0.05ms)
	Summary:
		Imports: total=0 (actual=0, local cache=0, cache server=0)
		Asset DB Process Time: managed=0 ms, native=16328 ms
		Asset DB Callback time: managed=10 ms, native=225 ms
		Scripting: domain reloads=1, domain reload time=2079 ms, compile time=32804 ms, other=17 ms
		Project Asset Count: scripts=838, non-scripts=1343
		Asset File Changes: new=0, changed=0, moved=0, deleted=0
		Scan Filter Count: 1
	InvokePackagesCallback: 231.594ms
	ApplyChangesToAssetFolders: 0.218ms
	Scan: 13911.085ms
	Collect global state as custom dependencies: 6.776ms
	CategorizeScriptCompilationAssets: 179.834ms
	ProcessAssetsWithTransientArtifactChanges: 16.936ms
	CategorizeAssets: 13.975ms
	CompileScripts: 32804.358ms
	ImportOutOfDateAssets: 1422.311ms (1410.347ms without children)
		UnloadImportedAssets: 0.170ms
		EnsureUptoDateAssetsAreRegisteredWithGuidPM: 0.259ms
		ImportSchedulerStart: 11.532ms
	PostProcessAllAssets: 10.549ms
		MonoPostProcessAllAssets: 10.521ms
			SyncVS.PostprocessSyncProject 1.749ms
			WindowAssetPostprocessingWatcher.OnPostprocessAllAssets 1.099ms
			GraphRefreshPostprocessor.OnPostprocessAllAssets 0.960ms
			EditModeScopePostprocessor.OnPostprocessAllAssets 0.448ms
			AssetChangeDetector.OnPostprocessAllAssets 0.411ms
			SpeedTree9Postprocessor.OnPostprocessAllAssets 0.372ms
			ReferencedClipsPostProcessor.OnPostprocessAllAssets 0.124ms
			TerrainToolbarOverlayPostProcessor.OnPostprocessAllAssets 0.089ms
			AssetDatabaseCallbacks.OnPostprocessAllAssets 0.067ms
	UnloadStreamsBegin: 1.134ms
	GenerateScriptTypeHashes: 0.966ms
	GenerateScriptTypeSerializationHashes: 1.656ms
	Untracked: 2863.298ms

Application.AssetDatabase Initial Refresh End
Launching external process: /Applications/Unity/Hub/Editor/6000.5.7f1/Unity.app/Contents/Helpers/UnityShaderCompiler
Launched and connected shader compiler UnityShaderCompiler after 0.09 seconds
Scanning for USB devices : 0.029ms
Initializing Unity extensions:
[MODES] ModeService[none].Initialize
[MODES] ModeService[none].LoadModes
[MODES] Loading mode Default (0) for mode-current-id-Checkout Simulator
[Licensing::Client] Successfully resolved entitlement details
2026-09-10 17:39:52.023 Unity[40265:3422875] NSEventModifierFlagFunction specified to -setKeyEquivalentModifierMask: for item <NSMenuItem: 0xac99b28a0 SDF, ke='Command-F12'>, but is only supported for system-provided menu items; will not be used
Curl error 6: Could not resolve: config.uca.cloud.unity3d.com:443
Unloading 16 Unused Serialized files (Serialized files now loaded: 0)
Curl error 6: Could not resolve: cdp.cloud.unity3d.com:443
[Licensing::Client] Successfully resolved entitlement details
Unloading 2730 unused Assets / (2.3 MB). Loaded Objects now: 3350.
Memory consumption went from 165.4 MB to 163.2 MB.
Total: 15.469875 ms (FindLiveObjects: 0.174166 ms CreateObjectMapping: 0.395792 ms MarkObjects: 13.858375 ms  DeleteObjects: 1.040750 ms)

info: Microsoft.AspNetCore.Hosting.Diagnostics[1]
      Request starting HTTP/2 POST http://ilpp/UnityILPP.PostProcessing/Ping - application/grpc -
info: Microsoft.AspNetCore.Routing.EndpointMiddleware[0]
      Executing endpoint 'gRPC - /UnityILPP.PostProcessing/Ping'
info: Microsoft.AspNetCore.Routing.EndpointMiddleware[1]
      Executed endpoint 'gRPC - /UnityILPP.PostProcessing/Ping'
info: Microsoft.AspNetCore.Hosting.Diagnostics[2]
      Request finished HTTP/2 POST http://ilpp/UnityILPP.PostProcessing/Ping - 200 - application/grpc 1.3684ms
Starting: /Applications/Unity/Hub/Editor/6000.5.7f1/Unity.app/Contents/Resources/BuildPipeline/bee_backend --ipc --defer-dag-verification --dagfile="Library/Bee/200b0aESkipCompile.dag" --continue-on-failure --profile="Library/Bee/backend1.traceevents" ScriptAssembliesAndTypeDB
WorkingDir: /Users/lucas-furini/repos/checkout/unity/CheckoutSimulator
Worker ready: AssetImportWorkerHW0 0
ExitCode: 0 Duration: 1s330ms
[BUSY      43s] BuildPlayerDataGenerator Library/BuildPlayerData/Editor/TypeDb-All.json
[2/3       43s] BuildPlayerDataGenerator Library/BuildPlayerData/Editor/TypeDb-All.json
*** Tundra build success (43.34 seconds), 1 items updated, 3 evaluated

Asset Pipeline Refresh (id=01d2ae1b7a1de42388e73d4cdf00d27f): Total: 5.718 seconds - Initiated by RefreshV2(NoUpdateAssetOptions)
	(Values over 0.05ms)
	Summary:
		Imports: total=0 (actual=0, local cache=0, cache server=0)
		Asset DB Process Time: managed=0 ms, native=5718 ms
		Asset DB Callback time: managed=0 ms, native=0 ms
		Scripting: domain reloads=0, domain reload time=0 ms, compile time=0 ms, other=0 ms
		Project Asset Count: scripts=838, non-scripts=1343
		Asset File Changes: new=0, changed=0, moved=0, deleted=0
		Scan Filter Count: 1
	Scan: 5704.883ms
	Collect global state as custom dependencies: 0.504ms
	CategorizeAssets: 0.343ms
	ImportOutOfDateAssets: 11.138ms (3.514ms without children)
		UnloadImportedAssets: 0.123ms
		EnsureUptoDateAssetsAreRegisteredWithGuidPM: 0.190ms
		ImportSchedulerStart: 7.310ms
	GatherAllCurrentPrimaryImportResultRevisions: 0.057ms
	UnloadStreamsBegin: 0.082ms
	Untracked: 1.108ms

[ScriptCompilation] Requested script compilation because: Recompiling scripts for player build.
BuildPlayer: start building target 9
Total cache size 268348196
Total cache size after purge 268348196, took 00:00:05.8622720
info: Microsoft.AspNetCore.Hosting.Diagnostics[1]
      Request starting HTTP/2 POST http://ilpp/UnityILPP.PostProcessing/Ping - application/grpc -
info: Microsoft.AspNetCore.Routing.EndpointMiddleware[0]
      Executing endpoint 'gRPC - /UnityILPP.PostProcessing/Ping'
info: Microsoft.AspNetCore.Routing.EndpointMiddleware[1]
      Executed endpoint 'gRPC - /UnityILPP.PostProcessing/Ping'
info: Microsoft.AspNetCore.Hosting.Diagnostics[2]
      Request finished HTTP/2 POST http://ilpp/UnityILPP.PostProcessing/Ping - 200 - application/grpc 0.4083ms
Starting: /Applications/Unity/Hub/Editor/6000.5.7f1/Unity.app/Contents/Resources/BuildPipeline/bee_backend --ipc --defer-dag-verification --dagfile="Library/Bee/900b0aP.dag" --continue-on-failure --profile="Library/Bee/backend1.traceevents" ScriptAssembliesAndTypeDB
WorkingDir: /Users/lucas-furini/repos/checkout/unity/CheckoutSimulator
ExitCode: 0 Duration: 24s
[141/162    0s] CopyFiles Library/Bee/PlayerScriptAssemblies/UnityEngine.UI.dll
[142/162    0s] CopyFiles Library/Bee/PlayerScriptAssemblies/Unity.TextMeshPro.dll
[143/162    0s] CopyFiles Library/Bee/PlayerScriptAssemblies/Unity.TextMeshPro.pdb
[144/162    0s] CopyFiles Library/Bee/PlayerScriptAssemblies/UnityEngine.UI.pdb
[145/162    0s] CopyFiles Library/Bee/PlayerScriptAssemblies/Unity.2D.Tilemap.Extras.pdb
[146/162    0s] CopyFiles Library/Bee/PlayerScriptAssemblies/Unity.Mathematics.pdb
[147/162    0s] CopyFiles Library/Bee/PlayerScriptAssemblies/Unity.Multiplayer.Center.Common.pdb
[148/162    0s] CopyFiles Library/Bee/PlayerScriptAssemblies/Unity.InternalAPIEngineBridge.004.dll
[149/162    0s] CopyFiles Library/Bee/PlayerScriptAssemblies/Unity.InternalAPIEngineBridge.004.pdb
[150/162    0s] CopyFiles Library/Bee/PlayerScriptAssemblies/Unity.AI.Tracing.pdb
[151/162    0s] CopyFiles Library/Bee/PlayerScriptAssemblies/Unity.AI.Tracing.dll
[152/162    0s] CopyFiles Library/Bee/PlayerScriptAssemblies/Unity.2D.Tilemap.Extras.dll
[153/162    0s] CopyFiles Library/Bee/PlayerScriptAssemblies/Unity.Mathematics.dll
[154/162    0s] CopyFiles Library/Bee/PlayerScriptAssemblies/Unity.AI.MCP.Runtime.dll
[155/162    0s] CopyFiles Library/Bee/PlayerScriptAssemblies/Unity.Multiplayer.Center.Common.dll
[156/162    0s] CopyFiles Library/Bee/PlayerScriptAssemblies/Unity.AI.MCP.Runtime.pdb
[BUSY     731s] Csc Library/Bee/artifacts/900b0aP.dag/Assembly-CSharp.dll (+2 others)
[157/162   732s] Csc Library/Bee/artifacts/900b0aP.dag/Assembly-CSharp.dll (+2 others)
[158/162    0s] CopyFiles Library/Bee/PlayerScriptAssemblies/Assembly-CSharp.pdb
[159/162    0s] CopyFiles Library/Bee/PlayerScriptAssemblies/Assembly-CSharp.dll
[BUSY       6s] BuildPlayerDataGenerator Library/BuildPlayerData/Player/RuntimeInitializeOnLoads.json (+1 other)
[BUSY    1034s] BuildPlayerDataGenerator Library/BuildPlayerData/Player/RuntimeInitializeOnLoads.json (+1 other)
[161/162   1035s] BuildPlayerDataGenerator Library/BuildPlayerData/Player/RuntimeInitializeOnLoads.json (+1 other)
*** Tundra build success (1778.31 seconds - 0:29:38), 20 items updated, 162 evaluated
Total cache size 268348196
Total cache size after purge 268348196, took 00:00:00.4053177
[Licensing::Client] Successfully resolved entitlement details
[Licensing::Client] Successfully resolved entitlement details
Rebuilding Data files because Assets/Resources/MarketBold.ttf is dirty (hash)
[Licensing::Client] Successfully resolved entitlement details
[Licensing::Client] Successfully resolved entitlement details
Importing 'GUID: 474b29f8647cbd241b93225b0d4f7447 - Path: Assets/Resources/MarketBold.ttf' with importer (TrueTypeFontImporter)
Imported 'GUID: 474b29f8647cbd241b93225b0d4f7447' -> (Import Result ID: '941d657c9c2e6d7a89d7a34ee97c8302') in 0.018 seconds [static and dynamic dependencies]. Details - ImportResultOutputID=c2d7eb80cef39793d5830a4c56715a3f DependenciesID=626921168ebbdbd95d730c6988014cad StaticDependenciesID=0287deb16361513d225114bdbb317a09 
Importing 'GUID: a9b7f4799d89f054289b7edc128c57c5 - Path: Assets/Resources/CheckoutFredoka.ttf' with importer (TrueTypeFontImporter)
Imported 'GUID: a9b7f4799d89f054289b7edc128c57c5' -> (Import Result ID: '6b6a4d07b6b702180c678f0ae7b9f5bd') in 0.010 seconds [static and dynamic dependencies]. Details - ImportResultOutputID=35d3c8226da34f75c70fe5da7796eac7 DependenciesID=15cc335552d9932fd1083cfd1ec3fe3b StaticDependenciesID=f94ac3310983c92eec17fb6dfc4d212e 
Importing 'GUID: 9b7bc33aced767a44a7a90e5202ce228 - Path: Assets/Resources/MarketRegular.ttf' with importer (TrueTypeFontImporter)
Imported 'GUID: 9b7bc33aced767a44a7a90e5202ce228' -> (Import Result ID: '2a534447e89fd418c92f63bfc809d361') in 0.007 seconds [static and dynamic dependencies]. Details - ImportResultOutputID=36d2bf9008b49f1d3233ae5e34418ed0 DependenciesID=36a744452575a6891cda5929da501d9f StaticDependenciesID=11d1d812545e872d071cc5e1867fb3ce 
Importing 'GUID: f26dfe6f3dc443b289ee7ce077c8c4b1 - Path: Packages/com.unity.ai.assistant/Modules/Unity.AI.Pbr/Components/TexturePropertyField/MappingAutoButton.uxml' with importer (ScriptedImporter : UnityEditor.UIElementsModule:UnityEditor.UIElements:UIElementsViewImporter)
Imported 'GUID: f26dfe6f3dc443b289ee7ce077c8c4b1' -> (Import Result ID: '1386280a153fd1dd8c0e587bcf968a6c') in 0.025 seconds [static and dynamic dependencies]. Details - ImportResultOutputID=6b8fff9983c9a3f2e2208b78b13d92a7 DependenciesID=b5faa88ed7894c024b797b1660c86b14 StaticDependenciesID=cf569701b16b29fa62f1308f0b208fa5 

Asset Pipeline Refresh (id=6aff130893a974dbf9f0501c1bf59b95): Total: 3.457 seconds - Initiated by RefreshV2(NoUpdateAssetOptions)
	(Values over 0.05ms)
	Summary:
		Imports: total=1052 (actual=4, local cache=1048, cache server=0)
		Asset DB Process Time: managed=0 ms, native=1661 ms
		Asset DB Callback time: managed=1778 ms, native=16 ms
		Scripting: domain reloads=0, domain reload time=0 ms, compile time=0 ms, other=0 ms
		Project Asset Count: scripts=838, non-scripts=1343
		Asset File Changes: new=0, changed=0, moved=0, deleted=0
		Scan Filter Count: 1
	ApplyChangesToAssetFolders: 0.087ms
	Scan: 1562.515ms
	Collect global state as custom dependencies: 3.549ms
	CategorizeAssets: 9.355ms
	ImportOutOfDateAssets: 80.859ms (3.802ms without children)
		ImportManagerImport: 69.843ms (8.337ms without children)
		UnloadImportedAssets: 0.081ms
		EnsureUptoDateAssetsAreRegisteredWithGuidPM: 0.446ms
		ImportSchedulerStart: 6.632ms
	PostProcessAllAssets: 1793.208ms
		ComputeShaderImportPostprocess 6.467ms
		RaytracingShaderImportPostprocess 0.621ms
		ShaderAssetModifiedCallback 0.511ms
		PostProcessCallbackCreateDeferredMaterials 0.444ms
		SpeedTreeImporter.PostprocessAllAssets 0.367ms
		BlockShaderImporter.PostprocessAllAssets 0.219ms
		AssemblyValidation.PostprocessAllAssets 0.212ms
		LocalizationDatabase.AssetDatabasePostprocessCallback 0.206ms
		MonoPostProcessAllAssets: 1777.558ms
			SpriteSlicePostprocessor.OnPostprocessAllAssets 1597.384ms
			RetainedModeAssetPostprocessor.OnPostprocessAllAssets 30.523ms
			AssetPostprocessor.OnPostprocessAllAssets 17.810ms
			AssetReferenceReimportMonitor.OnPostprocessAllAssets 15.205ms
			StyleCatalogPostProcessor.OnPostprocessAllAssets 12.384ms
			BuilderAssetPostprocessor.OnPostprocessAllAssets 3.953ms
			TextAssetPostProcessor.OnPostprocessAllAssets 1.993ms
			AssetChangedListener.OnPostprocessAllAssets 1.634ms
			TMPro_TexturePostProcessor.OnPostprocessAllAssets 1.354ms
			SpriteEditorTexturePostprocessor.OnPostprocessAllAssets 0.380ms
			ArtifactBrowserPostProcessor.OnPostprocessAllAssets 0.309ms
			SkillsProjectAssetPostprocessor.OnPostprocessAllAssets 0.228ms
			AudioMixerPostprocessor.OnPostprocessAllAssets 0.171ms
			AssetEvents.OnPostprocessAllAssets 0.151ms
			SpeedTreePostProcessor.OnPostprocessAllAssets 0.098ms
			AssetProcessor.OnPostprocessAllAssets 0.096ms
			SpeedTree9Postprocessor.OnPostprocessAllAssets 0.095ms
			ScenarioDriftAssetsTracker.OnPostprocessAllAssets 0.083ms
			ConfigAssetsTracker.OnPostprocessAllAssets 0.077ms
	PostAssetChangesProfiler: 2.011ms
	GatherAllCurrentPrimaryImportResultRevisions: 0.055ms
	PersistCurrentRevisions: 0.413ms
	Untracked: 3.611ms


Asset Pipeline Refresh (id=31c0218a4613f40708cc0556dbd99f22): Total: 1.144 seconds - Initiated by RefreshV2(NoUpdateAssetOptions)
	(Values over 0.05ms)
	Summary:
		Imports: total=0 (actual=0, local cache=0, cache server=0)
		Asset DB Process Time: managed=0 ms, native=1143 ms
		Asset DB Callback time: managed=0 ms, native=0 ms
		Scripting: domain reloads=0, domain reload time=0 ms, compile time=0 ms, other=0 ms
		Project Asset Count: scripts=838, non-scripts=1343
		Asset File Changes: new=0, changed=0, moved=0, deleted=0
		Scan Filter Count: 1
	ApplyChangesToAssetFolders: 0.129ms
	Scan: 1120.558ms
	Collect global state as custom dependencies: 0.085ms
	CategorizeAssets: 7.440ms
	ImportOutOfDateAssets: 9.540ms (2.777ms without children)
		UnloadImportedAssets: 0.131ms
		EnsureUptoDateAssetsAreRegisteredWithGuidPM: 0.151ms
		ImportSchedulerStart: 6.479ms
	GatherAllCurrentPrimaryImportResultRevisions: 0.083ms
	UnloadStreamsBegin: 4.050ms
	Untracked: 1.602ms

[Licensing::Client] Successfully resolved entitlement details


Mono dependencies included in the build
Dependency assembly - System.ServiceModel.NetTcp.dll
Dependency assembly - System.Security.dll
Dependency assembly - System.ServiceModel.Activation.dll
Dependency assembly - System.Security.Cryptography.Pkcs.dll
Dependency assembly - System.Security.Cryptography.Encryption.dll
Dependency assembly - System.Net.Ping.dll
Dependency assembly - System.Security.Cryptography.DeriveBytes.dll
Dependency assembly - Unity.InternalAPIEngineBridge.004.dll
Dependency assembly - System.ServiceModel.Security.dll
Dependency assembly - System.Collections.NonGeneric.dll
Dependency assembly - Mono.Data.Sqlite.dll
Dependency assembly - System.Xml.Linq.dll
Dependency assembly - System.Net.WebHeaderCollection.dll
Dependency assembly - System.Security.Cryptography.Hashing.dll
Dependency assembly - Microsoft.Extensions.Logging.Abstractions.dll
Dependency assembly - System.Data.Services.dll
Dependency assembly - System.Security.Cryptography.RandomNumberGenerator.dll
Dependency assembly - System.Security.Principal.dll
Dependency assembly - System.ObjectModel.dll
Dependency assembly - System.Runtime.Serialization.Json.dll
Dependency assembly - System.Runtime.Serialization.Formatters.Soap.dll
Dependency assembly - System.Runtime.DurableInstancing.dll
Dependency assembly - System.Threading.Tasks.Extensions.dll
Dependency assembly - System.ServiceModel.Routing.dll
Dependency assembly - System.Net.Sockets.dll
Dependency assembly - System.Diagnostics.Debug.dll
Dependency assembly - System.Buffers.dll
Dependency assembly - System.Threading.AccessControl.dll
Dependency assembly - System.Web.ApplicationServices.dll
Dependency assembly - System.Drawing.Primitives.dll
Dependency assembly - Microsoft.Win32.Primitives.dll
Dependency assembly - System.IO.MemoryMappedFiles.dll
Dependency assembly - System.Security.Claims.dll
Dependency assembly - System.Text.Encoding.CodePages.dll
Dependency assembly - System.Reflection.TypeExtensions.dll
Dependency assembly - System.IdentityModel.Selectors.dll
Dependency assembly - System.Xml.XmlSerializer.dll
Dependency assembly - Assembly-CSharp.dll
Dependency assembly - System.Data.Entity.dll
Dependency assembly - System.DirectoryServices.Protocols.dll
Dependency assembly - System.Diagnostics.Tracing.dll
Dependency assembly - System.Net.dll
Dependency assembly - System.Threading.ThreadPool.dll
Dependency assembly - System.Data.Linq.dll
Dependency assembly - System.ServiceModel.Primitives.dll
Dependency assembly - System.IO.UnmanagedMemoryStream.dll
Dependency assembly - System.Security.Cryptography.Hashing.Algorithms.dll
Dependency assembly - System.Memory.dll
Dependency assembly - System.Runtime.Numerics.dll
Dependency assembly - I18N.MidEast.dll
Dependency assembly - System.Security.Cryptography.RSA.dll
Dependency assembly - System.Xml.XDocument.dll
Dependency assembly - Microsoft.Bcl.AsyncInterfaces.dll
Dependency assembly - System.Xml.Serialization.dll
Dependency assembly - System.Data.SqlClient.dll
Dependency assembly - System.EnterpriseServices.dll
Dependency assembly - System.Core.dll
Dependency assembly - System.IO.Hashing.dll
Dependency assembly - System.Reflection.Metadata.dll
Dependency assembly - System.Runtime.Loader.dll
Dependency assembly - Microsoft.Win32.Registry.dll
Dependency assembly - I18N.dll
Dependency assembly - System.Runtime.InteropServices.dll
Dependency assembly - System.Text.Encoding.dll
Dependency assembly - I18N.Other.dll
Dependency assembly - System.Globalization.Extensions.dll
Dependency assembly - System.Threading.Thread.dll
Dependency assembly - System.Security.Cryptography.Encoding.dll
Dependency assembly - System.Resources.Reader.dll
Dependency assembly - System.Net.HttpListener.dll
Dependency assembly - System.Runtime.Serialization.Primitives.dll
Dependency assembly - System.Web.RegularExpressions.dll
Dependency assembly - System.Collections.Concurrent.dll
Dependency assembly - Microsoft.Extensions.DependencyInjection.Abstractions.dll
Dependency assembly - System.ComponentModel.Annotations.dll
Dependency assembly - System.Data.OracleClient.dll
Dependency assembly - System.Text.RegularExpressions.dll
Dependency assembly - System.Threading.Tasks.dll
Dependency assembly - System.AppContext.dll
Dependency assembly - System.Net.AuthenticationManager.dll
Dependency assembly - System.Collections.dll
Dependency assembly - System.Text.Json.dll
Dependency assembly - System.IO.Compression.dll
Dependency assembly - System.Diagnostics.Tools.dll
Dependency assembly - System.Runtime.Remoting.dll
Dependency assembly - Mono.Data.Tds.dll
Dependency assembly - System.Security.Cryptography.Algorithms.dll
Dependency assembly - System.Security.Principal.Windows.dll
Dependency assembly - I18N.West.dll
Dependency assembly - System.Xaml.dll
Dependency assembly - System.Reflection.DispatchProxy.dll
Dependency assembly - System.Net.Http.dll
Dependency assembly - System.Data.Common.dll
Dependency assembly - System.Diagnostics.FileVersionInfo.dll
Dependency assembly - System.Reflection.Emit.Lightweight.dll
Dependency assembly - System.ComponentModel.DataAnnotations.dll
Dependency assembly - System.IO.IsolatedStorage.dll
Dependency assembly - System.IO.FileSystem.Watcher.dll
Dependency assembly - System.Runtime.CompilerServices.VisualC.dll
Dependency assembly - System.Resources.Writer.dll
Dependency assembly - System.Security.Cryptography.Encryption.ECDiffieHellman.dll
Dependency assembly - System.Diagnostics.TextWriterTraceListener.dll
Dependency assembly - System.Design.dll
Dependency assembly - System.Threading.Timer.dll
Dependency assembly - System.IO.FileSystem.DriveInfo.dll
Dependency assembly - System.Globalization.Calendars.dll
Dependency assembly - System.Numerics.Vectors.dll
Dependency assembly - System.Runtime.Serialization.Xml.dll
Dependency assembly - System.Diagnostics.TraceSource.dll
Dependency assembly - I18N.Rare.dll
Dependency assembly - System.Runtime.Caching.dll
Dependency assembly - System.Linq.Parallel.dll
Dependency assembly - System.ServiceModel.Http.dll
Dependency assembly - System.Drawing.dll
Dependency assembly - System.Collections.Immutable.dll
Dependency assembly - System.IO.FileSystem.AccessControl.dll
Dependency assembly - System.ServiceModel.dll
Dependency assembly - System.Net.NetworkInformation.dll
Dependency assembly - System.Reflection.Extensions.dll
Dependency assembly - System.Security.AccessControl.dll
Dependency assembly - System.Diagnostics.DiagnosticSource.dll
Dependency assembly - System.Security.Cryptography.OpenSsl.dll
Dependency assembly - System.Net.ServicePoint.dll
Dependency assembly - System.Resources.ReaderWriter.dll
Dependency assembly - System.DirectoryServices.dll
Dependency assembly - System.Security.Cryptography.Encryption.ECDsa.dll
Dependency assembly - System.IO.FileSystem.dll
Dependency assembly - System.ComponentModel.EventBasedAsync.dll
Dependency assembly - System.Diagnostics.TraceEvent.dll
Dependency assembly - System.ComponentModel.Composition.dll
Dependency assembly - System.Numerics.dll
Dependency assembly - System.Data.Services.Client.dll
Dependency assembly - System.ComponentModel.TypeConverter.dll
Dependency assembly - Microsoft.CSharp.dll
Dependency assembly - System.Windows.dll
Dependency assembly - System.Net.Requests.dll
Dependency assembly - System.Runtime.Serialization.Formatters.dll
Dependency assembly - Unity.Multiplayer.Center.Common.dll
Dependency assembly - System.Windows.Forms.dll
Dependency assembly - System.Threading.dll
Dependency assembly - System.Web.Extensions.Design.dll
Dependency assembly - netstandard.dll
Dependency assembly - System.Globalization.dll
Dependency assembly - System.Data.DataSetExtensions.dll
Dependency assembly - System.Xml.XPath.dll
Dependency assembly - System.Net.Primitives.dll
Dependency assembly - System.Net.Utilities.dll
Dependency assembly - System.Web.Services.dll
Dependency assembly - System.Xml.XPath.XDocument.dll
Dependency assembly - System.Web.Extensions.dll
Dependency assembly - UnityEngine.UI.dll
Dependency assembly - System.Net.NameResolution.dll
Dependency assembly - System.IO.FileSystem.Primitives.dll
Dependency assembly - System.Security.Cryptography.Csp.dll
Dependency assembly - System.IO.Compression.ZipFile.dll
Dependency assembly - System.Management.dll
Dependency assembly - System.Web.DynamicData.dll
Dependency assembly - System.Reflection.Emit.dll
Dependency assembly - System.Xml.Xsl.Primitives.dll
Dependency assembly - System.Dynamic.Runtime.dll
Dependency assembly - System.Collections.Specialized.dll
Dependency assembly - System.Runtime.Handles.dll
Dependency assembly - I18N.CJK.dll
Dependency assembly - System.IO.Compression.FileSystem.dll
Dependency assembly - System.Diagnostics.Process.dll
Dependency assembly - System.ComponentModel.Primitives.dll
Dependency assembly - System.Xml.ReaderWriter.dll
Dependency assembly - System.Net.Cache.dll
Dependency assembly - System.IO.Pipes.dll
Dependency assembly - System.Security.SecureString.dll
Dependency assembly - System.IdentityModel.dll
Dependency assembly - System.Net.WebSockets.Client.dll
Dependency assembly - Unity.AI.MCP.Runtime.dll
Dependency assembly - Unity.TextMeshPro.dll
Dependency assembly - System.Net.Http.WebRequest.dll
Dependency assembly - System.ServiceProcess.dll
Dependency assembly - System.ServiceModel.Web.dll
Dependency assembly - System.Xml.XPath.XmlDocument.dll
Dependency assembly - System.Reflection.Emit.ILGeneration.dll
Dependency assembly - System.Linq.Queryable.dll
Dependency assembly - Unity.AI.Tracing.dll
Dependency assembly - System.Runtime.CompilerServices.Unsafe.dll
Dependency assembly - System.Runtime.InteropServices.WindowsRuntime.dll
Dependency assembly - Microsoft.Win32.Registry.AccessControl.dll
Dependency assembly - System.Windows.Forms.DataVisualization.dll
Dependency assembly - System.ServiceModel.Duplex.dll
Dependency assembly - System.Net.Security.dll
Dependency assembly - System.Data.dll
Dependency assembly - System.Reflection.dll
Dependency assembly - System.Threading.Overlapped.dll
Dependency assembly - System.Xml.XmlDocument.dll
Dependency assembly - System.Diagnostics.Contracts.dll
Dependency assembly - Mono.Security.dll
Dependency assembly - System.Runtime.Serialization.dll
Dependency assembly - System.Threading.Tasks.Parallel.dll
Dependency assembly - System.Net.WebSockets.dll
Dependency assembly - System.IO.dll
Dependency assembly - System.Console.dll
Dependency assembly - System.Diagnostics.StackTrace.dll
Dependency assembly - System.Runtime.dll
Dependency assembly - System.Configuration.Install.dll
Dependency assembly - Unity.2D.Tilemap.Extras.dll
Dependency assembly - System.Configuration.dll
Dependency assembly - System.Text.Encoding.Extensions.dll
Dependency assembly - System.Runtime.Extensions.dll
Dependency assembly - System.Json.dll
Dependency assembly - System.Security.Cryptography.Cng.dll
Dependency assembly - System.Security.Cryptography.X509Certificates.dll
Dependency assembly - System.ServiceProcess.ServiceController.dll
Dependency assembly - System.Messaging.dll
Dependency assembly - System.ServiceModel.Discovery.dll
Dependency assembly - System.Security.Cryptography.ProtectedData.dll
Dependency assembly - Unity.Mathematics.dll
Dependency assembly - System.ValueTuple.dll
Dependency assembly - System.Web.dll
Dependency assembly - System.Runtime.InteropServices.RuntimeInformation.dll
Dependency assembly - System.Linq.dll
Dependency assembly - Newtonsoft.Json.dll
Dependency assembly - System.ServiceModel.Internals.dll
Dependency assembly - System.Transactions.dll
Dependency assembly - mscorlib.dll
Dependency assembly - System.Security.Cryptography.Primitives.dll
Dependency assembly - System.dll
Dependency assembly - System.Resources.ResourceManager.dll
Dependency assembly - System.Drawing.Design.dll
Dependency assembly - System.Reflection.Context.dll
Dependency assembly - Accessibility.dll
Dependency assembly - System.ComponentModel.dll
Dependency assembly - System.Linq.Expressions.dll
Dependency assembly - System.Net.Mail.dll
Dependency assembly - System.Xml.dll
Dependency assembly - System.Text.Encodings.Web.dll
Dependency assembly - System.Reflection.Primitives.dll
Dependency assembly - System.Security.Cryptography.Encryption.Aes.dll

DisplayProgressbar: Fetching assembly references
Opening scene 'Assets/Scenes/Supermarket.unity'
Unloading 2 Unused Serialized files (Serialized files now loaded: 0)
Loaded scene 'Assets/Scenes/Supermarket.unity'
	Deserialize:            24.888 ms
	Integration:            648.139 ms
	Integration of assets:  0.008 ms
	Thread Wait Time:       0.001 ms
	Total Operation Time:   673.036 ms
Unloading 554 unused Assets / (1.2 MB). Loaded Objects now: 4918.
Memory consumption went from 257.9 MB to 256.7 MB.
Total: 17.161917 ms (FindLiveObjects: 0.200208 ms CreateObjectMapping: 0.195291 ms MarkObjects: 16.166959 ms  DeleteObjects: 0.598958 ms)

Unloading 129 Unused Serialized files (Serialized files now loaded: 0)
Unloading 353 unused Assets / (23.5 MB). Loaded Objects now: 3406.
Memory consumption went from 351.5 MB to 327.9 MB.
Total: 15.306542 ms (FindLiveObjects: 0.097500 ms CreateObjectMapping: 0.178167 ms MarkObjects: 14.289000 ms  DeleteObjects: 0.741584 ms)

Unloading 0 Unused Serialized files (Serialized files now loaded: 0)
Unloading 0 unused Assets / (3.5 MB). Loaded Objects now: 3406.
Memory consumption went from 321.4 MB to 317.9 MB.
Total: 13.616875 ms (FindLiveObjects: 0.109833 ms CreateObjectMapping: 0.158042 ms MarkObjects: 13.237250 ms  DeleteObjects: 0.111416 ms)

Unloading 1 Unused Serialized files (Serialized files now loaded: 0)
Unloading 177 unused Assets / (147.5 MB). Loaded Objects now: 3406.
Memory consumption went from 442.0 MB to 294.5 MB.
Total: 25.003292 ms (FindLiveObjects: 0.129375 ms CreateObjectMapping: 0.159750 ms MarkObjects: 14.606333 ms  DeleteObjects: 10.107416 ms)

Compiling shader "Standard"
  Pass "FORWARD" (vp)
    Target graphics API: metal
    Full variant space:         1.328
    After settings filtering:   1.328
    After built-in stripping:   48
    After scriptable stripping: 48
    Processed in 0.01 seconds
  Pass "FORWARD" (fp)
    Target graphics API: metal
    Full variant space:         1.008
    After settings filtering:   1.008
    After built-in stripping:   24
    After scriptable stripping: 24
    Processed in 0.00 seconds
  Pass "FORWARD_DELTA" (vp)
    Target graphics API: metal
    Full variant space:         376
    After settings filtering:   376
    After built-in stripping:   78
    After scriptable stripping: 78
    Processed in 0.00 seconds
  Pass "FORWARD_DELTA" (fp)
    Target graphics API: metal
    Full variant space:         376
    After settings filtering:   376
    After built-in stripping:   78
    After scriptable stripping: 78
    Processed in 0.00 seconds
  Pass "ShadowCaster" (vp)
    Target graphics API: metal
    Full variant space:         4
    After settings filtering:   4
    After built-in stripping:   6
    After scriptable stripping: 6
    Processed in 0.00 seconds
  Pass "ShadowCaster" (fp)
    Target graphics API: metal
    Full variant space:         4
    After settings filtering:   4
    After built-in stripping:   6
    After scriptable stripping: 6
    Processed in 0.00 seconds
  Pass "DEFERRED" (vp)
    Target graphics API: metal
    Full variant space:         152
    After settings filtering:   152
    After built-in stripping:   24
    After scriptable stripping: 24
    Processed in 0.00 seconds
  Pass "DEFERRED" (fp)
    Target graphics API: metal
    Full variant space:         152
    After settings filtering:   152
    After built-in stripping:   24
    After scriptable stripping: 24
    Processed in 0.00 seconds
  Pass "FORWARD" (vp)
    Target graphics API: metal
    Full variant space:         416
    After settings filtering:   416
    After built-in stripping:   48
    After scriptable stripping: 48
    Processed in 0.00 seconds
  Pass "FORWARD" (fp)
    Target graphics API: metal
    Full variant space:         296
    After settings filtering:   296
    After built-in stripping:   24
    After scriptable stripping: 24
    Processed in 0.00 seconds
  Pass "FORWARD_DELTA" (vp)
    Target graphics API: metal
    Full variant space:         280
    After settings filtering:   280
    After built-in stripping:   60
    After scriptable stripping: 60
    Processed in 0.00 seconds
  Pass "FORWARD_DELTA" (fp)
    Target graphics API: metal
    Full variant space:         280
    After settings filtering:   280
    After built-in stripping:   60
    After scriptable stripping: 60
    Processed in 0.00 seconds
  Pass "ShadowCaster" (vp)
    Target graphics API: metal
    Full variant space:         2
    After settings filtering:   2
    After built-in stripping:   6
    After scriptable stripping: 6
    Processed in 0.00 seconds
  Pass "ShadowCaster" (fp)
    Target graphics API: metal
    Full variant space:         2
    After settings filtering:   2
    After built-in stripping:   6
    After scriptable stripping: 6
    Processed in 0.00 seconds
  Pass FORWARD (vp, metal) finished in 0.03 seconds. Local cache hits 48 (0.29s CPU time), remote cache hits 0 (0.00s CPU time), compiled 0 variants (0.00s CPU time), skipped 0 variants.
    Prepared data for serialisation in 0.00s
  Pass FORWARD (fp, metal) finished in 0.02 seconds. Local cache hits 24 (0.16s CPU time), remote cache hits 0 (0.00s CPU time), compiled 0 variants (0.00s CPU time), skipped 0 variants.
    Prepared data for serialisation in 0.00s
  Pass FORWARD_DELTA (vp, metal) finished in 0.03 seconds. Local cache hits 78 (0.32s CPU time), remote cache hits 0 (0.00s CPU time), compiled 0 variants (0.00s CPU time), skipped 0 variants.
    Prepared data for serialisation in 0.00s
  Pass FORWARD_DELTA (fp, metal) finished in 0.07 seconds. Local cache hits 78 (0.69s CPU time), remote cache hits 0 (0.00s CPU time), compiled 0 variants (0.00s CPU time), skipped 0 variants.
    Prepared data for serialisation in 0.00s
  Pass ShadowCaster (vp, metal) finished in 0.02 seconds. Local cache hits 6 (0.05s CPU time), remote cache hits 0 (0.00s CPU time), compiled 0 variants (0.00s CPU time), skipped 0 variants.
    Prepared data for serialisation in 0.00s
  Pass ShadowCaster (fp, metal) finished in 0.02 seconds. Local cache hits 6 (0.05s CPU time), remote cache hits 0 (0.00s CPU time), compiled 0 variants (0.00s CPU time), skipped 0 variants.
    Prepared data for serialisation in 0.00s
  Pass DEFERRED (vp, metal) finished in 0.03 seconds. Local cache hits 24 (0.18s CPU time), remote cache hits 0 (0.00s CPU time), compiled 0 variants (0.00s CPU time), skipped 0 variants.
    Prepared data for serialisation in 0.00s
  Pass DEFERRED (fp, metal) finished in 0.02 seconds. Local cache hits 24 (0.17s CPU time), remote cache hits 0 (0.00s CPU time), compiled 0 variants (0.00s CPU time), skipped 0 variants.
    Prepared data for serialisation in 0.00s
  Pass FORWARD (vp, metal) finished in 0.02 seconds. Local cache hits 48 (0.13s CPU time), remote cache hits 0 (0.00s CPU time), compiled 0 variants (0.00s CPU time), skipped 0 variants.
    Prepared data for serialisation in 0.00s
  Pass FORWARD (fp, metal) finished in 0.02 seconds. Local cache hits 24 (0.10s CPU time), remote cache hits 0 (0.00s CPU time), compiled 0 variants (0.00s CPU time), skipped 0 variants.
    Prepared data for serialisation in 0.00s
  Pass FORWARD_DELTA (vp, metal) finished in 0.03 seconds. Local cache hits 60 (0.26s CPU time), remote cache hits 0 (0.00s CPU time), compiled 0 variants (0.00s CPU time), skipped 0 variants.
    Prepared data for serialisation in 0.00s
  Pass FORWARD_DELTA (fp, metal) finished in 0.03 seconds. Local cache hits 60 (0.24s CPU time), remote cache hits 0 (0.00s CPU time), compiled 0 variants (0.00s CPU time), skipped 0 variants.
    Prepared data for serialisation in 0.00s
  Pass ShadowCaster (vp, metal) finished in 0.01 seconds. Local cache hits 6 (0.01s CPU time), remote cache hits 0 (0.00s CPU time), compiled 0 variants (0.00s CPU time), skipped 0 variants.
    Prepared data for serialisation in 0.00s
  Pass ShadowCaster (fp, metal) finished in 0.00 seconds. Local cache hits 6 (0.01s CPU time), remote cache hits 0 (0.00s CPU time), compiled 0 variants (0.00s CPU time), skipped 0 variants.
    Prepared data for serialisation in 0.00s
Serialized binary data for shader Standard in 0.00s
    metal (total internal programs: 492, unique: 174)
Compressed shader 'Standard' on metal from 1.12MB to 0.05MB
Compressed shader 'Standard' in 0.01s
Compiling shader "Hidden/MarketDay/Native Clarity"
  Pass "" (vp)
    Target graphics API: metal
    Full variant space:         1
    After settings filtering:   1
    After built-in stripping:   3
    After scriptable stripping: 3
    Processed in 0.00 seconds
  Pass "" (fp)
    Target graphics API: metal
    Full variant space:         1
    After settings filtering:   1
    After built-in stripping:   3
    After scriptable stripping: 3
    Processed in 0.00 seconds
  Pass  (vp, metal) finished in 0.00 seconds. Local cache hits 3 (0.00s CPU time), remote cache hits 0 (0.00s CPU time), compiled 0 variants (0.00s CPU time), skipped 0 variants.
    Prepared data for serialisation in 0.00s
  Pass  (fp, metal) finished in 0.00 seconds. Local cache hits 3 (0.00s CPU time), remote cache hits 0 (0.00s CPU time), compiled 0 variants (0.00s CPU time), skipped 0 variants.
    Prepared data for serialisation in 0.00s
Serialized binary data for shader Hidden/MarketDay/Native Clarity in 0.00s
    metal (total internal programs: 6, unique: 2)
Compiling shader "MarketDay/Soft Painted"
  Pass "Illustrated contour" (vp)
    Target graphics API: metal
    Full variant space:         1
    After settings filtering:   1
    After built-in stripping:   3
    After scriptable stripping: 3
    Processed in 0.00 seconds
  Pass "Illustrated contour" (fp)
    Target graphics API: metal
    Full variant space:         1
    After settings filtering:   1
    After built-in stripping:   3
    After scriptable stripping: 3
    Processed in 0.00 seconds
  Pass "FORWARD" (vp)
    Target graphics API: metal
    Full variant space:         664
    After settings filtering:   664
    After built-in stripping:   24
    After scriptable stripping: 24
    Processed in 0.00 seconds
  Pass "FORWARD" (fp)
    Target graphics API: metal
    Full variant space:         504
    After settings filtering:   504
    After built-in stripping:   12
    After scriptable stripping: 12
    Processed in 0.00 seconds
  Pass "FORWARD" (vp)
    Target graphics API: metal
    Full variant space:         188
    After settings filtering:   188
    After built-in stripping:   39
    After scriptable stripping: 39
    Processed in 0.00 seconds
  Pass "FORWARD" (fp)
    Target graphics API: metal
    Full variant space:         188
    After settings filtering:   188
    After built-in stripping:   39
    After scriptable stripping: 39
    Processed in 0.00 seconds
  Pass "ShadowCaster" (vp)
    Target graphics API: metal
    Full variant space:         4
    After settings filtering:   4
    After built-in stripping:   6
    After scriptable stripping: 6
    Processed in 0.00 seconds
  Pass "ShadowCaster" (fp)
    Target graphics API: metal
    Full variant space:         4
    After settings filtering:   4
    After built-in stripping:   6
    After scriptable stripping: 6
    Processed in 0.00 seconds
  Pass Illustrated contour (vp, metal) finished in 0.00 seconds. Local cache hits 3 (0.00s CPU time), remote cache hits 0 (0.00s CPU time), compiled 0 variants (0.00s CPU time), skipped 0 variants.
    Prepared data for serialisation in 0.00s
  Pass Illustrated contour (fp, metal) finished in 0.00 seconds. Local cache hits 3 (0.00s CPU time), remote cache hits 0 (0.00s CPU time), compiled 0 variants (0.00s CPU time), skipped 0 variants.
    Prepared data for serialisation in 0.00s
  Pass FORWARD (vp, metal) finished in 0.02 seconds. Local cache hits 24 (0.14s CPU time), remote cache hits 0 (0.00s CPU time), compiled 0 variants (0.00s CPU time), skipped 0 variants.
    Prepared data for serialisation in 0.00s
  Pass FORWARD (fp, metal) finished in 0.01 seconds. Local cache hits 12 (0.05s CPU time), remote cache hits 0 (0.00s CPU time), compiled 0 variants (0.00s CPU time), skipped 0 variants.
    Prepared data for serialisation in 0.00s
  Pass FORWARD (vp, metal) finished in 0.03 seconds. Local cache hits 39 (0.21s CPU time), remote cache hits 0 (0.00s CPU time), compiled 0 variants (0.00s CPU time), skipped 0 variants.
    Prepared data for serialisation in 0.00s
  Pass FORWARD (fp, metal) finished in 0.02 seconds. Local cache hits 39 (0.21s CPU time), remote cache hits 0 (0.00s CPU time), compiled 0 variants (0.00s CPU time), skipped 0 variants.
    Prepared data for serialisation in 0.00s
  Pass ShadowCaster (vp, metal) finished in 0.01 seconds. Local cache hits 6 (0.01s CPU time), remote cache hits 0 (0.00s CPU time), compiled 0 variants (0.00s CPU time), skipped 0 variants.
    Prepared data for serialisation in 0.00s
  Pass ShadowCaster (fp, metal) finished in 0.01 seconds. Local cache hits 6 (0.01s CPU time), remote cache hits 0 (0.00s CPU time), compiled 0 variants (0.00s CPU time), skipped 0 variants.
    Prepared data for serialisation in 0.00s
Serialized binary data for shader MarketDay/Soft Painted in 0.00s
    metal (total internal programs: 132, unique: 44)
Compiling shader "MarketDay/Painted Terrain Tiles"
  Pass "FORWARD" (vp)
    Target graphics API: metal
    Full variant space:         664
    After settings filtering:   664
    After built-in stripping:   24
    After scriptable stripping: 24
    Processed in 0.00 seconds
  Pass "FORWARD" (fp)
    Target graphics API: metal
    Full variant space:         504
    After settings filtering:   504
    After built-in stripping:   12
    After scriptable stripping: 12
    Processed in 0.00 seconds
  Pass "FORWARD" (vp)
    Target graphics API: metal
    Full variant space:         20
    After settings filtering:   20
    After built-in stripping:   15
    After scriptable stripping: 15
    Processed in 0.00 seconds
  Pass "FORWARD" (fp)
    Target graphics API: metal
    Full variant space:         20
    After settings filtering:   20
    After built-in stripping:   15
    After scriptable stripping: 15
    Processed in 0.00 seconds
  Pass "DEFERRED" (vp)
    Target graphics API: metal
    Full variant space:         76
    After settings filtering:   76
    After built-in stripping:   12
    After scriptable stripping: 12
    Processed in 0.00 seconds
  Pass "DEFERRED" (fp)
    Target graphics API: metal
    Full variant space:         76
    After settings filtering:   76
    After built-in stripping:   12
    After scriptable stripping: 12
    Processed in 0.00 seconds
  Pass "ShadowCaster" (vp)
    Target graphics API: metal
    Full variant space:         4
    After settings filtering:   4
    After built-in stripping:   6
    After scriptable stripping: 6
    Processed in 0.00 seconds
  Pass "ShadowCaster" (fp)
    Target graphics API: metal
    Full variant space:         4
    After settings filtering:   4
    After built-in stripping:   6
    After scriptable stripping: 6
    Processed in 0.00 seconds
  Pass FORWARD (vp, metal) finished in 0.02 seconds. Local cache hits 24 (0.16s CPU time), remote cache hits 0 (0.00s CPU time), compiled 0 variants (0.00s CPU time), skipped 0 variants.
    Prepared data for serialisation in 0.00s
  Pass FORWARD (fp, metal) finished in 0.01 seconds. Local cache hits 12 (0.10s CPU time), remote cache hits 0 (0.00s CPU time), compiled 0 variants (0.00s CPU time), skipped 0 variants.
    Prepared data for serialisation in 0.00s
  Pass FORWARD (vp, metal) finished in 0.02 seconds. Local cache hits 15 (0.14s CPU time), remote cache hits 0 (0.00s CPU time), compiled 0 variants (0.00s CPU time), skipped 0 variants.
    Prepared data for serialisation in 0.00s
  Pass FORWARD (fp, metal) finished in 0.03 seconds. Local cache hits 15 (0.16s CPU time), remote cache hits 0 (0.00s CPU time), compiled 0 variants (0.00s CPU time), skipped 0 variants.
    Prepared data for serialisation in 0.00s
  Pass DEFERRED (vp, metal) finished in 0.01 seconds. Local cache hits 12 (0.08s CPU time), remote cache hits 0 (0.00s CPU time), compiled 0 variants (0.00s CPU time), skipped 0 variants.
    Prepared data for serialisation in 0.00s
  Pass DEFERRED (fp, metal) finished in 0.02 seconds. Local cache hits 12 (0.09s CPU time), remote cache hits 0 (0.00s CPU time), compiled 0 variants (0.00s CPU time), skipped 0 variants.
    Prepared data for serialisation in 0.00s
  Pass ShadowCaster (vp, metal) finished in 0.01 seconds. Local cache hits 6 (0.02s CPU time), remote cache hits 0 (0.00s CPU time), compiled 0 variants (0.00s CPU time), skipped 0 variants.
    Prepared data for serialisation in 0.00s
  Pass ShadowCaster (fp, metal) finished in 0.00 seconds. Local cache hits 6 (0.01s CPU time), remote cache hits 0 (0.00s CPU time), compiled 0 variants (0.00s CPU time), skipped 0 variants.
    Prepared data for serialisation in 0.00s
Serialized binary data for shader MarketDay/Painted Terrain Tiles in 0.00s
    metal (total internal programs: 102, unique: 33)
Compiling shader "Legacy Shaders/VertexLit"
  Pass "" (vp)
    Target graphics API: metal
    Full variant space:         12
    After settings filtering:   12
    After built-in stripping:   9
    After scriptable stripping: 9
    Processed in 0.00 seconds
  Pass "" (fp)
    Target graphics API: metal
    Full variant space:         12
    After settings filtering:   12
    After built-in stripping:   9
    After scriptable stripping: 9
    Processed in 0.00 seconds
  Pass "" (vp)
    Target graphics API: metal
    Full variant space:         4
    After settings filtering:   4
    After built-in stripping:   3
    After scriptable stripping: 3
    Processed in 0.00 seconds
  Pass "" (fp)
    Target graphics API: metal
    Full variant space:         4
    After settings filtering:   4
    After built-in stripping:   3
    After scriptable stripping: 3
    Processed in 0.00 seconds
  Pass "ShadowCaster" (vp)
    Target graphics API: metal
    Full variant space:         4
    After settings filtering:   4
    After built-in stripping:   6
    After scriptable stripping: 6
    Processed in 0.00 seconds
  Pass "ShadowCaster" (fp)
    Target graphics API: metal
    Full variant space:         4
    After settings filtering:   4
    After built-in stripping:   6
    After scriptable stripping: 6
    Processed in 0.00 seconds
  Pass  (vp, metal) finished in 0.01 seconds. Local cache hits 9 (0.09s CPU time), remote cache hits 0 (0.00s CPU time), compiled 0 variants (0.00s CPU time), skipped 0 variants.
    Prepared data for serialisation in 0.00s
  Pass  (fp, metal) finished in 0.02 seconds. Local cache hits 9 (0.06s CPU time), remote cache hits 0 (0.00s CPU time), compiled 0 variants (0.00s CPU time), skipped 0 variants.
    Prepared data for serialisation in 0.00s
  Pass  (vp, metal) finished in 0.01 seconds. Local cache hits 3 (0.02s CPU time), remote cache hits 0 (0.00s CPU time), compiled 0 variants (0.00s CPU time), skipped 0 variants.
    Prepared data for serialisation in 0.00s
  Pass  (fp, metal) finished in 0.01 seconds. Local cache hits 3 (0.02s CPU time), remote cache hits 0 (0.00s CPU time), compiled 0 variants (0.00s CPU time), skipped 0 variants.
    Prepared data for serialisation in 0.00s
  Pass ShadowCaster (vp, metal) finished in 0.00 seconds. Local cache hits 6 (0.01s CPU time), remote cache hits 0 (0.00s CPU time), compiled 0 variants (0.00s CPU time), skipped 0 variants.
    Prepared data for serialisation in 0.00s
  Pass ShadowCaster (fp, metal) finished in 0.01 seconds. Local cache hits 6 (0.02s CPU time), remote cache hits 0 (0.00s CPU time), compiled 0 variants (0.00s CPU time), skipped 0 variants.
    Prepared data for serialisation in 0.00s
Serialized binary data for shader Legacy Shaders/VertexLit in 0.00s
    metal (total internal programs: 36, unique: 12)
Compiling shader "Legacy Shaders/Diffuse"
  Pass "FORWARD" (vp)
    Target graphics API: metal
    Full variant space:         664
    After settings filtering:   664
    After built-in stripping:   24
    After scriptable stripping: 24
    Processed in 0.00 seconds
  Pass "FORWARD" (fp)
    Target graphics API: metal
    Full variant space:         504
    After settings filtering:   504
    After built-in stripping:   12
    After scriptable stripping: 12
    Processed in 0.00 seconds
  Pass "FORWARD" (vp)
    Target graphics API: metal
    Full variant space:         20
    After settings filtering:   20
    After built-in stripping:   15
    After scriptable stripping: 15
    Processed in 0.00 seconds
  Pass "FORWARD" (fp)
    Target graphics API: metal
    Full variant space:         20
    After settings filtering:   20
    After built-in stripping:   15
    After scriptable stripping: 15
    Processed in 0.00 seconds
  Pass "DEFERRED" (vp)
    Target graphics API: metal
    Full variant space:         76
    After settings filtering:   76
    After built-in stripping:   12
    After scriptable stripping: 12
    Processed in 0.00 seconds
  Pass "DEFERRED" (fp)
    Target graphics API: metal
    Full variant space:         76
    After settings filtering:   76
    After built-in stripping:   12
    After scriptable stripping: 12
    Processed in 0.00 seconds
  Pass FORWARD (vp, metal) finished in 0.02 seconds. Local cache hits 24 (0.13s CPU time), remote cache hits 0 (0.00s CPU time), compiled 0 variants (0.00s CPU time), skipped 0 variants.
    Prepared data for serialisation in 0.00s
  Pass FORWARD (fp, metal) finished in 0.01 seconds. Local cache hits 12 (0.04s CPU time), remote cache hits 0 (0.00s CPU time), compiled 0 variants (0.00s CPU time), skipped 0 variants.
    Prepared data for serialisation in 0.00s
  Pass FORWARD (vp, metal) finished in 0.00 seconds. Local cache hits 15 (0.02s CPU time), remote cache hits 0 (0.00s CPU time), compiled 0 variants (0.00s CPU time), skipped 0 variants.
    Prepared data for serialisation in 0.00s
  Pass FORWARD (fp, metal) finished in 0.01 seconds. Local cache hits 15 (0.09s CPU time), remote cache hits 0 (0.00s CPU time), compiled 0 variants (0.00s CPU time), skipped 0 variants.
    Prepared data for serialisation in 0.00s
  Pass DEFERRED (vp, metal) finished in 0.02 seconds. Local cache hits 12 (0.08s CPU time), remote cache hits 0 (0.00s CPU time), compiled 0 variants (0.00s CPU time), skipped 0 variants.
    Prepared data for serialisation in 0.00s
  Pass DEFERRED (fp, metal) finished in 0.01 seconds. Local cache hits 12 (0.07s CPU time), remote cache hits 0 (0.00s CPU time), compiled 0 variants (0.00s CPU time), skipped 0 variants.
    Prepared data for serialisation in 0.00s
Serialized binary data for shader Legacy Shaders/Diffuse in 0.00s
    metal (total internal programs: 90, unique: 29)
Compiling shader "Hidden/Internal-StencilWrite"
  Pass "" (vp)
    Target graphics API: metal
    Full variant space:         1
    After settings filtering:   1
    After built-in stripping:   3
    After scriptable stripping: 3
    Processed in 0.00 seconds
  Pass "" (fp)
    Target graphics API: metal
    Full variant space:         1
    After settings filtering:   1
    After built-in stripping:   3
    After scriptable stripping: 3
    Processed in 0.00 seconds
  Pass  (vp, metal) finished in 0.01 seconds. Local cache hits 3 (0.02s CPU time), remote cache hits 0 (0.00s CPU time), compiled 0 variants (0.00s CPU time), skipped 0 variants.
    Prepared data for serialisation in 0.00s
  Pass  (fp, metal) finished in 0.01 seconds. Local cache hits 3 (0.02s CPU time), remote cache hits 0 (0.00s CPU time), compiled 0 variants (0.00s CPU time), skipped 0 variants.
    Prepared data for serialisation in 0.00s
Serialized binary data for shader Hidden/Internal-StencilWrite in 0.00s
    metal (total internal programs: 6, unique: 2)
Compiling shader "Hidden/Internal-DepthNormalsTexture"
  Pass "" (vp)
    Target graphics API: metal
    Full variant space:         1
    After settings filtering:   1
    After built-in stripping:   3
    After scriptable stripping: 3
    Processed in 0.00 seconds
  Pass "" (fp)
    Target graphics API: metal
    Full variant space:         1
    After settings filtering:   1
    After built-in stripping:   3
    After scriptable stripping: 3
    Processed in 0.00 seconds
  Pass "" (vp)
    Target graphics API: metal
    Full variant space:         1
    After settings filtering:   1
    After built-in stripping:   3
    After scriptable stripping: 3
    Processed in 0.00 seconds
  Pass "" (fp)
    Target graphics API: metal
    Full variant space:         1
    After settings filtering:   1
    After built-in stripping:   3
    After scriptable stripping: 3
    Processed in 0.00 seconds
  Pass "" (vp)
    Target graphics API: metal
    Full variant space:         1
    After settings filtering:   1
    After built-in stripping:   3
    After scriptable stripping: 3
    Processed in 0.00 seconds
  Pass "" (fp)
    Target graphics API: metal
    Full variant space:         1
    After settings filtering:   1
    After built-in stripping:   3
    After scriptable stripping: 3
    Processed in 0.00 seconds
  Pass "" (vp)
    Target graphics API: metal
    Full variant space:         1
    After settings filtering:   1
    After built-in stripping:   3
    After scriptable stripping: 3
    Processed in 0.00 seconds
  Pass "" (fp)
    Target graphics API: metal
    Full variant space:         1
    After settings filtering:   1
    After built-in stripping:   3
    After scriptable stripping: 3
    Processed in 0.00 seconds
  Pass "" (vp)
    Target graphics API: metal
    Full variant space:         1
    After settings filtering:   1
    After built-in stripping:   3
    After scriptable stripping: 3
    Processed in 0.00 seconds
  Pass "" (fp)
    Target graphics API: metal
    Full variant space:         1
    After settings filtering:   1
    After built-in stripping:   3
    After scriptable stripping: 3
    Processed in 0.00 seconds
  Pass "" (vp)
    Target graphics API: metal
    Full variant space:         1
    After settings filtering:   1
    After built-in stripping:   3
    After scriptable stripping: 3
    Processed in 0.00 seconds
  Pass "" (fp)
    Target graphics API: metal
    Full variant space:         1
    After settings filtering:   1
    After built-in stripping:   3
    After scriptable stripping: 3
    Processed in 0.00 seconds
  Pass "" (vp)
    Target graphics API: metal
    Full variant space:         1
    After settings filtering:   1
    After built-in stripping:   3
    After scriptable stripping: 3
    Processed in 0.00 seconds
  Pass "" (fp)
    Target graphics API: metal
    Full variant space:         1
    After settings filtering:   1
    After built-in stripping:   3
    After scriptable stripping: 3
    Processed in 0.00 seconds
  Pass "" (vp)
    Target graphics API: metal
    Full variant space:         1
    After settings filtering:   1
    After built-in stripping:   3
    After scriptable stripping: 3
    Processed in 0.00 seconds
  Pass "" (fp)
    Target graphics API: metal
    Full variant space:         1
    After settings filtering:   1
    After built-in stripping:   3
    After scriptable stripping: 3
    Processed in 0.00 seconds
  Pass "" (vp)
    Target graphics API: metal
    Full variant space:         1
    After settings filtering:   1
    After built-in stripping:   3
    After scriptable stripping: 3
    Processed in 0.00 seconds
  Pass "" (fp)
    Target graphics API: metal
    Full variant space:         1
    After settings filtering:   1
    After built-in stripping:   3
    After scriptable stripping: 3
    Processed in 0.00 seconds
  Pass "" (vp)
    Target graphics API: metal
    Full variant space:         1
    After settings filtering:   1
    After built-in stripping:   3
    After scriptable stripping: 3
    Processed in 0.00 seconds
  Pass "" (fp)
    Target graphics API: metal
    Full variant space:         1
    After settings filtering:   1
    After built-in stripping:   3
    After scriptable stripping: 3
    Processed in 0.00 seconds
  Pass  (vp, metal) finished in 0.01 seconds. Local cache hits 3 (0.03s CPU time), remote cache hits 0 (0.00s CPU time), compiled 0 variants (0.00s CPU time), skipped 0 variants.
    Prepared data for serialisation in 0.00s
  Pass  (fp, metal) finished in 0.01 seconds. Local cache hits 3 (0.03s CPU time), remote cache hits 0 (0.00s CPU time), compiled 0 variants (0.00s CPU time), skipped 0 variants.
    Prepared data for serialisation in 0.00s
  Pass  (vp, metal) finished in 0.01 seconds. Local cache hits 3 (0.03s CPU time), remote cache hits 0 (0.00s CPU time), compiled 0 variants (0.00s CPU time), skipped 0 variants.
    Prepared data for serialisation in 0.00s
  Pass  (fp, metal) finished in 0.01 seconds. Local cache hits 3 (0.03s CPU time), remote cache hits 0 (0.00s CPU time), compiled 0 variants (0.00s CPU time), skipped 0 variants.
    Prepared data for serialisation in 0.00s
  Pass  (vp, metal) finished in 0.01 seconds. Local cache hits 3 (0.03s CPU time), remote cache hits 0 (0.00s CPU time), compiled 0 variants (0.00s CPU time), skipped 0 variants.
    Prepared data for serialisation in 0.00s
  Pass  (fp, metal) finished in 0.01 seconds. Local cache hits 3 (0.02s CPU time), remote cache hits 0 (0.00s CPU time), compiled 0 variants (0.00s CPU time), skipped 0 variants.
    Prepared data for serialisation in 0.00s
  Pass  (vp, metal) finished in 0.01 seconds. Local cache hits 3 (0.03s CPU time), remote cache hits 0 (0.00s CPU time), compiled 0 variants (0.00s CPU time), skipped 0 variants.
    Prepared data for serialisation in 0.00s
  Pass  (fp, metal) finished in 0.01 seconds. Local cache hits 3 (0.03s CPU time), remote cache hits 0 (0.00s CPU time), compiled 0 variants (0.00s CPU time), skipped 0 variants.
    Prepared data for serialisation in 0.00s
  Pass  (vp, metal) finished in 0.01 seconds. Local cache hits 3 (0.02s CPU time), remote cache hits 0 (0.00s CPU time), compiled 0 variants (0.00s CPU time), skipped 0 variants.
    Prepared data for serialisation in 0.00s
  Pass  (fp, metal) finished in 0.01 seconds. Local cache hits 3 (0.00s CPU time), remote cache hits 0 (0.00s CPU time), compiled 0 variants (0.00s CPU time), skipped 0 variants.
    Prepared data for serialisation in 0.00s
  Pass  (vp, metal) finished in 0.01 seconds. Local cache hits 3 (0.02s CPU time), remote cache hits 0 (0.00s CPU time), compiled 0 variants (0.00s CPU time), skipped 0 variants.
    Prepared data for serialisation in 0.00s
  Pass  (fp, metal) finished in 0.01 seconds. Local cache hits 3 (0.01s CPU time), remote cache hits 0 (0.00s CPU time), compiled 0 variants (0.00s CPU time), skipped 0 variants.
    Prepared data for serialisation in 0.00s
  Pass  (vp, metal) finished in 0.01 seconds. Local cache hits 3 (0.02s CPU time), remote cache hits 0 (0.00s CPU time), compiled 0 variants (0.00s CPU time), skipped 0 variants.
    Prepared data for serialisation in 0.00s
  Pass  (fp, metal) finished in 0.01 seconds. Local cache hits 3 (0.00s CPU time), remote cache hits 0 (0.00s CPU time), compiled 0 variants (0.00s CPU time), skipped 0 variants.
    Prepared data for serialisation in 0.00s
  Pass  (vp, metal) finished in 0.01 seconds. Local cache hits 3 (0.02s CPU time), remote cache hits 0 (0.00s CPU time), compiled 0 variants (0.00s CPU time), skipped 0 variants.
    Prepared data for serialisation in 0.00s
  Pass  (fp, metal) finished in 0.01 seconds. Local cache hits 3 (0.03s CPU time), remote cache hits 0 (0.00s CPU time), compiled 0 variants (0.00s CPU time), skipped 0 variants.
    Prepared data for serialisation in 0.00s
  Pass  (vp, metal) finished in 0.01 seconds. Local cache hits 3 (0.03s CPU time), remote cache hits 0 (0.00s CPU time), compiled 0 variants (0.00s CPU time), skipped 0 variants.
    Prepared data for serialisation in 0.00s
  Pass  (fp, metal) finished in 0.01 seconds. Local cache hits 3 (0.03s CPU time), remote cache hits 0 (0.00s CPU time), compiled 0 variants (0.00s CPU time), skipped 0 variants.
    Prepared data for serialisation in 0.00s
  Pass  (vp, metal) finished in 0.01 seconds. Local cache hits 3 (0.02s CPU time), remote cache hits 0 (0.00s CPU time), compiled 0 variants (0.00s CPU time), skipped 0 variants.
    Prepared data for serialisation in 0.00s
  Pass  (fp, metal) finished in 0.00 seconds. Local cache hits 3 (0.01s CPU time), remote cache hits 0 (0.00s CPU time), compiled 0 variants (0.00s CPU time), skipped 0 variants.
    Prepared data for serialisation in 0.00s
Serialized binary data for shader Hidden/Internal-DepthNormalsTexture in 0.00s
    metal (total internal programs: 60, unique: 16)
Compiling shader "Hidden/Internal-ScreenSpaceShadows"
  Pass "" (vp)
    Target graphics API: metal
    Full variant space:         4
    After settings filtering:   4
    After built-in stripping:   12
    After scriptable stripping: 12
    Processed in 0.00 seconds
  Pass "" (fp)
    Target graphics API: metal
    Full variant space:         4
    After settings filtering:   4
    After built-in stripping:   12
    After scriptable stripping: 12
    Processed in 0.00 seconds
  Pass "" (vp)
    Target graphics API: metal
    Full variant space:         4
    After settings filtering:   4
    After built-in stripping:   12
    After scriptable stripping: 12
    Processed in 0.00 seconds
  Pass "" (fp)
    Target graphics API: metal
    Full variant space:         4
    After settings filtering:   4
    After built-in stripping:   12
    After scriptable stripping: 12
    Processed in 0.00 seconds
  Pass "" (vp)
    Target graphics API: metal
    Full variant space:         4
    After settings filtering:   4
    After built-in stripping:   12
    After scriptable stripping: 12
    Processed in 0.00 seconds
  Pass "" (fp)
    Target graphics API: metal
    Full variant space:         4
    After settings filtering:   4
    After built-in stripping:   12
    After scriptable stripping: 12
    Processed in 0.00 seconds
  Pass "" (vp)
    Target graphics API: metal
    Full variant space:         4
    After settings filtering:   4
    After built-in stripping:   12
    After scriptable stripping: 12
    Processed in 0.00 seconds
  Pass "" (fp)
    Target graphics API: metal
    Full variant space:         4
    After settings filtering:   4
    After built-in stripping:   12
    After scriptable stripping: 12
    Processed in 0.00 seconds
  Pass  (vp, metal) finished in 0.01 seconds. Local cache hits 12 (0.12s CPU time), remote cache hits 0 (0.00s CPU time), compiled 0 variants (0.00s CPU time), skipped 0 variants.
    Prepared data for serialisation in 0.00s
  Pass  (fp, metal) finished in 0.01 seconds. Local cache hits 12 (0.06s CPU time), remote cache hits 0 (0.00s CPU time), compiled 0 variants (0.00s CPU time), skipped 0 variants.
    Prepared data for serialisation in 0.00s
  Pass  (vp, metal) finished in 0.01 seconds. Local cache hits 12 (0.02s CPU time), remote cache hits 0 (0.00s CPU time), compiled 0 variants (0.00s CPU time), skipped 0 variants.
    Prepared data for serialisation in 0.00s
  Pass  (fp, metal) finished in 0.01 seconds. Local cache hits 12 (0.08s CPU time), remote cache hits 0 (0.00s CPU time), compiled 0 variants (0.00s CPU time), skipped 0 variants.
    Prepared data for serialisation in 0.00s
  Pass  (vp, metal) finished in 0.00 seconds. Local cache hits 12 (0.02s CPU time), remote cache hits 0 (0.00s CPU time), compiled 0 variants (0.00s CPU time), skipped 0 variants.
    Prepared data for serialisation in 0.00s
  Pass  (fp, metal) finished in 0.01 seconds. Local cache hits 12 (0.11s CPU time), remote cache hits 0 (0.00s CPU time), compiled 0 variants (0.00s CPU time), skipped 0 variants.
    Prepared data for serialisation in 0.00s
  Pass  (vp, metal) finished in 0.01 seconds. Local cache hits 12 (0.02s CPU time), remote cache hits 0 (0.00s CPU time), compiled 0 variants (0.00s CPU time), skipped 0 variants.
    Prepared data for serialisation in 0.00s
  Pass  (fp, metal) finished in 0.01 seconds. Local cache hits 12 (0.12s CPU time), remote cache hits 0 (0.00s CPU time), compiled 0 variants (0.00s CPU time), skipped 0 variants.
    Prepared data for serialisation in 0.00s
Serialized binary data for shader Hidden/Internal-ScreenSpaceShadows in 0.00s
    metal (total internal programs: 96, unique: 20)
Compiling shader "Hidden/Internal-CombineDepthNormals"
  Pass "" (vp)
    Target graphics API: metal
    Full variant space:         1
    After settings filtering:   1
    After built-in stripping:   3
    After scriptable stripping: 3
    Processed in 0.00 seconds
  Pass "" (fp)
    Target graphics API: metal
    Full variant space:         1
    After settings filtering:   1
    After built-in stripping:   3
    After scriptable stripping: 3
    Processed in 0.00 seconds
  Pass  (vp, metal) finished in 0.01 seconds. Local cache hits 3 (0.02s CPU time), remote cache hits 0 (0.00s CPU time), compiled 0 variants (0.00s CPU time), skipped 0 variants.
    Prepared data for serialisation in 0.00s
  Pass  (fp, metal) finished in 0.01 seconds. Local cache hits 3 (0.02s CPU time), remote cache hits 0 (0.00s CPU time), compiled 0 variants (0.00s CPU time), skipped 0 variants.
    Prepared data for serialisation in 0.00s
Serialized binary data for shader Hidden/Internal-CombineDepthNormals in 0.00s
    metal (total internal programs: 6, unique: 2)
Compiling shader "Hidden/BlitCopy"
  Pass "" (vp)
    Target graphics API: metal
    Full variant space:         1
    After settings filtering:   1
    After built-in stripping:   3
    After scriptable stripping: 3
    Processed in 0.00 seconds
  Pass "" (fp)
    Target graphics API: metal
    Full variant space:         1
    After settings filtering:   1
    After built-in stripping:   3
    After scriptable stripping: 3
    Processed in 0.00 seconds
  Pass  (vp, metal) finished in 0.00 seconds. Local cache hits 3 (0.01s CPU time), remote cache hits 0 (0.00s CPU time), compiled 0 variants (0.00s CPU time), skipped 0 variants.
    Prepared data for serialisation in 0.00s
  Pass  (fp, metal) finished in 0.00 seconds. Local cache hits 3 (0.00s CPU time), remote cache hits 0 (0.00s CPU time), compiled 0 variants (0.00s CPU time), skipped 0 variants.
    Prepared data for serialisation in 0.00s
Serialized binary data for shader Hidden/BlitCopy in 0.00s
    metal (total internal programs: 6, unique: 2)
Compiling shader "Hidden/BlitCopyDepth"
  Pass "" (vp)
    Target graphics API: metal
    Full variant space:         1
    After settings filtering:   1
    After built-in stripping:   3
    After scriptable stripping: 3
    Processed in 0.00 seconds
  Pass "" (fp)
    Target graphics API: metal
    Full variant space:         1
    After settings filtering:   1
    After built-in stripping:   3
    After scriptable stripping: 3
    Processed in 0.00 seconds
  Pass  (vp, metal) finished in 0.00 seconds. Local cache hits 3 (0.00s CPU time), remote cache hits 0 (0.00s CPU time), compiled 0 variants (0.00s CPU time), skipped 0 variants.
    Prepared data for serialisation in 0.00s
  Pass  (fp, metal) finished in 0.00 seconds. Local cache hits 3 (0.01s CPU time), remote cache hits 0 (0.00s CPU time), compiled 0 variants (0.00s CPU time), skipped 0 variants.
    Prepared data for serialisation in 0.00s
Serialized binary data for shader Hidden/BlitCopyDepth in 0.00s
    metal (total internal programs: 6, unique: 2)
Compiling shader "Hidden/ConvertTexture"
  Pass "" (vp)
    Target graphics API: metal
    Full variant space:         1
    After settings filtering:   1
    After built-in stripping:   3
    After scriptable stripping: 3
    Processed in 0.00 seconds
  Pass "" (fp)
    Target graphics API: metal
    Full variant space:         1
    After settings filtering:   1
    After built-in stripping:   3
    After scriptable stripping: 3
    Processed in 0.00 seconds
  Pass  (vp, metal) finished in 0.01 seconds. Local cache hits 3 (0.02s CPU time), remote cache hits 0 (0.00s CPU time), compiled 0 variants (0.00s CPU time), skipped 0 variants.
    Prepared data for serialisation in 0.00s
  Pass  (fp, metal) finished in 0.01 seconds. Local cache hits 3 (0.02s CPU time), remote cache hits 0 (0.00s CPU time), compiled 0 variants (0.00s CPU time), skipped 0 variants.
    Prepared data for serialisation in 0.00s
Serialized binary data for shader Hidden/ConvertTexture in 0.00s
    metal (total internal programs: 6, unique: 2)
Compiling shader "Hidden/Internal-DeferredShading"
  Pass "" (vp)
    Target graphics API: metal
    Full variant space:         94
    After settings filtering:   94
    After built-in stripping:   78
    After scriptable stripping: 78
    Processed in 0.00 seconds
  Pass "" (fp)
    Target graphics API: metal
    Full variant space:         94
    After settings filtering:   94
    After built-in stripping:   78
    After scriptable stripping: 78
    Processed in 0.00 seconds
  Pass "" (vp)
    Target graphics API: metal
    Full variant space:         1
    After settings filtering:   1
    After built-in stripping:   3
    After scriptable stripping: 3
    Processed in 0.00 seconds
  Pass "" (fp)
    Target graphics API: metal
    Full variant space:         1
    After settings filtering:   1
    After built-in stripping:   3
    After scriptable stripping: 3
    Processed in 0.00 seconds
  Pass  (vp, metal) finished in 0.04 seconds. Local cache hits 78 (0.37s CPU time), remote cache hits 0 (0.00s CPU time), compiled 0 variants (0.00s CPU time), skipped 0 variants.
    Prepared data for serialisation in 0.00s
  Pass  (fp, metal) finished in 0.06 seconds. Local cache hits 78 (0.57s CPU time), remote cache hits 0 (0.00s CPU time), compiled 0 variants (0.00s CPU time), skipped 0 variants.
    Prepared data for serialisation in 0.00s
  Pass  (vp, metal) finished in 0.01 seconds. Local cache hits 3 (0.01s CPU time), remote cache hits 0 (0.00s CPU time), compiled 0 variants (0.00s CPU time), skipped 0 variants.
    Prepared data for serialisation in 0.00s
  Pass  (fp, metal) finished in 0.01 seconds. Local cache hits 3 (0.02s CPU time), remote cache hits 0 (0.00s CPU time), compiled 0 variants (0.00s CPU time), skipped 0 variants.
    Prepared data for serialisation in 0.00s
Serialized binary data for shader Hidden/Internal-DeferredShading in 0.00s
    metal (total internal programs: 162, unique: 80)
Compiling shader "Hidden/Internal-DeferredReflections"
  Pass "" (vp)
    Target graphics API: metal
    Full variant space:         1
    After settings filtering:   1
    After built-in stripping:   3
    After scriptable stripping: 3
    Processed in 0.00 seconds
  Pass "" (fp)
    Target graphics API: metal
    Full variant space:         1
    After settings filtering:   1
    After built-in stripping:   3
    After scriptable stripping: 3
    Processed in 0.00 seconds
  Pass "" (vp)
    Target graphics API: metal
    Full variant space:         2
    After settings filtering:   2
    After built-in stripping:   6
    After scriptable stripping: 6
    Processed in 0.00 seconds
  Pass "" (fp)
    Target graphics API: metal
    Full variant space:         2
    After settings filtering:   2
    After built-in stripping:   6
    After scriptable stripping: 6
    Processed in 0.00 seconds
  Pass  (vp, metal) finished in 0.01 seconds. Local cache hits 3 (0.02s CPU time), remote cache hits 0 (0.00s CPU time), compiled 0 variants (0.00s CPU time), skipped 0 variants.
    Prepared data for serialisation in 0.00s
  Pass  (fp, metal) finished in 0.01 seconds. Local cache hits 3 (0.04s CPU time), remote cache hits 0 (0.00s CPU time), compiled 0 variants (0.00s CPU time), skipped 0 variants.
    Prepared data for serialisation in 0.00s
  Pass  (vp, metal) finished in 0.01 seconds. Local cache hits 6 (0.06s CPU time), remote cache hits 0 (0.00s CPU time), compiled 0 variants (0.00s CPU time), skipped 0 variants.
    Prepared data for serialisation in 0.00s
  Pass  (fp, metal) finished in 0.01 seconds. Local cache hits 6 (0.04s CPU time), remote cache hits 0 (0.00s CPU time), compiled 0 variants (0.00s CPU time), skipped 0 variants.
    Prepared data for serialisation in 0.00s
Serialized binary data for shader Hidden/Internal-DeferredReflections in 0.00s
    metal (total internal programs: 18, unique: 7)
Compiling shader "Hidden/Internal-MotionVectors"
  Pass "" (vp)
    Target graphics API: metal
    Full variant space:         1
    After settings filtering:   1
    After built-in stripping:   3
    After scriptable stripping: 3
    Processed in 0.00 seconds
  Pass "" (fp)
    Target graphics API: metal
    Full variant space:         1
    After settings filtering:   1
    After built-in stripping:   3
    After scriptable stripping: 3
    Processed in 0.00 seconds
  Pass "" (vp)
    Target graphics API: metal
    Full variant space:         1
    After settings filtering:   1
    After built-in stripping:   3
    After scriptable stripping: 3
    Processed in 0.00 seconds
  Pass "" (fp)
    Target graphics API: metal
    Full variant space:         1
    After settings filtering:   1
    After built-in stripping:   3
    After scriptable stripping: 3
    Processed in 0.00 seconds
  Pass "" (vp)
    Target graphics API: metal
    Full variant space:         1
    After settings filtering:   1
    After built-in stripping:   3
    After scriptable stripping: 3
    Processed in 0.00 seconds
  Pass "" (fp)
    Target graphics API: metal
    Full variant space:         1
    After settings filtering:   1
    After built-in stripping:   3
    After scriptable stripping: 3
    Processed in 0.00 seconds
  Pass  (vp, metal) finished in 0.01 seconds. Local cache hits 3 (0.03s CPU time), remote cache hits 0 (0.00s CPU time), compiled 0 variants (0.00s CPU time), skipped 0 variants.
    Prepared data for serialisation in 0.00s
  Pass  (fp, metal) finished in 0.01 seconds. Local cache hits 3 (0.04s CPU time), remote cache hits 0 (0.00s CPU time), compiled 0 variants (0.00s CPU time), skipped 0 variants.
    Prepared data for serialisation in 0.00s
  Pass  (vp, metal) finished in 0.01 seconds. Local cache hits 3 (0.03s CPU time), remote cache hits 0 (0.00s CPU time), compiled 0 variants (0.00s CPU time), skipped 0 variants.
    Prepared data for serialisation in 0.00s
  Pass  (fp, metal) finished in 0.01 seconds. Local cache hits 3 (0.03s CPU time), remote cache hits 0 (0.00s CPU time), compiled 0 variants (0.00s CPU time), skipped 0 variants.
    Prepared data for serialisation in 0.00s
  Pass  (vp, metal) finished in 0.00 seconds. Local cache hits 3 (0.01s CPU time), remote cache hits 0 (0.00s CPU time), compiled 0 variants (0.00s CPU time), skipped 0 variants.
    Prepared data for serialisation in 0.00s
  Pass  (fp, metal) finished in 0.00 seconds. Local cache hits 3 (0.01s CPU time), remote cache hits 0 (0.00s CPU time), compiled 0 variants (0.00s CPU time), skipped 0 variants.
    Prepared data for serialisation in 0.00s
Serialized binary data for shader Hidden/Internal-MotionVectors in 0.00s
    metal (total internal programs: 18, unique: 5)
Compiling shader "Hidden/Internal-Flare"
  Pass "" (vp)
    Target graphics API: metal
    Full variant space:         1
    After settings filtering:   1
    After built-in stripping:   3
    After scriptable stripping: 3
    Processed in 0.00 seconds
  Pass "" (fp)
    Target graphics API: metal
    Full variant space:         1
    After settings filtering:   1
    After built-in stripping:   3
    After scriptable stripping: 3
    Processed in 0.00 seconds
  Pass  (vp, metal) finished in 0.01 seconds. Local cache hits 3 (0.01s CPU time), remote cache hits 0 (0.00s CPU time), compiled 0 variants (0.00s CPU time), skipped 0 variants.
    Prepared data for serialisation in 0.00s
  Pass  (fp, metal) finished in 0.01 seconds. Local cache hits 3 (0.02s CPU time), remote cache hits 0 (0.00s CPU time), compiled 0 variants (0.00s CPU time), skipped 0 variants.
    Prepared data for serialisation in 0.00s
Serialized binary data for shader Hidden/Internal-Flare in 0.00s
    metal (total internal programs: 6, unique: 2)
Compiling shader "Hidden/Internal-Halo"
  Pass "" (vp)
    Target graphics API: metal
    Full variant space:         4
    After settings filtering:   4
    After built-in stripping:   3
    After scriptable stripping: 3
    Processed in 0.00 seconds
  Pass "" (fp)
    Target graphics API: metal
    Full variant space:         4
    After settings filtering:   4
    After built-in stripping:   3
    After scriptable stripping: 3
    Processed in 0.00 seconds
  Pass  (vp, metal) finished in 0.01 seconds. Local cache hits 3 (0.02s CPU time), remote cache hits 0 (0.00s CPU time), compiled 0 variants (0.00s CPU time), skipped 0 variants.
    Prepared data for serialisation in 0.00s
  Pass  (fp, metal) finished in 0.01 seconds. Local cache hits 3 (0.02s CPU time), remote cache hits 0 (0.00s CPU time), compiled 0 variants (0.00s CPU time), skipped 0 variants.
    Prepared data for serialisation in 0.00s
Serialized binary data for shader Hidden/Internal-Halo in 0.00s
    metal (total internal programs: 6, unique: 2)
Compiling shader "Hidden/BlitCopyWithDepth"
  Pass "" (vp)
    Target graphics API: metal
    Full variant space:         1
    After settings filtering:   1
    After built-in stripping:   3
    After scriptable stripping: 3
    Processed in 0.00 seconds
  Pass "" (fp)
    Target graphics API: metal
    Full variant space:         1
    After settings filtering:   1
    After built-in stripping:   3
    After scriptable stripping: 3
    Processed in 0.00 seconds
  Pass  (vp, metal) finished in 0.00 seconds. Local cache hits 3 (0.00s CPU time), remote cache hits 0 (0.00s CPU time), compiled 0 variants (0.00s CPU time), skipped 0 variants.
    Prepared data for serialisation in 0.00s
  Pass  (fp, metal) finished in 0.00 seconds. Local cache hits 3 (0.01s CPU time), remote cache hits 0 (0.00s CPU time), compiled 0 variants (0.00s CPU time), skipped 0 variants.
    Prepared data for serialisation in 0.00s
Serialized binary data for shader Hidden/BlitCopyWithDepth in 0.00s
    metal (total internal programs: 6, unique: 2)
Compiling shader "Hidden/BlitToDepth"
  Pass "" (vp)
    Target graphics API: metal
    Full variant space:         1
    After settings filtering:   1
    After built-in stripping:   3
    After scriptable stripping: 3
    Processed in 0.00 seconds
  Pass "" (fp)
    Target graphics API: metal
    Full variant space:         1
    After settings filtering:   1
    After built-in stripping:   3
    After scriptable stripping: 3
    Processed in 0.00 seconds
  Pass  (vp, metal) finished in 0.00 seconds. Local cache hits 3 (0.00s CPU time), remote cache hits 0 (0.00s CPU time), compiled 0 variants (0.00s CPU time), skipped 0 variants.
    Prepared data for serialisation in 0.00s
  Pass  (fp, metal) finished in 0.00 seconds. Local cache hits 3 (0.01s CPU time), remote cache hits 0 (0.00s CPU time), compiled 0 variants (0.00s CPU time), skipped 0 variants.
    Prepared data for serialisation in 0.00s
Serialized binary data for shader Hidden/BlitToDepth in 0.00s
    metal (total internal programs: 6, unique: 2)
Compiling shader "Hidden/BlitToDepth_MSAA"
  Pass "" (vp)
    Target graphics API: metal
    Full variant space:         1
    After settings filtering:   1
    After built-in stripping:   3
    After scriptable stripping: 3
    Processed in 0.00 seconds
  Pass "" (fp)
    Target graphics API: metal
    Full variant space:         1
    After settings filtering:   1
    After built-in stripping:   3
    After scriptable stripping: 3
    Processed in 0.00 seconds
  Pass  (vp, metal) finished in 0.00 seconds. Local cache hits 3 (0.00s CPU time), remote cache hits 0 (0.00s CPU time), compiled 0 variants (0.00s CPU time), skipped 0 variants.
    Prepared data for serialisation in 0.00s
  Pass  (fp, metal) finished in 0.00 seconds. Local cache hits 3 (0.01s CPU time), remote cache hits 0 (0.00s CPU time), compiled 0 variants (0.00s CPU time), skipped 0 variants.
    Prepared data for serialisation in 0.00s
Serialized binary data for shader Hidden/BlitToDepth_MSAA in 0.00s
    metal (total internal programs: 6, unique: 2)
Compiling shader "Hidden/BlitCopyHDRTonemap"
  Pass "" (vp)
    Target graphics API: metal
    Full variant space:         1
    After settings filtering:   1
    After built-in stripping:   3
    After scriptable stripping: 3
    Processed in 0.00 seconds
  Pass "" (fp)
    Target graphics API: metal
    Full variant space:         1
    After settings filtering:   1
    After built-in stripping:   3
    After scriptable stripping: 3
    Processed in 0.00 seconds
  Pass  (vp, metal) finished in 0.00 seconds. Local cache hits 3 (0.00s CPU time), remote cache hits 0 (0.00s CPU time), compiled 0 variants (0.00s CPU time), skipped 0 variants.
    Prepared data for serialisation in 0.00s
  Pass  (fp, metal) finished in 0.00 seconds. Local cache hits 3 (0.01s CPU time), remote cache hits 0 (0.00s CPU time), compiled 0 variants (0.00s CPU time), skipped 0 variants.
    Prepared data for serialisation in 0.00s
Serialized binary data for shader Hidden/BlitCopyHDRTonemap in 0.00s
    metal (total internal programs: 6, unique: 2)
Compiling shader "Hidden/Internal-DebugPattern"
  Pass "Target Color and DepthStencil" (vp)
    Target graphics API: metal
    Full variant space:         1
    After settings filtering:   1
    After built-in stripping:   3
    After scriptable stripping: 3
    Processed in 0.00 seconds
  Pass "Target Color and DepthStencil" (fp)
    Target graphics API: metal
    Full variant space:         1
    After settings filtering:   1
    After built-in stripping:   3
    After scriptable stripping: 3
    Processed in 0.00 seconds
  Pass "Target only Color" (vp)
    Target graphics API: metal
    Full variant space:         1
    After settings filtering:   1
    After built-in stripping:   3
    After scriptable stripping: 3
    Processed in 0.00 seconds
  Pass "Target only Color" (fp)
    Target graphics API: metal
    Full variant space:         1
    After settings filtering:   1
    After built-in stripping:   3
    After scriptable stripping: 3
    Processed in 0.00 seconds
  Pass "Target only DepthStencil" (vp)
    Target graphics API: metal
    Full variant space:         1
    After settings filtering:   1
    After built-in stripping:   3
    After scriptable stripping: 3
    Processed in 0.00 seconds
  Pass "Target only DepthStencil" (fp)
    Target graphics API: metal
    Full variant space:         1
    After settings filtering:   1
    After built-in stripping:   3
    After scriptable stripping: 3
    Processed in 0.00 seconds
  Pass Target Color and DepthStencil (vp, metal) finished in 0.01 seconds. Local cache hits 3 (0.03s CPU time), remote cache hits 0 (0.00s CPU time), compiled 0 variants (0.00s CPU time), skipped 0 variants.
    Prepared data for serialisation in 0.00s
  Pass Target Color and DepthStencil (fp, metal) finished in 0.01 seconds. Local cache hits 3 (0.02s CPU time), remote cache hits 0 (0.00s CPU time), compiled 0 variants (0.00s CPU time), skipped 0 variants.
    Prepared data for serialisation in 0.00s
  Pass Target only Color (vp, metal) finished in 0.01 seconds. Local cache hits 3 (0.02s CPU time), remote cache hits 0 (0.00s CPU time), compiled 0 variants (0.00s CPU time), skipped 0 variants.
    Prepared data for serialisation in 0.00s
  Pass Target only Color (fp, metal) finished in 0.01 seconds. Local cache hits 3 (0.02s CPU time), remote cache hits 0 (0.00s CPU time), compiled 0 variants (0.00s CPU time), skipped 0 variants.
    Prepared data for serialisation in 0.00s
  Pass Target only DepthStencil (vp, metal) finished in 0.00 seconds. Local cache hits 3 (0.01s CPU time), remote cache hits 0 (0.00s CPU time), compiled 0 variants (0.00s CPU time), skipped 0 variants.
    Prepared data for serialisation in 0.00s
  Pass Target only DepthStencil (fp, metal) finished in 0.01 seconds. Local cache hits 3 (0.01s CPU time), remote cache hits 0 (0.00s CPU time), compiled 0 variants (0.00s CPU time), skipped 0 variants.
    Prepared data for serialisation in 0.00s
Serialized binary data for shader Hidden/Internal-DebugPattern in 0.00s
    metal (total internal programs: 18, unique: 4)
Compiling shader "Hidden/Internal-GUITextureClip"
  Pass "" (vp)
    Target graphics API: metal
    Full variant space:         1
    After settings filtering:   1
    After built-in stripping:   3
    After scriptable stripping: 3
    Processed in 0.00 seconds
  Pass "" (fp)
    Target graphics API: metal
    Full variant space:         1
    After settings filtering:   1
    After built-in stripping:   3
    After scriptable stripping: 3
    Processed in 0.00 seconds
  Pass "" (vp)
    Target graphics API: metal
    Full variant space:         1
    After settings filtering:   1
    After built-in stripping:   3
    After scriptable stripping: 3
    Processed in 0.00 seconds
  Pass "" (fp)
    Target graphics API: metal
    Full variant space:         1
    After settings filtering:   1
    After built-in stripping:   3
    After scriptable stripping: 3
    Processed in 0.00 seconds
  Pass  (vp, metal) finished in 0.00 seconds. Local cache hits 3 (0.00s CPU time), remote cache hits 0 (0.00s CPU time), compiled 0 variants (0.00s CPU time), skipped 0 variants.
    Prepared data for serialisation in 0.00s
  Pass  (fp, metal) finished in 0.00 seconds. Local cache hits 3 (0.01s CPU time), remote cache hits 0 (0.00s CPU time), compiled 0 variants (0.00s CPU time), skipped 0 variants.
    Prepared data for serialisation in 0.00s
  Pass  (vp, metal) finished in 0.00 seconds. Local cache hits 3 (0.00s CPU time), remote cache hits 0 (0.00s CPU time), compiled 0 variants (0.00s CPU time), skipped 0 variants.
    Prepared data for serialisation in 0.00s
  Pass  (fp, metal) finished in 0.00 seconds. Local cache hits 3 (0.01s CPU time), remote cache hits 0 (0.00s CPU time), compiled 0 variants (0.00s CPU time), skipped 0 variants.
    Prepared data for serialisation in 0.00s
Serialized binary data for shader Hidden/Internal-GUITextureClip in 0.00s
    metal (total internal programs: 12, unique: 2)
Compiling shader "Hidden/Internal-GUITextureClipText"
  Pass "" (vp)
    Target graphics API: metal
    Full variant space:         1
    After settings filtering:   1
    After built-in stripping:   3
    After scriptable stripping: 3
    Processed in 0.00 seconds
  Pass "" (fp)
    Target graphics API: metal
    Full variant space:         1
    After settings filtering:   1
    After built-in stripping:   3
    After scriptable stripping: 3
    Processed in 0.00 seconds
  Pass "" (vp)
    Target graphics API: metal
    Full variant space:         1
    After settings filtering:   1
    After built-in stripping:   3
    After scriptable stripping: 3
    Processed in 0.00 seconds
  Pass "" (fp)
    Target graphics API: metal
    Full variant space:         1
    After settings filtering:   1
    After built-in stripping:   3
    After scriptable stripping: 3
    Processed in 0.00 seconds
  Pass  (vp, metal) finished in 0.01 seconds. Local cache hits 3 (0.02s CPU time), remote cache hits 0 (0.00s CPU time), compiled 0 variants (0.00s CPU time), skipped 0 variants.
    Prepared data for serialisation in 0.00s
  Pass  (fp, metal) finished in 0.01 seconds. Local cache hits 3 (0.02s CPU time), remote cache hits 0 (0.00s CPU time), compiled 0 variants (0.00s CPU time), skipped 0 variants.
    Prepared data for serialisation in 0.00s
  Pass  (vp, metal) finished in 0.01 seconds. Local cache hits 3 (0.02s CPU time), remote cache hits 0 (0.00s CPU time), compiled 0 variants (0.00s CPU time), skipped 0 variants.
    Prepared data for serialisation in 0.00s
  Pass  (fp, metal) finished in 0.01 seconds. Local cache hits 3 (0.02s CPU time), remote cache hits 0 (0.00s CPU time), compiled 0 variants (0.00s CPU time), skipped 0 variants.
    Prepared data for serialisation in 0.00s
Serialized binary data for shader Hidden/Internal-GUITextureClipText in 0.00s
    metal (total internal programs: 12, unique: 2)
Compiling shader "Hidden/Internal-GUITexture"
  Pass "" (vp)
    Target graphics API: metal
    Full variant space:         1
    After settings filtering:   1
    After built-in stripping:   3
    After scriptable stripping: 3
    Processed in 0.00 seconds
  Pass "" (fp)
    Target graphics API: metal
    Full variant space:         1
    After settings filtering:   1
    After built-in stripping:   3
    After scriptable stripping: 3
    Processed in 0.00 seconds
  Pass "" (vp)
    Target graphics API: metal
    Full variant space:         1
    After settings filtering:   1
    After built-in stripping:   3
    After scriptable stripping: 3
    Processed in 0.00 seconds
  Pass "" (fp)
    Target graphics API: metal
    Full variant space:         1
    After settings filtering:   1
    After built-in stripping:   3
    After scriptable stripping: 3
    Processed in 0.00 seconds
  Pass  (vp, metal) finished in 0.00 seconds. Local cache hits 3 (0.00s CPU time), remote cache hits 0 (0.00s CPU time), compiled 0 variants (0.00s CPU time), skipped 0 variants.
    Prepared data for serialisation in 0.00s
  Pass  (fp, metal) finished in 0.00 seconds. Local cache hits 3 (0.01s CPU time), remote cache hits 0 (0.00s CPU time), compiled 0 variants (0.00s CPU time), skipped 0 variants.
    Prepared data for serialisation in 0.00s
  Pass  (vp, metal) finished in 0.02 seconds. Local cache hits 3 (0.05s CPU time), remote cache hits 0 (0.00s CPU time), compiled 0 variants (0.00s CPU time), skipped 0 variants.
    Prepared data for serialisation in 0.00s
  Pass  (fp, metal) finished in 0.02 seconds. Local cache hits 3 (0.05s CPU time), remote cache hits 0 (0.00s CPU time), compiled 0 variants (0.00s CPU time), skipped 0 variants.
    Prepared data for serialisation in 0.00s
Serialized binary data for shader Hidden/Internal-GUITexture in 0.00s
    metal (total internal programs: 12, unique: 2)
Compiling shader "Hidden/Internal-GUITextureBlit"
  Pass "" (vp)
    Target graphics API: metal
    Full variant space:         1
    After settings filtering:   1
    After built-in stripping:   3
    After scriptable stripping: 3
    Processed in 0.00 seconds
  Pass "" (fp)
    Target graphics API: metal
    Full variant space:         1
    After settings filtering:   1
    After built-in stripping:   3
    After scriptable stripping: 3
    Processed in 0.00 seconds
  Pass "" (vp)
    Target graphics API: metal
    Full variant space:         1
    After settings filtering:   1
    After built-in stripping:   3
    After scriptable stripping: 3
    Processed in 0.00 seconds
  Pass "" (fp)
    Target graphics API: metal
    Full variant space:         1
    After settings filtering:   1
    After built-in stripping:   3
    After scriptable stripping: 3
    Processed in 0.00 seconds
  Pass  (vp, metal) finished in 0.02 seconds. Local cache hits 3 (0.05s CPU time), remote cache hits 0 (0.00s CPU time), compiled 0 variants (0.00s CPU time), skipped 0 variants.
    Prepared data for serialisation in 0.00s
  Pass  (fp, metal) finished in 0.02 seconds. Local cache hits 3 (0.05s CPU time), remote cache hits 0 (0.00s CPU time), compiled 0 variants (0.00s CPU time), skipped 0 variants.
    Prepared data for serialisation in 0.00s
  Pass  (vp, metal) finished in 0.02 seconds. Local cache hits 3 (0.05s CPU time), remote cache hits 0 (0.00s CPU time), compiled 0 variants (0.00s CPU time), skipped 0 variants.
    Prepared data for serialisation in 0.00s
  Pass  (fp, metal) finished in 0.02 seconds. Local cache hits 3 (0.04s CPU time), remote cache hits 0 (0.00s CPU time), compiled 0 variants (0.00s CPU time), skipped 0 variants.
    Prepared data for serialisation in 0.00s
Serialized binary data for shader Hidden/Internal-GUITextureBlit in 0.00s
    metal (total internal programs: 12, unique: 2)
Compiling shader "Hidden/Internal-GUIRoundedRect"
  Pass "" (vp)
    Target graphics API: metal
    Full variant space:         1
    After settings filtering:   1
    After built-in stripping:   3
    After scriptable stripping: 3
    Processed in 0.00 seconds
  Pass "" (fp)
    Target graphics API: metal
    Full variant space:         1
    After settings filtering:   1
    After built-in stripping:   3
    After scriptable stripping: 3
    Processed in 0.00 seconds
  Pass "" (vp)
    Target graphics API: metal
    Full variant space:         1
    After settings filtering:   1
    After built-in stripping:   3
    After scriptable stripping: 3
    Processed in 0.00 seconds
  Pass "" (fp)
    Target graphics API: metal
    Full variant space:         1
    After settings filtering:   1
    After built-in stripping:   3
    After scriptable stripping: 3
    Processed in 0.00 seconds
  Pass  (vp, metal) finished in 0.02 seconds. Local cache hits 3 (0.04s CPU time), remote cache hits 0 (0.00s CPU time), compiled 0 variants (0.00s CPU time), skipped 0 variants.
    Prepared data for serialisation in 0.00s
  Pass  (fp, metal) finished in 0.02 seconds. Local cache hits 3 (0.04s CPU time), remote cache hits 0 (0.00s CPU time), compiled 0 variants (0.00s CPU time), skipped 0 variants.
    Prepared data for serialisation in 0.00s
  Pass  (vp, metal) finished in 0.02 seconds. Local cache hits 3 (0.04s CPU time), remote cache hits 0 (0.00s CPU time), compiled 0 variants (0.00s CPU time), skipped 0 variants.
    Prepared data for serialisation in 0.00s
  Pass  (fp, metal) finished in 0.02 seconds. Local cache hits 3 (0.04s CPU time), remote cache hits 0 (0.00s CPU time), compiled 0 variants (0.00s CPU time), skipped 0 variants.
    Prepared data for serialisation in 0.00s
Serialized binary data for shader Hidden/Internal-GUIRoundedRect in 0.00s
    metal (total internal programs: 12, unique: 2)
Compiling shader "Hidden/Internal-GUIRoundedRectWithColorPerBorder"
  Pass "" (vp)
    Target graphics API: metal
    Full variant space:         1
    After settings filtering:   1
    After built-in stripping:   3
    After scriptable stripping: 3
    Processed in 0.00 seconds
  Pass "" (fp)
    Target graphics API: metal
    Full variant space:         1
    After settings filtering:   1
    After built-in stripping:   3
    After scriptable stripping: 3
    Processed in 0.00 seconds
  Pass "" (vp)
    Target graphics API: metal
    Full variant space:         1
    After settings filtering:   1
    After built-in stripping:   3
    After scriptable stripping: 3
    Processed in 0.00 seconds
  Pass "" (fp)
    Target graphics API: metal
    Full variant space:         1
    After settings filtering:   1
    After built-in stripping:   3
    After scriptable stripping: 3
    Processed in 0.00 seconds
  Pass  (vp, metal) finished in 0.02 seconds. Local cache hits 3 (0.03s CPU time), remote cache hits 0 (0.00s CPU time), compiled 0 variants (0.00s CPU time), skipped 0 variants.
    Prepared data for serialisation in 0.00s
  Pass  (fp, metal) finished in 0.02 seconds. Local cache hits 3 (0.04s CPU time), remote cache hits 0 (0.00s CPU time), compiled 0 variants (0.00s CPU time), skipped 0 variants.
    Prepared data for serialisation in 0.00s
  Pass  (vp, metal) finished in 0.02 seconds. Local cache hits 3 (0.03s CPU time), remote cache hits 0 (0.00s CPU time), compiled 0 variants (0.00s CPU time), skipped 0 variants.
    Prepared data for serialisation in 0.00s
  Pass  (fp, metal) finished in 0.02 seconds. Local cache hits 3 (0.04s CPU time), remote cache hits 0 (0.00s CPU time), compiled 0 variants (0.00s CPU time), skipped 0 variants.
    Prepared data for serialisation in 0.00s
Serialized binary data for shader Hidden/Internal-GUIRoundedRectWithColorPerBorder in 0.00s
    metal (total internal programs: 12, unique: 2)
Compiling shader "Hidden/Internal-UIRDefault"
  Pass "" (vp)
    Target graphics API: metal
    Full variant space:         40
    After settings filtering:   40
    After built-in stripping:   120
    After scriptable stripping: 120
    Processed in 0.00 seconds
  Pass "" (fp)
    Target graphics API: metal
    Full variant space:         40
    After settings filtering:   40
    After built-in stripping:   120
    After scriptable stripping: 120
    Processed in 0.00 seconds
  Pass  (vp, metal) finished in 0.09 seconds. Local cache hits 120 (0.96s CPU time), remote cache hits 0 (0.00s CPU time), compiled 0 variants (0.00s CPU time), skipped 0 variants.
    Prepared data for serialisation in 0.00s
  Pass  (fp, metal) finished in 0.06 seconds. Local cache hits 120 (0.69s CPU time), remote cache hits 0 (0.00s CPU time), compiled 0 variants (0.00s CPU time), skipped 0 variants.
    Prepared data for serialisation in 0.00s
Serialized binary data for shader Hidden/Internal-UIRDefault in 0.00s
    metal (total internal programs: 240, unique: 80)
Compiling shader "Hidden/Internal-UIRAtlasBlitCopy"
  Pass "" (vp)
    Target graphics API: metal
    Full variant space:         1
    After settings filtering:   1
    After built-in stripping:   3
    After scriptable stripping: 3
    Processed in 0.00 seconds
  Pass "" (fp)
    Target graphics API: metal
    Full variant space:         1
    After settings filtering:   1
    After built-in stripping:   3
    After scriptable stripping: 3
    Processed in 0.00 seconds
  Pass  (vp, metal) finished in 0.00 seconds. Local cache hits 3 (0.00s CPU time), remote cache hits 0 (0.00s CPU time), compiled 0 variants (0.00s CPU time), skipped 0 variants.
    Prepared data for serialisation in 0.00s
  Pass  (fp, metal) finished in 0.00 seconds. Local cache hits 3 (0.00s CPU time), remote cache hits 0 (0.00s CPU time), compiled 0 variants (0.00s CPU time), skipped 0 variants.
    Prepared data for serialisation in 0.00s
Serialized binary data for shader Hidden/Internal-UIRAtlasBlitCopy in 0.00s
    metal (total internal programs: 6, unique: 2)
Compiling shader "Sprites/Default"
  Pass "" (vp)
    Target graphics API: metal
    Full variant space:         8
    After settings filtering:   8
    After built-in stripping:   12
    After scriptable stripping: 12
    Processed in 0.00 seconds
  Pass "" (fp)
    Target graphics API: metal
    Full variant space:         8
    After settings filtering:   8
    After built-in stripping:   12
    After scriptable stripping: 12
    Processed in 0.00 seconds
  Pass  (vp, metal) finished in 0.01 seconds. Local cache hits 12 (0.09s CPU time), remote cache hits 0 (0.00s CPU time), compiled 0 variants (0.00s CPU time), skipped 0 variants.
    Prepared data for serialisation in 0.00s
  Pass  (fp, metal) finished in 0.02 seconds. Local cache hits 12 (0.07s CPU time), remote cache hits 0 (0.00s CPU time), compiled 0 variants (0.00s CPU time), skipped 0 variants.
    Prepared data for serialisation in 0.00s
Serialized binary data for shader Sprites/Default in 0.00s
    metal (total internal programs: 24, unique: 8)
Compiling shader "Sprites/Mask"
  Pass "" (vp)
    Target graphics API: metal
    Full variant space:         4
    After settings filtering:   4
    After built-in stripping:   12
    After scriptable stripping: 12
    Processed in 0.00 seconds
  Pass "" (fp)
    Target graphics API: metal
    Full variant space:         4
    After settings filtering:   4
    After built-in stripping:   12
    After scriptable stripping: 12
    Processed in 0.00 seconds
  Pass  (vp, metal) finished in 0.01 seconds. Local cache hits 12 (0.10s CPU time), remote cache hits 0 (0.00s CPU time), compiled 0 variants (0.00s CPU time), skipped 0 variants.
    Prepared data for serialisation in 0.00s
  Pass  (fp, metal) finished in 0.02 seconds. Local cache hits 12 (0.10s CPU time), remote cache hits 0 (0.00s CPU time), compiled 0 variants (0.00s CPU time), skipped 0 variants.
    Prepared data for serialisation in 0.00s
Serialized binary data for shader Sprites/Mask in 0.00s
    metal (total internal programs: 24, unique: 8)
Compiling shader "UI/Default"
  Pass "Default" (vp)
    Target graphics API: metal
    Full variant space:         4
    After settings filtering:   4
    After built-in stripping:   12
    After scriptable stripping: 12
    Processed in 0.00 seconds
  Pass "Default" (fp)
    Target graphics API: metal
    Full variant space:         4
    After settings filtering:   4
    After built-in stripping:   12
    After scriptable stripping: 12
    Processed in 0.00 seconds
  Pass "XRMotionVectors" (vp)
    Target graphics API: metal
    Full variant space:         4
    After settings filtering:   4
    After built-in stripping:   12
    After scriptable stripping: 12
    Processed in 0.00 seconds
  Pass "XRMotionVectors" (fp)
    Target graphics API: metal
    Full variant space:         4
    After settings filtering:   4
    After built-in stripping:   12
    After scriptable stripping: 12
    Processed in 0.00 seconds
  Pass Default (vp, metal) finished in 0.01 seconds. Local cache hits 12 (0.10s CPU time), remote cache hits 0 (0.00s CPU time), compiled 0 variants (0.00s CPU time), skipped 0 variants.
    Prepared data for serialisation in 0.00s
  Pass Default (fp, metal) finished in 0.02 seconds. Local cache hits 12 (0.12s CPU time), remote cache hits 0 (0.00s CPU time), compiled 0 variants (0.00s CPU time), skipped 0 variants.
    Prepared data for serialisation in 0.00s
  Pass XRMotionVectors (vp, metal) finished in 0.02 seconds. Local cache hits 12 (0.11s CPU time), remote cache hits 0 (0.00s CPU time), compiled 0 variants (0.00s CPU time), skipped 0 variants.
    Prepared data for serialisation in 0.00s
  Pass XRMotionVectors (fp, metal) finished in 0.02 seconds. Local cache hits 12 (0.09s CPU time), remote cache hits 0 (0.00s CPU time), compiled 0 variants (0.00s CPU time), skipped 0 variants.
    Prepared data for serialisation in 0.00s
Serialized binary data for shader UI/Default in 0.00s
    metal (total internal programs: 48, unique: 16)
Compiling shader "UI/DefaultETC1"
  Pass "Default" (vp)
    Target graphics API: metal
    Full variant space:         4
    After settings filtering:   4
    After built-in stripping:   12
    After scriptable stripping: 12
    Processed in 0.00 seconds
  Pass "Default" (fp)
    Target graphics API: metal
    Full variant space:         4
    After settings filtering:   4
    After built-in stripping:   12
    After scriptable stripping: 12
    Processed in 0.00 seconds
  Pass "XRMotionVectors" (vp)
    Target graphics API: metal
    Full variant space:         4
    After settings filtering:   4
    After built-in stripping:   12
    After scriptable stripping: 12
    Processed in 0.00 seconds
  Pass "XRMotionVectors" (fp)
    Target graphics API: metal
    Full variant space:         4
    After settings filtering:   4
    After built-in stripping:   12
    After scriptable stripping: 12
    Processed in 0.00 seconds
  Pass Default (vp, metal) finished in 0.00 seconds. Local cache hits 12 (0.01s CPU time), remote cache hits 0 (0.00s CPU time), compiled 0 variants (0.00s CPU time), skipped 0 variants.
    Prepared data for serialisation in 0.00s
  Pass Default (fp, metal) finished in 0.01 seconds. Local cache hits 12 (0.14s CPU time), remote cache hits 0 (0.00s CPU time), compiled 0 variants (0.00s CPU time), skipped 0 variants.
    Prepared data for serialisation in 0.00s
  Pass XRMotionVectors (vp, metal) finished in 0.01 seconds. Local cache hits 12 (0.11s CPU time), remote cache hits 0 (0.00s CPU time), compiled 0 variants (0.00s CPU time), skipped 0 variants.
    Prepared data for serialisation in 0.00s
  Pass XRMotionVectors (fp, metal) finished in 0.01 seconds. Local cache hits 12 (0.11s CPU time), remote cache hits 0 (0.00s CPU time), compiled 0 variants (0.00s CPU time), skipped 0 variants.
    Prepared data for serialisation in 0.00s
Serialized binary data for shader UI/DefaultETC1 in 0.00s
    metal (total internal programs: 48, unique: 16)
Compiling shader "Hidden/CubeBlur"
  Pass "" (vp)
    Target graphics API: metal
    Full variant space:         1
    After settings filtering:   1
    After built-in stripping:   3
    After scriptable stripping: 3
    Processed in 0.00 seconds
  Pass "" (fp)
    Target graphics API: metal
    Full variant space:         1
    After settings filtering:   1
    After built-in stripping:   3
    After scriptable stripping: 3
    Processed in 0.00 seconds
  Pass "" (vp)
    Target graphics API: metal
    Full variant space:         1
    After settings filtering:   1
    After built-in stripping:   3
    After scriptable stripping: 3
    Processed in 0.00 seconds
  Pass "" (fp)
    Target graphics API: metal
    Full variant space:         1
    After settings filtering:   1
    After built-in stripping:   3
    After scriptable stripping: 3
    Processed in 0.00 seconds
  Pass  (vp, metal) finished in 0.01 seconds. Local cache hits 3 (0.02s CPU time), remote cache hits 0 (0.00s CPU time), compiled 0 variants (0.00s CPU time), skipped 0 variants.
    Prepared data for serialisation in 0.00s
  Pass  (fp, metal) finished in 0.01 seconds. Local cache hits 3 (0.03s CPU time), remote cache hits 0 (0.00s CPU time), compiled 0 variants (0.00s CPU time), skipped 0 variants.
    Prepared data for serialisation in 0.00s
  Pass  (vp, metal) finished in 0.01 seconds. Local cache hits 3 (0.03s CPU time), remote cache hits 0 (0.00s CPU time), compiled 0 variants (0.00s CPU time), skipped 0 variants.
    Prepared data for serialisation in 0.00s
  Pass  (fp, metal) finished in 0.01 seconds. Local cache hits 3 (0.02s CPU time), remote cache hits 0 (0.00s CPU time), compiled 0 variants (0.00s CPU time), skipped 0 variants.
    Prepared data for serialisation in 0.00s
Serialized binary data for shader Hidden/CubeBlur in 0.00s
    metal (total internal programs: 12, unique: 3)
Compiling shader "Hidden/CubeCopy"
  Pass "" (vp)
    Target graphics API: metal
    Full variant space:         1
    After settings filtering:   1
    After built-in stripping:   3
    After scriptable stripping: 3
    Processed in 0.00 seconds
  Pass "" (fp)
    Target graphics API: metal
    Full variant space:         1
    After settings filtering:   1
    After built-in stripping:   3
    After scriptable stripping: 3
    Processed in 0.00 seconds
  Pass "" (vp)
    Target graphics API: metal
    Full variant space:         1
    After settings filtering:   1
    After built-in stripping:   3
    After scriptable stripping: 3
    Processed in 0.00 seconds
  Pass "" (fp)
    Target graphics API: metal
    Full variant space:         1
    After settings filtering:   1
    After built-in stripping:   3
    After scriptable stripping: 3
    Processed in 0.00 seconds
  Pass  (vp, metal) finished in 0.01 seconds. Local cache hits 3 (0.03s CPU time), remote cache hits 0 (0.00s CPU time), compiled 0 variants (0.00s CPU time), skipped 0 variants.
    Prepared data for serialisation in 0.00s
  Pass  (fp, metal) finished in 0.01 seconds. Local cache hits 3 (0.03s CPU time), remote cache hits 0 (0.00s CPU time), compiled 0 variants (0.00s CPU time), skipped 0 variants.
    Prepared data for serialisation in 0.00s
  Pass  (vp, metal) finished in 0.01 seconds. Local cache hits 3 (0.03s CPU time), remote cache hits 0 (0.00s CPU time), compiled 0 variants (0.00s CPU time), skipped 0 variants.
    Prepared data for serialisation in 0.00s
  Pass  (fp, metal) finished in 0.01 seconds. Local cache hits 3 (0.02s CPU time), remote cache hits 0 (0.00s CPU time), compiled 0 variants (0.00s CPU time), skipped 0 variants.
    Prepared data for serialisation in 0.00s
Serialized binary data for shader Hidden/CubeCopy in 0.00s
    metal (total internal programs: 12, unique: 2)
Compiling shader "Hidden/CubeBlend"
  Pass "" (vp)
    Target graphics API: metal
    Full variant space:         1
    After settings filtering:   1
    After built-in stripping:   3
    After scriptable stripping: 3
    Processed in 0.00 seconds
  Pass "" (fp)
    Target graphics API: metal
    Full variant space:         1
    After settings filtering:   1
    After built-in stripping:   3
    After scriptable stripping: 3
    Processed in 0.00 seconds
  Pass "" (vp)
    Target graphics API: metal
    Full variant space:         1
    After settings filtering:   1
    After built-in stripping:   3
    After scriptable stripping: 3
    Processed in 0.00 seconds
  Pass "" (fp)
    Target graphics API: metal
    Full variant space:         1
    After settings filtering:   1
    After built-in stripping:   3
    After scriptable stripping: 3
    Processed in 0.00 seconds
  Pass  (vp, metal) finished in 0.01 seconds. Local cache hits 3 (0.03s CPU time), remote cache hits 0 (0.00s CPU time), compiled 0 variants (0.00s CPU time), skipped 0 variants.
    Prepared data for serialisation in 0.00s
  Pass  (fp, metal) finished in 0.01 seconds. Local cache hits 3 (0.03s CPU time), remote cache hits 0 (0.00s CPU time), compiled 0 variants (0.00s CPU time), skipped 0 variants.
    Prepared data for serialisation in 0.00s
  Pass  (vp, metal) finished in 0.01 seconds. Local cache hits 3 (0.03s CPU time), remote cache hits 0 (0.00s CPU time), compiled 0 variants (0.00s CPU time), skipped 0 variants.
    Prepared data for serialisation in 0.00s
  Pass  (fp, metal) finished in 0.01 seconds. Local cache hits 3 (0.02s CPU time), remote cache hits 0 (0.00s CPU time), compiled 0 variants (0.00s CPU time), skipped 0 variants.
    Prepared data for serialisation in 0.00s
Serialized binary data for shader Hidden/CubeBlend in 0.00s
    metal (total internal programs: 12, unique: 2)
Compiling shader "Hidden/VR/BlitTexArraySlice"
  Pass "" (vp)
    Target graphics API: metal
    Full variant space:         1
    After settings filtering:   1
    After built-in stripping:   3
    After scriptable stripping: 3
    Processed in 0.00 seconds
  Pass "" (fp)
    Target graphics API: metal
    Full variant space:         1
    After settings filtering:   1
    After built-in stripping:   3
    After scriptable stripping: 3
    Processed in 0.00 seconds
  Pass  (vp, metal) finished in 0.00 seconds. Local cache hits 3 (0.00s CPU time), remote cache hits 0 (0.00s CPU time), compiled 0 variants (0.00s CPU time), skipped 0 variants.
    Prepared data for serialisation in 0.00s
  Pass  (fp, metal) finished in 0.00 seconds. Local cache hits 3 (0.01s CPU time), remote cache hits 0 (0.00s CPU time), compiled 0 variants (0.00s CPU time), skipped 0 variants.
    Prepared data for serialisation in 0.00s
Serialized binary data for shader Hidden/VR/BlitTexArraySlice in 0.00s
    metal (total internal programs: 6, unique: 2)
Compiling shader "Hidden/Internal-ODSWorldTexture"
  Pass "" (vp)
    Target graphics API: metal
    Full variant space:         1
    After settings filtering:   1
    After built-in stripping:   3
    After scriptable stripping: 3
    Processed in 0.00 seconds
  Pass "" (fp)
    Target graphics API: metal
    Full variant space:         1
    After settings filtering:   1
    After built-in stripping:   3
    After scriptable stripping: 3
    Processed in 0.00 seconds
  Pass "" (vp)
    Target graphics API: metal
    Full variant space:         1
    After settings filtering:   1
    After built-in stripping:   3
    After scriptable stripping: 3
    Processed in 0.00 seconds
  Pass "" (fp)
    Target graphics API: metal
    Full variant space:         1
    After settings filtering:   1
    After built-in stripping:   3
    After scriptable stripping: 3
    Processed in 0.00 seconds
  Pass "" (vp)
    Target graphics API: metal
    Full variant space:         1
    After settings filtering:   1
    After built-in stripping:   3
    After scriptable stripping: 3
    Processed in 0.00 seconds
  Pass "" (fp)
    Target graphics API: metal
    Full variant space:         1
    After settings filtering:   1
    After built-in stripping:   3
    After scriptable stripping: 3
    Processed in 0.00 seconds
  Pass "" (vp)
    Target graphics API: metal
    Full variant space:         1
    After settings filtering:   1
    After built-in stripping:   3
    After scriptable stripping: 3
    Processed in 0.00 seconds
  Pass "" (fp)
    Target graphics API: metal
    Full variant space:         1
    After settings filtering:   1
    After built-in stripping:   3
    After scriptable stripping: 3
    Processed in 0.00 seconds
  Pass "" (vp)
    Target graphics API: metal
    Full variant space:         1
    After settings filtering:   1
    After built-in stripping:   3
    After scriptable stripping: 3
    Processed in 0.00 seconds
  Pass "" (fp)
    Target graphics API: metal
    Full variant space:         1
    After settings filtering:   1
    After built-in stripping:   3
    After scriptable stripping: 3
    Processed in 0.00 seconds
  Pass "" (vp)
    Target graphics API: metal
    Full variant space:         1
    After settings filtering:   1
    After built-in stripping:   3
    After scriptable stripping: 3
    Processed in 0.00 seconds
  Pass "" (fp)
    Target graphics API: metal
    Full variant space:         1
    After settings filtering:   1
    After built-in stripping:   3
    After scriptable stripping: 3
    Processed in 0.00 seconds
  Pass "" (vp)
    Target graphics API: metal
    Full variant space:         1
    After settings filtering:   1
    After built-in stripping:   3
    After scriptable stripping: 3
    Processed in 0.00 seconds
  Pass "" (fp)
    Target graphics API: metal
    Full variant space:         1
    After settings filtering:   1
    After built-in stripping:   3
    After scriptable stripping: 3
    Processed in 0.00 seconds
  Pass "" (vp)
    Target graphics API: metal
    Full variant space:         1
    After settings filtering:   1
    After built-in stripping:   3
    After scriptable stripping: 3
    Processed in 0.00 seconds
  Pass "" (fp)
    Target graphics API: metal
    Full variant space:         1
    After settings filtering:   1
    After built-in stripping:   3
    After scriptable stripping: 3
    Processed in 0.00 seconds
  Pass "" (vp)
    Target graphics API: metal
    Full variant space:         1
    After settings filtering:   1
    After built-in stripping:   3
    After scriptable stripping: 3
    Processed in 0.00 seconds
  Pass "" (fp)
    Target graphics API: metal
    Full variant space:         1
    After settings filtering:   1
    After built-in stripping:   3
    After scriptable stripping: 3
    Processed in 0.00 seconds
  Pass "" (vp)
    Target graphics API: metal
    Full variant space:         1
    After settings filtering:   1
    After built-in stripping:   3
    After scriptable stripping: 3
    Processed in 0.00 seconds
  Pass "" (fp)
    Target graphics API: metal
    Full variant space:         1
    After settings filtering:   1
    After built-in stripping:   3
    After scriptable stripping: 3
    Processed in 0.00 seconds
  Pass  (vp, metal) finished in 0.01 seconds. Local cache hits 3 (0.03s CPU time), remote cache hits 0 (0.00s CPU time), compiled 0 variants (0.00s CPU time), skipped 0 variants.
    Prepared data for serialisation in 0.00s
  Pass  (fp, metal) finished in 0.01 seconds. Local cache hits 3 (0.03s CPU time), remote cache hits 0 (0.00s CPU time), compiled 0 variants (0.00s CPU time), skipped 0 variants.
    Prepared data for serialisation in 0.00s
  Pass  (vp, metal) finished in 0.01 seconds. Local cache hits 3 (0.03s CPU time), remote cache hits 0 (0.00s CPU time), compiled 0 variants (0.00s CPU time), skipped 0 variants.
    Prepared data for serialisation in 0.00s
  Pass  (fp, metal) finished in 0.01 seconds. Local cache hits 3 (0.02s CPU time), remote cache hits 0 (0.00s CPU time), compiled 0 variants (0.00s CPU time), skipped 0 variants.
    Prepared data for serialisation in 0.00s
  Pass  (vp, metal) finished in 0.01 seconds. Local cache hits 3 (0.03s CPU time), remote cache hits 0 (0.00s CPU time), compiled 0 variants (0.00s CPU time), skipped 0 variants.
    Prepared data for serialisation in 0.00s
  Pass  (fp, metal) finished in 0.01 seconds. Local cache hits 3 (0.00s CPU time), remote cache hits 0 (0.00s CPU time), compiled 0 variants (0.00s CPU time), skipped 0 variants.
    Prepared data for serialisation in 0.00s
  Pass  (vp, metal) finished in 0.01 seconds. Local cache hits 3 (0.03s CPU time), remote cache hits 0 (0.00s CPU time), compiled 0 variants (0.00s CPU time), skipped 0 variants.
    Prepared data for serialisation in 0.00s
  Pass  (fp, metal) finished in 0.01 seconds. Local cache hits 3 (0.03s CPU time), remote cache hits 0 (0.00s CPU time), compiled 0 variants (0.00s CPU time), skipped 0 variants.
    Prepared data for serialisation in 0.00s
  Pass  (vp, metal) finished in 0.01 seconds. Local cache hits 3 (0.02s CPU time), remote cache hits 0 (0.00s CPU time), compiled 0 variants (0.00s CPU time), skipped 0 variants.
    Prepared data for serialisation in 0.00s
  Pass  (fp, metal) finished in 0.00 seconds. Local cache hits 3 (0.00s CPU time), remote cache hits 0 (0.00s CPU time), compiled 0 variants (0.00s CPU time), skipped 0 variants.
    Prepared data for serialisation in 0.00s
  Pass  (vp, metal) finished in 0.01 seconds. Local cache hits 3 (0.02s CPU time), remote cache hits 0 (0.00s CPU time), compiled 0 variants (0.00s CPU time), skipped 0 variants.
    Prepared data for serialisation in 0.00s
  Pass  (fp, metal) finished in 0.01 seconds. Local cache hits 3 (0.00s CPU time), remote cache hits 0 (0.00s CPU time), compiled 0 variants (0.00s CPU time), skipped 0 variants.
    Prepared data for serialisation in 0.00s
  Pass  (vp, metal) finished in 0.01 seconds. Local cache hits 3 (0.02s CPU time), remote cache hits 0 (0.00s CPU time), compiled 0 variants (0.00s CPU time), skipped 0 variants.
    Prepared data for serialisation in 0.00s
  Pass  (fp, metal) finished in 0.01 seconds. Local cache hits 3 (0.00s CPU time), remote cache hits 0 (0.00s CPU time), compiled 0 variants (0.00s CPU time), skipped 0 variants.
    Prepared data for serialisation in 0.00s
  Pass  (vp, metal) finished in 0.01 seconds. Local cache hits 3 (0.03s CPU time), remote cache hits 0 (0.00s CPU time), compiled 0 variants (0.00s CPU time), skipped 0 variants.
    Prepared data for serialisation in 0.00s
  Pass  (fp, metal) finished in 0.01 seconds. Local cache hits 3 (0.03s CPU time), remote cache hits 0 (0.00s CPU time), compiled 0 variants (0.00s CPU time), skipped 0 variants.
    Prepared data for serialisation in 0.00s
  Pass  (vp, metal) finished in 0.01 seconds. Local cache hits 3 (0.03s CPU time), remote cache hits 0 (0.00s CPU time), compiled 0 variants (0.00s CPU time), skipped 0 variants.
    Prepared data for serialisation in 0.00s
  Pass  (fp, metal) finished in 0.01 seconds. Local cache hits 3 (0.02s CPU time), remote cache hits 0 (0.00s CPU time), compiled 0 variants (0.00s CPU time), skipped 0 variants.
    Prepared data for serialisation in 0.00s
  Pass  (vp, metal) finished in 0.01 seconds. Local cache hits 3 (0.01s CPU time), remote cache hits 0 (0.00s CPU time), compiled 0 variants (0.00s CPU time), skipped 0 variants.
    Prepared data for serialisation in 0.00s
  Pass  (fp, metal) finished in 0.00 seconds. Local cache hits 3 (0.01s CPU time), remote cache hits 0 (0.00s CPU time), compiled 0 variants (0.00s CPU time), skipped 0 variants.
    Prepared data for serialisation in 0.00s
Serialized binary data for shader Hidden/Internal-ODSWorldTexture in 0.00s
    metal (total internal programs: 60, unique: 14)
Compiling shader "Hidden/Internal-CubemapToEquirect"
  Pass "" (vp)
    Target graphics API: metal
    Full variant space:         1
    After settings filtering:   1
    After built-in stripping:   3
    After scriptable stripping: 3
    Processed in 0.00 seconds
  Pass "" (fp)
    Target graphics API: metal
    Full variant space:         1
    After settings filtering:   1
    After built-in stripping:   3
    After scriptable stripping: 3
    Processed in 0.00 seconds
  Pass  (vp, metal) finished in 0.00 seconds. Local cache hits 3 (0.00s CPU time), remote cache hits 0 (0.00s CPU time), compiled 0 variants (0.00s CPU time), skipped 0 variants.
    Prepared data for serialisation in 0.00s
  Pass  (fp, metal) finished in 0.00 seconds. Local cache hits 3 (0.01s CPU time), remote cache hits 0 (0.00s CPU time), compiled 0 variants (0.00s CPU time), skipped 0 variants.
    Prepared data for serialisation in 0.00s
Serialized binary data for shader Hidden/Internal-CubemapToEquirect in 0.00s
    metal (total internal programs: 6, unique: 2)
Compiling shader "Hidden/VR/BlitFromTex2DToTexArraySlice"
  Pass "" (vp)
    Target graphics API: metal
    Full variant space:         1
    After settings filtering:   1
    After built-in stripping:   3
    After scriptable stripping: 3
    Processed in 0.00 seconds
  Pass "" (fp)
    Target graphics API: metal
    Full variant space:         1
    After settings filtering:   1
    After built-in stripping:   3
    After scriptable stripping: 3
    Processed in 0.00 seconds
  Pass "" (vp)
    Target graphics API: metal
    Full variant space:         1
    After settings filtering:   1
    After built-in stripping:   3
    After scriptable stripping: 3
    Processed in 0.00 seconds
  Pass "" (fp)
    Target graphics API: metal
    Full variant space:         1
    After settings filtering:   1
    After built-in stripping:   3
    After scriptable stripping: 3
    Processed in 0.00 seconds
  Pass "" (gp)
    Target graphics API: metal
    Full variant space:         1
    After settings filtering:   1
    After built-in stripping:   3
    After scriptable stripping: 3
    Processed in 0.00 seconds
  Pass  (vp, metal) finished in 0.00 seconds. Local cache hits 3 (0.01s CPU time), remote cache hits 0 (0.00s CPU time), compiled 0 variants (0.00s CPU time), skipped 0 variants.
    Prepared data for serialisation in 0.00s
  Pass  (fp, metal) finished in 0.00 seconds. Local cache hits 3 (0.00s CPU time), remote cache hits 0 (0.00s CPU time), compiled 0 variants (0.00s CPU time), skipped 0 variants.
    Prepared data for serialisation in 0.00s
  Pass  (vp, metal) finished in -0.00 seconds. Local cache hits 0 (0.00s CPU time), remote cache hits 0 (0.00s CPU time), compiled 0 variants (0.00s CPU time), skipped 3 variants.
    Prepared data for serialisation in 0.00s
  Pass  (fp, metal) finished in -0.00 seconds. Local cache hits 0 (0.00s CPU time), remote cache hits 0 (0.00s CPU time), compiled 0 variants (0.00s CPU time), skipped 3 variants.
    Prepared data for serialisation in 0.00s
  Pass  (gp, metal) finished in -0.00 seconds. Local cache hits 0 (0.00s CPU time), remote cache hits 0 (0.00s CPU time), compiled 0 variants (0.00s CPU time), skipped 3 variants.
    Prepared data for serialisation in 0.00s
Serialized binary data for shader Hidden/VR/BlitFromTex2DToTexArraySlice in 0.00s
    metal (total internal programs: 6, unique: 2)
Compiling shader "Hidden/VideoComposite"
  Pass "Default" (vp)
    Target graphics API: metal
    Full variant space:         1
    After settings filtering:   1
    After built-in stripping:   3
    After scriptable stripping: 3
    Processed in 0.00 seconds
  Pass "Default" (fp)
    Target graphics API: metal
    Full variant space:         1
    After settings filtering:   1
    After built-in stripping:   3
    After scriptable stripping: 3
    Processed in 0.00 seconds
  Pass Default (vp, metal) finished in 0.00 seconds. Local cache hits 3 (0.01s CPU time), remote cache hits 0 (0.00s CPU time), compiled 0 variants (0.00s CPU time), skipped 0 variants.
    Prepared data for serialisation in 0.00s
  Pass Default (fp, metal) finished in 0.00 seconds. Local cache hits 3 (0.01s CPU time), remote cache hits 0 (0.00s CPU time), compiled 0 variants (0.00s CPU time), skipped 0 variants.
    Prepared data for serialisation in 0.00s
Serialized binary data for shader Hidden/VideoComposite in 0.00s
    metal (total internal programs: 6, unique: 2)
Compiling shader "Hidden/VideoDecode"
  Pass "YCbCr_To_RGB1" (vp)
    Target graphics API: metal
    Full variant space:         2
    After settings filtering:   2
    After built-in stripping:   6
    After scriptable stripping: 6
    Processed in 0.00 seconds
  Pass "YCbCr_To_RGB1" (fp)
    Target graphics API: metal
    Full variant space:         2
    After settings filtering:   2
    After built-in stripping:   6
    After scriptable stripping: 6
    Processed in 0.00 seconds
  Pass "YCbCrA_To_RGBAFull" (vp)
    Target graphics API: metal
    Full variant space:         2
    After settings filtering:   2
    After built-in stripping:   6
    After scriptable stripping: 6
    Processed in 0.00 seconds
  Pass "YCbCrA_To_RGBAFull" (fp)
    Target graphics API: metal
    Full variant space:         2
    After settings filtering:   2
    After built-in stripping:   6
    After scriptable stripping: 6
    Processed in 0.00 seconds
  Pass "YCbCrA_To_RGBA" (vp)
    Target graphics API: metal
    Full variant space:         2
    After settings filtering:   2
    After built-in stripping:   6
    After scriptable stripping: 6
    Processed in 0.00 seconds
  Pass "YCbCrA_To_RGBA" (fp)
    Target graphics API: metal
    Full variant space:         2
    After settings filtering:   2
    After built-in stripping:   6
    After scriptable stripping: 6
    Processed in 0.00 seconds
  Pass "Flip_RGBA_To_RGBA" (vp)
    Target graphics API: metal
    Full variant space:         2
    After settings filtering:   2
    After built-in stripping:   6
    After scriptable stripping: 6
    Processed in 0.00 seconds
  Pass "Flip_RGBA_To_RGBA" (fp)
    Target graphics API: metal
    Full variant space:         2
    After settings filtering:   2
    After built-in stripping:   6
    After scriptable stripping: 6
    Processed in 0.00 seconds
  Pass "Flip_RGBASplit_To_RGBA" (vp)
    Target graphics API: metal
    Full variant space:         2
    After settings filtering:   2
    After built-in stripping:   6
    After scriptable stripping: 6
    Processed in 0.00 seconds
  Pass "Flip_RGBASplit_To_RGBA" (fp)
    Target graphics API: metal
    Full variant space:         2
    After settings filtering:   2
    After built-in stripping:   6
    After scriptable stripping: 6
    Processed in 0.00 seconds
  Pass "Flip_NV12_To_RGB1" (vp)
    Target graphics API: metal
    Full variant space:         2
    After settings filtering:   2
    After built-in stripping:   6
    After scriptable stripping: 6
    Processed in 0.00 seconds
  Pass "Flip_NV12_To_RGB1" (fp)
    Target graphics API: metal
    Full variant space:         2
    After settings filtering:   2
    After built-in stripping:   6
    After scriptable stripping: 6
    Processed in 0.00 seconds
  Pass "Flip_NV12_To_RGBA" (vp)
    Target graphics API: metal
    Full variant space:         2
    After settings filtering:   2
    After built-in stripping:   6
    After scriptable stripping: 6
    Processed in 0.00 seconds
  Pass "Flip_NV12_To_RGBA" (fp)
    Target graphics API: metal
    Full variant space:         2
    After settings filtering:   2
    After built-in stripping:   6
    After scriptable stripping: 6
    Processed in 0.00 seconds
  Pass "Flip_P010_To_RGB1" (vp)
    Target graphics API: metal
    Full variant space:         1
    After settings filtering:   1
    After built-in stripping:   3
    After scriptable stripping: 3
    Processed in 0.00 seconds
  Pass "Flip_P010_To_RGB1" (fp)
    Target graphics API: metal
    Full variant space:         1
    After settings filtering:   1
    After built-in stripping:   3
    After scriptable stripping: 3
    Processed in 0.00 seconds
  Pass YCbCr_To_RGB1 (vp, metal) finished in 0.01 seconds. Local cache hits 6 (0.03s CPU time), remote cache hits 0 (0.00s CPU time), compiled 0 variants (0.00s CPU time), skipped 0 variants.
    Prepared data for serialisation in 0.00s
  Pass YCbCr_To_RGB1 (fp, metal) finished in 0.01 seconds. Local cache hits 6 (0.05s CPU time), remote cache hits 0 (0.00s CPU time), compiled 0 variants (0.00s CPU time), skipped 0 variants.
    Prepared data for serialisation in 0.00s
  Pass YCbCrA_To_RGBAFull (vp, metal) finished in 0.01 seconds. Local cache hits 6 (0.02s CPU time), remote cache hits 0 (0.00s CPU time), compiled 0 variants (0.00s CPU time), skipped 0 variants.
    Prepared data for serialisation in 0.00s
  Pass YCbCrA_To_RGBAFull (fp, metal) finished in 0.01 seconds. Local cache hits 6 (0.05s CPU time), remote cache hits 0 (0.00s CPU time), compiled 0 variants (0.00s CPU time), skipped 0 variants.
    Prepared data for serialisation in 0.00s
  Pass YCbCrA_To_RGBA (vp, metal) finished in 0.01 seconds. Local cache hits 6 (0.01s CPU time), remote cache hits 0 (0.00s CPU time), compiled 0 variants (0.00s CPU time), skipped 0 variants.
    Prepared data for serialisation in 0.00s
  Pass YCbCrA_To_RGBA (fp, metal) finished in 0.01 seconds. Local cache hits 6 (0.06s CPU time), remote cache hits 0 (0.00s CPU time), compiled 0 variants (0.00s CPU time), skipped 0 variants.
    Prepared data for serialisation in 0.00s
  Pass Flip_RGBA_To_RGBA (vp, metal) finished in 0.01 seconds. Local cache hits 6 (0.06s CPU time), remote cache hits 0 (0.00s CPU time), compiled 0 variants (0.00s CPU time), skipped 0 variants.
    Prepared data for serialisation in 0.00s
  Pass Flip_RGBA_To_RGBA (fp, metal) finished in 0.01 seconds. Local cache hits 6 (0.02s CPU time), remote cache hits 0 (0.00s CPU time), compiled 0 variants (0.00s CPU time), skipped 0 variants.
    Prepared data for serialisation in 0.00s
  Pass Flip_RGBASplit_To_RGBA (vp, metal) finished in 0.00 seconds. Local cache hits 6 (0.01s CPU time), remote cache hits 0 (0.00s CPU time), compiled 0 variants (0.00s CPU time), skipped 0 variants.
    Prepared data for serialisation in 0.00s
  Pass Flip_RGBASplit_To_RGBA (fp, metal) finished in 0.01 seconds. Local cache hits 6 (0.05s CPU time), remote cache hits 0 (0.00s CPU time), compiled 0 variants (0.00s CPU time), skipped 0 variants.
    Prepared data for serialisation in 0.00s
  Pass Flip_NV12_To_RGB1 (vp, metal) finished in 0.01 seconds. Local cache hits 6 (0.01s CPU time), remote cache hits 0 (0.00s CPU time), compiled 0 variants (0.00s CPU time), skipped 0 variants.
    Prepared data for serialisation in 0.00s
  Pass Flip_NV12_To_RGB1 (fp, metal) finished in 0.01 seconds. Local cache hits 6 (0.05s CPU time), remote cache hits 0 (0.00s CPU time), compiled 0 variants (0.00s CPU time), skipped 0 variants.
    Prepared data for serialisation in 0.00s
  Pass Flip_NV12_To_RGBA (vp, metal) finished in 0.00 seconds. Local cache hits 6 (0.01s CPU time), remote cache hits 0 (0.00s CPU time), compiled 0 variants (0.00s CPU time), skipped 0 variants.
    Prepared data for serialisation in 0.00s
  Pass Flip_NV12_To_RGBA (fp, metal) finished in 0.01 seconds. Local cache hits 6 (0.04s CPU time), remote cache hits 0 (0.00s CPU time), compiled 0 variants (0.00s CPU time), skipped 0 variants.
    Prepared data for serialisation in 0.00s
  Pass Flip_P010_To_RGB1 (vp, metal) finished in 0.01 seconds. Local cache hits 3 (0.00s CPU time), remote cache hits 0 (0.00s CPU time), compiled 0 variants (0.00s CPU time), skipped 0 variants.
    Prepared data for serialisation in 0.00s
  Pass Flip_P010_To_RGB1 (fp, metal) finished in 0.01 seconds. Local cache hits 3 (0.02s CPU time), remote cache hits 0 (0.00s CPU time), compiled 0 variants (0.00s CPU time), skipped 0 variants.
    Prepared data for serialisation in 0.00s
Serialized binary data for shader Hidden/VideoDecode in 0.00s
    metal (total internal programs: 90, unique: 19)
Compiling shader "Hidden/TextCore/Distance Field SSD"
  Pass "" (vp)
    Target graphics API: metal
    Full variant space:         1
    After settings filtering:   1
    After built-in stripping:   3
    After scriptable stripping: 3
    Processed in 0.00 seconds
  Pass "" (fp)
    Target graphics API: metal
    Full variant space:         1
    After settings filtering:   1
    After built-in stripping:   3
    After scriptable stripping: 3
    Processed in 0.00 seconds
  Pass  (vp, metal) finished in 0.00 seconds. Local cache hits 3 (0.01s CPU time), remote cache hits 0 (0.00s CPU time), compiled 0 variants (0.00s CPU time), skipped 0 variants.
    Prepared data for serialisation in 0.00s
  Pass  (fp, metal) finished in 0.00 seconds. Local cache hits 3 (0.00s CPU time), remote cache hits 0 (0.00s CPU time), compiled 0 variants (0.00s CPU time), skipped 0 variants.
    Prepared data for serialisation in 0.00s
Serialized binary data for shader Hidden/TextCore/Distance Field SSD in 0.00s
    metal (total internal programs: 6, unique: 2)
Compiling shader "Hidden/Physics2D/SDF_CircleGeometry"
  Pass "" (vp)
    Target graphics API: metal
    Full variant space:         2
    After settings filtering:   2
    After built-in stripping:   3
    After scriptable stripping: 3
    Processed in 0.00 seconds
  Pass "" (fp)
    Target graphics API: metal
    Full variant space:         2
    After settings filtering:   2
    After built-in stripping:   3
    After scriptable stripping: 3
    Processed in 0.00 seconds
  Pass  (vp, metal) finished in 0.01 seconds. Local cache hits 3 (0.02s CPU time), remote cache hits 0 (0.00s CPU time), compiled 0 variants (0.00s CPU time), skipped 0 variants.
    Prepared data for serialisation in 0.00s
  Pass  (fp, metal) finished in 0.01 seconds. Local cache hits 3 (0.02s CPU time), remote cache hits 0 (0.00s CPU time), compiled 0 variants (0.00s CPU time), skipped 0 variants.
    Prepared data for serialisation in 0.00s
Serialized binary data for shader Hidden/Physics2D/SDF_CircleGeometry in 0.00s
    metal (total internal programs: 6, unique: 2)
Compiling shader "Hidden/Physics2D/SDF_CapsuleGeometry"
  Pass "" (vp)
    Target graphics API: metal
    Full variant space:         2
    After settings filtering:   2
    After built-in stripping:   3
    After scriptable stripping: 3
    Processed in 0.00 seconds
  Pass "" (fp)
    Target graphics API: metal
    Full variant space:         2
    After settings filtering:   2
    After built-in stripping:   3
    After scriptable stripping: 3
    Processed in 0.00 seconds
  Pass  (vp, metal) finished in 0.01 seconds. Local cache hits 3 (0.02s CPU time), remote cache hits 0 (0.00s CPU time), compiled 0 variants (0.00s CPU time), skipped 0 variants.
    Prepared data for serialisation in 0.00s
  Pass  (fp, metal) finished in 0.01 seconds. Local cache hits 3 (0.02s CPU time), remote cache hits 0 (0.00s CPU time), compiled 0 variants (0.00s CPU time), skipped 0 variants.
    Prepared data for serialisation in 0.00s
Serialized binary data for shader Hidden/Physics2D/SDF_CapsuleGeometry in 0.00s
    metal (total internal programs: 6, unique: 2)
Compiling shader "Hidden/Physics2D/SDF_PolygonGeometry"
  Pass "" (vp)
    Target graphics API: metal
    Full variant space:         2
    After settings filtering:   2
    After built-in stripping:   3
    After scriptable stripping: 3
    Processed in 0.00 seconds
  Pass "" (fp)
    Target graphics API: metal
    Full variant space:         2
    After settings filtering:   2
    After built-in stripping:   3
    After scriptable stripping: 3
    Processed in 0.00 seconds
  Pass  (vp, metal) finished in 0.00 seconds. Local cache hits 3 (0.01s CPU time), remote cache hits 0 (0.00s CPU time), compiled 0 variants (0.00s CPU time), skipped 0 variants.
    Prepared data for serialisation in 0.00s
  Pass  (fp, metal) finished in 0.00 seconds. Local cache hits 3 (0.01s CPU time), remote cache hits 0 (0.00s CPU time), compiled 0 variants (0.00s CPU time), skipped 0 variants.
    Prepared data for serialisation in 0.00s
Serialized binary data for shader Hidden/Physics2D/SDF_PolygonGeometry in 0.00s
    metal (total internal programs: 6, unique: 2)
Compiling shader "Hidden/Physics2D/SDF_Line"
  Pass "" (vp)
    Target graphics API: metal
    Full variant space:         2
    After settings filtering:   2
    After built-in stripping:   3
    After scriptable stripping: 3
    Processed in 0.00 seconds
  Pass "" (fp)
    Target graphics API: metal
    Full variant space:         2
    After settings filtering:   2
    After built-in stripping:   3
    After scriptable stripping: 3
    Processed in 0.00 seconds
  Pass  (vp, metal) finished in 0.01 seconds. Local cache hits 3 (0.01s CPU time), remote cache hits 0 (0.00s CPU time), compiled 0 variants (0.00s CPU time), skipped 0 variants.
    Prepared data for serialisation in 0.00s
  Pass  (fp, metal) finished in 0.01 seconds. Local cache hits 3 (0.01s CPU time), remote cache hits 0 (0.00s CPU time), compiled 0 variants (0.00s CPU time), skipped 0 variants.
    Prepared data for serialisation in 0.00s
Serialized binary data for shader Hidden/Physics2D/SDF_Line in 0.00s
    metal (total internal programs: 6, unique: 2)
Compiling shader "Hidden/Physics2D/SDF_Point"
  Pass "" (vp)
    Target graphics API: metal
    Full variant space:         2
    After settings filtering:   2
    After built-in stripping:   3
    After scriptable stripping: 3
    Processed in 0.00 seconds
  Pass "" (fp)
    Target graphics API: metal
    Full variant space:         2
    After settings filtering:   2
    After built-in stripping:   3
    After scriptable stripping: 3
    Processed in 0.00 seconds
  Pass  (vp, metal) finished in 0.01 seconds. Local cache hits 3 (0.02s CPU time), remote cache hits 0 (0.00s CPU time), compiled 0 variants (0.00s CPU time), skipped 0 variants.
    Prepared data for serialisation in 0.00s
  Pass  (fp, metal) finished in 0.01 seconds. Local cache hits 3 (0.02s CPU time), remote cache hits 0 (0.00s CPU time), compiled 0 variants (0.00s CPU time), skipped 0 variants.
    Prepared data for serialisation in 0.00s
Serialized binary data for shader Hidden/Physics2D/SDF_Point in 0.00s
    metal (total internal programs: 6, unique: 2)
SpriteAtlasDatabase::Cleanup
DisplayProgressbar: Closing open Unity projects in Xcode
info: Microsoft.AspNetCore.Hosting.Diagnostics[1]
      Request starting HTTP/2 POST http://ilpp/UnityILPP.PostProcessing/Ping - application/grpc -
info: Microsoft.AspNetCore.Routing.EndpointMiddleware[0]
      Executing endpoint 'gRPC - /UnityILPP.PostProcessing/Ping'
info: Microsoft.AspNetCore.Routing.EndpointMiddleware[1]
      Executed endpoint 'gRPC - /UnityILPP.PostProcessing/Ping'
info: Microsoft.AspNetCore.Hosting.Diagnostics[2]
      Request finished HTTP/2 POST http://ilpp/UnityILPP.PostProcessing/Ping - 200 - application/grpc 0.1568ms
Starting: /Applications/Unity/Hub/Editor/6000.5.7f1/Unity.app/Contents/Resources/BuildPipeline/bee_backend --ipc --dagfile="Library/Bee/Playere5eb183b.dag" --profile="Library/Bee/backend1.traceevents" Player
WorkingDir: /Users/lucas-furini/repos/checkout/unity/CheckoutSimulator
DisplayProgressbar: Incremental Player Build
[  47/3221  0s] CopyFiles /Users/lucas-furini/repos/checkout/unity/builds/ios/Frameworks/UnityRuntime.framework/PrivacyInfo.xcprivacy
[  48/3221  0s] CopyFiles /Users/lucas-furini/repos/checkout/unity/builds/ios/Frameworks/UnityRuntime.framework/UnityRuntime
[  49/3221  0s] CopyFiles /Users/lucas-furini/repos/checkout/unity/builds/ios/Frameworks/UnityRuntime.framework/Info.plist
[  50/3221  0s] CopyFiles /Users/lucas-furini/repos/checkout/unity/builds/ios/UnityFramework/ApplePrivacyManifestsMerge.txt
[  51/3221  0s] CopyFiles /Users/lucas-furini/repos/checkout/unity/builds/ios/Il2CppOutputProject/IL2CPP/libil2cpp/vm/Runtime.cpp
[  52/3221  0s] CopyFiles /Users/lucas-furini/repos/checkout/unity/builds/ios/Il2CppOutputProject/IL2CPP/libil2cpp/vm/StackTrace.cpp
[  53/3221  0s] CopyFiles /Users/lucas-furini/repos/checkout/unity/builds/ios/Il2CppOutputProject/IL2CPP/libil2cpp/vm/Reflection.h
[  54/3221  0s] CopyFiles /Users/lucas-furini/repos/checkout/unity/builds/ios/Il2CppOutputProject/IL2CPP/libil2cpp/vm/Reflection.cpp
[  55/3221  0s] CopyFiles /Users/lucas-furini/repos/checkout/unity/builds/ios/Il2CppOutputProject/IL2CPP/libil2cpp/vm/RCW.h
[  56/3221  0s] CopyFiles /Users/lucas-furini/repos/checkout/unity/builds/ios/Il2CppOutputProject/IL2CPP/libil2cpp/vm/RCW.cpp
[  57/3221  0s] CopyFiles /Users/lucas-furini/repos/checkout/unity/builds/ios/Il2CppOutputProject/IL2CPP/libil2cpp/vm/String.cpp
[  58/3221  0s] CopyFiles /Users/lucas-furini/repos/checkout/unity/builds/ios/UnityFramework/PrivacyInfo.xcprivacy
[  59/3221  0s] CopyFiles /Users/lucas-furini/repos/checkout/unity/builds/ios/Il2CppOutputProject/IL2CPP/libil2cpp/vm/Random.h
[  60/3221  0s] CopyFiles /Users/lucas-furini/repos/checkout/unity/builds/ios/Il2CppOutputProject/IL2CPP/libil2cpp/vm/ScopedThreadAttacher.cpp
[  61/3221  0s] CopyFiles /Users/lucas-furini/repos/checkout/unity/builds/ios/Il2CppOutputProject/IL2CPP/libil2cpp/vm/Runtime.h
[  62/3221  0s] CopyFiles /Users/lucas-furini/repos/checkout/unity/builds/ios/Il2CppOutputProject/IL2CPP/libil2cpp/vm/Property.h
[  63/3221  0s] CopyFiles /Users/lucas-furini/repos/checkout/unity/builds/ios/Il2CppOutputProject/IL2CPP/libil2cpp/vm/Property.cpp
[  64/3221  0s] CopyFiles /Users/lucas-furini/repos/checkout/unity/builds/ios/Il2CppOutputProject/IL2CPP/libil2cpp/vm/StackTrace.h
[  65/3221  0s] CopyFiles /Users/lucas-furini/repos/checkout/unity/builds/ios/Il2CppOutputProject/IL2CPP/libil2cpp/vm/Profiler.h
[  66/3221  0s] CopyFiles /Users/lucas-furini/repos/checkout/unity/builds/ios/Il2CppOutputProject/IL2CPP/libil2cpp/vm/String.h
[  67/3221  0s] CopyFiles /Users/lucas-furini/repos/checkout/unity/builds/ios/Il2CppOutputProject/IL2CPP/libil2cpp/vm/Random.cpp
[  68/3221  0s] CopyFiles /Users/lucas-furini/repos/checkout/unity/builds/ios/Il2CppOutputProject/IL2CPP/libil2cpp/vm/PlatformInvoke.h
[  69/3221  0s] CopyFiles /Users/lucas-furini/repos/checkout/unity/builds/ios/Il2CppOutputProject/IL2CPP/libil2cpp/vm/ScopedThreadAttacher.h
[  70/3221  0s] CopyFiles /Users/lucas-furini/repos/checkout/unity/builds/ios/Il2CppOutputProject/IL2CPP/libil2cpp/vm/Profiler.cpp
[  71/3221  0s] CopyFiles /Users/lucas-furini/repos/checkout/unity/builds/ios/Il2CppOutputProject/IL2CPP/libil2cpp/vm/Path.cpp
[  72/3221  0s] CopyFiles /Users/lucas-furini/repos/checkout/unity/builds/ios/Il2CppOutputProject/IL2CPP/libil2cpp/vm/Path.h
[  73/3221  0s] CopyFiles /Users/lucas-furini/repos/checkout/unity/builds/ios/Il2CppOutputProject/IL2CPP/libil2cpp/vm/Parameter.h
[  74/3221  0s] CopyFiles /Users/lucas-furini/repos/checkout/unity/builds/ios/Il2CppOutputProject/IL2CPP/libil2cpp/vm/ObjectInlines.h
[  75/3221  0s] CopyFiles /Users/lucas-furini/repos/checkout/unity/builds/ios/Il2CppOutputProject/IL2CPP/libil2cpp/vm/Parameter.cpp
[  76/3221  0s] CopyFiles /Users/lucas-furini/repos/checkout/unity/builds/ios/Il2CppOutputProject/IL2CPP/libil2cpp/vm/Module.h
[  77/3221  0s] CopyFiles /Users/lucas-furini/repos/checkout/unity/builds/ios/Il2CppOutputProject/IL2CPP/libil2cpp/vm/Monitor.h
[  78/3221  0s] CopyFiles /Users/lucas-furini/repos/checkout/unity/builds/ios/Il2CppOutputProject/IL2CPP/libil2cpp/vm/PlatformInvoke.cpp
[  79/3221  0s] CopyFiles /Users/lucas-furini/repos/checkout/unity/builds/ios/Il2CppOutputProject/IL2CPP/libil2cpp/vm/NonCachedCCWBase.h
[  80/3221  0s] CopyFiles /Users/lucas-furini/repos/checkout/unity/builds/ios/Il2CppOutputProject/IL2CPP/libil2cpp/vm/Object.h
[  81/3221  0s] CopyFiles /Users/lucas-furini/repos/checkout/unity/builds/ios/Il2CppOutputProject/IL2CPP/libil2cpp/vm/Module.cpp
[  82/3221  0s] CopyFiles /Users/lucas-furini/repos/checkout/unity/builds/ios/Il2CppOutputProject/IL2CPP/libil2cpp/vm/Method.h
[  83/3221  0s] CopyFiles /Users/lucas-furini/repos/checkout/unity/builds/ios/Il2CppOutputProject/IL2CPP/libil2cpp/vm/Object.cpp
[  84/3221  0s] CopyFiles /Users/lucas-furini/repos/checkout/unity/builds/ios/Il2CppOutputProject/IL2CPP/libil2cpp/vm/MetadataLoader.h
[  85/3221  0s] CopyFiles /Users/lucas-furini/repos/checkout/unity/builds/ios/Il2CppOutputProject/IL2CPP/libil2cpp/vm/Method.cpp
[  86/3221  0s] CopyFiles /Users/lucas-furini/repos/checkout/unity/builds/ios/Il2CppOutputProject/IL2CPP/libil2cpp/vm/MetadataLoader.cpp
[  87/3221  0s] CopyFiles /Users/lucas-furini/repos/checkout/unity/builds/ios/Il2CppOutputProject/IL2CPP/libil2cpp/vm/MetadataLock.h
[  88/3221  0s] CopyFiles /Users/lucas-furini/repos/checkout/unity/builds/ios/Il2CppOutputProject/IL2CPP/libil2cpp/vm/MetadataAlloc.h
[  89/3221  0s] CopyFiles /Users/lucas-furini/repos/checkout/unity/builds/ios/Il2CppOutputProject/IL2CPP/libil2cpp/vm/MetadataDeserialization.cpp
[  90/3221  0s] CopyFiles /Users/lucas-furini/repos/checkout/unity/builds/ios/Il2CppOutputProject/IL2CPP/libil2cpp/vm/MetadataCache.h
[  91/3221  0s] CopyFiles /Users/lucas-furini/repos/checkout/unity/builds/ios/Il2CppOutputProject/IL2CPP/libil2cpp/vm/Monitor.cpp
[  92/3221  0s] CopyFiles /Users/lucas-furini/repos/checkout/unity/builds/ios/Il2CppOutputProject/IL2CPP/libil2cpp/vm/MetadataCache.cpp
[  93/3221  0s] CopyFiles /Users/lucas-furini/repos/checkout/unity/builds/ios/Il2CppOutputProject/IL2CPP/libil2cpp/vm/MetadataDeserialization.h
[  94/3221  0s] CopyFiles /Users/lucas-furini/repos/checkout/unity/builds/ios/Il2CppOutputProject/IL2CPP/libil2cpp/vm/MemoryInformation.h
[  95/3221  0s] CopyFiles /Users/lucas-furini/repos/checkout/unity/builds/ios/Il2CppOutputProject/IL2CPP/libil2cpp/vm/MetadataAlloc.cpp
[  96/3221  0s] CopyFiles /Users/lucas-furini/repos/checkout/unity/builds/ios/Il2CppOutputProject/IL2CPP/libil2cpp/vm/MarshalAlloc.cpp
[  97/3221  0s] CopyFiles /Users/lucas-furini/repos/checkout/unity/builds/ios/Il2CppOutputProject/IL2CPP/libil2cpp/vm/MarshalAlloc.h
[  98/3221  0s] CopyFiles /Users/lucas-furini/repos/checkout/unity/builds/ios/Il2CppOutputProject/IL2CPP/libil2cpp/vm/MemoryInformation.cpp
[  99/3221  0s] CopyFiles /Users/lucas-furini/repos/checkout/unity/builds/ios/Il2CppOutputProject/IL2CPP/libil2cpp/vm/LastError.h
[ 100/3221  0s] CopyFiles /Users/lucas-furini/repos/checkout/unity/builds/ios/Il2CppOutputProject/IL2CPP/libil2cpp/vm/Liveness.h
[ 101/3221  0s] CopyFiles /Users/lucas-furini/repos/checkout/unity/builds/ios/Il2CppOutputProject/IL2CPP/libil2cpp/vm/Liveness.cpp
[ 102/3221  0s] CopyFiles /Users/lucas-furini/repos/checkout/unity/builds/ios/Il2CppOutputProject/IL2CPP/libil2cpp/vm/LastError.cpp
[ 103/3221  0s] CopyFiles /Users/lucas-furini/repos/checkout/unity/builds/ios/Il2CppOutputProject/IL2CPP/libil2cpp/vm/IcuData.h
[ 104/3221  0s] CopyFiles /Users/lucas-furini/repos/checkout/unity/builds/ios/Il2CppOutputProject/IL2CPP/libil2cpp/vm/Il2CppHStringReference.h
[ 105/3221  0s] CopyFiles /Users/lucas-furini/repos/checkout/unity/builds/ios/Il2CppOutputProject/IL2CPP/libil2cpp/vm/Image.cpp
[ 106/3221  0s] CopyFiles /Users/lucas-furini/repos/checkout/unity/builds/ios/Il2CppOutputProject/IL2CPP/libil2cpp/vm/InternalCalls.h
[ 107/3221  0s] CopyFiles /Users/lucas-furini/repos/checkout/unity/builds/ios/Il2CppOutputProject/IL2CPP/libil2cpp/vm/IcuData.cpp
[ 108/3221  0s] CopyFiles /Users/lucas-furini/repos/checkout/unity/builds/ios/Il2CppOutputProject/IL2CPP/libil2cpp/vm/Il2CppHStringReference.cpp
[ 109/3221  0s] CopyFiles /Users/lucas-furini/repos/checkout/unity/builds/ios/Il2CppOutputProject/IL2CPP/libil2cpp/vm/Image.h
[ 110/3221  0s] CopyFiles /Users/lucas-furini/repos/checkout/unity/builds/ios/Il2CppOutputProject/IL2CPP/libil2cpp/vm/InternalCalls.cpp
[ 111/3221  0s] CopyFiles /Users/lucas-furini/repos/checkout/unity/builds/ios/Il2CppOutputProject/IL2CPP/libil2cpp/vm/GlobalMetadataFileInternals.h
[ 112/3221  0s] CopyFiles /Users/lucas-furini/repos/checkout/unity/builds/ios/Il2CppOutputProject/IL2CPP/libil2cpp/vm/GlobalMetadata.cpp
[ 113/3221  0s] CopyFiles /Users/lucas-furini/repos/checkout/unity/builds/ios/Il2CppOutputProject/IL2CPP/libil2cpp/vm/GlobalMetadata.h
[ 114/3221  0s] CopyFiles /Users/lucas-furini/repos/checkout/unity/builds/ios/Il2CppOutputProject/IL2CPP/libil2cpp/vm/GenericContainer.h
[ 115/3221  0s] CopyFiles /Users/lucas-furini/repos/checkout/unity/builds/ios/Il2CppOutputProject/IL2CPP/libil2cpp/vm/GenericClass.h
[ 116/3221  0s] CopyFiles /Users/lucas-furini/repos/checkout/unity/builds/ios/Il2CppOutputProject/IL2CPP/libil2cpp/vm/GenericContainer.cpp
[ 117/3221  0s] CopyFiles /Users/lucas-furini/repos/checkout/unity/builds/ios/Il2CppOutputProject/IL2CPP/libil2cpp/vm/GenericClass.cpp
[ 118/3221  0s] CopyFiles /Users/lucas-furini/repos/checkout/unity/builds/ios/Il2CppOutputProject/IL2CPP/libil2cpp/vm/Field.h
[ 119/3221  0s] CopyFiles /Users/lucas-furini/repos/checkout/unity/builds/ios/Il2CppOutputProject/IL2CPP/libil2cpp/vm/Enum.cpp
[ 120/3221  0s] CopyFiles /Users/lucas-furini/repos/checkout/unity/builds/ios/Il2CppOutputProject/IL2CPP/libil2cpp/vm/Enum.h
[ 121/3221  0s] CopyFiles /Users/lucas-furini/repos/checkout/unity/builds/ios/Il2CppOutputProject/IL2CPP/libil2cpp/vm/Event.cpp
[ 122/3221  0s] CopyFiles /Users/lucas-furini/repos/checkout/unity/builds/ios/Il2CppOutputProject/IL2CPP/libil2cpp/vm/Event.h
[ 123/3221  0s] CopyFiles /Users/lucas-furini/repos/checkout/unity/builds/ios/Il2CppOutputProject/IL2CPP/libil2cpp/vm/Field.cpp
[ 124/3221  0s] CopyFiles /Users/lucas-furini/repos/checkout/unity/builds/ios/Il2CppOutputProject/IL2CPP/libil2cpp/vm/Domain.h
[ 125/3221  0s] CopyFiles /Users/lucas-furini/repos/checkout/unity/builds/ios/Il2CppOutputProject/IL2CPP/libil2cpp/vm/Exception.h
[ 126/3221  0s] CopyFiles /Users/lucas-furini/repos/checkout/unity/builds/ios/Il2CppOutputProject/IL2CPP/libil2cpp/vm/Exception.cpp
[ 127/3221  0s] CopyFiles /Users/lucas-furini/repos/checkout/unity/builds/ios/Il2CppOutputProject/IL2CPP/libil2cpp/vm/ComObjectBase.h
[ 128/3221  0s] CopyFiles /Users/lucas-furini/repos/checkout/unity/builds/ios/Il2CppOutputProject/IL2CPP/libil2cpp/vm/Domain.cpp
[ 129/3221  0s] CopyFiles /Users/lucas-furini/repos/checkout/unity/builds/ios/Il2CppOutputProject/IL2CPP/libil2cpp/vm/ComObjectBase.cpp
[ 130/3221  0s] CopyFiles /Users/lucas-furini/repos/checkout/unity/builds/ios/Il2CppOutputProject/IL2CPP/libil2cpp/vm/COMEntryPoints.h
[ 131/3221  0s] CopyFiles /Users/lucas-furini/repos/checkout/unity/builds/ios/Il2CppOutputProject/IL2CPP/libil2cpp/vm/ClassLibraryPAL.cpp
[ 132/3221  0s] CopyFiles /Users/lucas-furini/repos/checkout/unity/builds/ios/Il2CppOutputProject/IL2CPP/libil2cpp/vm/ClassLibraryPAL.h
[ 133/3221  0s] CopyFiles /Users/lucas-furini/repos/checkout/unity/builds/ios/Il2CppOutputProject/IL2CPP/libil2cpp/vm/COM.h
[ 134/3221  0s] CopyFiles /Users/lucas-furini/repos/checkout/unity/builds/ios/Il2CppOutputProject/IL2CPP/libil2cpp/vm/COM.cpp
[ 135/3221  0s] CopyFiles /Users/lucas-furini/repos/checkout/unity/builds/ios/Il2CppOutputProject/IL2CPP/libil2cpp/vm/COMEntryPoints.cpp
[ 136/3221  0s] CopyFiles /Users/lucas-furini/repos/checkout/unity/builds/ios/Il2CppOutputProject/IL2CPP/libil2cpp/vm/ClassInlines.cpp
[ 137/3221  0s] CopyFiles /Users/lucas-furini/repos/checkout/unity/builds/ios/Il2CppOutputProject/IL2CPP/libil2cpp/vm/ClassInlines.h
[ 138/3221  0s] CopyFiles /Users/lucas-furini/repos/checkout/unity/builds/ios/Il2CppOutputProject/IL2CPP/libil2cpp/vm/CCWBase.h
[ 139/3221  0s] CopyFiles /Users/lucas-furini/repos/checkout/unity/builds/ios/Il2CppOutputProject/IL2CPP/libil2cpp/vm/Class.cpp
[ 140/3221  0s] CopyFiles /Users/lucas-furini/repos/checkout/unity/builds/ios/Il2CppOutputProject/IL2CPP/libil2cpp/vm/CachedCCWBase.h
[ 141/3221  0s] CopyFiles /Users/lucas-furini/repos/checkout/unity/builds/ios/Il2CppOutputProject/IL2CPP/libil2cpp/vm/CCW.cpp
[ 142/3221  0s] CopyFiles /Users/lucas-furini/repos/checkout/unity/builds/ios/Il2CppOutputProject/IL2CPP/libil2cpp/vm/AssemblyName.h
[ 143/3221  0s] CopyFiles /Users/lucas-furini/repos/checkout/unity/builds/ios/Il2CppOutputProject/IL2CPP/libil2cpp/vm/CCWBase.cpp
[ 144/3221  0s] CopyFiles /Users/lucas-furini/repos/checkout/unity/builds/ios/Il2CppOutputProject/IL2CPP/libil2cpp/vm/AssemblyName.cpp
[ 145/3221  0s] CopyFiles /Users/lucas-furini/repos/checkout/unity/builds/ios/Il2CppOutputProject/IL2CPP/libil2cpp/vm/Assembly.cpp
[ 146/3221  0s] CopyFiles /Users/lucas-furini/repos/checkout/unity/builds/ios/Il2CppOutputProject/IL2CPP/libil2cpp/vm/Array.h
[ 147/3221  0s] CopyFiles /Users/lucas-furini/repos/checkout/unity/builds/ios/Il2CppOutputProject/IL2CPP/libil2cpp/vm/AndroidRuntime.h
[ 148/3221  0s] CopyFiles /Users/lucas-furini/repos/checkout/unity/builds/ios/Il2CppOutputProject/IL2CPP/libil2cpp/vm/CCW.h
[ 149/3221  0s] CopyFiles /Users/lucas-furini/repos/checkout/unity/builds/ios/Il2CppOutputProject/IL2CPP/libil2cpp/vm/Array.cpp
[ 150/3221  0s] CopyFiles /Users/lucas-furini/repos/checkout/unity/builds/ios/Il2CppOutputProject/IL2CPP/libil2cpp/vm/AndroidRuntime.cpp
[ 151/3221  0s] CopyFiles /Users/lucas-furini/repos/checkout/unity/builds/ios/Il2CppOutputProject/IL2CPP/libil2cpp/vm/Assembly.h
[ 152/3221  0s] CopyFiles /Users/lucas-furini/repos/checkout/unity/builds/ios/Il2CppOutputProject/IL2CPP/libil2cpp/vm/AppContext.h
[ 153/3221  0s] CopyFiles /Users/lucas-furini/repos/checkout/unity/builds/ios/Il2CppOutputProject/IL2CPP/libil2cpp/vm/AppContext.cpp
[ 154/3221  0s] CopyFiles /Users/lucas-furini/repos/checkout/unity/builds/ios/Il2CppOutputProject/IL2CPP/libil2cpp/vm/Class.h
[ 155/3221  0s] CopyFiles /Users/lucas-furini/repos/checkout/unity/builds/ios/Il2CppOutputProject/IL2CPP/libil2cpp/vm/ActivationFactoryBase.h
[ 156/3221  0s] CopyFiles /Users/lucas-furini/repos/checkout/unity/builds/ios/Il2CppOutputProject/IL2CPP/libil2cpp/vm-utils/MethodDefinitionKey.h
[ 157/3221  0s] CopyFiles /Users/lucas-furini/repos/checkout/unity/builds/ios/Il2CppOutputProject/IL2CPP/libil2cpp/vm-utils/VmThreadUtils.cpp
[ 158/3221  0s] CopyFiles /Users/lucas-furini/repos/checkout/unity/builds/ios/Il2CppOutputProject/IL2CPP/libil2cpp/vm-utils/VmStringUtils.h
[ 159/3221  0s] CopyFiles /Users/lucas-furini/repos/checkout/unity/builds/ios/Il2CppOutputProject/IL2CPP/libil2cpp/vm-utils/VmThreadUtils.h
[ 160/3221  0s] CopyFiles /Users/lucas-furini/repos/checkout/unity/builds/ios/Il2CppOutputProject/IL2CPP/libil2cpp/vm-utils/ImageStackCrawlMark.h
[ 161/3221  0s] CopyFiles /Users/lucas-furini/repos/checkout/unity/builds/ios/Il2CppOutputProject/IL2CPP/libil2cpp/vm-utils/VmStringUtils.cpp
[ 162/3221  0s] CopyFiles /Users/lucas-furini/repos/checkout/unity/builds/ios/Il2CppOutputProject/IL2CPP/libil2cpp/vm-utils/VmMethod.h
[ 163/3221  0s] CopyFiles /Users/lucas-furini/repos/checkout/unity/builds/ios/Il2CppOutputProject/IL2CPP/libil2cpp/vm-utils/NativeSymbol.h
[ 164/3221  0s] CopyFiles /Users/lucas-furini/repos/checkout/unity/builds/ios/Il2CppOutputProject/IL2CPP/libil2cpp/vm-utils/NativeSymbol.cpp
[ 165/3221  0s] CopyFiles /Users/lucas-furini/repos/checkout/unity/builds/ios/Il2CppOutputProject/IL2CPP/libil2cpp/vm-utils/Finally.cpp
[ 166/3221  0s] CopyFiles /Users/lucas-furini/repos/checkout/unity/builds/ios/Il2CppOutputProject/IL2CPP/libil2cpp/vm-utils/Finally.h
[ 167/3221  0s] CopyFiles /Users/lucas-furini/repos/checkout/unity/builds/ios/Il2CppOutputProject/IL2CPP/libil2cpp/vm-utils/DebugSymbolReader.h
[ 168/3221  0s] CopyFiles /Users/lucas-furini/repos/checkout/unity/builds/ios/Il2CppOutputProject/IL2CPP/libil2cpp/vm-utils/Debugger.h
[ 169/3221  0s] CopyFiles /Users/lucas-furini/repos/checkout/unity/builds/ios/Il2CppOutputProject/IL2CPP/libil2cpp/utils/ThreadSafeFreeList.h
[ 170/3221  0s] CopyFiles /Users/lucas-furini/repos/checkout/unity/builds/ios/Il2CppOutputProject/IL2CPP/libil2cpp/utils/TemplateUtils.h
[ 171/3221  0s] CopyFiles /Users/lucas-furini/repos/checkout/unity/builds/ios/Il2CppOutputProject/IL2CPP/libil2cpp/vm-utils/Debugger.cpp
[ 172/3221  0s] CopyFiles /Users/lucas-furini/repos/checkout/unity/builds/ios/Il2CppOutputProject/IL2CPP/libil2cpp/vm-utils/BlobReader.h
[ 173/3221  0s] CopyFiles /Users/lucas-furini/repos/checkout/unity/builds/ios/Il2CppOutputProject/IL2CPP/libil2cpp/vm-utils/DebugSymbolReader.cpp
[ 174/3221  0s] CopyFiles /Users/lucas-furini/repos/checkout/unity/builds/ios/Il2CppOutputProject/IL2CPP/libil2cpp/utils/StringViewUtils.h
[ 175/3221  0s] CopyFiles /Users/lucas-furini/repos/checkout/unity/builds/ios/Il2CppOutputProject/IL2CPP/libil2cpp/vm-utils/BlobReader.cpp
[ 176/3221  0s] CopyFiles /Users/lucas-furini/repos/checkout/unity/builds/ios/Il2CppOutputProject/IL2CPP/libil2cpp/utils/Runtime.h
[ 177/3221  0s] CopyFiles /Users/lucas-furini/repos/checkout/unity/builds/ios/Il2CppOutputProject/IL2CPP/libil2cpp/utils/StringUtils.h
[ 178/3221  0s] CopyFiles /Users/lucas-furini/repos/checkout/unity/builds/ios/Il2CppOutputProject/IL2CPP/libil2cpp/utils/StringView.h
[ 179/3221  0s] CopyFiles /Users/lucas-furini/repos/checkout/unity/builds/ios/Il2CppOutputProject/IL2CPP/libil2cpp/utils/Runtime.cpp
[ 180/3221  0s] CopyFiles /Users/lucas-furini/repos/checkout/unity/builds/ios/Il2CppOutputProject/IL2CPP/libil2cpp/utils/PathUtils.cpp
[ 181/3221  0s] CopyFiles /Users/lucas-furini/repos/checkout/unity/builds/ios/Il2CppOutputProject/IL2CPP/libil2cpp/utils/PathUtils.h
[ 182/3221  0s] CopyFiles /Users/lucas-furini/repos/checkout/unity/builds/ios/Il2CppOutputProject/IL2CPP/libil2cpp/utils/sha1.h
[ 183/3221  0s] CopyFiles /Users/lucas-furini/repos/checkout/unity/builds/ios/Il2CppOutputProject/IL2CPP/libil2cpp/utils/Output.h
[ 184/3221  0s] CopyFiles /Users/lucas-furini/repos/checkout/unity/builds/ios/Il2CppOutputProject/IL2CPP/libil2cpp/utils/StringUtils.cpp
[ 185/3221  0s] CopyFiles /Users/lucas-furini/repos/checkout/unity/builds/ios/Il2CppOutputProject/IL2CPP/libil2cpp/utils/New.h
[ 186/3221  0s] CopyFiles /Users/lucas-furini/repos/checkout/unity/builds/ios/Il2CppOutputProject/IL2CPP/libil2cpp/utils/NonCopyable.h
[ 187/3221  0s] CopyFiles /Users/lucas-furini/repos/checkout/unity/builds/ios/Il2CppOutputProject/IL2CPP/libil2cpp/utils/sha1.cpp
[ 188/3221  0s] CopyFiles /Users/lucas-furini/repos/checkout/unity/builds/ios/Il2CppOutputProject/IL2CPP/libil2cpp/utils/MemoryRead.cpp
[ 189/3221  0s] CopyFiles /Users/lucas-furini/repos/checkout/unity/builds/ios/Il2CppOutputProject/IL2CPP/libil2cpp/utils/mono-structs.cpp
[ 190/3221  0s] CopyFiles /Users/lucas-furini/repos/checkout/unity/builds/ios/Il2CppOutputProject/IL2CPP/libil2cpp/utils/MemoryPoolAddressSanitizer.h
[ 191/3221  0s] CopyFiles /Users/lucas-furini/repos/checkout/unity/builds/ios/Il2CppOutputProject/IL2CPP/libil2cpp/utils/MemoryUtils.h
[ 192/3221  0s] CopyFiles /Users/lucas-furini/repos/checkout/unity/builds/ios/Il2CppOutputProject/IL2CPP/libil2cpp/utils/MemoryPool.h
[ 193/3221  0s] CopyFiles /Users/lucas-furini/repos/checkout/unity/builds/ios/Il2CppOutputProject/IL2CPP/libil2cpp/utils/Output.cpp
[ 194/3221  0s] CopyFiles /Users/lucas-furini/repos/checkout/unity/builds/ios/Il2CppOutputProject/IL2CPP/libil2cpp/utils/MemoryPoolAddressSanitizer.cpp
[ 195/3221  0s] CopyFiles /Users/lucas-furini/repos/checkout/unity/builds/ios/Il2CppOutputProject/IL2CPP/libil2cpp/utils/MemoryMappedFile.h
[ 196/3221  0s] CopyFiles /Users/lucas-furini/repos/checkout/unity/builds/ios/Il2CppOutputProject/IL2CPP/libil2cpp/utils/MemoryMappedFile.cpp
[ 197/3221  0s] CopyFiles /Users/lucas-furini/repos/checkout/unity/builds/ios/Il2CppOutputProject/IL2CPP/libil2cpp/utils/Memory.h
[ 198/3221  0s] CopyFiles /Users/lucas-furini/repos/checkout/unity/builds/ios/Il2CppOutputProject/IL2CPP/libil2cpp/utils/Memory.cpp
[ 199/3221  0s] CopyFiles /Users/lucas-furini/repos/checkout/unity/builds/ios/Il2CppOutputProject/IL2CPP/libil2cpp/utils/Logging.h
[ 200/3221  0s] CopyFiles /Users/lucas-furini/repos/checkout/unity/builds/ios/Il2CppOutputProject/IL2CPP/libil2cpp/utils/MemoryPool.cpp
[ 201/3221  0s] CopyFiles /Users/lucas-furini/repos/checkout/unity/builds/ios/Il2CppOutputProject/IL2CPP/libil2cpp/utils/MarshalingUtils.cpp
[ 202/3221  0s] CopyFiles /Users/lucas-furini/repos/checkout/unity/builds/ios/Il2CppOutputProject/IL2CPP/libil2cpp/utils/MemoryRead.h
[ 203/3221  0s] CopyFiles /Users/lucas-furini/repos/checkout/unity/builds/ios/Il2CppOutputProject/IL2CPP/libil2cpp/utils/Logging.cpp
[ 204/3221  0s] CopyFiles /Users/lucas-furini/repos/checkout/unity/builds/ios/Il2CppOutputProject/IL2CPP/libil2cpp/utils/MarshalingUtils.h
[ 205/3221  0s] CopyFiles /Users/lucas-furini/repos/checkout/unity/builds/ios/Il2CppOutputProject/IL2CPP/libil2cpp/utils/Il2CppHashMap.h
[ 206/3221  0s] CopyFiles /Users/lucas-furini/repos/checkout/unity/builds/ios/Il2CppOutputProject/IL2CPP/libil2cpp/utils/Expected.h
[ 207/3221  0s] CopyFiles /Users/lucas-furini/repos/checkout/unity/builds/ios/Il2CppOutputProject/IL2CPP/libil2cpp/utils/KeyWrapper.h
[ 208/3221  0s] CopyFiles /Users/lucas-furini/repos/checkout/unity/builds/ios/Il2CppOutputProject/IL2CPP/libil2cpp/utils/Functional.h
[ 209/3221  0s] CopyFiles /Users/lucas-furini/repos/checkout/unity/builds/ios/Il2CppOutputProject/IL2CPP/libil2cpp/utils/HashUtils.h
[ 210/3221  0s] CopyFiles /Users/lucas-furini/repos/checkout/unity/builds/ios/Il2CppOutputProject/IL2CPP/libil2cpp/utils/Il2CppError.h
[ 211/3221  0s] CopyFiles /Users/lucas-furini/repos/checkout/unity/builds/ios/Il2CppOutputProject/IL2CPP/libil2cpp/utils/InitOnce.h
[ 212/3221  0s] CopyFiles /Users/lucas-furini/repos/checkout/unity/builds/ios/Il2CppOutputProject/IL2CPP/libil2cpp/utils/Il2CppHashSet.h
[ 213/3221  0s] CopyFiles /Users/lucas-furini/repos/checkout/unity/builds/ios/Il2CppOutputProject/IL2CPP/libil2cpp/utils/Il2CppError.cpp
[ 214/3221  0s] CopyFiles /Users/lucas-furini/repos/checkout/unity/builds/ios/Il2CppOutputProject/IL2CPP/libil2cpp/utils/ExtendedAtomicTypes.h
[ 215/3221  0s] CopyFiles /Users/lucas-furini/repos/checkout/unity/builds/ios/Il2CppOutputProject/IL2CPP/libil2cpp/utils/DirectoryUtils.cpp
[ 216/3221  0s] CopyFiles /Users/lucas-furini/repos/checkout/unity/builds/ios/Il2CppOutputProject/IL2CPP/libil2cpp/utils/dynamic_array.h
[ 217/3221  0s] CopyFiles /Users/lucas-furini/repos/checkout/unity/builds/ios/Il2CppOutputProject/IL2CPP/libil2cpp/utils/Exception.h
[ 218/3221  0s] CopyFiles /Users/lucas-furini/repos/checkout/unity/builds/ios/Il2CppOutputProject/IL2CPP/libil2cpp/utils/DirectoryUtils.h
[ 219/3221  0s] CopyFiles /Users/lucas-furini/repos/checkout/unity/builds/ios/Il2CppOutputProject/IL2CPP/libil2cpp/utils/ExceptionSupportStack.h
[ 220/3221  0s] CopyFiles /Users/lucas-furini/repos/checkout/unity/builds/ios/Il2CppOutputProject/IL2CPP/libil2cpp/utils/Exception.cpp
[ 221/3221  0s] CopyFiles /Users/lucas-furini/repos/checkout/unity/builds/ios/Il2CppOutputProject/IL2CPP/libil2cpp/utils/CallOnce.h
[ 222/3221  0s] CopyFiles /Users/lucas-furini/repos/checkout/unity/builds/ios/Il2CppOutputProject/IL2CPP/libil2cpp/utils/Environment.cpp
[ 223/3221  0s] CopyFiles /Users/lucas-furini/repos/checkout/unity/builds/ios/Il2CppOutputProject/IL2CPP/libil2cpp/utils/Environment.h
[ 224/3221  0s] CopyFiles /Users/lucas-furini/repos/checkout/unity/builds/ios/Il2CppOutputProject/IL2CPP/libil2cpp/utils/Collections.h
[ 225/3221  0s] CopyFiles /Users/lucas-furini/repos/checkout/unity/builds/ios/Il2CppOutputProject/IL2CPP/libil2cpp/pch/pch-c.h
[ 226/3221  0s] CopyFiles /Users/lucas-furini/repos/checkout/unity/builds/ios/Il2CppOutputProject/IL2CPP/libil2cpp/UnityAdsStubs.cpp
[ 227/3221  0s] CopyFiles /Users/lucas-furini/repos/checkout/unity/builds/ios/Il2CppOutputProject/IL2CPP/libil2cpp/pch/pch-cpp.cpp
[ 228/3221  0s] CopyFiles /Users/lucas-furini/repos/checkout/unity/builds/ios/Il2CppOutputProject/IL2CPP/libil2cpp/os/WinRT/Win32ApiWinRTEmulation.h
[ 229/3221  0s] CopyFiles /Users/lucas-furini/repos/checkout/unity/builds/ios/Il2CppOutputProject/IL2CPP/libil2cpp/pch/pch-c.c
[ 230/3221  0s] CopyFiles /Users/lucas-furini/repos/checkout/unity/builds/ios/Il2CppOutputProject/IL2CPP/libil2cpp/os/WinRT/Win32ApiWinRTEmulation.cpp
[ 231/3221  0s] CopyFiles /Users/lucas-furini/repos/checkout/unity/builds/ios/Il2CppOutputProject/IL2CPP/libil2cpp/os/WinRT/Win32ApiSharedEmulation.h
[ 232/3221  0s] CopyFiles /Users/lucas-furini/repos/checkout/unity/builds/ios/Il2CppOutputProject/IL2CPP/libil2cpp/utils/BaselibHandleUtils.h
[ 233/3221  0s] CopyFiles /Users/lucas-furini/repos/checkout/unity/builds/ios/Il2CppOutputProject/IL2CPP/libil2cpp/pch/pch-cpp.hpp
[ 234/3221  0s] CopyFiles /Users/lucas-furini/repos/checkout/unity/builds/ios/Il2CppOutputProject/IL2CPP/libil2cpp/os/WinRT/ReferenceCounter.h
[ 235/3221  0s] CopyFiles /Users/lucas-furini/repos/checkout/unity/builds/ios/Il2CppOutputProject/IL2CPP/libil2cpp/os/WinRT/Locale.cpp
[ 236/3221  0s] CopyFiles /Users/lucas-furini/repos/checkout/unity/builds/ios/Il2CppOutputProject/IL2CPP/libil2cpp/os/WinRT/File.cpp
[ 237/3221  0s] CopyFiles /Users/lucas-furini/repos/checkout/unity/builds/ios/Il2CppOutputProject/IL2CPP/libil2cpp/os/WinRT/Environment.cpp
[ 238/3221  0s] CopyFiles /Users/lucas-furini/repos/checkout/unity/builds/ios/Il2CppOutputProject/IL2CPP/libil2cpp/os/WinRT/WinRTVector.h
[ 239/3221  0s] CopyFiles /Users/lucas-furini/repos/checkout/unity/builds/ios/Il2CppOutputProject/IL2CPP/libil2cpp/os/WinRT/Win32ApiSharedEmulation.cpp
[ 240/3221  0s] CopyFiles /Users/lucas-furini/repos/checkout/unity/builds/ios/Il2CppOutputProject/IL2CPP/libil2cpp/os/WinRT/SynchronousOperation.h
[ 241/3221  0s] CopyFiles /Users/lucas-furini/repos/checkout/unity/builds/ios/Il2CppOutputProject/IL2CPP/libil2cpp/os/WindowsRuntime.h
[ 242/3221  0s] CopyFiles /Users/lucas-furini/repos/checkout/unity/builds/ios/Il2CppOutputProject/IL2CPP/libil2cpp/os/WindowsGames/Win32ApiWindowsGamesEmulation.cpp
[ 243/3221  0s] CopyFiles /Users/lucas-furini/repos/checkout/unity/builds/ios/Il2CppOutputProject/IL2CPP/libil2cpp/os/WinRT/Initialize.cpp
[ 244/3221  0s] CopyFiles /Users/lucas-furini/repos/checkout/unity/builds/ios/Il2CppOutputProject/IL2CPP/libil2cpp/os/WinRT/BrokeredFileSystem.cpp
[ 245/3221  0s] CopyFiles /Users/lucas-furini/repos/checkout/unity/builds/ios/Il2CppOutputProject/IL2CPP/libil2cpp/os/Win32/WindowsRuntime.cpp
[ 246/3221  0s] CopyFiles /Users/lucas-furini/repos/checkout/unity/builds/ios/Il2CppOutputProject/IL2CPP/libil2cpp/os/WinRT/Process.cpp
[ 247/3221  0s] CopyFiles /Users/lucas-furini/repos/checkout/unity/builds/ios/Il2CppOutputProject/IL2CPP/libil2cpp/os/WindowsGames/Win32ApiWindowsGamesEmulation.h
[ 248/3221  0s] CopyFiles /Users/lucas-furini/repos/checkout/unity/builds/ios/Il2CppOutputProject/IL2CPP/libil2cpp/os/Win32/WindowsHelpers.h
[ 249/3221  0s] CopyFiles /Users/lucas-furini/repos/checkout/unity/builds/ios/Il2CppOutputProject/IL2CPP/libil2cpp/os/Win32/WindowsHeaders.h
[ 250/3221  0s] CopyFiles /Users/lucas-furini/repos/checkout/unity/builds/ios/Il2CppOutputProject/IL2CPP/libil2cpp/os/Win32/ThreadLocalValueImpl.h
[ 251/3221  0s] CopyFiles /Users/lucas-furini/repos/checkout/unity/builds/ios/Il2CppOutputProject/IL2CPP/libil2cpp/os/Win32/TimeZone.cpp
[ 252/3221  0s] CopyFiles /Users/lucas-furini/repos/checkout/unity/builds/ios/Il2CppOutputProject/IL2CPP/libil2cpp/os/Win32/WindowsHelpers.cpp
[ 253/3221  0s] CopyFiles /Users/lucas-furini/repos/checkout/unity/builds/ios/Il2CppOutputProject/IL2CPP/libil2cpp/os/Win32/Time.cpp
[ 254/3221  0s] CopyFiles /Users/lucas-furini/repos/checkout/unity/builds/ios/Il2CppOutputProject/IL2CPP/libil2cpp/os/Win32/Thread.cpp
[ 255/3221  0s] CopyFiles /Users/lucas-furini/repos/checkout/unity/builds/ios/Il2CppOutputProject/IL2CPP/libil2cpp/os/Win32/SystemCertificates.cpp
[ 256/3221  0s] CopyFiles /Users/lucas-furini/repos/checkout/unity/builds/ios/Il2CppOutputProject/IL2CPP/libil2cpp/os/Win32/ThreadImpl.cpp
[ 257/3221  0s] CopyFiles /Users/lucas-furini/repos/checkout/unity/builds/ios/Il2CppOutputProject/IL2CPP/libil2cpp/os/Win32/StackTrace.cpp
[ 258/3221  0s] CopyFiles /Users/lucas-furini/repos/checkout/unity/builds/ios/Il2CppOutputProject/IL2CPP/libil2cpp/os/Win32/SocketImpl.h
[ 259/3221  0s] CopyFiles /Users/lucas-furini/repos/checkout/unity/builds/ios/Il2CppOutputProject/IL2CPP/libil2cpp/os/Win32/SynchronizationContext.cpp
[ 260/3221  0s] CopyFiles /Users/lucas-furini/repos/checkout/unity/builds/ios/Il2CppOutputProject/IL2CPP/libil2cpp/os/Win32/ThreadImpl.h
[ 261/3221  0s] CopyFiles /Users/lucas-furini/repos/checkout/unity/builds/ios/Il2CppOutputProject/IL2CPP/libil2cpp/os/Win32/ReaderWriterLockImpl.h
[ 262/3221  0s] CopyFiles /Users/lucas-furini/repos/checkout/unity/builds/ios/Il2CppOutputProject/IL2CPP/libil2cpp/os/Win32/Path.cpp
[ 263/3221  0s] CopyFiles /Users/lucas-furini/repos/checkout/unity/builds/ios/Il2CppOutputProject/IL2CPP/libil2cpp/os/Win32/Process.cpp
[ 264/3221  0s] CopyFiles /Users/lucas-furini/repos/checkout/unity/builds/ios/Il2CppOutputProject/IL2CPP/libil2cpp/os/Win32/SocketImpl.cpp
[ 265/3221  0s] CopyFiles /Users/lucas-furini/repos/checkout/unity/builds/ios/Il2CppOutputProject/IL2CPP/libil2cpp/os/Win32/NativeMethods.cpp
[ 266/3221  0s] CopyFiles /Users/lucas-furini/repos/checkout/unity/builds/ios/Il2CppOutputProject/IL2CPP/libil2cpp/os/Win32/MutexImpl.h
[ 267/3221  0s] CopyFiles /Users/lucas-furini/repos/checkout/unity/builds/ios/Il2CppOutputProject/IL2CPP/libil2cpp/os/Win32/MemoryMappedFile.cpp
[ 268/3221  0s] CopyFiles /Users/lucas-furini/repos/checkout/unity/builds/ios/Il2CppOutputProject/IL2CPP/libil2cpp/os/Win32/Locale.cpp
[ 269/3221  0s] CopyFiles /Users/lucas-furini/repos/checkout/unity/builds/ios/Il2CppOutputProject/IL2CPP/libil2cpp/os/Win32/Memory.cpp
[ 270/3221  0s] CopyFiles /Users/lucas-furini/repos/checkout/unity/builds/ios/Il2CppOutputProject/IL2CPP/libil2cpp/os/Win32/LastError.cpp
[ 271/3221  0s] CopyFiles /Users/lucas-furini/repos/checkout/unity/builds/ios/Il2CppOutputProject/IL2CPP/libil2cpp/os/Win32/Image.cpp
[ 272/3221  0s] CopyFiles /Users/lucas-furini/repos/checkout/unity/builds/ios/Il2CppOutputProject/IL2CPP/libil2cpp/os/Win32/MarshalStringAlloc.cpp
[ 273/3221  0s] CopyFiles /Users/lucas-furini/repos/checkout/unity/builds/ios/Il2CppOutputProject/IL2CPP/libil2cpp/os/Win32/MarshalAlloc.cpp
[ 274/3221  0s] CopyFiles /Users/lucas-furini/repos/checkout/unity/builds/ios/Il2CppOutputProject/IL2CPP/libil2cpp/os/Win32/FileSystemWatcher.cpp
[ 275/3221  0s] CopyFiles /Users/lucas-furini/repos/checkout/unity/builds/ios/Il2CppOutputProject/IL2CPP/libil2cpp/os/Win32/FastReaderReaderWriterLockImpl.h
[ 276/3221  0s] CopyFiles /Users/lucas-furini/repos/checkout/unity/builds/ios/Il2CppOutputProject/IL2CPP/libil2cpp/os/Win32/File.cpp
[ 277/3221  0s] CopyFiles /Users/lucas-furini/repos/checkout/unity/builds/ios/Il2CppOutputProject/IL2CPP/libil2cpp/os/Win32/Encoding.cpp
[ 278/3221  0s] CopyFiles /Users/lucas-furini/repos/checkout/unity/builds/ios/Il2CppOutputProject/IL2CPP/libil2cpp/os/Win32/Environment.cpp
[ 279/3221  0s] CopyFiles /Users/lucas-furini/repos/checkout/unity/builds/ios/Il2CppOutputProject/IL2CPP/libil2cpp/os/Win32/DllMain.h
[ 280/3221  0s] CopyFiles /Users/lucas-furini/repos/checkout/unity/builds/ios/Il2CppOutputProject/IL2CPP/libil2cpp/os/Win32/Directory.cpp
[ 281/3221  0s] CopyFiles /Users/lucas-furini/repos/checkout/unity/builds/ios/Il2CppOutputProject/IL2CPP/libil2cpp/os/Win32/DllMain.cpp
[ 282/3221  0s] CopyFiles /Users/lucas-furini/repos/checkout/unity/builds/ios/Il2CppOutputProject/IL2CPP/libil2cpp/os/Win32/Cryptography.cpp
[ 283/3221  0s] CopyFiles /Users/lucas-furini/repos/checkout/unity/builds/ios/Il2CppOutputProject/IL2CPP/libil2cpp/os/Win32/CrashHelpers.cpp
[ 284/3221  0s] CopyFiles /Users/lucas-furini/repos/checkout/unity/builds/ios/Il2CppOutputProject/IL2CPP/libil2cpp/os/Win32/Debug.cpp
[ 285/3221  0s] CopyFiles /Users/lucas-furini/repos/checkout/unity/builds/ios/Il2CppOutputProject/IL2CPP/libil2cpp/os/Win32/Console.cpp
[ 286/3221  0s] CopyFiles /Users/lucas-furini/repos/checkout/unity/builds/ios/Il2CppOutputProject/IL2CPP/libil2cpp/os/Win32/ConditionVariableImpl.h
[ 287/3221  0s] CopyFiles /Users/lucas-furini/repos/checkout/unity/builds/ios/Il2CppOutputProject/IL2CPP/libil2cpp/os/Win32/CpuInfo.cpp
[ 288/3221  0s] CopyFiles /Users/lucas-furini/repos/checkout/unity/builds/ios/Il2CppOutputProject/IL2CPP/libil2cpp/os/Win32/ConditionVariableImpl.cpp
[ 289/3221  0s] CopyFiles /Users/lucas-furini/repos/checkout/unity/builds/ios/Il2CppOutputProject/IL2CPP/libil2cpp/os/Win32/Assert.cpp
[ 290/3221  0s] CopyFiles /Users/lucas-furini/repos/checkout/unity/builds/ios/Il2CppOutputProject/IL2CPP/libil2cpp/os/Win32/COM.cpp
[ 291/3221  0s] CopyFiles /Users/lucas-furini/repos/checkout/unity/builds/ios/Il2CppOutputProject/IL2CPP/libil2cpp/os/Win32/LibraryLoader.cpp
[ 292/3221  0s] CopyFiles /Users/lucas-furini/repos/checkout/unity/builds/ios/Il2CppOutputProject/IL2CPP/libil2cpp/os/WaitStatus.h
[ 293/3221  0s] CopyFiles /Users/lucas-furini/repos/checkout/unity/builds/ios/Il2CppOutputProject/IL2CPP/libil2cpp/os/Time.h
[ 294/3221  0s] CopyFiles /Users/lucas-furini/repos/checkout/unity/builds/ios/Il2CppOutputProject/IL2CPP/libil2cpp/os/Win32/Initialize.cpp
[ 295/3221  0s] CopyFiles /Users/lucas-furini/repos/checkout/unity/builds/ios/Il2CppOutputProject/IL2CPP/libil2cpp/os/Thread.h
[ 296/3221  0s] CopyFiles /Users/lucas-furini/repos/checkout/unity/builds/ios/Il2CppOutputProject/IL2CPP/libil2cpp/os/TimeZone.h
[ 297/3221  0s] CopyFiles /Users/lucas-furini/repos/checkout/unity/builds/ios/Il2CppOutputProject/IL2CPP/libil2cpp/os/ThreadLocalValue.h
[ 298/3221  0s] CopyFiles /Users/lucas-furini/repos/checkout/unity/builds/ios/Il2CppOutputProject/IL2CPP/libil2cpp/os/SystemCertificates.h
[ 299/3221  0s] CopyFiles /Users/lucas-furini/repos/checkout/unity/builds/ios/Il2CppOutputProject/IL2CPP/libil2cpp/os/StackTrace.cpp
[ 300/3221  0s] CopyFiles /Users/lucas-furini/repos/checkout/unity/builds/ios/Il2CppOutputProject/IL2CPP/libil2cpp/os/Std/ThreadImpl.h
[ 301/3221  0s] CopyFiles /Users/lucas-furini/repos/checkout/unity/builds/ios/Il2CppOutputProject/IL2CPP/libil2cpp/os/Std/ThreadImpl.cpp
[ 302/3221  0s] CopyFiles /Users/lucas-furini/repos/checkout/unity/builds/ios/Il2CppOutputProject/IL2CPP/libil2cpp/os/SynchronizationContext.h
[ 303/3221  0s] CopyFiles /Users/lucas-furini/repos/checkout/unity/builds/ios/Il2CppOutputProject/IL2CPP/libil2cpp/os/Socket.cpp
[ 304/3221  0s] CopyFiles /Users/lucas-furini/repos/checkout/unity/builds/ios/Il2CppOutputProject/IL2CPP/libil2cpp/os/Socket.h
[ 305/3221  0s] CopyFiles /Users/lucas-furini/repos/checkout/unity/builds/ios/Il2CppOutputProject/IL2CPP/libil2cpp/os/SocketBridge.h
[ 306/3221  0s] CopyFiles /Users/lucas-furini/repos/checkout/unity/builds/ios/Il2CppOutputProject/IL2CPP/libil2cpp/os/ReaderWriterLockImpl.h
[ 307/3221  0s] CopyFiles /Users/lucas-furini/repos/checkout/unity/builds/ios/Il2CppOutputProject/IL2CPP/libil2cpp/os/Thread.cpp
[ 308/3221  0s] CopyFiles /Users/lucas-furini/repos/checkout/unity/builds/ios/Il2CppOutputProject/IL2CPP/libil2cpp/os/Semaphore.cpp
[ 309/3221  0s] CopyFiles /Users/lucas-furini/repos/checkout/unity/builds/ios/Il2CppOutputProject/IL2CPP/libil2cpp/os/ReaderWriterLock.h
[ 310/3221  0s] CopyFiles /Users/lucas-furini/repos/checkout/unity/builds/ios/Il2CppOutputProject/IL2CPP/libil2cpp/os/ReaderWriterLock.cpp
[ 311/3221  0s] CopyFiles /Users/lucas-furini/repos/checkout/unity/builds/ios/Il2CppOutputProject/IL2CPP/libil2cpp/os/Process.h
[ 312/3221  0s] CopyFiles /Users/lucas-furini/repos/checkout/unity/builds/ios/Il2CppOutputProject/IL2CPP/libil2cpp/os/Semaphore.h
[ 313/3221  0s] CopyFiles /Users/lucas-furini/repos/checkout/unity/builds/ios/Il2CppOutputProject/IL2CPP/libil2cpp/os/StackTrace.h
[ 314/3221  0s] CopyFiles /Users/lucas-furini/repos/checkout/unity/builds/ios/Il2CppOutputProject/IL2CPP/libil2cpp/os/Posix/TimeZone.cpp
[ 315/3221  0s] CopyFiles /Users/lucas-furini/repos/checkout/unity/builds/ios/Il2CppOutputProject/IL2CPP/libil2cpp/os/Posix/Time.cpp
[ 316/3221  0s] CopyFiles /Users/lucas-furini/repos/checkout/unity/builds/ios/Il2CppOutputProject/IL2CPP/libil2cpp/os/Posix/Thread.cpp
[ 317/3221  0s] CopyFiles /Users/lucas-furini/repos/checkout/unity/builds/ios/Il2CppOutputProject/IL2CPP/libil2cpp/os/Posix/ThreadImpl.h
[ 318/3221  0s] CopyFiles /Users/lucas-furini/repos/checkout/unity/builds/ios/Il2CppOutputProject/IL2CPP/libil2cpp/os/Posix/ThreadImpl.cpp
[ 319/3221  0s] CopyFiles /Users/lucas-furini/repos/checkout/unity/builds/ios/Il2CppOutputProject/IL2CPP/libil2cpp/os/Posix/ThreadLocalValueImpl.h
[ 320/3221  0s] CopyFiles /Users/lucas-furini/repos/checkout/unity/builds/ios/Il2CppOutputProject/IL2CPP/libil2cpp/os/Posix/StackTrace.cpp
[ 321/3221  0s] CopyFiles /Users/lucas-furini/repos/checkout/unity/builds/ios/Il2CppOutputProject/IL2CPP/libil2cpp/os/Posix/SystemCertificates.cpp
[ 322/3221  0s] CopyFiles /Users/lucas-furini/repos/checkout/unity/builds/ios/Il2CppOutputProject/IL2CPP/libil2cpp/os/Posix/SocketImpl.h
[ 323/3221  0s] CopyFiles /Users/lucas-furini/repos/checkout/unity/builds/ios/Il2CppOutputProject/IL2CPP/libil2cpp/os/Posix/Process.cpp
[ 324/3221  0s] CopyFiles /Users/lucas-furini/repos/checkout/unity/builds/ios/Il2CppOutputProject/IL2CPP/libil2cpp/os/Posix/ReaderWriterLockImpl.h
[ 325/3221  0s] CopyFiles /Users/lucas-furini/repos/checkout/unity/builds/ios/Il2CppOutputProject/IL2CPP/libil2cpp/os/Posix/PosixHelpers.cpp
[ 326/3221  0s] CopyFiles /Users/lucas-furini/repos/checkout/unity/builds/ios/Il2CppOutputProject/IL2CPP/libil2cpp/os/Posix/PosixHelpers.h
[ 327/3221  0s] CopyFiles /Users/lucas-furini/repos/checkout/unity/builds/ios/Il2CppOutputProject/IL2CPP/libil2cpp/os/Posix/Path.cpp
[ 328/3221  0s] CopyFiles /Users/lucas-furini/repos/checkout/unity/builds/ios/Il2CppOutputProject/IL2CPP/libil2cpp/os/Posix/NativeMethods.cpp
[ 329/3221  0s] CopyFiles /Users/lucas-furini/repos/checkout/unity/builds/ios/Il2CppOutputProject/IL2CPP/libil2cpp/os/Posix/MutexImpl.h
[ 330/3221  0s] CopyFiles /Users/lucas-furini/repos/checkout/unity/builds/ios/Il2CppOutputProject/IL2CPP/libil2cpp/os/Posix/MemoryMappedFile.cpp
[ 331/3221  0s] CopyFiles /Users/lucas-furini/repos/checkout/unity/builds/ios/Il2CppOutputProject/IL2CPP/libil2cpp/os/Posix/SocketImpl.cpp
[ 332/3221  0s] CopyFiles /Users/lucas-furini/repos/checkout/unity/builds/ios/Il2CppOutputProject/IL2CPP/libil2cpp/os/Posix/MarshalAlloc.cpp
[ 333/3221  0s] CopyFiles /Users/lucas-furini/repos/checkout/unity/builds/ios/Il2CppOutputProject/IL2CPP/libil2cpp/os/Posix/NetworkAccessHandlerStub.h
[ 334/3221  0s] CopyFiles /Users/lucas-furini/repos/checkout/unity/builds/ios/Il2CppOutputProject/IL2CPP/libil2cpp/os/Posix/Locale.cpp
[ 335/3221  0s] CopyFiles /Users/lucas-furini/repos/checkout/unity/builds/ios/Il2CppOutputProject/IL2CPP/libil2cpp/os/Posix/LibraryLoader.cpp
[ 336/3221  0s] CopyFiles /Users/lucas-furini/repos/checkout/unity/builds/ios/Il2CppOutputProject/IL2CPP/libil2cpp/os/Posix/LastError.cpp
[ 337/3221  0s] CopyFiles /Users/lucas-furini/repos/checkout/unity/builds/ios/Il2CppOutputProject/IL2CPP/libil2cpp/os/Posix/Memory.cpp
[ 338/3221  0s] CopyFiles /Users/lucas-furini/repos/checkout/unity/builds/ios/Il2CppOutputProject/IL2CPP/libil2cpp/os/Posix/FileSystemWatcher.cpp
[ 339/3221  0s] CopyFiles /Users/lucas-furini/repos/checkout/unity/builds/ios/Il2CppOutputProject/IL2CPP/libil2cpp/os/Posix/Error.h
[ 340/3221  0s] CopyFiles /Users/lucas-furini/repos/checkout/unity/builds/ios/Il2CppOutputProject/IL2CPP/libil2cpp/os/Posix/Image.cpp
[ 341/3221  0s] CopyFiles /Users/lucas-furini/repos/checkout/unity/builds/ios/Il2CppOutputProject/IL2CPP/libil2cpp/os/Posix/File.cpp
[ 342/3221  0s] CopyFiles /Users/lucas-furini/repos/checkout/unity/builds/ios/Il2CppOutputProject/IL2CPP/libil2cpp/os/Posix/Error.cpp
[ 343/3221  0s] CopyFiles /Users/lucas-furini/repos/checkout/unity/builds/ios/Il2CppOutputProject/IL2CPP/libil2cpp/os/Posix/FileHandle.h
[ 344/3221  0s] CopyFiles /Users/lucas-furini/repos/checkout/unity/builds/ios/Il2CppOutputProject/IL2CPP/libil2cpp/os/Posix/Environment.cpp
[ 345/3221  0s] CopyFiles /Users/lucas-furini/repos/checkout/unity/builds/ios/Il2CppOutputProject/IL2CPP/libil2cpp/os/Posix/FastReaderReaderWriterLockImpl.h
[ 346/3221  0s] CopyFiles /Users/lucas-furini/repos/checkout/unity/builds/ios/Il2CppOutputProject/IL2CPP/libil2cpp/os/Posix/Encoding.cpp
[ 347/3221  0s] CopyFiles /Users/lucas-furini/repos/checkout/unity/builds/ios/Il2CppOutputProject/IL2CPP/libil2cpp/os/Posix/Cryptography.cpp
[ 348/3221  0s] CopyFiles /Users/lucas-furini/repos/checkout/unity/builds/ios/Il2CppOutputProject/IL2CPP/libil2cpp/os/Path.h
[ 349/3221  0s] CopyFiles /Users/lucas-furini/repos/checkout/unity/builds/ios/Il2CppOutputProject/IL2CPP/libil2cpp/os/Posix/CpuInfo.cpp
[ 350/3221  0s] CopyFiles /Users/lucas-furini/repos/checkout/unity/builds/ios/Il2CppOutputProject/IL2CPP/libil2cpp/os/Posix/Directory.cpp
[ 351/3221  0s] CopyFiles /Users/lucas-furini/repos/checkout/unity/builds/ios/Il2CppOutputProject/IL2CPP/libil2cpp/os/Posix/ConditionVariableImpl.h
[ 352/3221  0s] CopyFiles /Users/lucas-furini/repos/checkout/unity/builds/ios/Il2CppOutputProject/IL2CPP/libil2cpp/os/Posix/CrashHelpers.cpp
[ 353/3221  0s] CopyFiles /Users/lucas-furini/repos/checkout/unity/builds/ios/Il2CppOutputProject/IL2CPP/libil2cpp/os/Posix/ConditionVariableImpl.cpp
[ 354/3221  0s] CopyFiles /Users/lucas-furini/repos/checkout/unity/builds/ios/Il2CppOutputProject/IL2CPP/libil2cpp/os/Path.cpp
[ 355/3221  0s] CopyFiles /Users/lucas-furini/repos/checkout/unity/builds/ios/Il2CppOutputProject/IL2CPP/libil2cpp/os/Posix/Console.cpp
[ 356/3221  0s] CopyFiles /Users/lucas-furini/repos/checkout/unity/builds/ios/Il2CppOutputProject/IL2CPP/libil2cpp/os/OSX/Thread.cpp
[ 357/3221  0s] CopyFiles /Users/lucas-furini/repos/checkout/unity/builds/ios/Il2CppOutputProject/IL2CPP/libil2cpp/os/OSX/Image.cpp
[ 358/3221  0s] CopyFiles /Users/lucas-furini/repos/checkout/unity/builds/ios/Il2CppOutputProject/IL2CPP/libil2cpp/os/OSX/pal_darwin.h
[ 359/3221  0s] CopyFiles /Users/lucas-furini/repos/checkout/unity/builds/ios/Il2CppOutputProject/IL2CPP/libil2cpp/os/OSX/Process.cpp
[ 360/3221  0s] CopyFiles /Users/lucas-furini/repos/checkout/unity/builds/ios/Il2CppOutputProject/IL2CPP/libil2cpp/os/Messages.h
[ 361/3221  0s] CopyFiles /Users/lucas-furini/repos/checkout/unity/builds/ios/Il2CppOutputProject/IL2CPP/libil2cpp/os/NativeMethods.h
[ 362/3221  0s] CopyFiles /Users/lucas-furini/repos/checkout/unity/builds/ios/Il2CppOutputProject/IL2CPP/libil2cpp/os/OSX/SystemCertificates.cpp
[ 363/3221  0s] CopyFiles /Users/lucas-furini/repos/checkout/unity/builds/ios/Il2CppOutputProject/IL2CPP/libil2cpp/os/Mutex.cpp
[ 364/3221  0s] CopyFiles /Users/lucas-furini/repos/checkout/unity/builds/ios/Il2CppOutputProject/IL2CPP/libil2cpp/os/MemoryMappedFile.h
[ 365/3221  0s] CopyFiles /Users/lucas-furini/repos/checkout/unity/builds/ios/Il2CppOutputProject/IL2CPP/libil2cpp/os/Memory.h
[ 366/3221  0s] CopyFiles /Users/lucas-furini/repos/checkout/unity/builds/ios/Il2CppOutputProject/IL2CPP/libil2cpp/os/Messages.cpp
[ 367/3221  0s] CopyFiles /Users/lucas-furini/repos/checkout/unity/builds/ios/Il2CppOutputProject/IL2CPP/libil2cpp/os/Mutex.h
[ 368/3221  0s] CopyFiles /Users/lucas-furini/repos/checkout/unity/builds/ios/Il2CppOutputProject/IL2CPP/libil2cpp/os/IOS/Console.mm
[ 369/3221  0s] CopyFiles /Users/lucas-furini/repos/checkout/unity/builds/ios/Il2CppOutputProject/IL2CPP/libil2cpp/os/MarshalStringAlloc.h
[ 370/3221  0s] CopyFiles /Users/lucas-furini/repos/checkout/unity/builds/ios/Il2CppOutputProject/IL2CPP/libil2cpp/os/MarshalAlloc.h
[ 371/3221  0s] CopyFiles /Users/lucas-furini/repos/checkout/unity/builds/ios/Il2CppOutputProject/IL2CPP/libil2cpp/os/Linux/pal_linux.h
[ 372/3221  0s] CopyFiles /Users/lucas-furini/repos/checkout/unity/builds/ios/Il2CppOutputProject/IL2CPP/libil2cpp/os/LastError.h
[ 373/3221  0s] CopyFiles /Users/lucas-furini/repos/checkout/unity/builds/ios/Il2CppOutputProject/IL2CPP/libil2cpp/os/LibraryLoader.h
[ 374/3221  0s] CopyFiles /Users/lucas-furini/repos/checkout/unity/builds/ios/Il2CppOutputProject/IL2CPP/libil2cpp/os/Locale.h
[ 375/3221  0s] CopyFiles /Users/lucas-furini/repos/checkout/unity/builds/ios/Il2CppOutputProject/IL2CPP/libil2cpp/os/LibraryLoader.cpp
[ 376/3221  0s] CopyFiles /Users/lucas-furini/repos/checkout/unity/builds/ios/Il2CppOutputProject/IL2CPP/libil2cpp/os/Image.h
[ 377/3221  0s] CopyFiles /Users/lucas-furini/repos/checkout/unity/builds/ios/Il2CppOutputProject/IL2CPP/libil2cpp/os/Initialize.h
[ 378/3221  0s] CopyFiles /Users/lucas-furini/repos/checkout/unity/builds/ios/Il2CppOutputProject/IL2CPP/libil2cpp/os/Image.cpp
[ 379/3221  0s] CopyFiles /Users/lucas-furini/repos/checkout/unity/builds/ios/Il2CppOutputProject/IL2CPP/libil2cpp/os/Handle.h
[ 380/3221  0s] CopyFiles /Users/lucas-furini/repos/checkout/unity/builds/ios/Il2CppOutputProject/IL2CPP/libil2cpp/os/Generic/WindowsRuntime.cpp
[ 381/3221  0s] CopyFiles /Users/lucas-furini/repos/checkout/unity/builds/ios/Il2CppOutputProject/IL2CPP/libil2cpp/os/Generic/WaitObject.h
[ 382/3221  0s] CopyFiles /Users/lucas-furini/repos/checkout/unity/builds/ios/Il2CppOutputProject/IL2CPP/libil2cpp/os/Generic/Thread.cpp
[ 383/3221  0s] CopyFiles /Users/lucas-furini/repos/checkout/unity/builds/ios/Il2CppOutputProject/IL2CPP/libil2cpp/os/Generic/SocketImpl.h
[ 384/3221  0s] CopyFiles /Users/lucas-furini/repos/checkout/unity/builds/ios/Il2CppOutputProject/IL2CPP/libil2cpp/os/Generic/WaitObject.cpp
[ 385/3221  0s] CopyFiles /Users/lucas-furini/repos/checkout/unity/builds/ios/Il2CppOutputProject/IL2CPP/libil2cpp/os/Generic/SocketImpl.cpp
[ 386/3221  0s] CopyFiles /Users/lucas-furini/repos/checkout/unity/builds/ios/Il2CppOutputProject/IL2CPP/libil2cpp/os/Generic/SystemCertificates.cpp
[ 387/3221  0s] CopyFiles /Users/lucas-furini/repos/checkout/unity/builds/ios/Il2CppOutputProject/IL2CPP/libil2cpp/os/Generic/MutexImpl.h
[ 388/3221  0s] CopyFiles /Users/lucas-furini/repos/checkout/unity/builds/ios/Il2CppOutputProject/IL2CPP/libil2cpp/os/Generic/MarshalStringAlloc.cpp
[ 389/3221  0s] CopyFiles /Users/lucas-furini/repos/checkout/unity/builds/ios/Il2CppOutputProject/IL2CPP/libil2cpp/os/Generic/SemaphoreImpl.h
[ 390/3221  0s] CopyFiles /Users/lucas-furini/repos/checkout/unity/builds/ios/Il2CppOutputProject/IL2CPP/libil2cpp/os/Generic/SocketBridge.cpp
[ 391/3221  0s] CopyFiles /Users/lucas-furini/repos/checkout/unity/builds/ios/Il2CppOutputProject/IL2CPP/libil2cpp/os/Generic/LibraryLoader.cpp
[ 392/3221  0s] CopyFiles /Users/lucas-furini/repos/checkout/unity/builds/ios/Il2CppOutputProject/IL2CPP/libil2cpp/os/Generic/MemoryMappedFile.cpp
[ 393/3221  0s] CopyFiles /Users/lucas-furini/repos/checkout/unity/builds/ios/Il2CppOutputProject/IL2CPP/libil2cpp/os/Generic/Handle.cpp
[ 394/3221  0s] CopyFiles /Users/lucas-furini/repos/checkout/unity/builds/ios/Il2CppOutputProject/IL2CPP/libil2cpp/os/Generic/Initialize.cpp
[ 395/3221  0s] CopyFiles /Users/lucas-furini/repos/checkout/unity/builds/ios/Il2CppOutputProject/IL2CPP/libil2cpp/os/Generic/EventImpl.h
[ 396/3221  0s] CopyFiles /Users/lucas-furini/repos/checkout/unity/builds/ios/Il2CppOutputProject/IL2CPP/libil2cpp/os/Generic/File.cpp
[ 397/3221  0s] CopyFiles /Users/lucas-furini/repos/checkout/unity/builds/ios/Il2CppOutputProject/IL2CPP/libil2cpp/os/Generic/Environment.cpp
[ 398/3221  0s] CopyFiles /Users/lucas-furini/repos/checkout/unity/builds/ios/Il2CppOutputProject/IL2CPP/libil2cpp/os/Generic/CrashHelpers.cpp
[ 399/3221  0s] CopyFiles /Users/lucas-furini/repos/checkout/unity/builds/ios/Il2CppOutputProject/IL2CPP/libil2cpp/os/Generic/Console.cpp
[ 400/3221  0s] CopyFiles /Users/lucas-furini/repos/checkout/unity/builds/ios/Il2CppOutputProject/IL2CPP/libil2cpp/os/Generic/Debug.cpp
[ 401/3221  0s] CopyFiles /Users/lucas-furini/repos/checkout/unity/builds/ios/Il2CppOutputProject/IL2CPP/libil2cpp/os/Generic/COM.cpp
[ 402/3221  0s] CopyFiles /Users/lucas-furini/repos/checkout/unity/builds/ios/Il2CppOutputProject/IL2CPP/libil2cpp/os/Generic/CpuInfo.cpp
[ 403/3221  0s] CopyFiles /Users/lucas-furini/repos/checkout/unity/builds/ios/Il2CppOutputProject/IL2CPP/libil2cpp/os/Generic/Assert.cpp
[ 404/3221  0s] CopyFiles /Users/lucas-furini/repos/checkout/unity/builds/ios/Il2CppOutputProject/IL2CPP/libil2cpp/os/Generic/BrokeredFileSystem.cpp
[ 405/3221  0s] CopyFiles /Users/lucas-furini/repos/checkout/unity/builds/ios/Il2CppOutputProject/IL2CPP/libil2cpp/os/File.h
[ 406/3221  0s] CopyFiles /Users/lucas-furini/repos/checkout/unity/builds/ios/Il2CppOutputProject/IL2CPP/libil2cpp/os/FileSystemWatcher.h
[ 407/3221  0s] CopyFiles /Users/lucas-furini/repos/checkout/unity/builds/ios/Il2CppOutputProject/IL2CPP/libil2cpp/os/FastReaderReaderWriterLockImpl.h
[ 408/3221  0s] CopyFiles /Users/lucas-furini/repos/checkout/unity/builds/ios/Il2CppOutputProject/IL2CPP/libil2cpp/os/FastReaderReaderWriterLock.cpp
[ 409/3221  0s] CopyFiles /Users/lucas-furini/repos/checkout/unity/builds/ios/Il2CppOutputProject/IL2CPP/libil2cpp/os/FastReaderReaderWriterLock.h
[ 410/3221  0s] CopyFiles /Users/lucas-furini/repos/checkout/unity/builds/ios/Il2CppOutputProject/IL2CPP/libil2cpp/os/Event.cpp
[ 411/3221  0s] CopyFiles /Users/lucas-furini/repos/checkout/unity/builds/ios/Il2CppOutputProject/IL2CPP/libil2cpp/os/Event.h
[ 412/3221  0s] CopyFiles /Users/lucas-furini/repos/checkout/unity/builds/ios/Il2CppOutputProject/IL2CPP/libil2cpp/os/Error.cpp
[ 413/3221  0s] CopyFiles /Users/lucas-furini/repos/checkout/unity/builds/ios/Il2CppOutputProject/IL2CPP/libil2cpp/os/Environment.h
[ 414/3221  0s] CopyFiles /Users/lucas-furini/repos/checkout/unity/builds/ios/Il2CppOutputProject/IL2CPP/libil2cpp/os/Emscripten/SocketBridge.cpp
[ 415/3221  0s] CopyFiles /Users/lucas-furini/repos/checkout/unity/builds/ios/Il2CppOutputProject/IL2CPP/libil2cpp/os/ErrorCodes.h
[ 416/3221  0s] CopyFiles /Users/lucas-furini/repos/checkout/unity/builds/ios/Il2CppOutputProject/IL2CPP/libil2cpp/os/Encoding.h
[ 417/3221  0s] CopyFiles /Users/lucas-furini/repos/checkout/unity/builds/ios/Il2CppOutputProject/IL2CPP/libil2cpp/os/Emscripten/pal_emscripten.h
[ 418/3221  0s] CopyFiles /Users/lucas-furini/repos/checkout/unity/builds/ios/Il2CppOutputProject/IL2CPP/libil2cpp/os/Error.h
[ 419/3221  0s] CopyFiles /Users/lucas-furini/repos/checkout/unity/builds/ios/Il2CppOutputProject/IL2CPP/libil2cpp/os/Directory.h
[ 420/3221  0s] CopyFiles /Users/lucas-furini/repos/checkout/unity/builds/ios/Il2CppOutputProject/IL2CPP/libil2cpp/os/Debug.h
[ 421/3221  0s] CopyFiles /Users/lucas-furini/repos/checkout/unity/builds/ios/Il2CppOutputProject/IL2CPP/libil2cpp/os/ConsoleExtension.h
[ 422/3221  0s] CopyFiles /Users/lucas-furini/repos/checkout/unity/builds/ios/Il2CppOutputProject/IL2CPP/libil2cpp/os/CrashHelpers.cpp
[ 423/3221  0s] CopyFiles /Users/lucas-furini/repos/checkout/unity/builds/ios/Il2CppOutputProject/IL2CPP/libil2cpp/os/Cryptography.h
[ 424/3221  0s] CopyFiles /Users/lucas-furini/repos/checkout/unity/builds/ios/Il2CppOutputProject/IL2CPP/libil2cpp/os/ClassLibraryPAL/pal_sizecheck.h
[ 425/3221  0s] CopyFiles /Users/lucas-furini/repos/checkout/unity/builds/ios/Il2CppOutputProject/IL2CPP/libil2cpp/os/ClassLibraryPAL/pal_sizecheck.cpp
[ 426/3221  0s] CopyFiles /Users/lucas-furini/repos/checkout/unity/builds/ios/Il2CppOutputProject/IL2CPP/libil2cpp/os/Console.h
[ 427/3221  0s] CopyFiles /Users/lucas-furini/repos/checkout/unity/builds/ios/Il2CppOutputProject/IL2CPP/libil2cpp/os/CrashHelpers.h
[ 428/3221  0s] CopyFiles /Users/lucas-furini/repos/checkout/unity/builds/ios/Il2CppOutputProject/IL2CPP/libil2cpp/os/ConditionVariable.cpp
[ 429/3221  0s] CopyFiles /Users/lucas-furini/repos/checkout/unity/builds/ios/Il2CppOutputProject/IL2CPP/libil2cpp/os/CpuInfo.h
[ 430/3221  0s] CopyFiles /Users/lucas-furini/repos/checkout/unity/builds/ios/Il2CppOutputProject/IL2CPP/libil2cpp/os/COM.h
[ 431/3221  0s] CopyFiles /Users/lucas-furini/repos/checkout/unity/builds/ios/Il2CppOutputProject/IL2CPP/libil2cpp/os/ConditionVariable.h
[ 432/3221  0s] CopyFiles /Users/lucas-furini/repos/checkout/unity/builds/ios/Il2CppOutputProject/IL2CPP/libil2cpp/os/ClassLibraryPAL/pal_uid.cpp
[ 433/3221  0s] CopyFiles /Users/lucas-furini/repos/checkout/unity/builds/ios/Il2CppOutputProject/IL2CPP/libil2cpp/os/ClassLibraryPAL/pal_random.cpp
[ 434/3221  0s] CopyFiles /Users/lucas-furini/repos/checkout/unity/builds/ios/Il2CppOutputProject/IL2CPP/libil2cpp/os/ClassLibraryPAL/pal_unused.cpp
[ 435/3221  0s] CopyFiles /Users/lucas-furini/repos/checkout/unity/builds/ios/Il2CppOutputProject/IL2CPP/libil2cpp/os/ClassLibraryPAL/pal_time.cpp
[ 436/3221  0s] CopyFiles /Users/lucas-furini/repos/checkout/unity/builds/ios/Il2CppOutputProject/IL2CPP/libil2cpp/os/ClassLibraryPAL/pal_platform.h
[ 437/3221  0s] CopyFiles /Users/lucas-furini/repos/checkout/unity/builds/ios/Il2CppOutputProject/IL2CPP/libil2cpp/os/ClassLibraryPAL/pal_networking.cpp
[ 438/3221  0s] CopyFiles /Users/lucas-furini/repos/checkout/unity/builds/ios/Il2CppOutputProject/IL2CPP/libil2cpp/os/ClassLibraryPAL/brotli/include/brotli/types.h
[ 439/3221  0s] CopyFiles /Users/lucas-furini/repos/checkout/unity/builds/ios/Il2CppOutputProject/IL2CPP/libil2cpp/os/ClassLibraryPAL/pal_mirror_structs.h
[ 440/3221  0s] CopyFiles /Users/lucas-furini/repos/checkout/unity/builds/ios/Il2CppOutputProject/IL2CPP/libil2cpp/os/ClassLibraryPAL/brotli/include/brotli/port.h
[ 441/3221  0s] CopyFiles /Users/lucas-furini/repos/checkout/unity/builds/ios/Il2CppOutputProject/IL2CPP/libil2cpp/os/ClassLibraryPAL/brotli/include/brotli/encode.h
[ 442/3221  0s] CopyFiles /Users/lucas-furini/repos/checkout/unity/builds/ios/Il2CppOutputProject/IL2CPP/libil2cpp/os/ClassLibraryPAL/brotli/enc/utf8_util.c
[ 443/3221  0s] CopyFiles /Users/lucas-furini/repos/checkout/unity/builds/ios/Il2CppOutputProject/IL2CPP/libil2cpp/os/ClassLibraryPAL/pal_errno.cpp
[ 444/3221  0s] CopyFiles /Users/lucas-furini/repos/checkout/unity/builds/ios/Il2CppOutputProject/IL2CPP/libil2cpp/os/ClassLibraryPAL/brotli/enc/utf8_util.h
[ 445/3221  0s] CopyFiles /Users/lucas-furini/repos/checkout/unity/builds/ios/Il2CppOutputProject/IL2CPP/libil2cpp/os/ClassLibraryPAL/brotli/include/brotli/decode.h
[ 446/3221  0s] CopyFiles /Users/lucas-furini/repos/checkout/unity/builds/ios/Il2CppOutputProject/IL2CPP/libil2cpp/os/ClassLibraryPAL/pal_io.cpp
[ 447/3221  0s] CopyFiles /Users/lucas-furini/repos/checkout/unity/builds/ios/Il2CppOutputProject/IL2CPP/libil2cpp/os/ClassLibraryPAL/brotli/enc/write_bits.h
[ 448/3221  0s] CopyFiles /Users/lucas-furini/repos/checkout/unity/builds/ios/Il2CppOutputProject/IL2CPP/libil2cpp/os/ClassLibraryPAL/brotli/enc/static_dict_lut.h
[ 449/3221  0s] CopyFiles /Users/lucas-furini/repos/checkout/unity/builds/ios/Il2CppOutputProject/IL2CPP/libil2cpp/os/ClassLibraryPAL/brotli/enc/static_dict.h
[ 450/3221  0s] CopyFiles /Users/lucas-furini/repos/checkout/unity/builds/ios/Il2CppOutputProject/IL2CPP/libil2cpp/os/ClassLibraryPAL/brotli/enc/static_dict.c
[ 451/3221  0s] CopyFiles /Users/lucas-furini/repos/checkout/unity/builds/ios/Il2CppOutputProject/IL2CPP/libil2cpp/os/ClassLibraryPAL/brotli/enc/ringbuffer.h
[ 452/3221  0s] CopyFiles /Users/lucas-furini/repos/checkout/unity/builds/ios/Il2CppOutputProject/IL2CPP/libil2cpp/os/ClassLibraryPAL/brotli/enc/params.h
[ 453/3221  0s] CopyFiles /Users/lucas-furini/repos/checkout/unity/builds/ios/Il2CppOutputProject/IL2CPP/libil2cpp/os/ClassLibraryPAL/brotli/enc/prefix.h
[ 454/3221  0s] CopyFiles /Users/lucas-furini/repos/checkout/unity/builds/ios/Il2CppOutputProject/IL2CPP/libil2cpp/os/ClassLibraryPAL/brotli/enc/memory.c
[ 455/3221  0s] CopyFiles /Users/lucas-furini/repos/checkout/unity/builds/ios/Il2CppOutputProject/IL2CPP/libil2cpp/os/ClassLibraryPAL/brotli/enc/metablock.c
[ 456/3221  0s] CopyFiles /Users/lucas-furini/repos/checkout/unity/builds/ios/Il2CppOutputProject/IL2CPP/libil2cpp/os/ClassLibraryPAL/brotli/enc/literal_cost.c
[ 457/3221  0s] CopyFiles /Users/lucas-furini/repos/checkout/unity/builds/ios/Il2CppOutputProject/IL2CPP/libil2cpp/os/ClassLibraryPAL/brotli/enc/literal_cost.h
[ 458/3221  0s] CopyFiles /Users/lucas-furini/repos/checkout/unity/builds/ios/Il2CppOutputProject/IL2CPP/libil2cpp/os/ClassLibraryPAL/brotli/enc/metablock.h
[ 459/3221  0s] CopyFiles /Users/lucas-furini/repos/checkout/unity/builds/ios/Il2CppOutputProject/IL2CPP/libil2cpp/os/ClassLibraryPAL/brotli/enc/memory.h
[ 460/3221  0s] CopyFiles /Users/lucas-furini/repos/checkout/unity/builds/ios/Il2CppOutputProject/IL2CPP/libil2cpp/os/ClassLibraryPAL/brotli/enc/metablock_inc.h
[ 461/3221  0s] CopyFiles /Users/lucas-furini/repos/checkout/unity/builds/ios/Il2CppOutputProject/IL2CPP/libil2cpp/os/ClassLibraryPAL/brotli/enc/quality.h
[ 462/3221  0s] CopyFiles /Users/lucas-furini/repos/checkout/unity/builds/ios/Il2CppOutputProject/IL2CPP/libil2cpp/os/ClassLibraryPAL/brotli/enc/histogram_inc.h
[ 463/3221  0s] CopyFiles /Users/lucas-furini/repos/checkout/unity/builds/ios/Il2CppOutputProject/IL2CPP/libil2cpp/os/ClassLibraryPAL/brotli/enc/histogram.h
[ 464/3221  0s] CopyFiles /Users/lucas-furini/repos/checkout/unity/builds/ios/Il2CppOutputProject/IL2CPP/libil2cpp/os/ClassLibraryPAL/brotli/enc/hash_rolling_inc.h
[ 465/3221  0s] CopyFiles /Users/lucas-furini/repos/checkout/unity/builds/ios/Il2CppOutputProject/IL2CPP/libil2cpp/os/ClassLibraryPAL/brotli/enc/hash_longest_match_inc.h
[ 466/3221  0s] CopyFiles /Users/lucas-furini/repos/checkout/unity/builds/ios/Il2CppOutputProject/IL2CPP/libil2cpp/os/ClassLibraryPAL/brotli/enc/hash_forgetful_chain_inc.h
[ 467/3221  0s] CopyFiles /Users/lucas-furini/repos/checkout/unity/builds/ios/Il2CppOutputProject/IL2CPP/libil2cpp/os/ClassLibraryPAL/brotli/enc/hash_longest_match_quickly_inc.h
[ 468/3221  0s] CopyFiles /Users/lucas-furini/repos/checkout/unity/builds/ios/Il2CppOutputProject/IL2CPP/libil2cpp/os/ClassLibraryPAL/brotli/enc/hash_longest_match64_inc.h
[ 469/3221  0s] CopyFiles /Users/lucas-furini/repos/checkout/unity/builds/ios/Il2CppOutputProject/IL2CPP/libil2cpp/os/ClassLibraryPAL/brotli/enc/histogram.c
[ 470/3221  0s] CopyFiles /Users/lucas-furini/repos/checkout/unity/builds/ios/Il2CppOutputProject/IL2CPP/libil2cpp/os/ClassLibraryPAL/brotli/enc/fast_log.h
[ 471/3221  0s] CopyFiles /Users/lucas-furini/repos/checkout/unity/builds/ios/Il2CppOutputProject/IL2CPP/libil2cpp/os/ClassLibraryPAL/brotli/enc/find_match_length.h
[ 472/3221  0s] CopyFiles /Users/lucas-furini/repos/checkout/unity/builds/ios/Il2CppOutputProject/IL2CPP/libil2cpp/os/ClassLibraryPAL/brotli/enc/hash.h
[ 473/3221  0s] CopyFiles /Users/lucas-furini/repos/checkout/unity/builds/ios/Il2CppOutputProject/IL2CPP/libil2cpp/os/ClassLibraryPAL/brotli/enc/hash_composite_inc.h
[ 474/3221  0s] CopyFiles /Users/lucas-furini/repos/checkout/unity/builds/ios/Il2CppOutputProject/IL2CPP/libil2cpp/os/ClassLibraryPAL/brotli/enc/fast_log.c
[ 475/3221  0s] CopyFiles /Users/lucas-furini/repos/checkout/unity/builds/ios/Il2CppOutputProject/IL2CPP/libil2cpp/os/ClassLibraryPAL/brotli/enc/encoder_dict.c
[ 476/3221  0s] CopyFiles /Users/lucas-furini/repos/checkout/unity/builds/ios/Il2CppOutputProject/IL2CPP/libil2cpp/os/ClassLibraryPAL/brotli/enc/encoder_dict.h
[ 477/3221  0s] CopyFiles /Users/lucas-furini/repos/checkout/unity/builds/ios/Il2CppOutputProject/IL2CPP/libil2cpp/os/ClassLibraryPAL/brotli/enc/entropy_encode_static.h
[ 478/3221  0s] CopyFiles /Users/lucas-furini/repos/checkout/unity/builds/ios/Il2CppOutputProject/IL2CPP/libil2cpp/os/ClassLibraryPAL/brotli/enc/entropy_encode.c
[ 479/3221  0s] CopyFiles /Users/lucas-furini/repos/checkout/unity/builds/ios/Il2CppOutputProject/IL2CPP/libil2cpp/os/ClassLibraryPAL/brotli/enc/entropy_encode.h
[ 480/3221  0s] CopyFiles /Users/lucas-furini/repos/checkout/unity/builds/ios/Il2CppOutputProject/IL2CPP/libil2cpp/os/ClassLibraryPAL/brotli/enc/dictionary_hash.c
[ 481/3221  0s] CopyFiles /Users/lucas-furini/repos/checkout/unity/builds/ios/Il2CppOutputProject/IL2CPP/libil2cpp/os/ClassLibraryPAL/brotli/enc/compress_fragment_two_pass.h
[ 482/3221  0s] CopyFiles /Users/lucas-furini/repos/checkout/unity/builds/ios/Il2CppOutputProject/IL2CPP/libil2cpp/os/ClassLibraryPAL/brotli/enc/encode.c
[ 483/3221  0s] CopyFiles /Users/lucas-furini/repos/checkout/unity/builds/ios/Il2CppOutputProject/IL2CPP/libil2cpp/os/ClassLibraryPAL/brotli/enc/compress_fragment_two_pass.c
[ 484/3221  0s] CopyFiles /Users/lucas-furini/repos/checkout/unity/builds/ios/Il2CppOutputProject/IL2CPP/libil2cpp/os/ClassLibraryPAL/brotli/enc/hash_to_binary_tree_inc.h
[ 485/3221  0s] CopyFiles /Users/lucas-furini/repos/checkout/unity/builds/ios/Il2CppOutputProject/IL2CPP/libil2cpp/os/ClassLibraryPAL/brotli/enc/compress_fragment.h
[ 486/3221  0s] CopyFiles /Users/lucas-furini/repos/checkout/unity/builds/ios/Il2CppOutputProject/IL2CPP/libil2cpp/os/ClassLibraryPAL/brotli/enc/dictionary_hash.h
[ 487/3221  0s] CopyFiles /Users/lucas-furini/repos/checkout/unity/builds/ios/Il2CppOutputProject/IL2CPP/libil2cpp/os/ClassLibraryPAL/brotli/enc/compress_fragment.c
[ 488/3221  0s] CopyFiles /Users/lucas-furini/repos/checkout/unity/builds/ios/Il2CppOutputProject/IL2CPP/libil2cpp/os/ClassLibraryPAL/brotli/enc/cluster.c
[ 489/3221  0s] CopyFiles /Users/lucas-furini/repos/checkout/unity/builds/ios/Il2CppOutputProject/IL2CPP/libil2cpp/os/ClassLibraryPAL/brotli/enc/command.h
[ 490/3221  0s] CopyFiles /Users/lucas-furini/repos/checkout/unity/builds/ios/Il2CppOutputProject/IL2CPP/libil2cpp/os/ClassLibraryPAL/brotli/enc/brotli_bit_stream.c
[ 491/3221  0s] CopyFiles /Users/lucas-furini/repos/checkout/unity/builds/ios/Il2CppOutputProject/IL2CPP/libil2cpp/os/ClassLibraryPAL/brotli/enc/cluster.h
[ 492/3221  0s] CopyFiles /Users/lucas-furini/repos/checkout/unity/builds/ios/Il2CppOutputProject/IL2CPP/libil2cpp/os/ClassLibraryPAL/brotli/enc/brotli_bit_stream.h
[ 493/3221  0s] CopyFiles /Users/lucas-furini/repos/checkout/unity/builds/ios/Il2CppOutputProject/IL2CPP/libil2cpp/os/ClassLibraryPAL/brotli/enc/cluster_inc.h
[ 494/3221  0s] CopyFiles /Users/lucas-furini/repos/checkout/unity/builds/ios/Il2CppOutputProject/IL2CPP/libil2cpp/os/ClassLibraryPAL/brotli/enc/block_splitter.c
[ 495/3221  0s] CopyFiles /Users/lucas-furini/repos/checkout/unity/builds/ios/Il2CppOutputProject/IL2CPP/libil2cpp/os/ClassLibraryPAL/brotli/enc/bit_cost.c
[ 496/3221  0s] CopyFiles /Users/lucas-furini/repos/checkout/unity/builds/ios/Il2CppOutputProject/IL2CPP/libil2cpp/os/ClassLibraryPAL/brotli/enc/block_encoder_inc.h
[ 497/3221  0s] CopyFiles /Users/lucas-furini/repos/checkout/unity/builds/ios/Il2CppOutputProject/IL2CPP/libil2cpp/os/ClassLibraryPAL/brotli/enc/backward_references_inc.h
[ 498/3221  0s] CopyFiles /Users/lucas-furini/repos/checkout/unity/builds/ios/Il2CppOutputProject/IL2CPP/libil2cpp/os/ClassLibraryPAL/brotli/enc/block_splitter_inc.h
[ 499/3221  0s] CopyFiles /Users/lucas-furini/repos/checkout/unity/builds/ios/Il2CppOutputProject/IL2CPP/libil2cpp/os/ClassLibraryPAL/brotli/enc/bit_cost.h
[ 500/3221  0s] CopyFiles /Users/lucas-furini/repos/checkout/unity/builds/ios/Il2CppOutputProject/IL2CPP/libil2cpp/os/ClassLibraryPAL/brotli/enc/backward_references_hq.h
[ 501/3221  0s] CopyFiles /Users/lucas-furini/repos/checkout/unity/builds/ios/Il2CppOutputProject/IL2CPP/libil2cpp/os/ClassLibraryPAL/brotli/enc/block_splitter.h
[ 502/3221  0s] CopyFiles /Users/lucas-furini/repos/checkout/unity/builds/ios/Il2CppOutputProject/IL2CPP/libil2cpp/os/ClassLibraryPAL/brotli/enc/command.c
[ 503/3221  0s] CopyFiles /Users/lucas-furini/repos/checkout/unity/builds/ios/Il2CppOutputProject/IL2CPP/libil2cpp/os/ClassLibraryPAL/brotli/enc/bit_cost_inc.h
[ 504/3221  0s] CopyFiles /Users/lucas-furini/repos/checkout/unity/builds/ios/Il2CppOutputProject/IL2CPP/libil2cpp/os/ClassLibraryPAL/brotli/enc/backward_references.h
[ 505/3221  0s] CopyFiles /Users/lucas-furini/repos/checkout/unity/builds/ios/Il2CppOutputProject/IL2CPP/libil2cpp/os/ClassLibraryPAL/brotli/enc/backward_references.c
[ 506/3221  0s] CopyFiles /Users/lucas-furini/repos/checkout/unity/builds/ios/Il2CppOutputProject/IL2CPP/libil2cpp/os/ClassLibraryPAL/brotli/enc/backward_references_hq.c
[ 507/3221  0s] AddBootConfigGUID Library/Bee/artifacts/iOS/boot.config
[ 508/3221  0s] CopyFiles /Users/lucas-furini/repos/checkout/unity/builds/ios/Il2CppOutputProject/IL2CPP/libil2cpp/os/ClassLibraryPAL/brotli/dec/state.c
[ 509/3221  0s] CopyFiles /Users/lucas-furini/repos/checkout/unity/builds/ios/Il2CppOutputProject/IL2CPP/libil2cpp/os/ClassLibraryPAL/brotli/dec/huffman.h
[ 510/3221  0s] CopyFiles /Users/lucas-furini/repos/checkout/unity/builds/ios/Il2CppOutputProject/IL2CPP/libil2cpp/os/ClassLibraryPAL/brotli/dec/prefix.h
[ 511/3221  0s] CopyFiles /Users/lucas-furini/repos/checkout/unity/builds/ios/Il2CppOutputProject/IL2CPP/libil2cpp/os/ClassLibraryPAL/brotli/dec/bit_reader.h
[ 512/3221  0s] CopyFiles /Users/lucas-furini/repos/checkout/unity/builds/ios/Il2CppOutputProject/IL2CPP/libil2cpp/os/ClassLibraryPAL/brotli/dec/decode.c
[ 513/3221  0s] CopyFiles /Users/lucas-furini/repos/checkout/unity/builds/ios/Il2CppOutputProject/IL2CPP/libil2cpp/os/ClassLibraryPAL/brotli/dec/state.h
[ 514/3221  0s] CopyFiles /Users/lucas-furini/repos/checkout/unity/builds/ios/Il2CppOutputProject/IL2CPP/libil2cpp/os/ClassLibraryPAL/brotli/common/transform.h
[ 515/3221  0s] CopyFiles /Users/lucas-furini/repos/checkout/unity/builds/ios/Il2CppOutputProject/IL2CPP/libil2cpp/os/ClassLibraryPAL/brotli/common/version.h
[ 516/3221  0s] CopyFiles /Users/lucas-furini/repos/checkout/unity/builds/ios/Il2CppOutputProject/IL2CPP/libil2cpp/os/ClassLibraryPAL/brotli/dec/bit_reader.c
[ 517/3221  0s] CopyFiles /Users/lucas-furini/repos/checkout/unity/builds/ios/Il2CppOutputProject/IL2CPP/libil2cpp/os/ClassLibraryPAL/brotli/dec/huffman.c
[ 518/3221  0s] CopyFiles /Users/lucas-furini/repos/checkout/unity/builds/ios/Il2CppOutputProject/IL2CPP/libil2cpp/os/ClassLibraryPAL/brotli/common/platform.c
[ 519/3221  0s] CopyFiles /Users/lucas-furini/repos/checkout/unity/builds/ios/Il2CppOutputProject/IL2CPP/libil2cpp/os/ClassLibraryPAL/brotli/common/platform.h
[ 520/3221  0s] CopyFiles /Users/lucas-furini/repos/checkout/unity/builds/ios/Data/boot.config
[ 521/3221  0s] CopyFiles /Users/lucas-furini/repos/checkout/unity/builds/ios/Il2CppOutputProject/IL2CPP/libil2cpp/os/ClassLibraryPAL/brotli/common/dictionary.c
[ 522/3221  0s] CopyFiles /Users/lucas-furini/repos/checkout/unity/builds/ios/Il2CppOutputProject/IL2CPP/libil2cpp/os/ClassLibraryPAL/brotli/common/context.c
[ 523/3221  0s] CopyFiles /Users/lucas-furini/repos/checkout/unity/builds/ios/Il2CppOutputProject/IL2CPP/libil2cpp/os/ClassLibraryPAL/brotli/common/constants.c
[ 524/3221  0s] CopyFiles /Users/lucas-furini/repos/checkout/unity/builds/ios/Il2CppOutputProject/IL2CPP/libil2cpp/os/c-api/WaitStatus-c-api.h
[ 525/3221  0s] CopyFiles /Users/lucas-furini/repos/checkout/unity/builds/ios/Il2CppOutputProject/IL2CPP/libil2cpp/os/ClassLibraryPAL/brotli/common/constants.h
[ 526/3221  0s] CopyFiles /Users/lucas-furini/repos/checkout/unity/builds/ios/Il2CppOutputProject/IL2CPP/libil2cpp/os/ClassLibraryPAL/brotli/common/context.h
[ 527/3221  0s] CopyFiles /Users/lucas-furini/repos/checkout/unity/builds/ios/Il2CppOutputProject/IL2CPP/libil2cpp/os/ClassLibraryPAL/brotli/common/transform.c
[ 528/3221  0s] CopyFiles /Users/lucas-furini/repos/checkout/unity/builds/ios/Il2CppOutputProject/IL2CPP/libil2cpp/os/c-api/Thread.cpp
[ 529/3221  0s] CopyFiles /Users/lucas-furini/repos/checkout/unity/builds/ios/Il2CppOutputProject/IL2CPP/libil2cpp/os/c-api/Socket-c-api.h
[ 530/3221  0s] CopyFiles /Users/lucas-furini/repos/checkout/unity/builds/ios/Il2CppOutputProject/IL2CPP/libil2cpp/os/c-api/Thread-c-api.h
[ 531/3221  0s] CopyFiles /Users/lucas-furini/repos/checkout/unity/builds/ios/Il2CppOutputProject/IL2CPP/libil2cpp/os/ClassLibraryPAL/brotli/common/dictionary.h
[ 532/3221  0s] CopyFiles /Users/lucas-furini/repos/checkout/unity/builds/ios/Il2CppOutputProject/IL2CPP/libil2cpp/os/c-api/Time.cpp
[ 533/3221  0s] CopyFiles /Users/lucas-furini/repos/checkout/unity/builds/ios/Il2CppOutputProject/IL2CPP/libil2cpp/os/c-api/Path.cpp
[ 534/3221  0s] CopyFiles /Users/lucas-furini/repos/checkout/unity/builds/ios/Il2CppOutputProject/IL2CPP/libil2cpp/os/c-api/Locale.cpp
[ 535/3221  0s] CopyFiles /Users/lucas-furini/repos/checkout/unity/builds/ios/Il2CppOutputProject/IL2CPP/libil2cpp/os/c-api/Path-c-api.h
[ 536/3221  0s] CopyFiles /Users/lucas-furini/repos/checkout/unity/builds/ios/Il2CppOutputProject/IL2CPP/libil2cpp/os/c-api/Time-c-api.h
[ 537/3221  0s] CopyFiles /Users/lucas-furini/repos/checkout/unity/builds/ios/Il2CppOutputProject/IL2CPP/libil2cpp/os/c-api/Locale-c-api.h
[ 538/3221  0s] CopyFiles /Users/lucas-furini/repos/checkout/unity/builds/ios/Il2CppOutputProject/IL2CPP/libil2cpp/os/c-api/File-c-api.h
[ 539/3221  0s] CopyFiles /Users/lucas-furini/repos/checkout/unity/builds/ios/Il2CppOutputProject/IL2CPP/libil2cpp/os/c-api/OSGlobalEnums.h
[ 540/3221  0s] CopyFiles /Users/lucas-furini/repos/checkout/unity/builds/ios/Il2CppOutputProject/IL2CPP/libil2cpp/os/c-api/il2cpp-config-api-platforms.h
[ 541/3221  0s] CopyFiles /Users/lucas-furini/repos/checkout/unity/builds/ios/Il2CppOutputProject/IL2CPP/libil2cpp/os/c-api/Socket.cpp
[ 542/3221  0s] CopyFiles /Users/lucas-furini/repos/checkout/unity/builds/ios/Il2CppOutputProject/IL2CPP/libil2cpp/os/c-api/Error-c-api.h
[ 543/3221  0s] CopyFiles /Users/lucas-furini/repos/checkout/unity/builds/ios/Il2CppOutputProject/IL2CPP/libil2cpp/os/c-api/Error.cpp
[ 544/3221  0s] CopyFiles /Users/lucas-furini/repos/checkout/unity/builds/ios/Il2CppOutputProject/IL2CPP/libil2cpp/os/c-api/il2cpp-config-platforms.h
[ 545/3221  0s] CopyFiles /Users/lucas-furini/repos/checkout/unity/builds/ios/Il2CppOutputProject/IL2CPP/libil2cpp/os/c-api/Environment.cpp
[ 546/3221  0s] CopyFiles /Users/lucas-furini/repos/checkout/unity/builds/ios/Il2CppOutputProject/IL2CPP/libil2cpp/os/c-api/Allocator.h
[ 547/3221  0s] CopyFiles /Users/lucas-furini/repos/checkout/unity/builds/ios/Il2CppOutputProject/IL2CPP/libil2cpp/os/c-api/Environment-c-api.h
[ 548/3221  0s] CopyFiles /Users/lucas-furini/repos/checkout/unity/builds/ios/Il2CppOutputProject/IL2CPP/libil2cpp/os/c-api/Directory-c-api.h
[ 549/3221  0s] CopyFiles /Users/lucas-furini/repos/checkout/unity/builds/ios/Il2CppOutputProject/IL2CPP/libil2cpp/os/c-api/File.cpp
[ 550/3221  0s] CopyFiles /Users/lucas-furini/repos/checkout/unity/builds/ios/Il2CppOutputProject/IL2CPP/libil2cpp/os/c-api/Allocator.cpp
[ 551/3221  0s] CopyFiles /Users/lucas-furini/repos/checkout/unity/builds/ios/Il2CppOutputProject/IL2CPP/libil2cpp/os/baselib/FastReaderReaderWriterLockImpl.h
[ 552/3221  0s] CopyFiles /Users/lucas-furini/repos/checkout/unity/builds/ios/Il2CppOutputProject/IL2CPP/libil2cpp/os/Assert.h
[ 553/3221  0s] CopyFiles /Users/lucas-furini/repos/checkout/unity/builds/ios/Il2CppOutputProject/IL2CPP/libil2cpp/os/BrokeredFileSystem.h
[ 554/3221  0s] CopyFiles /Users/lucas-furini/repos/checkout/unity/builds/ios/Il2CppOutputProject/IL2CPP/libil2cpp/os/Atomic.h
[ 555/3221  0s] CopyFiles /Users/lucas-furini/repos/checkout/unity/builds/ios/Il2CppOutputProject/IL2CPP/libil2cpp/os/Android/Initialize.cpp
[ 556/3221  0s] CopyFiles /Users/lucas-furini/repos/checkout/unity/builds/ios/Il2CppOutputProject/IL2CPP/libil2cpp/os/Android/Locale.cpp
[ 557/3221  0s] CopyFiles /Users/lucas-furini/repos/checkout/unity/builds/ios/Il2CppOutputProject/IL2CPP/libil2cpp/os/c-api/Directory.cpp
[ 558/3221  0s] CopyFiles /Users/lucas-furini/repos/checkout/unity/builds/ios/Il2CppOutputProject/IL2CPP/libil2cpp/os/Android/ConsoleExtension.cpp
[ 559/3221  0s] CopyFiles /Users/lucas-furini/repos/checkout/unity/builds/ios/Il2CppOutputProject/IL2CPP/libil2cpp/os/Android/pal_android.h
[ 560/3221  0s] CopyFiles /Users/lucas-furini/repos/checkout/unity/builds/ios/Il2CppOutputProject/IL2CPP/libil2cpp/mono/ThreadPool/ThreadPoolWorkerThread.h
[ 561/3221  0s] CopyFiles /Users/lucas-furini/repos/checkout/unity/builds/ios/Il2CppOutputProject/IL2CPP/libil2cpp/mono/ThreadPool/ThreadPoolMacros.h
[ 562/3221  0s] CopyFiles /Users/lucas-furini/repos/checkout/unity/builds/ios/Il2CppOutputProject/IL2CPP/libil2cpp/mono/ThreadPool/ThreadPoolMonitorThread.cpp
[ 563/3221  0s] CopyFiles /Users/lucas-furini/repos/checkout/unity/builds/ios/Il2CppOutputProject/IL2CPP/libil2cpp/mono/ThreadPool/threadpool-ms.h
[ 564/3221  0s] CopyFiles /Users/lucas-furini/repos/checkout/unity/builds/ios/Il2CppOutputProject/IL2CPP/libil2cpp/mono/ThreadPool/ThreadPoolMonitorThread.h
[ 565/3221  0s] CopyFiles /Users/lucas-furini/repos/checkout/unity/builds/ios/Il2CppOutputProject/IL2CPP/libil2cpp/mono/ThreadPool/threadpool-ms-io.h
[ 566/3221  0s] CopyFiles /Users/lucas-furini/repos/checkout/unity/builds/ios/Il2CppOutputProject/IL2CPP/libil2cpp/os/Android/StackTrace.cpp
[ 567/3221  0s] CopyFiles /Users/lucas-furini/repos/checkout/unity/builds/ios/Il2CppOutputProject/IL2CPP/libil2cpp/mono/ThreadPool/threadpool-ms-io-poll.h
[ 568/3221  0s] CopyFiles /Users/lucas-furini/repos/checkout/unity/builds/ios/Il2CppOutputProject/IL2CPP/libil2cpp/metadata/Il2CppTypeHash.h
[ 569/3221  0s] CopyFiles /Users/lucas-furini/repos/checkout/unity/builds/ios/Il2CppOutputProject/IL2CPP/libil2cpp/mono/MonoPosixHelper.cpp
[ 570/3221  0s] CopyFiles /Users/lucas-furini/repos/checkout/unity/builds/ios/Il2CppOutputProject/IL2CPP/libil2cpp/mono/ThreadPool/ThreadPoolWorkerThread.cpp
[ 571/3221  0s] CopyFiles /Users/lucas-furini/repos/checkout/unity/builds/ios/Il2CppOutputProject/IL2CPP/libil2cpp/mono-structs.h
[ 572/3221  0s] CopyFiles /Users/lucas-furini/repos/checkout/unity/builds/ios/Il2CppOutputProject/IL2CPP/libil2cpp/mono/ThreadPool/threadpool-ms-io.cpp
[ 573/3221  0s] CopyFiles /Users/lucas-furini/repos/checkout/unity/builds/ios/Il2CppOutputProject/IL2CPP/libil2cpp/mono/ThreadPool/ThreadPoolDataStructures.h
[ 574/3221  0s] CopyFiles /Users/lucas-furini/repos/checkout/unity/builds/ios/Il2CppOutputProject/IL2CPP/libil2cpp/metadata/Il2CppTypeHash.cpp
[ 575/3221  0s] CopyFiles /Users/lucas-furini/repos/checkout/unity/builds/ios/Il2CppOutputProject/IL2CPP/libil2cpp/metadata/Il2CppTypeCompare.cpp
[ 576/3221  0s] CopyFiles /Users/lucas-furini/repos/checkout/unity/builds/ios/Il2CppOutputProject/IL2CPP/libil2cpp/mono/ThreadPool/threadpool-ms.cpp
[ 577/3221  0s] CopyFiles /Users/lucas-furini/repos/checkout/unity/builds/ios/Il2CppOutputProject/IL2CPP/libil2cpp/mono/ThreadPool/threadpool-ms-io-poll.cpp
[ 578/3221  0s] CopyFiles /Users/lucas-furini/repos/checkout/unity/builds/ios/Il2CppOutputProject/IL2CPP/libil2cpp/metadata/Il2CppTypeCompare.h
[ 579/3221  0s] CopyFiles /Users/lucas-furini/repos/checkout/unity/builds/ios/Il2CppOutputProject/IL2CPP/libil2cpp/metadata/Il2CppMethodSpecOrGenericMethodHash.h
[ 580/3221  0s] CopyFiles /Users/lucas-furini/repos/checkout/unity/builds/ios/Il2CppOutputProject/IL2CPP/libil2cpp/metadata/Il2CppSignature.cpp
[ 581/3221  0s] CopyFiles /Users/lucas-furini/repos/checkout/unity/builds/ios/Il2CppOutputProject/IL2CPP/libil2cpp/metadata/Il2CppMethodSpecOrGenericMethodHash.cpp
[ 582/3221  0s] CopyFiles /Users/lucas-furini/repos/checkout/unity/builds/ios/Il2CppOutputProject/IL2CPP/libil2cpp/metadata/Il2CppSignature.h
[ 583/3221  0s] CopyFiles /Users/lucas-furini/repos/checkout/unity/builds/ios/Il2CppOutputProject/IL2CPP/libil2cpp/metadata/Il2CppMethodSpecOrGenericMethodCompare.h
[ 584/3221  0s] CopyFiles /Users/lucas-furini/repos/checkout/unity/builds/ios/Il2CppOutputProject/IL2CPP/libil2cpp/metadata/Il2CppMethodSpecOrGenericMethodCompare.cpp
[ 585/3221  0s] CopyFiles /Users/lucas-furini/repos/checkout/unity/builds/ios/Il2CppOutputProject/IL2CPP/libil2cpp/metadata/Il2CppGenericMethodHash.h
[ 586/3221  0s] CopyFiles /Users/lucas-furini/repos/checkout/unity/builds/ios/Il2CppOutputProject/IL2CPP/libil2cpp/metadata/Il2CppGenericMethodHash.cpp
[ 587/3221  0s] CopyFiles /Users/lucas-furini/repos/checkout/unity/builds/ios/Il2CppOutputProject/IL2CPP/libil2cpp/metadata/Il2CppGenericMethodCompare.h
[ 588/3221  0s] CopyFiles /Users/lucas-furini/repos/checkout/unity/builds/ios/Il2CppOutputProject/IL2CPP/libil2cpp/metadata/Il2CppMethodSpecOrGenericMethod.h
[ 589/3221  0s] CopyFiles /Users/lucas-furini/repos/checkout/unity/builds/ios/Il2CppOutputProject/IL2CPP/libil2cpp/metadata/Il2CppMethodSpecOrGenericMethod.cpp
[ 590/3221  0s] CopyFiles /Users/lucas-furini/repos/checkout/unity/builds/ios/Il2CppOutputProject/IL2CPP/libil2cpp/metadata/Il2CppGenericMethodCompare.cpp
[ 591/3221  0s] CopyFiles /Users/lucas-furini/repos/checkout/unity/builds/ios/Il2CppOutputProject/IL2CPP/libil2cpp/metadata/Il2CppGenericInstHash.h
[ 592/3221  0s] CopyFiles /Users/lucas-furini/repos/checkout/unity/builds/ios/Il2CppOutputProject/IL2CPP/libil2cpp/metadata/Il2CppGenericInstHash.cpp
[ 593/3221  0s] CopyFiles /Users/lucas-furini/repos/checkout/unity/builds/ios/Il2CppOutputProject/IL2CPP/libil2cpp/metadata/Il2CppGenericInstCompare.h
[ 594/3221  0s] CopyFiles /Users/lucas-furini/repos/checkout/unity/builds/ios/Il2CppOutputProject/IL2CPP/libil2cpp/mono/MonoPosixHelper.h
[ 595/3221  0s] CopyFiles /Users/lucas-furini/repos/checkout/unity/builds/ios/Il2CppOutputProject/IL2CPP/libil2cpp/metadata/Il2CppGenericClassHash.cpp
[ 596/3221  0s] CopyFiles /Users/lucas-furini/repos/checkout/unity/builds/ios/Il2CppOutputProject/IL2CPP/libil2cpp/metadata/Il2CppGenericContextHash.cpp
[ 597/3221  0s] CopyFiles /Users/lucas-furini/repos/checkout/unity/builds/ios/Il2CppOutputProject/IL2CPP/libil2cpp/metadata/Il2CppGenericInstCompare.cpp
[ 598/3221  0s] CopyFiles /Users/lucas-furini/repos/checkout/unity/builds/ios/Il2CppOutputProject/IL2CPP/libil2cpp/metadata/Il2CppGenericContextCompare.h
[ 599/3221  0s] CopyFiles /Users/lucas-furini/repos/checkout/unity/builds/ios/Il2CppOutputProject/IL2CPP/libil2cpp/metadata/Il2CppGenericContextHash.h
[ 600/3221  0s] CopyFiles /Users/lucas-furini/repos/checkout/unity/builds/ios/Il2CppOutputProject/IL2CPP/libil2cpp/metadata/Il2CppGenericClassCompare.h
[ 601/3221  0s] CopyFiles /Users/lucas-furini/repos/checkout/unity/builds/ios/Il2CppOutputProject/IL2CPP/libil2cpp/metadata/Il2CppGenericClassHash.h
[ 602/3221  0s] CopyFiles /Users/lucas-furini/repos/checkout/unity/builds/ios/Il2CppOutputProject/IL2CPP/libil2cpp/metadata/GenericSharing.h
[ 603/3221  0s] CopyFiles /Users/lucas-furini/repos/checkout/unity/builds/ios/Il2CppOutputProject/IL2CPP/libil2cpp/metadata/GenericMethod.h
[ 604/3221  0s] CopyFiles /Users/lucas-furini/repos/checkout/unity/builds/ios/Il2CppOutputProject/IL2CPP/libil2cpp/metadata/Il2CppGenericClassCompare.cpp
[ 605/3221  0s] CopyFiles /Users/lucas-furini/repos/checkout/unity/builds/ios/Il2CppOutputProject/IL2CPP/libil2cpp/metadata/Il2CppGenericContextCompare.cpp
[ 606/3221  0s] CopyFiles /Users/lucas-furini/repos/checkout/unity/builds/ios/Il2CppOutputProject/IL2CPP/libil2cpp/metadata/GenericMetadata.cpp
[ 607/3221  0s] CopyFiles /Users/lucas-furini/repos/checkout/unity/builds/ios/Il2CppOutputProject/IL2CPP/libil2cpp/metadata/GenericMetadata.h
[ 608/3221  0s] CopyFiles /Users/lucas-furini/repos/checkout/unity/builds/ios/Il2CppOutputProject/IL2CPP/libil2cpp/metadata/FieldLayout.h
[ 609/3221  0s] CopyFiles /Users/lucas-furini/repos/checkout/unity/builds/ios/Il2CppOutputProject/IL2CPP/libil2cpp/libil2cpp.mono-net8.icalls
[ 610/3221  0s] CopyFiles /Users/lucas-furini/repos/checkout/unity/builds/ios/Il2CppOutputProject/IL2CPP/libil2cpp/libil2cpp.icalls
[ 611/3221  0s] CopyFiles /Users/lucas-furini/repos/checkout/unity/builds/ios/Il2CppOutputProject/IL2CPP/libil2cpp/metadata/CustomAttributeDataReader.h
[ 612/3221  0s] CopyFiles /Users/lucas-furini/repos/checkout/unity/builds/ios/Il2CppOutputProject/IL2CPP/libil2cpp/metadata/GenericMethod.cpp
[ 613/3221  0s] CopyFiles /Users/lucas-furini/repos/checkout/unity/builds/ios/Il2CppOutputProject/IL2CPP/libil2cpp/metadata/GenericSharing.cpp
[ 614/3221  0s] CopyFiles /Users/lucas-furini/repos/checkout/unity/builds/ios/Il2CppOutputProject/IL2CPP/libil2cpp/metadata/FieldLayout.cpp
[ 615/3221  0s] CopyFiles /Users/lucas-furini/repos/checkout/unity/builds/ios/Il2CppOutputProject/IL2CPP/libil2cpp/metadata/CustomAttributeCreator.cpp
[ 616/3221  0s] CopyFiles /Users/lucas-furini/repos/checkout/unity/builds/ios/Il2CppOutputProject/IL2CPP/libil2cpp/metadata/ArrayMetadata.h
[ 617/3221  0s] CopyFiles /Users/lucas-furini/repos/checkout/unity/builds/ios/Il2CppOutputProject/IL2CPP/libil2cpp/metadata/CustomAttributeDataReader.cpp
[ 618/3221  0s] CopyFiles /Users/lucas-furini/repos/checkout/unity/builds/ios/Il2CppOutputProject/IL2CPP/libil2cpp/metadata/ArrayMetadata.cpp
[ 619/3221  0s] CopyFiles /Users/lucas-furini/repos/checkout/unity/builds/ios/Il2CppOutputProject/IL2CPP/libil2cpp/metadata/CustomAttributeCreator.h
[ 620/3221  0s] CopyFiles /Users/lucas-furini/repos/checkout/unity/builds/ios/Il2CppOutputProject/IL2CPP/libil2cpp/intrinsics/System.Private.CoreLib/System/Type.cpp
[ 621/3221  0s] CopyFiles /Users/lucas-furini/repos/checkout/unity/builds/ios/Il2CppOutputProject/IL2CPP/libil2cpp/intrinsics/UnityEngine.CoreModule/UnityEngine/Mathf.h
[ 622/3221  0s] CopyFiles /Users/lucas-furini/repos/checkout/unity/builds/ios/Il2CppOutputProject/IL2CPP/libil2cpp/intrinsics/System.Private.CoreLib/System/Threading/ObjectHeader.h
[ 623/3221  0s] CopyFiles /Users/lucas-furini/repos/checkout/unity/builds/ios/Il2CppOutputProject/IL2CPP/libil2cpp/intrinsics/System.Private.CoreLib/System/Threading/Thread.h
[ 624/3221  0s] CopyFiles /Users/lucas-furini/repos/checkout/unity/builds/ios/Il2CppOutputProject/IL2CPP/libil2cpp/intrinsics/System.Private.CoreLib/System/Threading/Interlocked.h
[ 625/3221  0s] CopyFiles /Users/lucas-furini/repos/checkout/unity/builds/ios/Il2CppOutputProject/IL2CPP/libil2cpp/intrinsics/System.Private.CoreLib/System/Type.h
[ 626/3221  0s] CopyFiles /Users/lucas-furini/repos/checkout/unity/builds/ios/Il2CppOutputProject/IL2CPP/libil2cpp/intrinsics/System.Private.CoreLib/System/Threading/Volatile.h
[ 627/3221  0s] CopyFiles /Users/lucas-furini/repos/checkout/unity/builds/ios/Il2CppOutputProject/IL2CPP/libil2cpp/intrinsics/UnityEngine.CoreModule/Unity/Collections/LowLevel/Unsafe/UnsafeUtility.h
[ 628/3221  0s] CopyFiles /Users/lucas-furini/repos/checkout/unity/builds/ios/Il2CppOutputProject/IL2CPP/libil2cpp/intrinsics/UnityEngine.CoreModule/Unity/Collections/NativeArray_1.h
[ 629/3221  0s] CopyFiles /Users/lucas-furini/repos/checkout/unity/builds/ios/Il2CppOutputProject/IL2CPP/libil2cpp/intrinsics/System.Private.CoreLib/System/Threading/Thread.cpp
[ 630/3221  0s] CopyFiles /Users/lucas-furini/repos/checkout/unity/builds/ios/Il2CppOutputProject/IL2CPP/libil2cpp/intrinsics/System.Private.CoreLib/System/Threading/ObjectHeader.cpp
[ 631/3221  0s] CopyFiles /Users/lucas-furini/repos/checkout/unity/builds/ios/Il2CppOutputProject/IL2CPP/libil2cpp/intrinsics/System.Private.CoreLib/System/Span_1.h
[ 632/3221  0s] CopyFiles /Users/lucas-furini/repos/checkout/unity/builds/ios/Il2CppOutputProject/IL2CPP/libil2cpp/intrinsics/System.Private.CoreLib/System/Runtime/RuntimeImports.h
[ 633/3221  0s] CopyFiles /Users/lucas-furini/repos/checkout/unity/builds/ios/Il2CppOutputProject/IL2CPP/libil2cpp/intrinsics/System.Private.CoreLib/System/Runtime/Intrinsics/X86/Ssse3/X64.h
[ 634/3221  0s] CopyFiles /Users/lucas-furini/repos/checkout/unity/builds/ios/Il2CppOutputProject/IL2CPP/libil2cpp/intrinsics/System.Private.CoreLib/System/Runtime/Intrinsics/X86/Ssse3.h
[ 635/3221  0s] CopyFiles /Users/lucas-furini/repos/checkout/unity/builds/ios/Il2CppOutputProject/IL2CPP/libil2cpp/intrinsics/System.Private.CoreLib/System/Runtime/Intrinsics/X86/X86Serialize/X64.h
[ 636/3221  0s] CopyFiles /Users/lucas-furini/repos/checkout/unity/builds/ios/Il2CppOutputProject/IL2CPP/libil2cpp/intrinsics/System.Private.CoreLib/System/Runtime/Intrinsics/X86/X86Base.h
[ 637/3221  0s] CopyFiles /Users/lucas-furini/repos/checkout/unity/builds/ios/Il2CppOutputProject/IL2CPP/libil2cpp/intrinsics/System.Private.CoreLib/System/Runtime/Intrinsics/X86/X86Serialize.h
[ 638/3221  0s] CopyFiles /Users/lucas-furini/repos/checkout/unity/builds/ios/Il2CppOutputProject/IL2CPP/libil2cpp/intrinsics/System.Private.CoreLib/System/Runtime/Intrinsics/X86/Sse42/X64.h
[ 639/3221  0s] CopyFiles /Users/lucas-furini/repos/checkout/unity/builds/ios/Il2CppOutputProject/IL2CPP/libil2cpp/intrinsics/System.Private.CoreLib/System/Runtime/Intrinsics/X86/Sse41/X64.h
[ 640/3221  0s] CopyFiles /Users/lucas-furini/repos/checkout/unity/builds/ios/Il2CppOutputProject/IL2CPP/libil2cpp/intrinsics/System.Private.CoreLib/System/Runtime/Intrinsics/X86/X86Base/X64.h
[ 641/3221  0s] CopyFiles /Users/lucas-furini/repos/checkout/unity/builds/ios/Il2CppOutputProject/IL2CPP/libil2cpp/intrinsics/System.Private.CoreLib/System/Runtime/Intrinsics/X86/Sse42.h
[ 642/3221  0s] CopyFiles /Users/lucas-furini/repos/checkout/unity/builds/ios/Il2CppOutputProject/IL2CPP/libil2cpp/intrinsics/System.Private.CoreLib/System/Threading/Interlocked.cpp
[ 643/3221  0s] CopyFiles /Users/lucas-furini/repos/checkout/unity/builds/ios/Il2CppOutputProject/IL2CPP/libil2cpp/intrinsics/System.Private.CoreLib/System/Runtime/Intrinsics/X86/Sse3/X64.h
[ 644/3221  0s] CopyFiles /Users/lucas-furini/repos/checkout/unity/builds/ios/Il2CppOutputProject/IL2CPP/libil2cpp/intrinsics/System.Private.CoreLib/System/Runtime/Intrinsics/X86/Sse3.h
[ 645/3221  0s] CopyFiles /Users/lucas-furini/repos/checkout/unity/builds/ios/Il2CppOutputProject/IL2CPP/libil2cpp/intrinsics/System.Private.CoreLib/System/Runtime/Intrinsics/X86/Sse2/X64.h
[ 646/3221  0s] CopyFiles /Users/lucas-furini/repos/checkout/unity/builds/ios/Il2CppOutputProject/IL2CPP/libil2cpp/intrinsics/System.Private.CoreLib/System/Runtime/Intrinsics/X86/Sse.h
[ 647/3221  0s] CopyFiles /Users/lucas-furini/repos/checkout/unity/builds/ios/Il2CppOutputProject/IL2CPP/libil2cpp/intrinsics/System.Private.CoreLib/System/Runtime/Intrinsics/X86/Sse41.h
[ 648/3221  0s] CopyFiles /Users/lucas-furini/repos/checkout/unity/builds/ios/Il2CppOutputProject/IL2CPP/libil2cpp/intrinsics/System.Private.CoreLib/System/Runtime/Intrinsics/X86/Popcnt.h
[ 649/3221  0s] CopyFiles /Users/lucas-furini/repos/checkout/unity/builds/ios/Il2CppOutputProject/IL2CPP/libil2cpp/intrinsics/System.Private.CoreLib/System/Runtime/Intrinsics/X86/Sse/X64.h
[ 650/3221  0s] CopyFiles /Users/lucas-furini/repos/checkout/unity/builds/ios/Il2CppOutputProject/IL2CPP/libil2cpp/intrinsics/System.Private.CoreLib/System/Runtime/Intrinsics/X86/Sse2.h
[ 651/3221  0s] CopyFiles /Users/lucas-furini/repos/checkout/unity/builds/ios/Il2CppOutputProject/IL2CPP/libil2cpp/intrinsics/System.Private.CoreLib/System/Runtime/Intrinsics/X86/Popcnt/X64.h
[ 652/3221  0s] CopyFiles /Users/lucas-furini/repos/checkout/unity/builds/ios/Il2CppOutputProject/IL2CPP/libil2cpp/intrinsics/System.Private.CoreLib/System/Runtime/Intrinsics/X86/Lzcnt/X64.h
[ 653/3221  0s] CopyFiles /Users/lucas-furini/repos/checkout/unity/builds/ios/Il2CppOutputProject/IL2CPP/libil2cpp/intrinsics/System.Private.CoreLib/System/Runtime/Intrinsics/X86/Pclmulqdq/X64.h
[ 654/3221  0s] CopyFiles /Users/lucas-furini/repos/checkout/unity/builds/ios/Il2CppOutputProject/IL2CPP/libil2cpp/intrinsics/System.Private.CoreLib/System/Runtime/Intrinsics/X86/Bmi1/X64.h
[ 655/3221  0s] CopyFiles /Users/lucas-furini/repos/checkout/unity/builds/ios/Il2CppOutputProject/IL2CPP/libil2cpp/intrinsics/System.Private.CoreLib/System/Runtime/Intrinsics/X86/Bmi2.h
[ 656/3221  0s] CopyFiles /Users/lucas-furini/repos/checkout/unity/builds/ios/Il2CppOutputProject/IL2CPP/libil2cpp/intrinsics/System.Private.CoreLib/System/Runtime/Intrinsics/X86/Bmi2/X64.h
[ 657/3221  0s] CopyFiles /Users/lucas-furini/repos/checkout/unity/builds/ios/Il2CppOutputProject/IL2CPP/libil2cpp/intrinsics/System.Private.CoreLib/System/Runtime/Intrinsics/X86/AvxVnni/X64.h
[ 658/3221  0s] CopyFiles /Users/lucas-furini/repos/checkout/unity/builds/ios/Il2CppOutputProject/IL2CPP/libil2cpp/intrinsics/System.Private.CoreLib/System/Runtime/Intrinsics/X86/Lzcnt.h
[ 659/3221  0s] CopyFiles /Users/lucas-furini/repos/checkout/unity/builds/ios/Il2CppOutputProject/IL2CPP/libil2cpp/intrinsics/System.Private.CoreLib/System/Runtime/Intrinsics/X86/Fma.h
[ 660/3221  0s] CopyFiles /Users/lucas-furini/repos/checkout/unity/builds/ios/Il2CppOutputProject/IL2CPP/libil2cpp/intrinsics/System.Private.CoreLib/System/Runtime/Intrinsics/X86/Pclmulqdq.h
[ 661/3221  0s] CopyFiles /Users/lucas-furini/repos/checkout/unity/builds/ios/Il2CppOutputProject/IL2CPP/libil2cpp/intrinsics/System.Private.CoreLib/System/Runtime/Intrinsics/X86/Fma/X64.h
[ 662/3221  0s] CopyFiles /Users/lucas-furini/repos/checkout/unity/builds/ios/Il2CppOutputProject/IL2CPP/libil2cpp/intrinsics/System.Private.CoreLib/System/Runtime/Intrinsics/X86/Avx512F.h
[ 663/3221  0s] CopyFiles /Users/lucas-furini/repos/checkout/unity/builds/ios/Il2CppOutputProject/IL2CPP/libil2cpp/intrinsics/System.Private.CoreLib/System/Runtime/Intrinsics/X86/Bmi1.h
[ 664/3221  0s] CopyFiles /Users/lucas-furini/repos/checkout/unity/builds/ios/Il2CppOutputProject/IL2CPP/libil2cpp/intrinsics/System.Private.CoreLib/System/Runtime/Intrinsics/X86/Avx512Vbmi.h
[ 665/3221  0s] CopyFiles /Users/lucas-furini/repos/checkout/unity/builds/ios/Il2CppOutputProject/IL2CPP/libil2cpp/intrinsics/System.Private.CoreLib/System/Runtime/Intrinsics/X86/Avx512DQ/X64.h
[ 666/3221  0s] CopyFiles /Users/lucas-furini/repos/checkout/unity/builds/ios/Il2CppOutputProject/IL2CPP/libil2cpp/intrinsics/System.Private.CoreLib/System/Runtime/Intrinsics/X86/Avx512F/VL.h
[ 667/3221  0s] CopyFiles /Users/lucas-furini/repos/checkout/unity/builds/ios/Il2CppOutputProject/IL2CPP/libil2cpp/intrinsics/System.Private.CoreLib/System/Runtime/Intrinsics/X86/Avx512Vbmi/VL.h
[ 668/3221  0s] CopyFiles /Users/lucas-furini/repos/checkout/unity/builds/ios/Il2CppOutputProject/IL2CPP/libil2cpp/intrinsics/System.Private.CoreLib/System/Runtime/Intrinsics/X86/Avx512DQ/VL.h
[ 669/3221  0s] CopyFiles /Users/lucas-furini/repos/checkout/unity/builds/ios/Il2CppOutputProject/IL2CPP/libil2cpp/intrinsics/System.Private.CoreLib/System/Runtime/Intrinsics/X86/AvxVnni.h
[ 670/3221  0s] CopyFiles /Users/lucas-furini/repos/checkout/unity/builds/ios/Il2CppOutputProject/IL2CPP/libil2cpp/intrinsics/System.Private.CoreLib/System/Runtime/Intrinsics/X86/Avx512Vbmi/X64.h
[ 671/3221  0s] CopyFiles /Users/lucas-furini/repos/checkout/unity/builds/ios/Il2CppOutputProject/IL2CPP/libil2cpp/intrinsics/System.Private.CoreLib/System/Runtime/Intrinsics/X86/Avx512DQ.h
[ 672/3221  0s] CopyFiles /Users/lucas-furini/repos/checkout/unity/builds/ios/Il2CppOutputProject/IL2CPP/libil2cpp/intrinsics/System.Private.CoreLib/System/Runtime/Intrinsics/X86/Avx512F/X64.h
[ 673/3221  0s] CopyFiles /Users/lucas-furini/repos/checkout/unity/builds/ios/Il2CppOutputProject/IL2CPP/libil2cpp/intrinsics/System.Private.CoreLib/System/Runtime/Intrinsics/X86/Avx512CD/X64.h
[ 674/3221  0s] CopyFiles /Users/lucas-furini/repos/checkout/unity/builds/ios/Il2CppOutputProject/IL2CPP/libil2cpp/intrinsics/System.Private.CoreLib/System/Runtime/Intrinsics/X86/Avx512CD/VL.h
[ 675/3221  0s] CopyFiles /Users/lucas-furini/repos/checkout/unity/builds/ios/Il2CppOutputProject/IL2CPP/libil2cpp/intrinsics/System.Private.CoreLib/System/Runtime/Intrinsics/X86/Avx512CD.h
[ 676/3221  0s] CopyFiles /Users/lucas-furini/repos/checkout/unity/builds/ios/Il2CppOutputProject/IL2CPP/libil2cpp/intrinsics/System.Private.CoreLib/System/Runtime/Intrinsics/X86/Avx512BW.h
[ 677/3221  0s] CopyFiles /Users/lucas-furini/repos/checkout/unity/builds/ios/Il2CppOutputProject/IL2CPP/libil2cpp/intrinsics/System.Private.CoreLib/System/Runtime/Intrinsics/X86/Avx512BW/X64.h
[ 678/3221  0s] CopyFiles /Users/lucas-furini/repos/checkout/unity/builds/ios/Il2CppOutputProject/IL2CPP/libil2cpp/intrinsics/System.Private.CoreLib/System/Runtime/Intrinsics/X86/Avx2/X64.h
[ 679/3221  0s] CopyFiles /Users/lucas-furini/repos/checkout/unity/builds/ios/Il2CppOutputProject/IL2CPP/libil2cpp/intrinsics/System.Private.CoreLib/System/Runtime/Intrinsics/X86/Avx512BW/VL.h
[ 680/3221  0s] CopyFiles /Users/lucas-furini/repos/checkout/unity/builds/ios/Il2CppOutputProject/IL2CPP/libil2cpp/intrinsics/System.Private.CoreLib/System/Runtime/Intrinsics/X86/Avx/X64.h
[ 681/3221  0s] CopyFiles /Users/lucas-furini/repos/checkout/unity/builds/ios/Il2CppOutputProject/IL2CPP/libil2cpp/intrinsics/System.Private.CoreLib/System/Runtime/Intrinsics/X86/Aes/X64.h
[ 682/3221  0s] CopyFiles /Users/lucas-furini/repos/checkout/unity/builds/ios/Il2CppOutputProject/IL2CPP/libil2cpp/intrinsics/System.Private.CoreLib/System/Runtime/Intrinsics/X86/Aes.h
[ 683/3221  0s] CopyFiles /Users/lucas-furini/repos/checkout/unity/builds/ios/Il2CppOutputProject/IL2CPP/libil2cpp/intrinsics/System.Private.CoreLib/System/Runtime/Intrinsics/Vector64_1.h
[ 684/3221  0s] CopyFiles /Users/lucas-furini/repos/checkout/unity/builds/ios/Il2CppOutputProject/IL2CPP/libil2cpp/intrinsics/System.Private.CoreLib/System/Runtime/Intrinsics/Wasm/WasmBase.h
[ 685/3221  0s] CopyFiles /Users/lucas-furini/repos/checkout/unity/builds/ios/Il2CppOutputProject/IL2CPP/libil2cpp/intrinsics/System.Private.CoreLib/System/Runtime/Intrinsics/Wasm/PackedSimd.h
[ 686/3221  0s] CopyFiles /Users/lucas-furini/repos/checkout/unity/builds/ios/Il2CppOutputProject/IL2CPP/libil2cpp/intrinsics/System.Private.CoreLib/System/Runtime/Intrinsics/Vector512_1.h
[ 687/3221  0s] CopyFiles /Users/lucas-furini/repos/checkout/unity/builds/ios/Il2CppOutputProject/IL2CPP/libil2cpp/intrinsics/System.Private.CoreLib/System/Runtime/Intrinsics/X86/Avx2.h
[ 688/3221  0s] CopyFiles /Users/lucas-furini/repos/checkout/unity/builds/ios/Il2CppOutputProject/IL2CPP/libil2cpp/intrinsics/System.Private.CoreLib/System/Runtime/Intrinsics/Vector64.h
[ 689/3221  0s] CopyFiles /Users/lucas-furini/repos/checkout/unity/builds/ios/Il2CppOutputProject/IL2CPP/libil2cpp/intrinsics/System.Private.CoreLib/System/Runtime/Intrinsics/X86/Avx.h
[ 690/3221  0s] CopyFiles /Users/lucas-furini/repos/checkout/unity/builds/ios/Il2CppOutputProject/IL2CPP/libil2cpp/intrinsics/System.Private.CoreLib/System/Runtime/Intrinsics/Vector256_1.h
[ 691/3221  0s] CopyFiles /Users/lucas-furini/repos/checkout/unity/builds/ios/Il2CppOutputProject/IL2CPP/libil2cpp/intrinsics/System.Private.CoreLib/System/Runtime/Intrinsics/Arm/Sha1/Arm64.h
[ 692/3221  0s] CopyFiles /Users/lucas-furini/repos/checkout/unity/builds/ios/Il2CppOutputProject/IL2CPP/libil2cpp/intrinsics/System.Private.CoreLib/System/Runtime/Intrinsics/Vector256.h
[ 693/3221  0s] CopyFiles /Users/lucas-furini/repos/checkout/unity/builds/ios/Il2CppOutputProject/IL2CPP/libil2cpp/intrinsics/System.Private.CoreLib/System/Runtime/Intrinsics/Vector128.h
[ 694/3221  0s] CopyFiles /Users/lucas-furini/repos/checkout/unity/builds/ios/Il2CppOutputProject/IL2CPP/libil2cpp/intrinsics/System.Private.CoreLib/System/Runtime/Intrinsics/Vector512.h
[ 695/3221  0s] CopyFiles /Users/lucas-furini/repos/checkout/unity/builds/ios/Il2CppOutputProject/IL2CPP/libil2cpp/intrinsics/System.Private.CoreLib/System/Runtime/Intrinsics/Arm/Sha256/Arm64.h
[ 696/3221  0s] CopyFiles /Users/lucas-furini/repos/checkout/unity/builds/ios/Il2CppOutputProject/IL2CPP/libil2cpp/intrinsics/System.Private.CoreLib/System/Runtime/Intrinsics/Vector128_1.h
[ 697/3221  0s] CopyFiles /Users/lucas-furini/repos/checkout/unity/builds/ios/Il2CppOutputProject/IL2CPP/libil2cpp/intrinsics/System.Private.CoreLib/System/Runtime/Intrinsics/Arm/ArmBase.h
[ 698/3221  0s] CopyFiles /Users/lucas-furini/repos/checkout/unity/builds/ios/Il2CppOutputProject/IL2CPP/libil2cpp/intrinsics/System.Private.CoreLib/System/Runtime/Intrinsics/Arm/Dp/Arm64.h
[ 699/3221  0s] CopyFiles /Users/lucas-furini/repos/checkout/unity/builds/ios/Il2CppOutputProject/IL2CPP/libil2cpp/intrinsics/System.Private.CoreLib/System/Runtime/Intrinsics/Arm/Rdm/Arm64.h
[ 700/3221  0s] CopyFiles /Users/lucas-furini/repos/checkout/unity/builds/ios/Il2CppOutputProject/IL2CPP/libil2cpp/intrinsics/System.Private.CoreLib/System/Runtime/Intrinsics/Arm/Crc32/Arm64.h
[ 701/3221  0s] CopyFiles /Users/lucas-furini/repos/checkout/unity/builds/ios/Il2CppOutputProject/IL2CPP/libil2cpp/intrinsics/System.Private.CoreLib/System/Runtime/Intrinsics/Arm/Crc32.h
[ 702/3221  0s] CopyFiles /Users/lucas-furini/repos/checkout/unity/builds/ios/Il2CppOutputProject/IL2CPP/libil2cpp/intrinsics/System.Private.CoreLib/System/Runtime/Intrinsics/Arm/Sha256.h
[ 703/3221  0s] CopyFiles /Users/lucas-furini/repos/checkout/unity/builds/ios/Il2CppOutputProject/IL2CPP/libil2cpp/intrinsics/System.Private.CoreLib/System/Runtime/Intrinsics/Arm/Dp.h
[ 704/3221  0s] CopyFiles /Users/lucas-furini/repos/checkout/unity/builds/ios/Il2CppOutputProject/IL2CPP/libil2cpp/intrinsics/System.Private.CoreLib/System/Runtime/Intrinsics/Arm/Sha1.h
[ 705/3221  0s] CopyFiles /Users/lucas-furini/repos/checkout/unity/builds/ios/Il2CppOutputProject/IL2CPP/libil2cpp/intrinsics/System.Private.CoreLib/System/Runtime/Intrinsics/Arm/ArmBase/Arm64.h
[ 706/3221  0s] CopyFiles /Users/lucas-furini/repos/checkout/unity/builds/ios/Il2CppOutputProject/IL2CPP/libil2cpp/intrinsics/System.Private.CoreLib/System/Runtime/InteropServices/Marshal.cpp
[ 707/3221  0s] CopyFiles /Users/lucas-furini/repos/checkout/unity/builds/ios/Il2CppOutputProject/IL2CPP/libil2cpp/intrinsics/System.Private.CoreLib/System/Runtime/Intrinsics/Arm/Aes/Arm64.h
[ 708/3221  0s] CopyFiles /Users/lucas-furini/repos/checkout/unity/builds/ios/Il2CppOutputProject/IL2CPP/libil2cpp/intrinsics/System.Private.CoreLib/System/Runtime/CompilerServices/Unsafe.h
[ 709/3221  0s] CopyFiles /Users/lucas-furini/repos/checkout/unity/builds/ios/Il2CppOutputProject/IL2CPP/libil2cpp/intrinsics/System.Private.CoreLib/System/Runtime/InteropServices/Marshal.h
[ 710/3221  0s] CopyFiles /Users/lucas-furini/repos/checkout/unity/builds/ios/Il2CppOutputProject/IL2CPP/libil2cpp/intrinsics/System.Private.CoreLib/System/Runtime/Intrinsics/Arm/Rdm.h
[ 711/3221  0s] CopyFiles /Users/lucas-furini/repos/checkout/unity/builds/ios/Il2CppOutputProject/IL2CPP/libil2cpp/intrinsics/System.Private.CoreLib/System/Runtime/CompilerServices/RuntimeHelpers.h
[ 712/3221  0s] CopyFiles /Users/lucas-furini/repos/checkout/unity/builds/ios/Il2CppOutputProject/IL2CPP/libil2cpp/intrinsics/System.Private.CoreLib/System/Runtime/CompilerServices/RuntimeHelpers_icalls.h
[ 713/3221  0s] CopyFiles /Users/lucas-furini/repos/checkout/unity/builds/ios/Il2CppOutputProject/IL2CPP/libil2cpp/intrinsics/System.Private.CoreLib/System/Runtime/CompilerServices/JitHelpers.h
[ 714/3221  0s] CopyFiles /Users/lucas-furini/repos/checkout/unity/builds/ios/Il2CppOutputProject/IL2CPP/libil2cpp/intrinsics/System.Private.CoreLib/System/Runtime/CompilerServices/RuntimeHelpers_icalls.cpp
[ 715/3221  0s] CopyFiles /Users/lucas-furini/repos/checkout/unity/builds/ios/Il2CppOutputProject/IL2CPP/libil2cpp/intrinsics/System.Private.CoreLib/System/Reflection/MethodBase.h
[ 716/3221  0s] CopyFiles /Users/lucas-furini/repos/checkout/unity/builds/ios/Il2CppOutputProject/IL2CPP/libil2cpp/intrinsics/System.Private.CoreLib/System/Runtime/CompilerServices/RuntimeFeature.h
[ 717/3221  0s] CopyFiles /Users/lucas-furini/repos/checkout/unity/builds/ios/Il2CppOutputProject/IL2CPP/libil2cpp/intrinsics/System.Private.CoreLib/System/Runtime/Intrinsics/Arm/Aes.h
[ 718/3221  0s] CopyFiles /Users/lucas-furini/repos/checkout/unity/builds/ios/Il2CppOutputProject/IL2CPP/libil2cpp/intrinsics/System.Private.CoreLib/System/Runtime/Intrinsics/Arm/AdvSimd/Arm64.h
[ 719/3221  0s] CopyFiles /Users/lucas-furini/repos/checkout/unity/builds/ios/Il2CppOutputProject/IL2CPP/libil2cpp/intrinsics/System.Private.CoreLib/System/Runtime/Intrinsics/Arm/AdvSimd.h
[ 720/3221  0s] CopyFiles /Users/lucas-furini/repos/checkout/unity/builds/ios/Il2CppOutputProject/IL2CPP/libil2cpp/intrinsics/System.Private.CoreLib/System/Runtime/CompilerServices/JitHelpersVariations.h
[ 721/3221  0s] CopyFiles /Users/lucas-furini/repos/checkout/unity/builds/ios/Il2CppOutputProject/IL2CPP/libil2cpp/intrinsics/System.Private.CoreLib/System/Reflection/Assembly.cpp
[ 722/3221  0s] CopyFiles /Users/lucas-furini/repos/checkout/unity/builds/ios/Il2CppOutputProject/IL2CPP/libil2cpp/intrinsics/System.Private.CoreLib/System/Reflection/Assembly.h
[ 723/3221  0s] CopyFiles /Users/lucas-furini/repos/checkout/unity/builds/ios/Il2CppOutputProject/IL2CPP/libil2cpp/intrinsics/System.Private.CoreLib/System/Object.cpp
[ 724/3221  0s] CopyFiles /Users/lucas-furini/repos/checkout/unity/builds/ios/Il2CppOutputProject/IL2CPP/libil2cpp/intrinsics/System.Private.CoreLib/System/ReadOnlySpan_1.h
[ 725/3221  0s] CopyFiles /Users/lucas-furini/repos/checkout/unity/builds/ios/Il2CppOutputProject/IL2CPP/libil2cpp/intrinsics/System.Private.CoreLib/System/Object.h
[ 726/3221  0s] CopyFiles /Users/lucas-furini/repos/checkout/unity/builds/ios/Il2CppOutputProject/IL2CPP/libil2cpp/intrinsics/System.Private.CoreLib/System/Math.h
[ 727/3221  0s] CopyFiles /Users/lucas-furini/repos/checkout/unity/builds/ios/Il2CppOutputProject/IL2CPP/libil2cpp/intrinsics/System.Private.CoreLib/System/MathF.h
[ 728/3221  0s] CopyFiles /Users/lucas-furini/repos/checkout/unity/builds/ios/Il2CppOutputProject/IL2CPP/libil2cpp/intrinsics/System.Private.CoreLib/System/Numerics/Vector.h
[ 729/3221  0s] CopyFiles /Users/lucas-furini/repos/checkout/unity/builds/ios/Il2CppOutputProject/IL2CPP/libil2cpp/intrinsics/System.Private.CoreLib/System/Diagnostics/Debugger.h
[ 730/3221  0s] CopyFiles /Users/lucas-furini/repos/checkout/unity/builds/ios/Il2CppOutputProject/IL2CPP/libil2cpp/intrinsics/System.Private.CoreLib/System/ArrayVariations.h
[ 731/3221  0s] CopyFiles /Users/lucas-furini/repos/checkout/unity/builds/ios/Il2CppOutputProject/IL2CPP/libil2cpp/intrinsics/IntrinsicsUtility.h
[ 732/3221  0s] CopyFiles /Users/lucas-furini/repos/checkout/unity/builds/ios/Il2CppOutputProject/IL2CPP/libil2cpp/il2cpp-string-types.h
[ 733/3221  0s] CopyFiles /Users/lucas-furini/repos/checkout/unity/builds/ios/Il2CppOutputProject/IL2CPP/libil2cpp/intrinsics/System.Private.CoreLib/System/Diagnostics/Tracing/EventSource.h
[ 734/3221  0s] CopyFiles /Users/lucas-furini/repos/checkout/unity/builds/ios/Il2CppOutputProject/IL2CPP/libil2cpp/intrinsics/System.Private.CoreLib/Interop/Kernel32.h
[ 735/3221  0s] CopyFiles /Users/lucas-furini/repos/checkout/unity/builds/ios/Il2CppOutputProject/IL2CPP/libil2cpp/intrinsics/System.Private.CoreLib/System/Array.h
[ 736/3221  0s] CopyFiles /Users/lucas-furini/repos/checkout/unity/builds/ios/Il2CppOutputProject/IL2CPP/libil2cpp/il2cpp-tabledefs.h
[ 737/3221  0s] CopyFiles /Users/lucas-furini/repos/checkout/unity/builds/ios/Il2CppOutputProject/IL2CPP/libil2cpp/intrinsics/System.Private.CoreLib/Interop/Sys.cpp
[ 738/3221  0s] CopyFiles /Users/lucas-furini/repos/checkout/unity/builds/ios/Il2CppOutputProject/IL2CPP/libil2cpp/intrinsics/System.Private.CoreLib/Interop/Kernel32.cpp
[ 739/3221  0s] CopyFiles /Users/lucas-furini/repos/checkout/unity/builds/ios/Il2CppOutputProject/IL2CPP/libil2cpp/intrinsics/System.Private.CoreLib/Interop/Sys.h
[ 740/3221  0s] CopyFiles /Users/lucas-furini/repos/checkout/unity/builds/ios/Il2CppOutputProject/IL2CPP/libil2cpp/il2cpp-tokentype.h
[ 741/3221  0s] CopyFiles /Users/lucas-furini/repos/checkout/unity/builds/ios/Il2CppOutputProject/IL2CPP/libil2cpp/il2cpp-windowsruntime-types.h
[ 742/3221  0s] CopyFiles /Users/lucas-furini/repos/checkout/unity/builds/ios/Il2CppOutputProject/IL2CPP/libil2cpp/il2cpp-runtime-stats.h
[ 743/3221  0s] CopyFiles /Users/lucas-furini/repos/checkout/unity/builds/ios/Il2CppOutputProject/IL2CPP/libil2cpp/il2cpp-runtime-stats.cpp
[ 744/3221  0s] CopyFiles /Users/lucas-furini/repos/checkout/unity/builds/ios/Il2CppOutputProject/IL2CPP/libil2cpp/il2cpp-pinvoke-support.h
[ 745/3221  0s] CopyFiles /Users/lucas-furini/repos/checkout/unity/builds/ios/Il2CppOutputProject/IL2CPP/libil2cpp/il2cpp-runtime-metadata.h
[ 746/3221  0s] CopyFiles /Users/lucas-furini/repos/checkout/unity/builds/ios/Il2CppOutputProject/IL2CPP/libil2cpp/il2cpp-sanitizers.h
[ 747/3221  0s] CopyFiles /Users/lucas-furini/repos/checkout/unity/builds/ios/Il2CppOutputProject/IL2CPP/libil2cpp/il2cpp-mono-api.h
[ 748/3221  0s] CopyFiles /Users/lucas-furini/repos/checkout/unity/builds/ios/Il2CppOutputProject/IL2CPP/libil2cpp/il2cpp-metadata.h
[ 749/3221  0s] CopyFiles /Users/lucas-furini/repos/checkout/unity/builds/ios/Il2CppOutputProject/IL2CPP/libil2cpp/il2cpp-config-api.h
[ 750/3221  0s] CopyFiles /Users/lucas-furini/repos/checkout/unity/builds/ios/Il2CppOutputProject/IL2CPP/libil2cpp/il2cpp-mono-api-functions.h
[ 751/3221  0s] CopyFiles /Users/lucas-furini/repos/checkout/unity/builds/ios/Il2CppOutputProject/IL2CPP/libil2cpp/il2cpp-class-internals.h
[ 752/3221  0s] CopyFiles /Users/lucas-furini/repos/checkout/unity/builds/ios/Il2CppOutputProject/IL2CPP/libil2cpp/il2cpp-number-formatter.h
[ 753/3221  0s] CopyFiles /Users/lucas-furini/repos/checkout/unity/builds/ios/Il2CppOutputProject/IL2CPP/libil2cpp/il2cpp-normalization-tables.h
[ 754/3221  0s] CopyFiles /Users/lucas-furini/repos/checkout/unity/builds/ios/Il2CppOutputProject/IL2CPP/libil2cpp/il2cpp-intrinsics-config.h
[ 755/3221  0s] CopyFiles /Users/lucas-furini/repos/checkout/unity/builds/ios/Il2CppOutputProject/IL2CPP/libil2cpp/il2cpp-config.h
[ 756/3221  0s] CopyFiles /Users/lucas-furini/repos/checkout/unity/builds/ios/Il2CppOutputProject/IL2CPP/libil2cpp/il2cpp-object-internals.h
[ 757/3221  0s] CopyFiles /Users/lucas-furini/repos/checkout/unity/builds/ios/Il2CppOutputProject/IL2CPP/libil2cpp/il2cpp-mono-api.cpp
[ 758/3221  0s] CopyFiles /Users/lucas-furini/repos/checkout/unity/builds/ios/Il2CppOutputProject/IL2CPP/libil2cpp/il2cpp-blob.h
[ 759/3221  0s] CopyFiles /Users/lucas-furini/repos/checkout/unity/builds/ios/Il2CppOutputProject/IL2CPP/libil2cpp/il2cpp-benchmark-support.h
[ 760/3221  0s] CopyFiles /Users/lucas-furini/repos/checkout/unity/builds/ios/Il2CppOutputProject/IL2CPP/libil2cpp/il2cpp-api.h
[ 761/3221  0s] CopyFiles /Users/lucas-furini/repos/checkout/unity/builds/ios/Il2CppOutputProject/IL2CPP/libil2cpp/il2cpp-benchmark-support.cpp
[ 762/3221  0s] CopyFiles /Users/lucas-furini/repos/checkout/unity/builds/ios/Il2CppOutputProject/IL2CPP/libil2cpp/il2cpp-api-types.h
[ 763/3221  0s] CopyFiles /Users/lucas-furini/repos/checkout/unity/builds/ios/Il2CppOutputProject/IL2CPP/libil2cpp/icalls_monoaot/System.Private.CoreLib/System/ValueType.h
[ 764/3221  0s] CopyFiles /Users/lucas-furini/repos/checkout/unity/builds/ios/Il2CppOutputProject/IL2CPP/libil2cpp/icalls_monoaot/System.Private.CoreLib/System/RuntimeTypeHandle.h
[ 765/3221  0s] CopyFiles /Users/lucas-furini/repos/checkout/unity/builds/ios/Il2CppOutputProject/IL2CPP/libil2cpp/icalls_monoaot/System.Private.CoreLib/System/TypedReference.h
[ 766/3221  0s] CopyFiles /Users/lucas-furini/repos/checkout/unity/builds/ios/Il2CppOutputProject/IL2CPP/libil2cpp/il2cpp-api-functions.h
[ 767/3221  0s] CopyFiles /Users/lucas-furini/repos/checkout/unity/builds/ios/Il2CppOutputProject/IL2CPP/libil2cpp/icalls_monoaot/System.Private.CoreLib/System/String.h
[ 768/3221  0s] CopyFiles /Users/lucas-furini/repos/checkout/unity/builds/ios/Il2CppOutputProject/IL2CPP/libil2cpp/icalls_monoaot/System.Private.CoreLib/System/ValueType.cpp
[ 769/3221  0s] CopyFiles /Users/lucas-furini/repos/checkout/unity/builds/ios/Il2CppOutputProject/IL2CPP/libil2cpp/icalls_monoaot/System.Private.CoreLib/System/Type.h
[ 770/3221  0s] CopyFiles /Users/lucas-furini/repos/checkout/unity/builds/ios/Il2CppOutputProject/IL2CPP/libil2cpp/icalls_monoaot/System.Private.CoreLib/System/Type.cpp
[ 771/3221  0s] CopyFiles /Users/lucas-furini/repos/checkout/unity/builds/ios/Il2CppOutputProject/IL2CPP/libil2cpp/icalls_monoaot/System.Private.CoreLib/System/TypedReference.cpp
[ 772/3221  0s] CopyFiles /Users/lucas-furini/repos/checkout/unity/builds/ios/Il2CppOutputProject/IL2CPP/libil2cpp/icalls_monoaot/System.Private.CoreLib/System/String.cpp
[ 773/3221  0s] CopyFiles /Users/lucas-furini/repos/checkout/unity/builds/ios/Il2CppOutputProject/IL2CPP/libil2cpp/il2cpp-api.cpp
[ 774/3221  0s] CopyFiles /Users/lucas-furini/repos/checkout/unity/builds/ios/Il2CppOutputProject/IL2CPP/libil2cpp/icalls_monoaot/System.Private.CoreLib/System/RuntimeTypeHandle.cpp
[ 775/3221  0s] CopyFiles /Users/lucas-furini/repos/checkout/unity/builds/ios/Il2CppOutputProject/IL2CPP/libil2cpp/icalls_monoaot/System.Private.CoreLib/System/RuntimeFieldHandle.h
[ 776/3221  0s] CopyFiles /Users/lucas-furini/repos/checkout/unity/builds/ios/Il2CppOutputProject/IL2CPP/libil2cpp/icalls_monoaot/System.Private.CoreLib/System/RuntimeMethodHandle.h
[ 777/3221  0s] CopyFiles /Users/lucas-furini/repos/checkout/unity/builds/ios/Il2CppOutputProject/IL2CPP/libil2cpp/icalls_monoaot/System.Private.CoreLib/System/RuntimeMethodHandle.cpp
[ 778/3221  0s] CopyFiles /Users/lucas-furini/repos/checkout/unity/builds/ios/Il2CppOutputProject/IL2CPP/libil2cpp/icalls_monoaot/System.Private.CoreLib/System/RuntimeType.h
[ 779/3221  0s] CopyFiles /Users/lucas-furini/repos/checkout/unity/builds/ios/Il2CppOutputProject/IL2CPP/libil2cpp/icalls_monoaot/System.Private.CoreLib/System/Object.h
[ 780/3221  0s] CopyFiles /Users/lucas-furini/repos/checkout/unity/builds/ios/Il2CppOutputProject/IL2CPP/libil2cpp/icalls_monoaot/System.Private.CoreLib/System/Object.cpp
[ 781/3221  0s] CopyFiles /Users/lucas-furini/repos/checkout/unity/builds/ios/Il2CppOutputProject/IL2CPP/libil2cpp/icalls_monoaot/System.Private.CoreLib/System/RuntimeFieldHandle.cpp
[ 782/3221  0s] CopyFiles /Users/lucas-furini/repos/checkout/unity/builds/ios/Il2CppOutputProject/IL2CPP/libil2cpp/icalls_monoaot/System.Private.CoreLib/System/MathF.h
[ 783/3221  0s] CopyFiles /Users/lucas-furini/repos/checkout/unity/builds/ios/Il2CppOutputProject/IL2CPP/libil2cpp/icalls_monoaot/System.Private.CoreLib/System/MathF.cpp
[ 784/3221  0s] CopyFiles /Users/lucas-furini/repos/checkout/unity/builds/ios/Il2CppOutputProject/IL2CPP/libil2cpp/icalls_monoaot/System.Private.CoreLib/System/Delegate.h
[ 785/3221  0s] CopyFiles /Users/lucas-furini/repos/checkout/unity/builds/ios/Il2CppOutputProject/IL2CPP/libil2cpp/icalls_monoaot/System.Private.CoreLib/System/Math.cpp
[ 786/3221  0s] CopyFiles /Users/lucas-furini/repos/checkout/unity/builds/ios/Il2CppOutputProject/IL2CPP/libil2cpp/icalls_monoaot/System.Private.CoreLib/System/Environment.h
[ 787/3221  0s] CopyFiles /Users/lucas-furini/repos/checkout/unity/builds/ios/Il2CppOutputProject/IL2CPP/libil2cpp/icalls_monoaot/System.Private.CoreLib/System/RuntimeType.cpp
[ 788/3221  0s] CopyFiles /Users/lucas-furini/repos/checkout/unity/builds/ios/Il2CppOutputProject/IL2CPP/libil2cpp/icalls_monoaot/System.Private.CoreLib/System/Environment.cpp
[ 789/3221  0s] CopyFiles /Users/lucas-furini/repos/checkout/unity/builds/ios/Il2CppOutputProject/IL2CPP/libil2cpp/icalls_monoaot/System.Private.CoreLib/System/Enum.cpp
[ 790/3221  0s] CopyFiles /Users/lucas-furini/repos/checkout/unity/builds/ios/Il2CppOutputProject/IL2CPP/libil2cpp/icalls_monoaot/System.Private.CoreLib/System/Math.h
[ 791/3221  0s] CopyFiles /Users/lucas-furini/repos/checkout/unity/builds/ios/Il2CppOutputProject/IL2CPP/libil2cpp/icalls_monoaot/System.Private.CoreLib/System/GC.h
[ 792/3221  0s] CopyFiles /Users/lucas-furini/repos/checkout/unity/builds/ios/Il2CppOutputProject/IL2CPP/libil2cpp/icalls_monoaot/System.Private.CoreLib/System/Enum.h
[ 793/3221  0s] CopyFiles /Users/lucas-furini/repos/checkout/unity/builds/ios/Il2CppOutputProject/IL2CPP/libil2cpp/icalls_monoaot/System.Private.CoreLib/System/GC.cpp
[ 794/3221  0s] CopyFiles /Users/lucas-furini/repos/checkout/unity/builds/ios/Il2CppOutputProject/IL2CPP/libil2cpp/icalls_monoaot/System.Private.CoreLib/System/Delegate.cpp
[ 795/3221  0s] CopyFiles /Users/lucas-furini/repos/checkout/unity/builds/ios/Il2CppOutputProject/IL2CPP/libil2cpp/icalls_monoaot/System.Private.CoreLib/System.Threading/LowLevelLifoSemaphore.h
[ 796/3221  0s] CopyFiles /Users/lucas-furini/repos/checkout/unity/builds/ios/Il2CppOutputProject/IL2CPP/libil2cpp/icalls_monoaot/System.Private.CoreLib/System.Threading/Monitor.h
[ 797/3221  0s] CopyFiles /Users/lucas-furini/repos/checkout/unity/builds/ios/Il2CppOutputProject/IL2CPP/libil2cpp/icalls_monoaot/System.Private.CoreLib/System/Buffer.h
[ 798/3221  0s] CopyFiles /Users/lucas-furini/repos/checkout/unity/builds/ios/Il2CppOutputProject/IL2CPP/libil2cpp/icalls_monoaot/System.Private.CoreLib/System.Threading/Thread.h
[ 799/3221  0s] CopyFiles /Users/lucas-furini/repos/checkout/unity/builds/ios/Il2CppOutputProject/IL2CPP/libil2cpp/icalls_monoaot/System.Private.CoreLib/System.Threading/Monitor.cpp
[ 800/3221  0s] CopyFiles /Users/lucas-furini/repos/checkout/unity/builds/ios/Il2CppOutputProject/IL2CPP/libil2cpp/icalls_monoaot/System.Private.CoreLib/System/Array.cpp
[ 801/3221  0s] CopyFiles /Users/lucas-furini/repos/checkout/unity/builds/ios/Il2CppOutputProject/IL2CPP/libil2cpp/icalls_monoaot/System.Private.CoreLib/System/ArgIterator.h
[ 802/3221  0s] CopyFiles /Users/lucas-furini/repos/checkout/unity/builds/ios/Il2CppOutputProject/IL2CPP/libil2cpp/icalls_monoaot/System.Private.CoreLib/System/Buffer.cpp
[ 803/3221  0s] CopyFiles /Users/lucas-furini/repos/checkout/unity/builds/ios/Il2CppOutputProject/IL2CPP/libil2cpp/icalls_monoaot/System.Private.CoreLib/System/Array.h
[ 804/3221  0s] CopyFiles /Users/lucas-furini/repos/checkout/unity/builds/ios/Il2CppOutputProject/IL2CPP/libil2cpp/icalls_monoaot/System.Private.CoreLib/System.Threading/Thread.cpp
[ 805/3221  0s] CopyFiles /Users/lucas-furini/repos/checkout/unity/builds/ios/Il2CppOutputProject/IL2CPP/libil2cpp/icalls_monoaot/System.Private.CoreLib/System.Threading/Interlocked.h
[ 806/3221  0s] CopyFiles /Users/lucas-furini/repos/checkout/unity/builds/ios/Il2CppOutputProject/IL2CPP/libil2cpp/icalls_monoaot/System.Private.CoreLib/System.Threading/LowLevelLifoSemaphore.cpp
[ 807/3221  0s] CopyFiles /Users/lucas-furini/repos/checkout/unity/builds/ios/Il2CppOutputProject/IL2CPP/libil2cpp/icalls_monoaot/System.Private.CoreLib/System/ArgIterator.cpp
[ 808/3221  0s] CopyFiles /Users/lucas-furini/repos/checkout/unity/builds/ios/Il2CppOutputProject/IL2CPP/libil2cpp/icalls_monoaot/System.Private.CoreLib/System.Runtime.Intrinsics.X86/X86Base.h
[ 809/3221  0s] CopyFiles /Users/lucas-furini/repos/checkout/unity/builds/ios/Il2CppOutputProject/IL2CPP/libil2cpp/icalls_monoaot/System.Private.CoreLib/System.Runtime.Intrinsics.X86/X86Base.cpp
[ 810/3221  0s] CopyFiles /Users/lucas-furini/repos/checkout/unity/builds/ios/Il2CppOutputProject/IL2CPP/libil2cpp/icalls_monoaot/System.Private.CoreLib/System.Runtime.InteropServices/NativeLibrary.h
[ 811/3221  0s] CopyFiles /Users/lucas-furini/repos/checkout/unity/builds/ios/Il2CppOutputProject/IL2CPP/libil2cpp/icalls_monoaot/System.Private.CoreLib/System.Threading/Interlocked.cpp
[ 812/3221  0s] CopyFiles /Users/lucas-furini/repos/checkout/unity/builds/ios/Il2CppOutputProject/IL2CPP/libil2cpp/icalls_monoaot/System.Private.CoreLib/System.Runtime.Loader/AssemblyLoadContext.h
[ 813/3221  0s] CopyFiles /Users/lucas-furini/repos/checkout/unity/builds/ios/Il2CppOutputProject/IL2CPP/libil2cpp/icalls_monoaot/System.Private.CoreLib/System.Runtime.Loader/AssemblyLoadContext.cpp
[ 814/3221  0s] CopyFiles /Users/lucas-furini/repos/checkout/unity/builds/ios/Il2CppOutputProject/IL2CPP/libil2cpp/icalls_monoaot/System.Private.CoreLib/System.Runtime.InteropServices/Marshal.h
[ 815/3221  0s] CopyFiles /Users/lucas-furini/repos/checkout/unity/builds/ios/Il2CppOutputProject/IL2CPP/libil2cpp/icalls_monoaot/System.Private.CoreLib/System.Runtime.InteropServices/NativeLibrary.cpp
[ 816/3221  0s] CopyFiles /Users/lucas-furini/repos/checkout/unity/builds/ios/Il2CppOutputProject/IL2CPP/libil2cpp/icalls_monoaot/System.Private.CoreLib/System.Runtime.InteropServices/GCHandle.h
[ 817/3221  0s] CopyFiles /Users/lucas-furini/repos/checkout/unity/builds/ios/Il2CppOutputProject/IL2CPP/libil2cpp/icalls_monoaot/System.Private.CoreLib/System.Runtime.InteropServices/GCHandle.cpp
[ 818/3221  0s] CopyFiles /Users/lucas-furini/repos/checkout/unity/builds/ios/Il2CppOutputProject/IL2CPP/libil2cpp/icalls_monoaot/System.Private.CoreLib/System.Reflection/RuntimePropertyInfo.h
[ 819/3221  0s] CopyFiles /Users/lucas-furini/repos/checkout/unity/builds/ios/Il2CppOutputProject/IL2CPP/libil2cpp/icalls_monoaot/System.Private.CoreLib/System.Runtime.CompilerServices/RuntimeHelpers.cpp
[ 820/3221  0s] CopyFiles /Users/lucas-furini/repos/checkout/unity/builds/ios/Il2CppOutputProject/IL2CPP/libil2cpp/icalls_monoaot/System.Private.CoreLib/System.Reflection/RuntimeParameterInfo.cpp
[ 821/3221  0s] CopyFiles /Users/lucas-furini/repos/checkout/unity/builds/ios/Il2CppOutputProject/IL2CPP/libil2cpp/icalls_monoaot/System.Private.CoreLib/System.Reflection/RuntimeParameterInfo.h
[ 822/3221  0s] CopyFiles /Users/lucas-furini/repos/checkout/unity/builds/ios/Il2CppOutputProject/IL2CPP/libil2cpp/icalls_monoaot/System.Private.CoreLib/System.Reflection/RuntimePropertyInfo.cpp
[ 823/3221  0s] CopyFiles /Users/lucas-furini/repos/checkout/unity/builds/ios/Il2CppOutputProject/IL2CPP/libil2cpp/icalls_monoaot/System.Private.CoreLib/System.Runtime.CompilerServices/RuntimeHelpers.h
[ 824/3221  0s] CopyFiles /Users/lucas-furini/repos/checkout/unity/builds/ios/Il2CppOutputProject/IL2CPP/libil2cpp/icalls_monoaot/System.Private.CoreLib/System.Reflection/RuntimeMethodInfo.h
[ 825/3221  0s] CopyFiles /Users/lucas-furini/repos/checkout/unity/builds/ios/Il2CppOutputProject/IL2CPP/libil2cpp/icalls_monoaot/System.Private.CoreLib/System.Reflection/RuntimeModule.cpp
[ 826/3221  0s] CopyFiles /Users/lucas-furini/repos/checkout/unity/builds/ios/Il2CppOutputProject/IL2CPP/libil2cpp/icalls_monoaot/System.Private.CoreLib/System.Runtime.InteropServices/Marshal.cpp
[ 827/3221  0s] CopyFiles /Users/lucas-furini/repos/checkout/unity/builds/ios/Il2CppOutputProject/IL2CPP/libil2cpp/icalls_monoaot/System.Private.CoreLib/System.Reflection/RuntimeModule.h
[ 828/3221  0s] CopyFiles /Users/lucas-furini/repos/checkout/unity/builds/ios/Il2CppOutputProject/IL2CPP/libil2cpp/icalls_monoaot/System.Private.CoreLib/System.Reflection/RuntimeFieldInfo.h
[ 829/3221  0s] CopyFiles /Users/lucas-furini/repos/checkout/unity/builds/ios/Il2CppOutputProject/IL2CPP/libil2cpp/icalls_monoaot/System.Private.CoreLib/System.Reflection/RuntimeConstructorInfo.cpp
[ 830/3221  0s] CopyFiles /Users/lucas-furini/repos/checkout/unity/builds/ios/Il2CppOutputProject/IL2CPP/libil2cpp/icalls_monoaot/System.Private.CoreLib/System.Reflection/RuntimeEventInfo.h
[ 831/3221  0s] CopyFiles /Users/lucas-furini/repos/checkout/unity/builds/ios/Il2CppOutputProject/IL2CPP/libil2cpp/icalls_monoaot/System.Private.CoreLib/System.Reflection/RuntimeAssembly.h
[ 832/3221  0s] CopyFiles /Users/lucas-furini/repos/checkout/unity/builds/ios/Il2CppOutputProject/IL2CPP/libil2cpp/icalls_monoaot/System.Private.CoreLib/System.Reflection/RuntimeConstructorInfo.h
[ 833/3221  0s] CopyFiles /Users/lucas-furini/repos/checkout/unity/builds/ios/Il2CppOutputProject/IL2CPP/libil2cpp/icalls_monoaot/System.Private.CoreLib/System.Reflection/RuntimeCustomAttributeData.h
[ 834/3221  0s] CopyFiles /Users/lucas-furini/repos/checkout/unity/builds/ios/Il2CppOutputProject/IL2CPP/libil2cpp/icalls_monoaot/System.Private.CoreLib/System.Reflection/RuntimeEventInfo.cpp
[ 835/3221  0s] CopyFiles /Users/lucas-furini/repos/checkout/unity/builds/ios/Il2CppOutputProject/IL2CPP/libil2cpp/icalls_monoaot/System.Private.CoreLib/System.Reflection/RuntimeAssembly.cpp
[ 836/3221  0s] CopyFiles /Users/lucas-furini/repos/checkout/unity/builds/ios/Il2CppOutputProject/IL2CPP/libil2cpp/icalls_monoaot/System.Private.CoreLib/System.Reflection/RuntimeCustomAttributeData.cpp
[ 837/3221  0s] CopyFiles /Users/lucas-furini/repos/checkout/unity/builds/ios/Il2CppOutputProject/IL2CPP/libil2cpp/icalls_monoaot/System.Private.CoreLib/System.Reflection/MonoMethodInfo.cpp
[ 838/3221  0s] CopyFiles /Users/lucas-furini/repos/checkout/unity/builds/ios/Il2CppOutputProject/IL2CPP/libil2cpp/icalls_monoaot/System.Private.CoreLib/System.Reflection/RuntimeMethodInfo.cpp
[ 839/3221  0s] CopyFiles /Users/lucas-furini/repos/checkout/unity/builds/ios/Il2CppOutputProject/IL2CPP/libil2cpp/icalls_monoaot/System.Private.CoreLib/System.Reflection/MethodBase.h
[ 840/3221  0s] CopyFiles /Users/lucas-furini/repos/checkout/unity/builds/ios/Il2CppOutputProject/IL2CPP/libil2cpp/icalls_monoaot/System.Private.CoreLib/System.Reflection/LoaderAllocatorScout.cpp
[ 841/3221  0s] CopyFiles /Users/lucas-furini/repos/checkout/unity/builds/ios/Il2CppOutputProject/IL2CPP/libil2cpp/icalls_monoaot/System.Private.CoreLib/System.Reflection/MethodBase.cpp
[ 842/3221  0s] CopyFiles /Users/lucas-furini/repos/checkout/unity/builds/ios/Il2CppOutputProject/IL2CPP/libil2cpp/icalls_monoaot/System.Private.CoreLib/System.Reflection/FieldInfo.h
[ 843/3221  0s] CopyFiles /Users/lucas-furini/repos/checkout/unity/builds/ios/Il2CppOutputProject/IL2CPP/libil2cpp/icalls_monoaot/System.Private.CoreLib/System.Reflection/MonoMethodInfo.h
[ 844/3221  0s] CopyFiles /Users/lucas-furini/repos/checkout/unity/builds/ios/Il2CppOutputProject/IL2CPP/libil2cpp/icalls_monoaot/System.Private.CoreLib/System.Reflection/RuntimeFieldInfo.cpp
[ 845/3221  0s] CopyFiles /Users/lucas-furini/repos/checkout/unity/builds/ios/Il2CppOutputProject/IL2CPP/libil2cpp/icalls_monoaot/System.Private.CoreLib/System.Reflection/LoaderAllocatorScout.h
[ 846/3221  0s] CopyFiles /Users/lucas-furini/repos/checkout/unity/builds/ios/Il2CppOutputProject/IL2CPP/libil2cpp/icalls_monoaot/System.Private.CoreLib/System.Reflection/FieldInfo.cpp
[ 847/3221  0s] CopyFiles /Users/lucas-furini/repos/checkout/unity/builds/ios/Il2CppOutputProject/IL2CPP/libil2cpp/icalls_monoaot/System.Private.CoreLib/System.Reflection/CustomAttribute.h
[ 848/3221  0s] CopyFiles /Users/lucas-furini/repos/checkout/unity/builds/ios/Il2CppOutputProject/IL2CPP/libil2cpp/icalls_monoaot/System.Private.CoreLib/System.Reflection/CustomAttribute.cpp
[ 849/3221  0s] CopyFiles /Users/lucas-furini/repos/checkout/unity/builds/ios/Il2CppOutputProject/IL2CPP/libil2cpp/icalls_monoaot/System.Private.CoreLib/System.Reflection/AssemblyName.h
[ 850/3221  0s] CopyFiles /Users/lucas-furini/repos/checkout/unity/builds/ios/Il2CppOutputProject/IL2CPP/libil2cpp/icalls_monoaot/System.Private.CoreLib/System.Reflection.Metadata/MetadataUpdater.h
[ 851/3221  0s] CopyFiles /Users/lucas-furini/repos/checkout/unity/builds/ios/Il2CppOutputProject/IL2CPP/libil2cpp/icalls_monoaot/System.Private.CoreLib/System.Reflection/Assembly.cpp
[ 852/3221  0s] CopyFiles /Users/lucas-furini/repos/checkout/unity/builds/ios/Il2CppOutputProject/IL2CPP/libil2cpp/icalls_monoaot/System.Private.CoreLib/System.Reflection/AssemblyName.cpp
[ 853/3221  0s] CopyFiles /Users/lucas-furini/repos/checkout/unity/builds/ios/Il2CppOutputProject/IL2CPP/libil2cpp/icalls_monoaot/System.Private.CoreLib/System.Reflection/Assembly.h
[ 854/3221  0s] CopyFiles /Users/lucas-furini/repos/checkout/unity/builds/ios/Il2CppOutputProject/IL2CPP/libil2cpp/icalls_monoaot/System.Private.CoreLib/System.Reflection.Metadata/MetadataUpdater.cpp
[ 855/3221  0s] CopyFiles /Users/lucas-furini/repos/checkout/unity/builds/ios/Il2CppOutputProject/IL2CPP/libil2cpp/icalls_monoaot/System.Private.CoreLib/System.Reflection.Emit/SignatureHelper.cpp
[ 856/3221  0s] CopyFiles /Users/lucas-furini/repos/checkout/unity/builds/ios/Il2CppOutputProject/IL2CPP/libil2cpp/icalls_monoaot/System.Private.CoreLib/System.Reflection.Emit/RuntimeTypeBuilder.h
[ 857/3221  0s] CopyFiles /Users/lucas-furini/repos/checkout/unity/builds/ios/Il2CppOutputProject/IL2CPP/libil2cpp/icalls_monoaot/System.Private.CoreLib/System.Reflection.Emit/SignatureHelper.h
[ 858/3221  0s] CopyFiles /Users/lucas-furini/repos/checkout/unity/builds/ios/Il2CppOutputProject/IL2CPP/libil2cpp/icalls_monoaot/System.Private.CoreLib/System.Reflection.Emit/RuntimeTypeBuilder.cpp
[ 859/3221  0s] CopyFiles /Users/lucas-furini/repos/checkout/unity/builds/ios/Il2CppOutputProject/IL2CPP/libil2cpp/icalls_monoaot/System.Private.CoreLib/System.Reflection.Emit/RuntimeAssemblyBuilder.h
[ 860/3221  0s] CopyFiles /Users/lucas-furini/repos/checkout/unity/builds/ios/Il2CppOutputProject/IL2CPP/libil2cpp/icalls_monoaot/System.Private.CoreLib/System.Reflection.Emit/RuntimeModuleBuilder.cpp
[ 861/3221  0s] CopyFiles /Users/lucas-furini/repos/checkout/unity/builds/ios/Il2CppOutputProject/IL2CPP/libil2cpp/icalls_monoaot/System.Private.CoreLib/System.Reflection.Emit/RuntimeEnumBuilder.cpp
[ 862/3221  0s] CopyFiles /Users/lucas-furini/repos/checkout/unity/builds/ios/Il2CppOutputProject/IL2CPP/libil2cpp/icalls_monoaot/System.Private.CoreLib/System.Reflection.Emit/DynamicMethod.h
[ 863/3221  0s] CopyFiles /Users/lucas-furini/repos/checkout/unity/builds/ios/Il2CppOutputProject/IL2CPP/libil2cpp/icalls_monoaot/System.Private.CoreLib/System.Reflection.Emit/RuntimeEnumBuilder.h
[ 864/3221  0s] CopyFiles /Users/lucas-furini/repos/checkout/unity/builds/ios/Il2CppOutputProject/IL2CPP/libil2cpp/icalls_monoaot/System.Private.CoreLib/System.Reflection.Emit/RuntimeAssemblyBuilder.cpp
[ 865/3221  0s] CopyFiles /Users/lucas-furini/repos/checkout/unity/builds/ios/Il2CppOutputProject/IL2CPP/libil2cpp/icalls_monoaot/System.Private.CoreLib/System.Reflection.Emit/DynamicMethod.cpp
[ 866/3221  0s] CopyFiles /Users/lucas-furini/repos/checkout/unity/builds/ios/Il2CppOutputProject/IL2CPP/libil2cpp/icalls_monoaot/System.Private.CoreLib/System.Reflection.Emit/CustomAttributeBuilder.cpp
[ 867/3221  0s] CopyFiles /Users/lucas-furini/repos/checkout/unity/builds/ios/Il2CppOutputProject/IL2CPP/libil2cpp/icalls_monoaot/System.Private.CoreLib/System.Reflection.Emit/RuntimeModuleBuilder.h
[ 868/3221  0s] CopyFiles /Users/lucas-furini/repos/checkout/unity/builds/ios/Il2CppOutputProject/IL2CPP/libil2cpp/icalls_monoaot/System.Private.CoreLib/System.Reflection.Emit/CustomAttributeBuilder.h
[ 869/3221  0s] CopyFiles /Users/lucas-furini/repos/checkout/unity/builds/ios/Il2CppOutputProject/IL2CPP/libil2cpp/icalls_monoaot/System.Private.CoreLib/System.IO/Stream.h
[ 870/3221  0s] CopyFiles /Users/lucas-furini/repos/checkout/unity/builds/ios/Il2CppOutputProject/IL2CPP/libil2cpp/icalls_monoaot/System.Private.CoreLib/System.Diagnostics/StackFrame.h
[ 871/3221  0s] CopyFiles /Users/lucas-furini/repos/checkout/unity/builds/ios/Il2CppOutputProject/IL2CPP/libil2cpp/icalls_monoaot/System.Private.CoreLib/System.IO/Stream.cpp
[ 872/3221  0s] CopyFiles /Users/lucas-furini/repos/checkout/unity/builds/ios/Il2CppOutputProject/IL2CPP/libil2cpp/icalls_monoaot/System.Private.CoreLib/System.Diagnostics/StackTrace.h
[ 873/3221  0s] CopyFiles /Users/lucas-furini/repos/checkout/unity/builds/ios/Il2CppOutputProject/IL2CPP/libil2cpp/icalls_monoaot/System.Private.CoreLib/System.Diagnostics/Debugger.h
[ 874/3221  0s] CopyFiles /Users/lucas-furini/repos/checkout/unity/builds/ios/Il2CppOutputProject/IL2CPP/libil2cpp/icalls_monoaot/System.Private.CoreLib/System.Diagnostics/Debugger.cpp
[ 875/3221  0s] CopyFiles /Users/lucas-furini/repos/checkout/unity/builds/ios/Il2CppOutputProject/IL2CPP/libil2cpp/icalls_monoaot/System.Private.CoreLib/System.Diagnostics.Tracing/EventPipeInternal.cpp
[ 876/3221  0s] CopyFiles /Users/lucas-furini/repos/checkout/unity/builds/ios/Il2CppOutputProject/IL2CPP/libil2cpp/icalls_monoaot/System.Private.CoreLib/System.Diagnostics/StackTrace.cpp
[ 877/3221  0s] CopyFiles /Users/lucas-furini/repos/checkout/unity/builds/ios/Il2CppOutputProject/IL2CPP/libil2cpp/icalls_monoaot/System.Private.CoreLib/System.Diagnostics/StackFrame.cpp
[ 878/3221  0s] CopyFiles /Users/lucas-furini/repos/checkout/unity/builds/ios/Il2CppOutputProject/IL2CPP/libil2cpp/icalls_monoaot/System.Private.CoreLib/System.Diagnostics.Tracing/EventPipeInternal.h
[ 879/3221  0s] CopyFiles /Users/lucas-furini/repos/checkout/unity/builds/ios/Il2CppOutputProject/IL2CPP/libil2cpp/icalls_monoaot/System.Private.CoreLib/System.Diagnostics.Tracing/NativeRuntimeEventSource.cpp
[ 880/3221  0s] CopyFiles /Users/lucas-furini/repos/checkout/unity/builds/ios/Il2CppOutputProject/IL2CPP/libil2cpp/icalls_monoaot/System.Private.CoreLib/System.Diagnostics.Tracing/NativeRuntimeEventSource.h
[ 881/3221 919s] CopyFiles /Users/lucas-furini/repos/checkout/unity/builds/ios/Il2CppOutputProject/IL2CPP/libil2cpp/icalls_monoaot/System.Private.CoreLib/Mono/RuntimeGPtrArrayHandle.h
[ 882/3221 919s] CopyFiles /Users/lucas-furini/repos/checkout/unity/builds/ios/Il2CppOutputProject/IL2CPP/libil2cpp/icalls_monoaot/System.Private.CoreLib/Mono/SafeStringMarshal.cpp
[ 883/3221 919s] CopyFiles /Users/lucas-furini/repos/checkout/unity/builds/ios/Il2CppOutputProject/IL2CPP/libil2cpp/icalls_monoaot/System.Private.CoreLib/Mono/RuntimeGPtrArrayHandle.cpp
[ 884/3221 919s] CopyFiles /Users/lucas-furini/repos/checkout/unity/builds/ios/Il2CppOutputProject/IL2CPP/libil2cpp/icalls_monoaot/System.Private.CoreLib/Mono/RuntimeClassHandle.cpp
[ 885/3221 919s] CopyFiles /Users/lucas-furini/repos/checkout/unity/builds/ios/Il2CppOutputProject/IL2CPP/libil2cpp/icalls_monoaot/System.Private.CoreLib/Mono/SafeStringMarshal.h
[ 886/3221 919s] CopyFiles /Users/lucas-furini/repos/checkout/unity/builds/ios/Il2CppOutputProject/IL2CPP/libil2cpp/icalls/System/System.Threading/Semaphore.cpp
[ 887/3221 919s] CopyFiles /Users/lucas-furini/repos/checkout/unity/builds/ios/Il2CppOutputProject/IL2CPP/libil2cpp/icalls/System/System.Net.Sockets/SocketException.h
[ 888/3221 919s] CopyFiles /Users/lucas-furini/repos/checkout/unity/builds/ios/Il2CppOutputProject/IL2CPP/libil2cpp/icalls_monoaot/System.Private.CoreLib/Mono/RuntimeClassHandle.h
[ 889/3221 919s] CopyFiles /Users/lucas-furini/repos/checkout/unity/builds/ios/Il2CppOutputProject/IL2CPP/libil2cpp/icalls/System/System.Net/Dns.cpp
[ 890/3221 919s] CopyFiles /Users/lucas-furini/repos/checkout/unity/builds/ios/Il2CppOutputProject/IL2CPP/libil2cpp/icalls/System/System.Net/Dns.h
[ 891/3221 919s] CopyFiles /Users/lucas-furini/repos/checkout/unity/builds/ios/Il2CppOutputProject/IL2CPP/libil2cpp/icalls/System/System.Threading/Semaphore.h
[ 892/3221  0s] CopyFiles /Users/lucas-furini/repos/checkout/unity/builds/ios/Il2CppOutputProject/IL2CPP/libil2cpp/icalls/System/System.Net.NetworkInformation/LinuxNetworkInterface.h
[ 893/3221  0s] CopyFiles /Users/lucas-furini/repos/checkout/unity/builds/ios/Il2CppOutputProject/IL2CPP/libil2cpp/icalls/System/System.Diagnostics/Stopwatch.h
[ 894/3221  0s] CopyFiles /Users/lucas-furini/repos/checkout/unity/builds/ios/Il2CppOutputProject/IL2CPP/libil2cpp/icalls/System/System.Net.NetworkInformation/MacOsIPInterfaceProperties.h
[ 895/3221  0s] CopyFiles /Users/lucas-furini/repos/checkout/unity/builds/ios/Il2CppOutputProject/IL2CPP/libil2cpp/icalls/System/System.Net.Sockets/SocketException.cpp
[ 896/3221  0s] CopyFiles /Users/lucas-furini/repos/checkout/unity/builds/ios/Il2CppOutputProject/IL2CPP/libil2cpp/icalls/System/System.Diagnostics/Stopwatch.cpp
[ 897/3221  0s] CopyFiles /Users/lucas-furini/repos/checkout/unity/builds/ios/Il2CppOutputProject/IL2CPP/libil2cpp/icalls/System/System.Net.Sockets/Socket.h
[ 898/3221  0s] CopyFiles /Users/lucas-furini/repos/checkout/unity/builds/ios/Il2CppOutputProject/IL2CPP/libil2cpp/icalls/System/System.IO/FileSystemWatcher.cpp
[ 899/3221  0s] CopyFiles /Users/lucas-furini/repos/checkout/unity/builds/ios/Il2CppOutputProject/IL2CPP/libil2cpp/icalls/System/System.Diagnostics/FileVersionInfo.cpp
[ 900/3221  0s] CopyFiles /Users/lucas-furini/repos/checkout/unity/builds/ios/Il2CppOutputProject/IL2CPP/libil2cpp/icalls/System/System.Diagnostics/FileVersionInfo.h
[ 901/3221  0s] CopyFiles /Users/lucas-furini/repos/checkout/unity/builds/ios/Il2CppOutputProject/IL2CPP/libil2cpp/icalls/System/System.Diagnostics/Process.h
[ 902/3221  0s] CopyFiles /Users/lucas-furini/repos/checkout/unity/builds/ios/Il2CppOutputProject/IL2CPP/libil2cpp/icalls/System/System.Net.Sockets/Socket.cpp
[ 903/3221  0s] CopyFiles /Users/lucas-furini/repos/checkout/unity/builds/ios/Il2CppOutputProject/IL2CPP/libil2cpp/icalls/System/System.IO/FileSystemWatcher.h
[ 904/3221  0s] CopyFiles /Users/lucas-furini/repos/checkout/unity/builds/ios/Il2CppOutputProject/IL2CPP/libil2cpp/icalls/System/System.Net.NetworkInformation/LinuxNetworkInterface.cpp
[ 905/3221  0s] CopyFiles /Users/lucas-furini/repos/checkout/unity/builds/ios/Il2CppOutputProject/IL2CPP/libil2cpp/icalls/System/System.Net.NetworkInformation/MacOsIPInterfaceProperties.cpp
[ 906/3221  0s] CopyFiles /Users/lucas-furini/repos/checkout/unity/builds/ios/Il2CppOutputProject/IL2CPP/libil2cpp/icalls/System/System.Diagnostics/Process.cpp
[ 907/3221  0s] CopyFiles /Users/lucas-furini/repos/checkout/unity/builds/ios/Il2CppOutputProject/IL2CPP/libil2cpp/icalls/System/Mono.Net.Security/MonoTlsProviderFactory.cpp
[ 908/3221  0s] CopyFiles /Users/lucas-furini/repos/checkout/unity/builds/ios/Il2CppOutputProject/IL2CPP/libil2cpp/icalls/System/Microsoft.Win32/NativeMethods.h
[ 909/3221  0s] CopyFiles /Users/lucas-furini/repos/checkout/unity/builds/ios/Il2CppOutputProject/IL2CPP/libil2cpp/icalls/System/System.Diagnostics/DefaultTraceListener.h
[ 910/3221  0s] CopyFiles /Users/lucas-furini/repos/checkout/unity/builds/ios/Il2CppOutputProject/IL2CPP/libil2cpp/icalls/System/System.Diagnostics/DefaultTraceListener.cpp
[ 911/3221  0s] CopyFiles /Users/lucas-furini/repos/checkout/unity/builds/ios/Il2CppOutputProject/IL2CPP/libil2cpp/icalls/System/Mono.Net.Security/MonoTlsProviderFactory.h
[ 912/3221  0s] CopyFiles /Users/lucas-furini/repos/checkout/unity/builds/ios/Il2CppOutputProject/IL2CPP/libil2cpp/icalls/System.Core/System.IO.MemoryMappedFiles/MemoryMapImpl.cpp
[ 913/3221  0s] CopyFiles /Users/lucas-furini/repos/checkout/unity/builds/ios/Il2CppOutputProject/IL2CPP/libil2cpp/icalls/System.Core/System.IO.MemoryMappedFiles/MemoryMapImpl.h
[ 914/3221  0s] CopyFiles /Users/lucas-furini/repos/checkout/unity/builds/ios/Il2CppOutputProject/IL2CPP/libil2cpp/icalls/System/Microsoft.Win32/NativeMethods.cpp
[ 915/3221  0s] CopyFiles /Users/lucas-furini/repos/checkout/unity/builds/ios/Il2CppOutputProject/IL2CPP/libil2cpp/icalls/mscorlib/System/ValueType.h
[ 916/3221  0s] CopyFiles /Users/lucas-furini/repos/checkout/unity/builds/ios/Il2CppOutputProject/IL2CPP/libil2cpp/icalls/mscorlib/System/Type.h
[ 917/3221  0s] CopyFiles /Users/lucas-furini/repos/checkout/unity/builds/ios/Il2CppOutputProject/IL2CPP/libil2cpp/icalls/mscorlib/System/TypedReference.cpp
[ 918/3221  0s] CopyFiles /Users/lucas-furini/repos/checkout/unity/builds/ios/Il2CppOutputProject/IL2CPP/libil2cpp/icalls/mscorlib/System/TypedReference.h
[ 919/3221  0s] CopyFiles /Users/lucas-furini/repos/checkout/unity/builds/ios/Il2CppOutputProject/IL2CPP/libil2cpp/icalls/mscorlib/System/ValueType.cpp
[ 920/3221  0s] CopyFiles /Users/lucas-furini/repos/checkout/unity/builds/ios/Il2CppOutputProject/IL2CPP/libil2cpp/icalls/mscorlib/System/String.h
[ 921/3221  0s] CopyFiles /Users/lucas-furini/repos/checkout/unity/builds/ios/Il2CppOutputProject/IL2CPP/libil2cpp/icalls/mscorlib/System/Type.cpp
[ 922/3221  0s] CopyFiles /Users/lucas-furini/repos/checkout/unity/builds/ios/Il2CppOutputProject/IL2CPP/libil2cpp/icalls/mscorlib/System/String.cpp
[ 923/3221  0s] CopyFiles /Users/lucas-furini/repos/checkout/unity/builds/ios/Il2CppOutputProject/IL2CPP/libil2cpp/icalls/mscorlib/System/RuntimeMethodHandle.cpp
[ 924/3221  0s] CopyFiles /Users/lucas-furini/repos/checkout/unity/builds/ios/Il2CppOutputProject/IL2CPP/libil2cpp/icalls/mscorlib/System/Object.cpp
[ 925/3221  0s] CopyFiles /Users/lucas-furini/repos/checkout/unity/builds/ios/Il2CppOutputProject/IL2CPP/libil2cpp/icalls/mscorlib/System/Object.h
[ 926/3221  0s] CopyFiles /Users/lucas-furini/repos/checkout/unity/builds/ios/Il2CppOutputProject/IL2CPP/libil2cpp/icalls/mscorlib/System/RuntimeTypeHandle.h
[ 927/3221  0s] CopyFiles /Users/lucas-furini/repos/checkout/unity/builds/ios/Il2CppOutputProject/IL2CPP/libil2cpp/icalls/mscorlib/System/RuntimeType.h
[ 928/3221  0s] CopyFiles /Users/lucas-furini/repos/checkout/unity/builds/ios/Il2CppOutputProject/IL2CPP/libil2cpp/icalls/mscorlib/System/RuntimeFieldHandle.h
[ 929/3221  0s] CopyFiles /Users/lucas-furini/repos/checkout/unity/builds/ios/Il2CppOutputProject/IL2CPP/libil2cpp/icalls/mscorlib/System/RuntimeTypeHandle.cpp
[ 930/3221  0s] CopyFiles /Users/lucas-furini/repos/checkout/unity/builds/ios/Il2CppOutputProject/IL2CPP/libil2cpp/icalls/mscorlib/System/RuntimeFieldHandle.cpp
[ 931/3221  0s] CopyFiles /Users/lucas-furini/repos/checkout/unity/builds/ios/Il2CppOutputProject/IL2CPP/libil2cpp/icalls/mscorlib/System/NumberFormatter.h
[ 932/3221  0s] CopyFiles /Users/lucas-furini/repos/checkout/unity/builds/ios/Il2CppOutputProject/IL2CPP/libil2cpp/icalls/mscorlib/System/RuntimeMethodHandle.h
[ 933/3221  0s] CopyFiles /Users/lucas-furini/repos/checkout/unity/builds/ios/Il2CppOutputProject/IL2CPP/libil2cpp/icalls/mscorlib/System/RuntimeType.cpp
[ 934/3221  0s] CopyFiles /Users/lucas-furini/repos/checkout/unity/builds/ios/Il2CppOutputProject/IL2CPP/libil2cpp/icalls/mscorlib/System/MathF.cpp
[ 935/3221  0s] CopyFiles /Users/lucas-furini/repos/checkout/unity/builds/ios/Il2CppOutputProject/IL2CPP/libil2cpp/icalls/mscorlib/System/MonoCustomAttrs.cpp
[ 936/3221  0s] CopyFiles /Users/lucas-furini/repos/checkout/unity/builds/ios/Il2CppOutputProject/IL2CPP/libil2cpp/icalls/mscorlib/System/Math.cpp
[ 937/3221  0s] CopyFiles /Users/lucas-furini/repos/checkout/unity/builds/ios/Il2CppOutputProject/IL2CPP/libil2cpp/icalls/mscorlib/System/Number.cpp
[ 938/3221  0s] CopyFiles /Users/lucas-furini/repos/checkout/unity/builds/ios/Il2CppOutputProject/IL2CPP/libil2cpp/icalls/mscorlib/System/GC.cpp
[ 939/3221  0s] CopyFiles /Users/lucas-furini/repos/checkout/unity/builds/ios/Il2CppOutputProject/IL2CPP/libil2cpp/icalls/mscorlib/System/Exception.cpp
[ 940/3221  0s] CopyFiles /Users/lucas-furini/repos/checkout/unity/builds/ios/Il2CppOutputProject/IL2CPP/libil2cpp/icalls/mscorlib/System/Enum.h
[ 941/3221  0s] CopyFiles /Users/lucas-furini/repos/checkout/unity/builds/ios/Il2CppOutputProject/IL2CPP/libil2cpp/icalls/mscorlib/System/Environment.h
[ 942/3221  0s] CopyFiles /Users/lucas-furini/repos/checkout/unity/builds/ios/Il2CppOutputProject/IL2CPP/libil2cpp/icalls/mscorlib/System/Environment.cpp
[ 943/3221  0s] CopyFiles /Users/lucas-furini/repos/checkout/unity/builds/ios/Il2CppOutputProject/IL2CPP/libil2cpp/icalls/mscorlib/System/Enum.cpp
[ 944/3221  0s] CopyFiles /Users/lucas-furini/repos/checkout/unity/builds/ios/Il2CppOutputProject/IL2CPP/libil2cpp/icalls/mscorlib/System/Delegate.h
[ 945/3221  0s] CopyFiles /Users/lucas-furini/repos/checkout/unity/builds/ios/Il2CppOutputProject/IL2CPP/libil2cpp/icalls/mscorlib/System/Delegate.cpp
[ 946/3221  0s] CopyFiles /Users/lucas-furini/repos/checkout/unity/builds/ios/Il2CppOutputProject/IL2CPP/libil2cpp/icalls/mscorlib/System/DateTime.h
[ 947/3221  0s] CopyFiles /Users/lucas-furini/repos/checkout/unity/builds/ios/Il2CppOutputProject/IL2CPP/libil2cpp/icalls/mscorlib/System/DateTime.cpp
[ 948/3221  0s] CopyFiles /Users/lucas-furini/repos/checkout/unity/builds/ios/Il2CppOutputProject/IL2CPP/libil2cpp/icalls/mscorlib/System/CurrentSystemTimeZone.h
[ 949/3221  0s] CopyFiles /Users/lucas-furini/repos/checkout/unity/builds/ios/Il2CppOutputProject/IL2CPP/libil2cpp/icalls/mscorlib/System/CurrentSystemTimeZone.cpp
[ 950/3221  0s] CopyFiles /Users/lucas-furini/repos/checkout/unity/builds/ios/Il2CppOutputProject/IL2CPP/libil2cpp/icalls/mscorlib/System/ConsoleDriver.h
[ 951/3221  0s] CopyFiles /Users/lucas-furini/repos/checkout/unity/builds/ios/Il2CppOutputProject/IL2CPP/libil2cpp/icalls/mscorlib/System/NumberFormatter.cpp
[ 952/3221  0s] CopyFiles /Users/lucas-furini/repos/checkout/unity/builds/ios/Il2CppOutputProject/IL2CPP/libil2cpp/icalls/mscorlib/System/ConsoleDriver.cpp
[ 953/3221  0s] CopyFiles /Users/lucas-furini/repos/checkout/unity/builds/ios/Il2CppOutputProject/IL2CPP/libil2cpp/icalls/mscorlib/System/CLRConfig.h
[ 954/3221  0s] CopyFiles /Users/lucas-furini/repos/checkout/unity/builds/ios/Il2CppOutputProject/IL2CPP/libil2cpp/icalls/mscorlib/System/CLRConfig.cpp
[ 955/3221  0s] CopyFiles /Users/lucas-furini/repos/checkout/unity/builds/ios/Il2CppOutputProject/IL2CPP/libil2cpp/icalls/mscorlib/System/Buffer.h
[ 956/3221  0s] CopyFiles /Users/lucas-furini/repos/checkout/unity/builds/ios/Il2CppOutputProject/IL2CPP/libil2cpp/icalls/mscorlib/System/Buffer.cpp
[ 957/3221  0s] CopyFiles /Users/lucas-furini/repos/checkout/unity/builds/ios/Il2CppOutputProject/IL2CPP/libil2cpp/icalls/mscorlib/System/ArgIterator.cpp
[ 958/3221  0s] CopyFiles /Users/lucas-furini/repos/checkout/unity/builds/ios/Il2CppOutputProject/IL2CPP/libil2cpp/icalls/mscorlib/System/ArgIterator.h
[ 959/3221  0s] CopyFiles /Users/lucas-furini/repos/checkout/unity/builds/ios/Il2CppOutputProject/IL2CPP/libil2cpp/icalls/mscorlib/System/Array.h
[ 960/3221  0s] CopyFiles /Users/lucas-furini/repos/checkout/unity/builds/ios/Il2CppOutputProject/IL2CPP/libil2cpp/icalls/mscorlib/System/Array.cpp
[ 961/3221  0s] CopyFiles /Users/lucas-furini/repos/checkout/unity/builds/ios/Il2CppOutputProject/IL2CPP/libil2cpp/icalls/mscorlib/System/MonoCustomAttrs.h
[ 962/3221  0s] CopyFiles /Users/lucas-furini/repos/checkout/unity/builds/ios/Il2CppOutputProject/IL2CPP/libil2cpp/icalls/mscorlib/System/AppDomain.h
[ 963/3221  0s] CopyFiles /Users/lucas-furini/repos/checkout/unity/builds/ios/Il2CppOutputProject/IL2CPP/libil2cpp/icalls/mscorlib/System.Threading/WaitHandle.h
[ 964/3221  0s] CopyFiles /Users/lucas-furini/repos/checkout/unity/builds/ios/Il2CppOutputProject/IL2CPP/libil2cpp/icalls/mscorlib/System.Threading/Timer.cpp
[ 965/3221  0s] CopyFiles /Users/lucas-furini/repos/checkout/unity/builds/ios/Il2CppOutputProject/IL2CPP/libil2cpp/icalls/mscorlib/System/Exception.h
[ 966/3221  0s] CopyFiles /Users/lucas-furini/repos/checkout/unity/builds/ios/Il2CppOutputProject/IL2CPP/libil2cpp/icalls/mscorlib/System.Threading/Timer.h
[ 967/3221  0s] CopyFiles /Users/lucas-furini/repos/checkout/unity/builds/ios/Il2CppOutputProject/IL2CPP/libil2cpp/icalls/mscorlib/System.Threading/WaitHandle.cpp
[ 968/3221  0s] CopyFiles /Users/lucas-furini/repos/checkout/unity/builds/ios/Il2CppOutputProject/IL2CPP/libil2cpp/icalls/mscorlib/System/AppDomain.cpp
[ 969/3221  0s] CopyFiles /Users/lucas-furini/repos/checkout/unity/builds/ios/Il2CppOutputProject/IL2CPP/libil2cpp/icalls/mscorlib/System.Threading/Thread.h
[ 970/3221  0s] CopyFiles /Users/lucas-furini/repos/checkout/unity/builds/ios/Il2CppOutputProject/IL2CPP/libil2cpp/icalls/mscorlib/System.Threading/Thread.cpp
[ 971/3221  0s] CopyFiles /Users/lucas-furini/repos/checkout/unity/builds/ios/Il2CppOutputProject/IL2CPP/libil2cpp/icalls/mscorlib/System/GC.h
[ 972/3221  0s] CopyFiles /Users/lucas-furini/repos/checkout/unity/builds/ios/Il2CppOutputProject/IL2CPP/libil2cpp/icalls/mscorlib/System.Threading/OSSpecificSynchronizationContext.h
[ 973/3221  0s] CopyFiles /Users/lucas-furini/repos/checkout/unity/builds/ios/Il2CppOutputProject/IL2CPP/libil2cpp/icalls/mscorlib/System.Threading/OSSpecificSynchronizationContext.cpp
[ 974/3221  0s] CopyFiles /Users/lucas-furini/repos/checkout/unity/builds/ios/Il2CppOutputProject/IL2CPP/libil2cpp/icalls/mscorlib/System.Threading/NativeEventCalls.h
[ 975/3221  0s] CopyFiles /Users/lucas-furini/repos/checkout/unity/builds/ios/Il2CppOutputProject/IL2CPP/libil2cpp/icalls/mscorlib/System/Math.h
[ 976/3221  0s] CopyFiles /Users/lucas-furini/repos/checkout/unity/builds/ios/Il2CppOutputProject/IL2CPP/libil2cpp/icalls/mscorlib/System.Threading/Mutex.h
[ 977/3221  0s] CopyFiles /Users/lucas-furini/repos/checkout/unity/builds/ios/Il2CppOutputProject/IL2CPP/libil2cpp/icalls/mscorlib/System.Threading/NativeEventCalls.cpp
[ 978/3221  0s] CopyFiles /Users/lucas-furini/repos/checkout/unity/builds/ios/Il2CppOutputProject/IL2CPP/libil2cpp/icalls/mscorlib/System.Threading/Monitor.h
[ 979/3221  0s] CopyFiles /Users/lucas-furini/repos/checkout/unity/builds/ios/Il2CppOutputProject/IL2CPP/libil2cpp/icalls/mscorlib/System.Threading/Mutex.cpp
[ 980/3221  0s] CopyFiles /Users/lucas-furini/repos/checkout/unity/builds/ios/Il2CppOutputProject/IL2CPP/libil2cpp/icalls/mscorlib/System.Threading/Monitor.cpp
[ 981/3221  0s] CopyFiles /Users/lucas-furini/repos/checkout/unity/builds/ios/Il2CppOutputProject/IL2CPP/libil2cpp/icalls/mscorlib/System.Threading/InternalThread.h
[ 982/3221  0s] CopyFiles /Users/lucas-furini/repos/checkout/unity/builds/ios/Il2CppOutputProject/IL2CPP/libil2cpp/icalls/mscorlib/System.Threading/InternalThread.cpp
[ 983/3221  0s] CopyFiles /Users/lucas-furini/repos/checkout/unity/builds/ios/Il2CppOutputProject/IL2CPP/libil2cpp/icalls/mscorlib/System.Threading/Interlocked.cpp
[ 984/3221  0s] CopyFiles /Users/lucas-furini/repos/checkout/unity/builds/ios/Il2CppOutputProject/IL2CPP/libil2cpp/icalls/mscorlib/System.Text/Normalization.cpp
[ 985/3221  0s] CopyFiles /Users/lucas-furini/repos/checkout/unity/builds/ios/Il2CppOutputProject/IL2CPP/libil2cpp/icalls/mscorlib/System.Text/EncodingHelper.h
[ 986/3221  0s] CopyFiles /Users/lucas-furini/repos/checkout/unity/builds/ios/Il2CppOutputProject/IL2CPP/libil2cpp/icalls/mscorlib/System.Text/EncodingHelper.cpp
[ 987/3221  0s] CopyFiles /Users/lucas-furini/repos/checkout/unity/builds/ios/Il2CppOutputProject/IL2CPP/libil2cpp/icalls/mscorlib/System.Text/Normalization.h
[ 988/3221  0s] CopyFiles /Users/lucas-furini/repos/checkout/unity/builds/ios/Il2CppOutputProject/IL2CPP/libil2cpp/icalls/mscorlib/System.Threading/Interlocked.h
[ 989/3221  0s] CopyFiles /Users/lucas-furini/repos/checkout/unity/builds/ios/Il2CppOutputProject/IL2CPP/libil2cpp/icalls/mscorlib/System.Security.Principal/WindowsPrincipal.cpp
[ 990/3221  0s] CopyFiles /Users/lucas-furini/repos/checkout/unity/builds/ios/Il2CppOutputProject/IL2CPP/libil2cpp/icalls/mscorlib/System.Security.Principal/WindowsPrincipal.h
[ 991/3221  0s] CopyFiles /Users/lucas-furini/repos/checkout/unity/builds/ios/Il2CppOutputProject/IL2CPP/libil2cpp/icalls/mscorlib/System.Security.Principal/WindowsImpersonationContext.h
[ 992/3221  0s] CopyFiles /Users/lucas-furini/repos/checkout/unity/builds/ios/Il2CppOutputProject/IL2CPP/libil2cpp/icalls/mscorlib/System.Security.Principal/WindowsImpersonationContext.cpp
[ 993/3221  0s] CopyFiles /Users/lucas-furini/repos/checkout/unity/builds/ios/Il2CppOutputProject/IL2CPP/libil2cpp/icalls/mscorlib/System.Security.Principal/WindowsIdentity.h
[ 994/3221  0s] CopyFiles /Users/lucas-furini/repos/checkout/unity/builds/ios/Il2CppOutputProject/IL2CPP/libil2cpp/icalls/mscorlib/System.Security.Principal/WindowsIdentity.cpp
[ 995/3221  0s] CopyFiles /Users/lucas-furini/repos/checkout/unity/builds/ios/Il2CppOutputProject/IL2CPP/libil2cpp/icalls/mscorlib/System.Runtime.Versioning/VersioningHelper.cpp
[ 996/3221  0s] CopyFiles /Users/lucas-furini/repos/checkout/unity/builds/ios/Il2CppOutputProject/IL2CPP/libil2cpp/icalls/mscorlib/System.Runtime.Remoting/RemotingServices.h
[ 997/3221  0s] CopyFiles /Users/lucas-furini/repos/checkout/unity/builds/ios/Il2CppOutputProject/IL2CPP/libil2cpp/icalls/mscorlib/System.Runtime.Versioning/VersioningHelper.h
[ 998/3221  0s] CopyFiles /Users/lucas-furini/repos/checkout/unity/builds/ios/Il2CppOutputProject/IL2CPP/libil2cpp/icalls/mscorlib/System.Runtime.Remoting/RemotingServices.cpp
[ 999/3221  0s] CopyFiles /Users/lucas-furini/repos/checkout/unity/builds/ios/Il2CppOutputProject/IL2CPP/libil2cpp/icalls/mscorlib/System.Runtime.Remoting.Proxies/RealProxy.h
[1000/3221  0s] CopyFiles /Users/lucas-furini/repos/checkout/unity/builds/ios/Il2CppOutputProject/IL2CPP/libil2cpp/icalls/mscorlib/System.Runtime.Remoting.Proxies/RealProxy.cpp
[1001/3221  0s] CopyFiles /Users/lucas-furini/repos/checkout/unity/builds/ios/Il2CppOutputProject/IL2CPP/libil2cpp/icalls/mscorlib/System/MathF.h
[1002/3221  0s] CopyFiles /Users/lucas-furini/repos/checkout/unity/builds/ios/Il2CppOutputProject/IL2CPP/libil2cpp/icalls/mscorlib/System.Runtime.Remoting.Messaging/MonoMethodMessage.h
[1003/3221  0s] CopyFiles /Users/lucas-furini/repos/checkout/unity/builds/ios/Il2CppOutputProject/IL2CPP/libil2cpp/icalls/mscorlib/System.Runtime.Remoting.Messaging/MonoMethodMessage.cpp
[1004/3221  0s] CopyFiles /Users/lucas-furini/repos/checkout/unity/builds/ios/Il2CppOutputProject/IL2CPP/libil2cpp/icalls/mscorlib/System.Runtime.Remoting.Messaging/AsyncResult.h
[1005/3221  0s] CopyFiles /Users/lucas-furini/repos/checkout/unity/builds/ios/Il2CppOutputProject/IL2CPP/libil2cpp/icalls/mscorlib/System.Runtime.Remoting.Messaging/AsyncResult.cpp
[1006/3221  0s] CopyFiles /Users/lucas-furini/repos/checkout/unity/builds/ios/Il2CppOutputProject/IL2CPP/libil2cpp/icalls/mscorlib/System.Runtime.Remoting.Activation/ActivationServices.h
[1007/3221  0s] CopyFiles /Users/lucas-furini/repos/checkout/unity/builds/ios/Il2CppOutputProject/IL2CPP/libil2cpp/icalls/mscorlib/System.Runtime.Remoting.Contexts/Context.h
[1008/3221  0s] CopyFiles /Users/lucas-furini/repos/checkout/unity/builds/ios/Il2CppOutputProject/IL2CPP/libil2cpp/icalls/mscorlib/System.Runtime.Remoting.Activation/ActivationServices.cpp
[1009/3221  0s] CopyFiles /Users/lucas-furini/repos/checkout/unity/builds/ios/Il2CppOutputProject/IL2CPP/libil2cpp/icalls/mscorlib/System.Runtime.Remoting.Contexts/Context.cpp
[1010/3221  0s] CopyFiles /Users/lucas-furini/repos/checkout/unity/builds/ios/Il2CppOutputProject/IL2CPP/libil2cpp/icalls/mscorlib/System.Runtime.InteropServices/RuntimeInformation.h
[1011/3221  0s] CopyFiles /Users/lucas-furini/repos/checkout/unity/builds/ios/Il2CppOutputProject/IL2CPP/libil2cpp/icalls/mscorlib/System.Runtime.InteropServices/RuntimeInformation.cpp
[1012/3221  0s] CopyFiles /Users/lucas-furini/repos/checkout/unity/builds/ios/Il2CppOutputProject/IL2CPP/libil2cpp/icalls/mscorlib/System.Runtime.InteropServices/GCHandle.h
[1013/3221  0s] CopyFiles /Users/lucas-furini/repos/checkout/unity/builds/ios/Il2CppOutputProject/IL2CPP/libil2cpp/icalls/mscorlib/System.Runtime.InteropServices/Marshal.cpp
[1014/3221  0s] CopyFiles /Users/lucas-furini/repos/checkout/unity/builds/ios/Il2CppOutputProject/IL2CPP/libil2cpp/icalls/mscorlib/System.Runtime.InteropServices/Marshal.h
[1015/3221  0s] CopyFiles /Users/lucas-furini/repos/checkout/unity/builds/ios/Il2CppOutputProject/IL2CPP/libil2cpp/icalls/mscorlib/System.Runtime.InteropServices/GCHandle.cpp
[1016/3221  0s] CopyFiles /Users/lucas-furini/repos/checkout/unity/builds/ios/Il2CppOutputProject/IL2CPP/libil2cpp/icalls/mscorlib/System.Runtime.CompilerServices/RuntimeHelpers.h
[1017/3221  0s] CopyFiles /Users/lucas-furini/repos/checkout/unity/builds/ios/Il2CppOutputProject/IL2CPP/libil2cpp/icalls/mscorlib/System.Security.Policy/Evidence.cpp
[1018/3221  0s] CopyFiles /Users/lucas-furini/repos/checkout/unity/builds/ios/Il2CppOutputProject/IL2CPP/libil2cpp/icalls/mscorlib/System.Runtime.CompilerServices/RuntimeHelpers.cpp
[1019/3221  0s] CopyFiles /Users/lucas-furini/repos/checkout/unity/builds/ios/Il2CppOutputProject/IL2CPP/libil2cpp/icalls/mscorlib/System.Reflection/RuntimeParameterInfo.h
[1020/3221  0s] CopyFiles /Users/lucas-furini/repos/checkout/unity/builds/ios/Il2CppOutputProject/IL2CPP/libil2cpp/icalls/mscorlib/System.Reflection/RuntimePropertyInfo.cpp
[1021/3221  0s] CopyFiles /Users/lucas-furini/repos/checkout/unity/builds/ios/Il2CppOutputProject/IL2CPP/libil2cpp/icalls/mscorlib/System.Reflection/RuntimePropertyInfo.h
[1022/3221  0s] CopyFiles /Users/lucas-furini/repos/checkout/unity/builds/ios/Il2CppOutputProject/IL2CPP/libil2cpp/icalls/mscorlib/System.Runtime/RuntimeImports.h
[1023/3221  0s] CopyFiles /Users/lucas-furini/repos/checkout/unity/builds/ios/Il2CppOutputProject/IL2CPP/libil2cpp/icalls/mscorlib/System.Reflection/RuntimeParameterInfo.cpp
[1024/3221  0s] CopyFiles /Users/lucas-furini/repos/checkout/unity/builds/ios/Il2CppOutputProject/IL2CPP/libil2cpp/icalls/mscorlib/System.Reflection/RuntimeModule.h
[1025/3221  0s] CopyFiles /Users/lucas-furini/repos/checkout/unity/builds/ios/Il2CppOutputProject/IL2CPP/libil2cpp/icalls/mscorlib/System.Reflection/RuntimeMethodInfo.cpp
[1026/3221  0s] CopyFiles /Users/lucas-furini/repos/checkout/unity/builds/ios/Il2CppOutputProject/IL2CPP/libil2cpp/icalls/mscorlib/System.Reflection/RuntimeModule.cpp
[1027/3221  0s] CopyFiles /Users/lucas-furini/repos/checkout/unity/builds/ios/Il2CppOutputProject/IL2CPP/libil2cpp/icalls/mscorlib/System.Reflection/RuntimeMethodInfo.h
[1028/3221  0s] CopyFiles /Users/lucas-furini/repos/checkout/unity/builds/ios/Il2CppOutputProject/IL2CPP/libil2cpp/icalls/mscorlib/System.Security.Cryptography/RNGCryptoServiceProvider.cpp
[1029/3221  0s] CopyFiles /Users/lucas-furini/repos/checkout/unity/builds/ios/Il2CppOutputProject/IL2CPP/libil2cpp/icalls/mscorlib/System.Reflection/RuntimeFieldInfo.h
[1030/3221  0s] CopyFiles /Users/lucas-furini/repos/checkout/unity/builds/ios/Il2CppOutputProject/IL2CPP/libil2cpp/icalls/mscorlib/System.Reflection/RuntimeEventInfo.h
[1031/3221  0s] CopyFiles /Users/lucas-furini/repos/checkout/unity/builds/ios/Il2CppOutputProject/IL2CPP/libil2cpp/icalls/mscorlib/System.Reflection/RuntimeFieldInfo.cpp
[1032/3221  0s] CopyFiles /Users/lucas-furini/repos/checkout/unity/builds/ios/Il2CppOutputProject/IL2CPP/libil2cpp/icalls/mscorlib/System.Reflection/ParameterInfo.cpp
[1033/3221  0s] CopyFiles /Users/lucas-furini/repos/checkout/unity/builds/ios/Il2CppOutputProject/IL2CPP/libil2cpp/icalls/mscorlib/System.Reflection/RuntimeConstructorInfo.h
[1034/3221  0s] CopyFiles /Users/lucas-furini/repos/checkout/unity/builds/ios/Il2CppOutputProject/IL2CPP/libil2cpp/icalls/mscorlib/System.Reflection/RuntimeEventInfo.cpp
[1035/3221  0s] CopyFiles /Users/lucas-furini/repos/checkout/unity/builds/ios/Il2CppOutputProject/IL2CPP/libil2cpp/icalls/mscorlib/System.Reflection/MonoMethod.cpp
[1036/3221  0s] CopyFiles /Users/lucas-furini/repos/checkout/unity/builds/ios/Il2CppOutputProject/IL2CPP/libil2cpp/icalls/mscorlib/System.Reflection/Module.h
[1037/3221  0s] CopyFiles /Users/lucas-furini/repos/checkout/unity/builds/ios/Il2CppOutputProject/IL2CPP/libil2cpp/icalls/mscorlib/System.Reflection/Module.cpp
[1038/3221  0s] CopyFiles /Users/lucas-furini/repos/checkout/unity/builds/ios/Il2CppOutputProject/IL2CPP/libil2cpp/icalls/mscorlib/System.Reflection/RuntimeConstructorInfo.cpp
[1039/3221  0s] CopyFiles /Users/lucas-furini/repos/checkout/unity/builds/ios/Il2CppOutputProject/IL2CPP/libil2cpp/icalls/mscorlib/System.Security.Cryptography/RNGCryptoServiceProvider.h
[1040/3221  0s] CopyFiles /Users/lucas-furini/repos/checkout/unity/builds/ios/Il2CppOutputProject/IL2CPP/libil2cpp/icalls/mscorlib/System.Reflection/RuntimeAssembly.h
[1041/3221  0s] CopyFiles /Users/lucas-furini/repos/checkout/unity/builds/ios/Il2CppOutputProject/IL2CPP/libil2cpp/icalls/mscorlib/System.Reflection/RuntimeAssembly.cpp
[1042/3221  0s] CopyFiles /Users/lucas-furini/repos/checkout/unity/builds/ios/Il2CppOutputProject/IL2CPP/libil2cpp/icalls/mscorlib/System.Reflection/MonoMethodInfo.cpp
[1043/3221  0s] CopyFiles /Users/lucas-furini/repos/checkout/unity/builds/ios/Il2CppOutputProject/IL2CPP/libil2cpp/icalls/mscorlib/System.Reflection/MethodBase.cpp
[1044/3221  0s] CopyFiles /Users/lucas-furini/repos/checkout/unity/builds/ios/Il2CppOutputProject/IL2CPP/libil2cpp/icalls/mscorlib/System.Reflection/FieldInfo.h
[1045/3221  0s] CopyFiles /Users/lucas-furini/repos/checkout/unity/builds/ios/Il2CppOutputProject/IL2CPP/libil2cpp/icalls/mscorlib/System.Reflection/MethodBase.h
[1046/3221  0s] CopyFiles /Users/lucas-furini/repos/checkout/unity/builds/ios/Il2CppOutputProject/IL2CPP/libil2cpp/icalls/mscorlib/System.Reflection/MonoMethodInfo.h
[1047/3221  0s] CopyFiles /Users/lucas-furini/repos/checkout/unity/builds/ios/Il2CppOutputProject/IL2CPP/libil2cpp/icalls/mscorlib/System.Reflection/EventInfo.h
[1048/3221  0s] CopyFiles /Users/lucas-furini/repos/checkout/unity/builds/ios/Il2CppOutputProject/IL2CPP/libil2cpp/icalls/mscorlib/System.Reflection/FieldInfo.cpp
[1049/3221  0s] CopyFiles /Users/lucas-furini/repos/checkout/unity/builds/ios/Il2CppOutputProject/IL2CPP/libil2cpp/icalls/mscorlib/System.Runtime/RuntimeImports.cpp
[1050/3221  0s] CopyFiles /Users/lucas-furini/repos/checkout/unity/builds/ios/Il2CppOutputProject/IL2CPP/libil2cpp/icalls/mscorlib/System.Reflection/EventInfo.cpp
[1051/3221  0s] CopyFiles /Users/lucas-furini/repos/checkout/unity/builds/ios/Il2CppOutputProject/IL2CPP/libil2cpp/icalls/mscorlib/System.Reflection/AssemblyName.h
[1052/3221  0s] CopyFiles /Users/lucas-furini/repos/checkout/unity/builds/ios/Il2CppOutputProject/IL2CPP/libil2cpp/icalls/mscorlib/System.Reflection/CustomAttributeData.h
[1053/3221  0s] CopyFiles /Users/lucas-furini/repos/checkout/unity/builds/ios/Il2CppOutputProject/IL2CPP/libil2cpp/icalls/mscorlib/System.Reflection/CustomAttributeData.cpp
[1054/3221  0s] CopyFiles /Users/lucas-furini/repos/checkout/unity/builds/ios/Il2CppOutputProject/IL2CPP/libil2cpp/icalls/mscorlib/System.Reflection/AssemblyName.cpp
[1055/3221  0s] CopyFiles /Users/lucas-furini/repos/checkout/unity/builds/ios/Il2CppOutputProject/IL2CPP/libil2cpp/icalls/mscorlib/System.Reflection/Assembly.cpp
[1056/3221  0s] CopyFiles /Users/lucas-furini/repos/checkout/unity/builds/ios/Il2CppOutputProject/IL2CPP/libil2cpp/icalls/mscorlib/System.Reflection/Assembly.h
[1057/3221  0s] CopyFiles /Users/lucas-furini/repos/checkout/unity/builds/ios/Il2CppOutputProject/IL2CPP/libil2cpp/icalls/mscorlib/System.IO/Path.cpp
[1058/3221  0s] CopyFiles /Users/lucas-furini/repos/checkout/unity/builds/ios/Il2CppOutputProject/IL2CPP/libil2cpp/icalls/mscorlib/System.IO/Path.h
[1059/3221  0s] CopyFiles /Users/lucas-furini/repos/checkout/unity/builds/ios/Il2CppOutputProject/IL2CPP/libil2cpp/icalls/mscorlib/System.IO/MonoIO.h
[1060/3221  0s] CopyFiles /Users/lucas-furini/repos/checkout/unity/builds/ios/Il2CppOutputProject/IL2CPP/libil2cpp/icalls/mscorlib/System.IO/MonoIO.cpp
[1061/3221  0s] CopyFiles /Users/lucas-furini/repos/checkout/unity/builds/ios/Il2CppOutputProject/IL2CPP/libil2cpp/icalls/mscorlib/System.IO/DriveInfo.h
[1062/3221  0s] CopyFiles /Users/lucas-furini/repos/checkout/unity/builds/ios/Il2CppOutputProject/IL2CPP/libil2cpp/icalls/mscorlib/System.IO/BrokeredFileSystem.h
[1063/3221  0s] CopyFiles /Users/lucas-furini/repos/checkout/unity/builds/ios/Il2CppOutputProject/IL2CPP/libil2cpp/icalls/mscorlib/System.IO/DriveInfo.cpp
[1064/3221  0s] CopyFiles /Users/lucas-furini/repos/checkout/unity/builds/ios/Il2CppOutputProject/IL2CPP/libil2cpp/icalls/mscorlib/System.Globalization/RegionInfo.h
[1065/3221  0s] CopyFiles /Users/lucas-furini/repos/checkout/unity/builds/ios/Il2CppOutputProject/IL2CPP/libil2cpp/icalls/mscorlib/System.IO/BrokeredFileSystem.cpp
[1066/3221  0s] CopyFiles /Users/lucas-furini/repos/checkout/unity/builds/ios/Il2CppOutputProject/IL2CPP/libil2cpp/icalls/mscorlib/System.Globalization/RegionInfo.cpp
[1067/3221  0s] CopyFiles /Users/lucas-furini/repos/checkout/unity/builds/ios/Il2CppOutputProject/IL2CPP/libil2cpp/icalls/mscorlib/System.Globalization/Generated/CultureInfoInternalsNet_4_0.h
[1068/3221  0s] CopyFiles /Users/lucas-furini/repos/checkout/unity/builds/ios/Il2CppOutputProject/IL2CPP/libil2cpp/icalls/mscorlib/System.Globalization/CultureInfoInternals.h
[1069/3221  0s] CopyFiles /Users/lucas-furini/repos/checkout/unity/builds/ios/Il2CppOutputProject/IL2CPP/libil2cpp/icalls/mscorlib/System.Globalization/CultureInfoTables.h
[1070/3221  0s] CopyFiles /Users/lucas-furini/repos/checkout/unity/builds/ios/Il2CppOutputProject/IL2CPP/libil2cpp/icalls/mscorlib/System.Globalization/CultureData.cpp
[1071/3221  0s] CopyFiles /Users/lucas-furini/repos/checkout/unity/builds/ios/Il2CppOutputProject/IL2CPP/libil2cpp/icalls/mscorlib/System.Globalization/CultureInfo.cpp
[1072/3221  0s] CopyFiles /Users/lucas-furini/repos/checkout/unity/builds/ios/Il2CppOutputProject/IL2CPP/libil2cpp/icalls/mscorlib/System.Globalization/CompareOptions.h
[1073/3221  0s] CopyFiles /Users/lucas-furini/repos/checkout/unity/builds/ios/Il2CppOutputProject/IL2CPP/libil2cpp/icalls/mscorlib/System.Globalization/Generated/CultureInfoTablesNet_4_0.h
[1074/3221  0s] CopyFiles /Users/lucas-furini/repos/checkout/unity/builds/ios/Il2CppOutputProject/IL2CPP/libil2cpp/icalls/mscorlib/System.Globalization/CultureInfo.h
[1075/3221  0s] CopyFiles /Users/lucas-furini/repos/checkout/unity/builds/ios/Il2CppOutputProject/IL2CPP/libil2cpp/icalls/mscorlib/System.Globalization/CultureData.h
[1076/3221  0s] CopyFiles /Users/lucas-furini/repos/checkout/unity/builds/ios/Il2CppOutputProject/IL2CPP/libil2cpp/icalls/mscorlib/System.Globalization/CompareInfo.h
[1077/3221  0s] CopyFiles /Users/lucas-furini/repos/checkout/unity/builds/ios/Il2CppOutputProject/IL2CPP/libil2cpp/icalls/mscorlib/System.Globalization/CompareInfo.cpp
[1078/3221  0s] CopyFiles /Users/lucas-furini/repos/checkout/unity/builds/ios/Il2CppOutputProject/IL2CPP/libil2cpp/icalls/mscorlib/System.Globalization/CalendarData.h
[1079/3221  0s] CopyFiles /Users/lucas-furini/repos/checkout/unity/builds/ios/Il2CppOutputProject/IL2CPP/libil2cpp/icalls/mscorlib/System.Globalization/CalendarData.cpp
[1080/3221  0s] CopyFiles /Users/lucas-furini/repos/checkout/unity/builds/ios/Il2CppOutputProject/IL2CPP/libil2cpp/icalls/mscorlib/System.Diagnostics/StackFrame.h
[1081/3221  0s] CopyFiles /Users/lucas-furini/repos/checkout/unity/builds/ios/Il2CppOutputProject/IL2CPP/libil2cpp/icalls/mscorlib/System.Diagnostics/StackTrace.cpp
[1082/3221  0s] CopyFiles /Users/lucas-furini/repos/checkout/unity/builds/ios/Il2CppOutputProject/IL2CPP/libil2cpp/icalls/mscorlib/System.Diagnostics/Debugger.cpp
[1083/3221  0s] CopyFiles /Users/lucas-furini/repos/checkout/unity/builds/ios/Il2CppOutputProject/IL2CPP/libil2cpp/icalls/mscorlib/System.Diagnostics/Debugger.h
[1084/3221  0s] CopyFiles /Users/lucas-furini/repos/checkout/unity/builds/ios/Il2CppOutputProject/IL2CPP/libil2cpp/icalls/mscorlib/System.Diagnostics/StackFrame.cpp
[1085/3221  0s] CopyFiles /Users/lucas-furini/repos/checkout/unity/builds/ios/Il2CppOutputProject/IL2CPP/libil2cpp/icalls/mscorlib/System.Diagnostics/StackTrace.h
[1086/3221  0s] CopyFiles /Users/lucas-furini/repos/checkout/unity/builds/ios/Il2CppOutputProject/IL2CPP/libil2cpp/icalls/mscorlib/Mono/RuntimeGPtrArrayHandle.h
[1087/3221  0s] CopyFiles /Users/lucas-furini/repos/checkout/unity/builds/ios/Il2CppOutputProject/IL2CPP/libil2cpp/icalls/mscorlib/Mono/RuntimeGPtrArrayHandle.cpp
[1088/3221  0s] CopyFiles /Users/lucas-furini/repos/checkout/unity/builds/ios/Il2CppOutputProject/IL2CPP/libil2cpp/icalls/mscorlib/Mono/RuntimeClassHandle.cpp
[1089/3221  0s] CopyFiles /Users/lucas-furini/repos/checkout/unity/builds/ios/Il2CppOutputProject/IL2CPP/libil2cpp/icalls/mscorlib/Mono/Runtime.h
[1090/3221  0s] CopyFiles /Users/lucas-furini/repos/checkout/unity/builds/ios/Il2CppOutputProject/IL2CPP/libil2cpp/icalls/mscorlib/Mono/RuntimeClassHandle.h
[1091/3221  0s] CopyFiles /Users/lucas-furini/repos/checkout/unity/builds/ios/Il2CppOutputProject/IL2CPP/libil2cpp/icalls/mscorlib/Mono.Unity/UnityTls.cpp
[1092/3221  0s] CopyFiles /Users/lucas-furini/repos/checkout/unity/builds/ios/Il2CppOutputProject/IL2CPP/libil2cpp/icalls/mscorlib/Mono.Security.Cryptography/KeyPairPersistence.h
[1093/3221  0s] CopyFiles /Users/lucas-furini/repos/checkout/unity/builds/ios/Il2CppOutputProject/IL2CPP/libil2cpp/icalls/mscorlib/Microsoft.Win32/NativeMethods.h
[1094/3221  0s] CopyFiles /Users/lucas-furini/repos/checkout/unity/builds/ios/Il2CppOutputProject/IL2CPP/libil2cpp/icalls/mscorlib/Mono.Unity/UnityTls.h
[1095/3221  0s] CopyFiles /Users/lucas-furini/repos/checkout/unity/builds/ios/Il2CppOutputProject/IL2CPP/libil2cpp/icalls/mscorlib/Mono/Runtime.cpp
[1096/3221  0s] CopyFiles /Users/lucas-furini/repos/checkout/unity/builds/ios/Il2CppOutputProject/IL2CPP/libil2cpp/icalls/mscorlib/Mono/SafeStringMarshal.h
[1097/3221  0s] CopyFiles /Users/lucas-furini/repos/checkout/unity/builds/ios/Il2CppOutputProject/IL2CPP/libil2cpp/icalls/mscorlib/Mono.Security.Cryptography/KeyPairPersistence.cpp
[1098/3221  0s] CopyFiles /Users/lucas-furini/repos/checkout/unity/builds/ios/Il2CppOutputProject/IL2CPP/libil2cpp/icalls/mscorlib/Interop.h
[1099/3221  0s] CopyFiles /Users/lucas-furini/repos/checkout/unity/builds/ios/Il2CppOutputProject/IL2CPP/libil2cpp/icalls/mscorlib/Microsoft.Win32/NativeMethods.cpp
[1100/3221  0s] CopyFiles /Users/lucas-furini/repos/checkout/unity/builds/ios/Il2CppOutputProject/IL2CPP/libil2cpp/icalls/mscorlib/Interop.cpp
[1101/3221  0s] CopyFiles /Users/lucas-furini/repos/checkout/unity/builds/ios/Il2CppOutputProject/IL2CPP/libil2cpp/gc/WriteBarrier.cpp
[1102/3221  0s] CopyFiles /Users/lucas-furini/repos/checkout/unity/builds/ios/Il2CppOutputProject/IL2CPP/libil2cpp/gc/WriteBarrierValidation.h
[1103/3221  0s] CopyFiles /Users/lucas-furini/repos/checkout/unity/builds/ios/Il2CppOutputProject/IL2CPP/libil2cpp/gc/WriteBarrierValidation.cpp
[1104/3221  0s] CopyFiles /Users/lucas-furini/repos/checkout/unity/builds/ios/Il2CppOutputProject/IL2CPP/libil2cpp/gc/WriteBarrier.h
[1105/3221  0s] CopyFiles /Users/lucas-furini/repos/checkout/unity/builds/ios/Il2CppOutputProject/IL2CPP/libil2cpp/gc/NullGC.cpp
[1106/3221  0s] CopyFiles /Users/lucas-furini/repos/checkout/unity/builds/ios/Il2CppOutputProject/IL2CPP/libil2cpp/gc/gc_wrapper.h
[1107/3221  0s] CopyFiles /Users/lucas-furini/repos/checkout/unity/builds/ios/Il2CppOutputProject/IL2CPP/libil2cpp/gc/GCHandle.h
[1108/3221  0s] CopyFiles /Users/lucas-furini/repos/checkout/unity/builds/ios/Il2CppOutputProject/IL2CPP/libil2cpp/gc/BoehmGC.cpp
[1109/3221  0s] CopyFiles /Users/lucas-furini/repos/checkout/unity/builds/ios/Il2CppOutputProject/IL2CPP/libil2cpp/gc/GarbageCollector.h
[1110/3221  0s] CopyFiles /Users/lucas-furini/repos/checkout/unity/builds/ios/Il2CppOutputProject/IL2CPP/libil2cpp/gc/GarbageCollector.cpp
[1111/3221  0s] CopyFiles /Users/lucas-furini/repos/checkout/unity/builds/ios/Il2CppOutputProject/IL2CPP/libil2cpp/gc/GCHandle.cpp
[1112/3221  0s] CopyFiles /Users/lucas-furini/repos/checkout/unity/builds/ios/Il2CppOutputProject/IL2CPP/libil2cpp/icalls/mscorlib/Mono/RuntimeMarshal.cpp
[1113/3221  0s] CopyFiles /Users/lucas-furini/repos/checkout/unity/builds/ios/Il2CppOutputProject/IL2CPP/libil2cpp/gc/AppendOnlyGCHashMap.h
[1114/3221  0s] CopyFiles /Users/lucas-furini/repos/checkout/unity/builds/ios/Il2CppOutputProject/IL2CPP/libil2cpp/gc/Allocator.h
[1115/3221  0s] CopyFiles /Users/lucas-furini/repos/checkout/unity/builds/ios/Il2CppOutputProject/IL2CPP/libil2cpp/icalls/mscorlib/Mono/SafeStringMarshal.cpp
[1116/3221  0s] CopyFiles /Users/lucas-furini/repos/checkout/unity/builds/ios/Il2CppOutputProject/IL2CPP/libil2cpp/icalls/mscorlib/Mono/RuntimeMarshal.h
[1117/3221  0s] CopyFiles /Users/lucas-furini/repos/checkout/unity/builds/ios/Il2CppOutputProject/IL2CPP/libil2cpp/debugger/il2cpp-api-debugger.h
[1118/3221  0s] CopyFiles /Users/lucas-furini/repos/checkout/unity/builds/ios/Il2CppOutputProject/IL2CPP/libil2cpp/char-conversions.h
[1119/3221  0s] CopyFiles /Users/lucas-furini/repos/checkout/unity/builds/ios/Il2CppOutputProject/IL2CPP/libil2cpp/debugger/il2cpp-api-debugger.cpp
[1120/3221  0s] CopyFiles /Users/lucas-furini/repos/checkout/unity/builds/ios/Il2CppOutputProject/IL2CPP/libil2cpp/codegen/il2cpp-codegen.h
[1121/3221  0s] CopyFiles /Users/lucas-furini/repos/checkout/unity/builds/ios/Il2CppOutputProject/IL2CPP/libil2cpp/codegen/il2cpp-codegen-oldintrinsics.h
[1122/3221  0s] CopyFiles /Users/lucas-furini/repos/checkout/unity/builds/ios/Il2CppOutputProject/IL2CPP/libil2cpp/codegen/il2cpp-codegen-oldintrinsics.cpp
[1123/3221  0s] CopyFiles /Users/lucas-furini/repos/checkout/unity/builds/ios/Il2CppOutputProject/IL2CPP/libil2cpp/codegen/il2cpp-codegen.cpp
[1124/3221  0s] CopyFiles /Users/lucas-furini/repos/checkout/unity/builds/ios/Il2CppOutputProject/IL2CPP/libil2cpp/char-conversions.cpp
[1125/3221  0s] CopyFiles /Users/lucas-furini/repos/checkout/unity/builds/ios/Il2CppOutputProject/IL2CPP/external/zlib-unity/README
[1126/3221  0s] CopyFiles /Users/lucas-furini/repos/checkout/unity/builds/ios/Il2CppOutputProject/IL2CPP/external/zlib-unity/uncompr.c
[1127/3221  0s] CopyFiles /Users/lucas-furini/repos/checkout/unity/builds/ios/Il2CppOutputProject/IL2CPP/external/zlib-unity/zconf.h
[1128/3221  0s] CopyFiles /Users/lucas-furini/repos/checkout/unity/builds/ios/Il2CppOutputProject/IL2CPP/external/zlib-unity/inftrees.c
[1129/3221  0s] CopyFiles /Users/lucas-furini/repos/checkout/unity/builds/ios/Il2CppOutputProject/IL2CPP/external/zlib-unity/inftrees.h
[1130/3221  0s] CopyFiles /Users/lucas-furini/repos/checkout/unity/builds/ios/Il2CppOutputProject/IL2CPP/external/zlib-unity/trees.c
[1131/3221  0s] CopyFiles /Users/lucas-furini/repos/checkout/unity/builds/ios/Il2CppOutputProject/IL2CPP/external/zlib-unity/trees.h
[1132/3221  0s] CopyFiles /Users/lucas-furini/repos/checkout/unity/builds/ios/Il2CppOutputProject/IL2CPP/external/zlib-unity/inflate.h
[1133/3221  0s] CopyFiles /Users/lucas-furini/repos/checkout/unity/builds/ios/Il2CppOutputProject/IL2CPP/external/zlib-unity/inflate.c
[1134/3221  0s] CopyFiles /Users/lucas-furini/repos/checkout/unity/builds/ios/Il2CppOutputProject/IL2CPP/external/zlib-unity/inffast.h
[1135/3221  0s] CopyFiles /Users/lucas-furini/repos/checkout/unity/builds/ios/Il2CppOutputProject/IL2CPP/external/zlib-unity/inffast.c
[1136/3221  0s] CopyFiles /Users/lucas-furini/repos/checkout/unity/builds/ios/Il2CppOutputProject/IL2CPP/external/zlib-unity/infback.c
[1137/3221  0s] CopyFiles /Users/lucas-furini/repos/checkout/unity/builds/ios/Il2CppOutputProject/IL2CPP/external/zlib-unity/inffixed.h
[1138/3221  0s] CopyFiles /Users/lucas-furini/repos/checkout/unity/builds/ios/Il2CppOutputProject/IL2CPP/external/zlib-unity/gzwrite.c
[1139/3221  0s] CopyFiles /Users/lucas-furini/repos/checkout/unity/builds/ios/Il2CppOutputProject/IL2CPP/external/zlib-unity/gzlib.c
[1140/3221  0s] CopyFiles /Users/lucas-furini/repos/checkout/unity/builds/ios/Il2CppOutputProject/IL2CPP/external/zlib-unity/gzread.c
[1141/3221  0s] CopyFiles /Users/lucas-furini/repos/checkout/unity/builds/ios/Il2CppOutputProject/IL2CPP/external/zlib-unity/gzclose.c
[1142/3221  0s] CopyFiles /Users/lucas-furini/repos/checkout/unity/builds/ios/Il2CppOutputProject/IL2CPP/external/zlib-unity/gzguts.h
[1143/3221  0s] CopyFiles /Users/lucas-furini/repos/checkout/unity/builds/ios/Il2CppOutputProject/IL2CPP/external/zlib-unity/deflate.h
[1144/3221  0s] CopyFiles /Users/lucas-furini/repos/checkout/unity/builds/ios/Il2CppOutputProject/IL2CPP/libil2cpp/icalls/mscorlib/System.Security.Policy/Evidence.h
[1145/3221  0s] CopyFiles /Users/lucas-furini/repos/checkout/unity/builds/ios/Il2CppOutputProject/IL2CPP/external/zlib-unity/deflate.c
[1146/3221  0s] CopyFiles /Users/lucas-furini/repos/checkout/unity/builds/ios/Il2CppOutputProject/IL2CPP/external/zlib-unity/crc32.c
[1147/3221  0s] CopyFiles /Users/lucas-furini/repos/checkout/unity/builds/ios/Il2CppOutputProject/IL2CPP/external/xxHash/README.md
[1148/3221  0s] CopyFiles /Users/lucas-furini/repos/checkout/unity/builds/ios/Il2CppOutputProject/IL2CPP/external/zlib-unity/crc32.h
[1149/3221  0s] CopyFiles /Users/lucas-furini/repos/checkout/unity/builds/ios/Il2CppOutputProject/IL2CPP/external/xxHash/cmake_unofficial/README.md
[1150/3221  0s] CopyFiles /Users/lucas-furini/repos/checkout/unity/builds/ios/Il2CppOutputProject/IL2CPP/external/xamarin-android/README
[1151/3221  0s] CopyFiles /Users/lucas-furini/repos/checkout/unity/builds/ios/Il2CppOutputProject/IL2CPP/external/xamarin-android/monodroid.h
[1152/3221  0s] CopyFiles /Users/lucas-furini/repos/checkout/unity/builds/ios/Il2CppOutputProject/IL2CPP/external/zlib-unity/adler32.c
[1153/3221  0s] CopyFiles /Users/lucas-furini/repos/checkout/unity/builds/ios/Il2CppOutputProject/IL2CPP/external/xxHash/xxh3.h
[1154/3221  0s] CopyFiles /Users/lucas-furini/repos/checkout/unity/builds/ios/Il2CppOutputProject/IL2CPP/external/xxHash/xxhash.c
[1155/3221  0s] CopyFiles /Users/lucas-furini/repos/checkout/unity/builds/ios/Il2CppOutputProject/IL2CPP/external/xxHash/xxhash.h
[1156/3221  0s] CopyFiles /Users/lucas-furini/repos/checkout/unity/builds/ios/Il2CppOutputProject/IL2CPP/external/xamarin-android/xamarin_getifaddrs.h
[1157/3221  0s] CopyFiles /Users/lucas-furini/repos/checkout/unity/builds/ios/Il2CppOutputProject/IL2CPP/external/xamarin-android/xamarin_getifaddrs.c
[1158/3221  0s] CopyFiles /Users/lucas-furini/repos/checkout/unity/builds/ios/Il2CppOutputProject/IL2CPP/external/xamarin-android/logger.h
[1159/3221  0s] CopyFiles /Users/lucas-furini/repos/checkout/unity/builds/ios/Il2CppOutputProject/IL2CPP/external/mono/support/libm/math_private.h
[1160/3221  0s] CopyFiles /Users/lucas-furini/repos/checkout/unity/builds/ios/Il2CppOutputProject/IL2CPP/external/mono/support/libm/complex.h
[1161/3221  0s] CopyFiles /Users/lucas-furini/repos/checkout/unity/builds/ios/Il2CppOutputProject/IL2CPP/external/mono/mono/utils/w32subset.h
[1162/3221  0s] CopyFiles /Users/lucas-furini/repos/checkout/unity/builds/ios/Il2CppOutputProject/IL2CPP/external/mono/mono/utils/valgrind.h
[1163/3221  0s] CopyFiles /Users/lucas-furini/repos/checkout/unity/builds/ios/Il2CppOutputProject/IL2CPP/external/mono/mono/utils/strenc.c
[1164/3221  0s] CopyFiles /Users/lucas-furini/repos/checkout/unity/builds/ios/Il2CppOutputProject/IL2CPP/libil2cpp/codegen/il2cpp-codegen-metadata.h
[1165/3221  0s] CopyFiles /Users/lucas-furini/repos/checkout/unity/builds/ios/Il2CppOutputProject/IL2CPP/external/mono/mono/utils/w32api.h
[1166/3221  0s] CopyFiles /Users/lucas-furini/repos/checkout/unity/builds/ios/Il2CppOutputProject/IL2CPP/external/mono/mono/utils/ward.h
[1167/3221  0s] CopyFiles /Users/lucas-furini/repos/checkout/unity/builds/ios/Il2CppOutputProject/IL2CPP/external/mono/support/libm/complex.c
[1168/3221  0s] CopyFiles /Users/lucas-furini/repos/checkout/unity/builds/ios/Il2CppOutputProject/IL2CPP/external/mono/mono/utils/parse.c
[1169/3221  0s] CopyFiles /Users/lucas-furini/repos/checkout/unity/builds/ios/Il2CppOutputProject/IL2CPP/external/mono/mono/utils/refcount.h
[1170/3221  0s] CopyFiles /Users/lucas-furini/repos/checkout/unity/builds/ios/Il2CppOutputProject/IL2CPP/external/mono/mono/utils/parse.h
[1171/3221  0s] CopyFiles /Users/lucas-furini/repos/checkout/unity/builds/ios/Il2CppOutputProject/IL2CPP/external/mono/mono/utils/os-event.h
[1172/3221  0s] CopyFiles /Users/lucas-furini/repos/checkout/unity/builds/ios/Il2CppOutputProject/IL2CPP/external/zlib-unity/zutil.h
[1173/3221  0s] CopyFiles /Users/lucas-furini/repos/checkout/unity/builds/ios/Il2CppOutputProject/IL2CPP/external/mono/mono/utils/os-event-win32.c
[1174/3221  0s] CopyFiles /Users/lucas-furini/repos/checkout/unity/builds/ios/Il2CppOutputProject/IL2CPP/external/mono/mono/utils/os-event-unix.c
[1175/3221  0s] CopyFiles /Users/lucas-furini/repos/checkout/unity/builds/ios/Il2CppOutputProject/IL2CPP/external/mono/mono/utils/os-event-unity.c
[1176/3221  0s] CopyFiles /Users/lucas-furini/repos/checkout/unity/builds/ios/Il2CppOutputProject/IL2CPP/external/mono/mono/utils/networking.h
[1177/3221  0s] CopyFiles /Users/lucas-furini/repos/checkout/unity/builds/ios/Il2CppOutputProject/IL2CPP/external/zlib-unity/zlib.h
[1178/3221  0s] CopyFiles /Users/lucas-furini/repos/checkout/unity/builds/ios/Il2CppOutputProject/IL2CPP/external/mono/mono/utils/networking.c
[1179/3221  0s] CopyFiles /Users/lucas-furini/repos/checkout/unity/builds/ios/Il2CppOutputProject/IL2CPP/external/mono/mono/utils/networking-windows.c
[1180/3221  0s] CopyFiles /Users/lucas-furini/repos/checkout/unity/builds/ios/Il2CppOutputProject/IL2CPP/external/mono/mono/utils/networking-unity.c
[1181/3221  0s] CopyFiles /Users/lucas-furini/repos/checkout/unity/builds/ios/Il2CppOutputProject/IL2CPP/external/mono/mono/utils/networking-posix.c
[1182/3221  0s] CopyFiles /Users/lucas-furini/repos/checkout/unity/builds/ios/Il2CppOutputProject/IL2CPP/external/mono/mono/utils/networking-missing.c
[1183/3221  0s] CopyFiles /Users/lucas-furini/repos/checkout/unity/builds/ios/Il2CppOutputProject/IL2CPP/external/mono/mono/utils/monobitset.c
[1184/3221  0s] CopyFiles /Users/lucas-furini/repos/checkout/unity/builds/ios/Il2CppOutputProject/IL2CPP/external/mono/mono/utils/monobitset.h
[1185/3221  0s] CopyFiles /Users/lucas-furini/repos/checkout/unity/builds/ios/Il2CppOutputProject/IL2CPP/external/mono/mono/utils/mono-value-hash.h
[1186/3221  0s] CopyFiles /Users/lucas-furini/repos/checkout/unity/builds/ios/Il2CppOutputProject/IL2CPP/external/mono/mono/utils/mono-value-hash.c
[1187/3221  0s] CopyFiles /Users/lucas-furini/repos/checkout/unity/builds/ios/Il2CppOutputProject/IL2CPP/external/mono/mono/utils/mono-uri.h
[1188/3221  0s] CopyFiles /Users/lucas-furini/repos/checkout/unity/builds/ios/Il2CppOutputProject/IL2CPP/external/mono/mono/utils/mono-uri.c
[1189/3221  0s] CopyFiles /Users/lucas-furini/repos/checkout/unity/builds/ios/Il2CppOutputProject/IL2CPP/external/mono/mono/utils/mono-threads.h
[1190/3221  0s] CopyFiles /Users/lucas-furini/repos/checkout/unity/builds/ios/Il2CppOutputProject/IL2CPP/external/mono/mono/utils/mono-threads.c
[1191/3221  0s] CopyFiles /Users/lucas-furini/repos/checkout/unity/builds/ios/Il2CppOutputProject/IL2CPP/external/mono/mono/utils/mono-threads-windows.c
[1192/3221  0s] CopyFiles /Users/lucas-furini/repos/checkout/unity/builds/ios/Il2CppOutputProject/IL2CPP/external/mono/mono/utils/mono-threads-state-machine.c
[1193/3221  0s] CopyFiles /Users/lucas-furini/repos/checkout/unity/builds/ios/Il2CppOutputProject/IL2CPP/external/mono/mono/utils/mono-threads-posix.c
[1194/3221  0s] CopyFiles /Users/lucas-furini/repos/checkout/unity/builds/ios/Il2CppOutputProject/IL2CPP/external/mono/mono/utils/mono-threads-posix-signals.c
[1195/3221  0s] CopyFiles /Users/lucas-furini/repos/checkout/unity/builds/ios/Il2CppOutputProject/IL2CPP/external/mono/mono/utils/mono-tls.c
[1196/3221  0s] CopyFiles /Users/lucas-furini/repos/checkout/unity/builds/ios/Il2CppOutputProject/IL2CPP/external/mono/mono/utils/mono-tls-inline.h
[1197/3221  0s] CopyFiles /Users/lucas-furini/repos/checkout/unity/builds/ios/Il2CppOutputProject/IL2CPP/external/mono/mono/utils/mono-tls.h
[1198/3221  0s] CopyFiles /Users/lucas-furini/repos/checkout/unity/builds/ios/Il2CppOutputProject/IL2CPP/external/mono/mono/utils/strenc-internals.h
[1199/3221  0s] CopyFiles /Users/lucas-furini/repos/checkout/unity/builds/ios/Il2CppOutputProject/IL2CPP/external/mono/mono/utils/mono-threads-debug.h
[1200/3221  0s] CopyFiles /Users/lucas-furini/repos/checkout/unity/builds/ios/Il2CppOutputProject/IL2CPP/external/mono/mono/utils/mono-threads-coop.h
[1201/3221  0s] CopyFiles /Users/lucas-furini/repos/checkout/unity/builds/ios/Il2CppOutputProject/IL2CPP/external/mono/mono/utils/mono-threads-mach-helper.c
[1202/3221  0s] CopyFiles /Users/lucas-furini/repos/checkout/unity/builds/ios/Il2CppOutputProject/IL2CPP/external/mono/mono/utils/mono-threads-coop.c
[1203/3221  0s] CopyFiles /Users/lucas-furini/repos/checkout/unity/builds/ios/Il2CppOutputProject/IL2CPP/external/mono/mono/utils/mono-threads-api.h
[1204/3221  0s] CopyFiles /Users/lucas-furini/repos/checkout/unity/builds/ios/Il2CppOutputProject/IL2CPP/external/mono/mono/utils/mono-threads-android.c
[1205/3221  0s] CopyFiles /Users/lucas-furini/repos/checkout/unity/builds/ios/Il2CppOutputProject/IL2CPP/external/mono/mono/utils/mono-string.h
[1206/3221  0s] CopyFiles /Users/lucas-furini/repos/checkout/unity/builds/ios/Il2CppOutputProject/IL2CPP/external/mono/mono/utils/mono-stdlib.h
[1207/3221  0s] CopyFiles /Users/lucas-furini/repos/checkout/unity/builds/ios/Il2CppOutputProject/IL2CPP/external/mono/mono/utils/mono-stdlib.c
[1208/3221  0s] CopyFiles /Users/lucas-furini/repos/checkout/unity/builds/ios/Il2CppOutputProject/IL2CPP/external/mono/mono/utils/mono-stack-unwinding.h
[1209/3221  0s] CopyFiles /Users/lucas-furini/repos/checkout/unity/builds/ios/Il2CppOutputProject/IL2CPP/external/mono/mono/utils/mono-signal-handler.h
[1210/3221  0s] CopyFiles /Users/lucas-furini/repos/checkout/unity/builds/ios/Il2CppOutputProject/IL2CPP/external/mono/mono/utils/mono-sigcontext.h
[1211/3221  0s] CopyFiles /Users/lucas-furini/repos/checkout/unity/builds/ios/Il2CppOutputProject/IL2CPP/external/mono/mono/utils/mono-rand.h
[1212/3221  0s] CopyFiles /Users/lucas-furini/repos/checkout/unity/builds/ios/Il2CppOutputProject/IL2CPP/external/mono/mono/utils/mono-sha1.c
[1213/3221  0s] CopyFiles /Users/lucas-furini/repos/checkout/unity/builds/ios/Il2CppOutputProject/IL2CPP/external/mono/mono/utils/mono-publib.c
[1214/3221  0s] CopyFiles /Users/lucas-furini/repos/checkout/unity/builds/ios/Il2CppOutputProject/IL2CPP/external/mono/mono/utils/mono-property-hash.h
[1215/3221  0s] CopyFiles /Users/lucas-furini/repos/checkout/unity/builds/ios/Il2CppOutputProject/IL2CPP/external/mono/mono/utils/mono-publib.h
[1216/3221  0s] CopyFiles /Users/lucas-furini/repos/checkout/unity/builds/ios/Il2CppOutputProject/IL2CPP/external/mono/mono/utils/mono-property-hash.c
[1217/3221  0s] CopyFiles /Users/lucas-furini/repos/checkout/unity/builds/ios/Il2CppOutputProject/IL2CPP/external/mono/mono/utils/mono-proclib.h
[1218/3221  0s] CopyFiles /Users/lucas-furini/repos/checkout/unity/builds/ios/Il2CppOutputProject/IL2CPP/external/mono/mono/utils/mono-proclib-windows.c
[1219/3221  0s] CopyFiles /Users/lucas-furini/repos/checkout/unity/builds/ios/Il2CppOutputProject/IL2CPP/external/mono/mono/utils/mono-proclib.c
[1220/3221  0s] CopyFiles /Users/lucas-furini/repos/checkout/unity/builds/ios/Il2CppOutputProject/IL2CPP/external/mono/mono/utils/mono-poll.h
[1221/3221  0s] CopyFiles /Users/lucas-furini/repos/checkout/unity/builds/ios/Il2CppOutputProject/IL2CPP/external/mono/mono/utils/mono-poll.c
[1222/3221  0s] CopyFiles /Users/lucas-furini/repos/checkout/unity/builds/ios/Il2CppOutputProject/IL2CPP/external/mono/mono/utils/mono-path.h
[1223/3221  0s] CopyFiles /Users/lucas-furini/repos/checkout/unity/builds/ios/Il2CppOutputProject/IL2CPP/external/mono/mono/utils/mono-os-wait.h
[1224/3221  0s] CopyFiles /Users/lucas-furini/repos/checkout/unity/builds/ios/Il2CppOutputProject/IL2CPP/external/mono/mono/utils/mono-path.c
[1225/3221  0s] CopyFiles /Users/lucas-furini/repos/checkout/unity/builds/ios/Il2CppOutputProject/IL2CPP/external/mono/mono/utils/mono-os-wait-win32.c
[1226/3221  0s] CopyFiles /Users/lucas-furini/repos/checkout/unity/builds/ios/Il2CppOutputProject/IL2CPP/external/mono/mono/utils/mono-os-wait-win32-uwp.c
[1227/3221  0s] CopyFiles /Users/lucas-furini/repos/checkout/unity/builds/ios/Il2CppOutputProject/IL2CPP/external/mono/mono/utils/mono-os-semaphore-win32.c
[1228/3221  0s] CopyFiles /Users/lucas-furini/repos/checkout/unity/builds/ios/Il2CppOutputProject/IL2CPP/external/mono/mono/utils/mono-os-semaphore.h
[1229/3221  0s] CopyFiles /Users/lucas-furini/repos/checkout/unity/builds/ios/Il2CppOutputProject/IL2CPP/external/mono/mono/utils/mono-os-mutex.h
[1230/3221  0s] CopyFiles /Users/lucas-furini/repos/checkout/unity/builds/ios/Il2CppOutputProject/IL2CPP/external/mono/mono/utils/mono-os-mutex.c
[1231/3221  0s] CopyFiles /Users/lucas-furini/repos/checkout/unity/builds/ios/Il2CppOutputProject/IL2CPP/external/mono/mono/utils/mono-once.h
[1232/3221  0s] CopyFiles /Users/lucas-furini/repos/checkout/unity/builds/ios/Il2CppOutputProject/IL2CPP/external/mono/mono/utils/mono-networkinterfaces.h
[1233/3221  0s] CopyFiles /Users/lucas-furini/repos/checkout/unity/builds/ios/Il2CppOutputProject/IL2CPP/external/mono/mono/utils/mono-networkinterfaces.c
[1234/3221  0s] CopyFiles /Users/lucas-furini/repos/checkout/unity/builds/ios/Il2CppOutputProject/IL2CPP/external/mono/mono/utils/mono-mmap.h
[1235/3221  0s] CopyFiles /Users/lucas-furini/repos/checkout/unity/builds/ios/Il2CppOutputProject/IL2CPP/external/mono/mono/utils/mono-mmap.c
[1236/3221  0s] CopyFiles /Users/lucas-furini/repos/checkout/unity/builds/ios/Il2CppOutputProject/IL2CPP/external/mono/mono/utils/mono-mmap-windows.c
[1237/3221  0s] CopyFiles /Users/lucas-furini/repos/checkout/unity/builds/ios/Il2CppOutputProject/IL2CPP/external/mono/mono/utils/mono-mmap-windows-internals.h
[1238/3221  0s] CopyFiles /Users/lucas-furini/repos/checkout/unity/builds/ios/Il2CppOutputProject/IL2CPP/external/mono/mono/utils/mono-mmap-internals.h
[1239/3221  0s] CopyFiles /Users/lucas-furini/repos/checkout/unity/builds/ios/Il2CppOutputProject/IL2CPP/external/mono/mono/utils/mono-memory-model.h
[1240/3221  0s] CopyFiles /Users/lucas-furini/repos/checkout/unity/builds/ios/Il2CppOutputProject/IL2CPP/external/mono/mono/utils/mono-membar.h
[1241/3221  0s] CopyFiles /Users/lucas-furini/repos/checkout/unity/builds/ios/Il2CppOutputProject/IL2CPP/external/mono/mono/utils/mono-md5.c
[1242/3221  0s] CopyFiles /Users/lucas-furini/repos/checkout/unity/builds/ios/Il2CppOutputProject/IL2CPP/external/mono/mono/utils/mono-math.h
[1243/3221  0s] CopyFiles /Users/lucas-furini/repos/checkout/unity/builds/ios/Il2CppOutputProject/IL2CPP/external/mono/mono/utils/mono-math.c
[1244/3221  0s] CopyFiles /Users/lucas-furini/repos/checkout/unity/builds/ios/Il2CppOutputProject/IL2CPP/external/mono/mono/utils/mono-machine.h
[1245/3221  0s] CopyFiles /Users/lucas-furini/repos/checkout/unity/builds/ios/Il2CppOutputProject/IL2CPP/external/mono/mono/utils/mono-logger.h
[1246/3221  0s] CopyFiles /Users/lucas-furini/repos/checkout/unity/builds/ios/Il2CppOutputProject/IL2CPP/external/mono/mono/utils/mono-logger.c
[1247/3221  0s] CopyFiles /Users/lucas-furini/repos/checkout/unity/builds/ios/Il2CppOutputProject/IL2CPP/external/mono/mono/utils/mono-logger-internals.h
[1248/3221  0s] CopyFiles /Users/lucas-furini/repos/checkout/unity/builds/ios/Il2CppOutputProject/IL2CPP/external/mono/mono/utils/mono-log-unity.c
[1249/3221  0s] CopyFiles /Users/lucas-furini/repos/checkout/unity/builds/ios/Il2CppOutputProject/IL2CPP/external/mono/mono/utils/mono-log-posix.c
[1250/3221  0s] CopyFiles /Users/lucas-furini/repos/checkout/unity/builds/ios/Il2CppOutputProject/IL2CPP/external/mono/mono/utils/mono-log-windows.c
[1251/3221  0s] CopyFiles /Users/lucas-furini/repos/checkout/unity/builds/ios/Il2CppOutputProject/IL2CPP/external/mono/mono/utils/mono-log-darwin.c
[1252/3221  0s] CopyFiles /Users/lucas-furini/repos/checkout/unity/builds/ios/Il2CppOutputProject/IL2CPP/external/mono/mono/utils/mono-log-android.c
[1253/3221  0s] CopyFiles /Users/lucas-furini/repos/checkout/unity/builds/ios/Il2CppOutputProject/IL2CPP/external/mono/mono/utils/mono-log-common.c
[1254/3221  0s] CopyFiles /Users/lucas-furini/repos/checkout/unity/builds/ios/Il2CppOutputProject/IL2CPP/external/mono/mono/utils/mono-linked-list-set.h
[1255/3221  0s] CopyFiles /Users/lucas-furini/repos/checkout/unity/builds/ios/Il2CppOutputProject/IL2CPP/external/mono/mono/utils/mono-threads-mach.c
[1256/3221  0s] CopyFiles /Users/lucas-furini/repos/checkout/unity/builds/ios/Il2CppOutputProject/IL2CPP/external/mono/mono/utils/mono-linked-list-set.c
[1257/3221  0s] CopyFiles /Users/lucas-furini/repos/checkout/unity/builds/ios/Il2CppOutputProject/IL2CPP/external/mono/mono/utils/mono-io-portability.h
[1258/3221  0s] CopyFiles /Users/lucas-furini/repos/checkout/unity/builds/ios/Il2CppOutputProject/IL2CPP/external/mono/mono/utils/mono-internal-hash.c
[1259/3221  0s] CopyFiles /Users/lucas-furini/repos/checkout/unity/builds/ios/Il2CppOutputProject/IL2CPP/external/mono/mono/utils/mono-lazy-init.h
[1260/3221  0s] CopyFiles /Users/lucas-furini/repos/checkout/unity/builds/ios/Il2CppOutputProject/IL2CPP/external/mono/mono/utils/mono-internal-hash.h
[1261/3221  0s] CopyFiles /Users/lucas-furini/repos/checkout/unity/builds/ios/Il2CppOutputProject/IL2CPP/external/mono/mono/utils/mono-io-portability.c
[1262/3221  0s] CopyFiles /Users/lucas-furini/repos/checkout/unity/builds/ios/Il2CppOutputProject/IL2CPP/external/mono/mono/utils/mono-hwcap-web.c
[1263/3221  0s] CopyFiles /Users/lucas-furini/repos/checkout/unity/builds/ios/Il2CppOutputProject/IL2CPP/external/mono/mono/utils/mono-hwcap-x86.c
[1264/3221  0s] CopyFiles /Users/lucas-furini/repos/checkout/unity/builds/ios/Il2CppOutputProject/IL2CPP/external/mono/mono/utils/mono-hwcap.h
[1265/3221  0s] CopyFiles /Users/lucas-furini/repos/checkout/unity/builds/ios/Il2CppOutputProject/IL2CPP/external/mono/mono/utils/mono-hwcap.c
[1266/3221  0s] CopyFiles /Users/lucas-furini/repos/checkout/unity/builds/ios/Il2CppOutputProject/IL2CPP/external/mono/mono/utils/mono-hwcap-vars.h
[1267/3221  0s] CopyFiles /Users/lucas-furini/repos/checkout/unity/builds/ios/Il2CppOutputProject/IL2CPP/external/mono/mono/utils/mono-hwcap-arm64.c
[1268/3221  0s] CopyFiles /Users/lucas-furini/repos/checkout/unity/builds/ios/Il2CppOutputProject/IL2CPP/external/mono/mono/utils/mono-forward.h
[1269/3221  0s] CopyFiles /Users/lucas-furini/repos/checkout/unity/builds/ios/Il2CppOutputProject/IL2CPP/external/mono/mono/utils/mono-hwcap-arm.c
[1270/3221  0s] CopyFiles /Users/lucas-furini/repos/checkout/unity/builds/ios/Il2CppOutputProject/IL2CPP/external/mono/mono/utils/mono-filemap.c
[1271/3221  0s] CopyFiles /Users/lucas-furini/repos/checkout/unity/builds/ios/Il2CppOutputProject/IL2CPP/external/mono/mono/utils/mono-forward-internal.h
[1272/3221  0s] CopyFiles /Users/lucas-furini/repos/checkout/unity/builds/ios/Il2CppOutputProject/IL2CPP/external/mono/mono/utils/mono-error.h
[1273/3221  0s] CopyFiles /Users/lucas-furini/repos/checkout/unity/builds/ios/Il2CppOutputProject/IL2CPP/external/mono/mono/utils/mono-errno.h
[1274/3221  0s] CopyFiles /Users/lucas-furini/repos/checkout/unity/builds/ios/Il2CppOutputProject/IL2CPP/external/mono/mono/utils/mono-error.c
[1275/3221  0s] CopyFiles /Users/lucas-furini/repos/checkout/unity/builds/ios/Il2CppOutputProject/IL2CPP/external/mono/mono/utils/mono-embed.h
[1276/3221  0s] CopyFiles /Users/lucas-furini/repos/checkout/unity/builds/ios/Il2CppOutputProject/IL2CPP/external/mono/mono/utils/mono-error-internals.h
[1277/3221  0s] CopyFiles /Users/lucas-furini/repos/checkout/unity/builds/ios/Il2CppOutputProject/IL2CPP/external/mono/mono/utils/mono-dl.c
[1278/3221  0s] CopyFiles /Users/lucas-furini/repos/checkout/unity/builds/ios/Il2CppOutputProject/IL2CPP/external/mono/mono/utils/mono-dl.h
[1279/3221  0s] CopyFiles /Users/lucas-furini/repos/checkout/unity/builds/ios/Il2CppOutputProject/IL2CPP/external/mono/mono/utils/mono-dl-windows.c
[1280/3221  0s] CopyFiles /Users/lucas-furini/repos/checkout/unity/builds/ios/Il2CppOutputProject/IL2CPP/external/mono/mono/utils/mono-dl-windows-uwp.c
[1281/3221  0s] CopyFiles /Users/lucas-furini/repos/checkout/unity/builds/ios/Il2CppOutputProject/IL2CPP/external/mono/mono/utils/mono-dl-windows-internals.h
[1282/3221  0s] CopyFiles /Users/lucas-furini/repos/checkout/unity/builds/ios/Il2CppOutputProject/IL2CPP/external/mono/mono/utils/mono-dl-fallback.h
[1283/3221  0s] CopyFiles /Users/lucas-furini/repos/checkout/unity/builds/ios/Il2CppOutputProject/IL2CPP/external/mono/mono/utils/mono-dl-posix.c
[1284/3221  0s] CopyFiles /Users/lucas-furini/repos/checkout/unity/builds/ios/Il2CppOutputProject/IL2CPP/external/mono/mono/utils/mono-dl-darwin.c
[1285/3221  0s] CopyFiles /Users/lucas-furini/repos/checkout/unity/builds/ios/Il2CppOutputProject/IL2CPP/external/mono/mono/utils/mono-dl-unity.c
[1286/3221  0s] CopyFiles /Users/lucas-furini/repos/checkout/unity/builds/ios/Il2CppOutputProject/IL2CPP/external/mono/mono/utils/mono-digest.h
[1287/3221  0s] CopyFiles /Users/lucas-furini/repos/checkout/unity/builds/ios/Il2CppOutputProject/IL2CPP/external/mono/mono/utils/mono-counters.h
[1288/3221  0s] CopyFiles /Users/lucas-furini/repos/checkout/unity/builds/ios/Il2CppOutputProject/IL2CPP/external/mono/mono/utils/mono-counters.c
[1289/3221  0s] CopyFiles /Users/lucas-furini/repos/checkout/unity/builds/ios/Il2CppOutputProject/IL2CPP/external/mono/mono/utils/mono-coop-semaphore.h
[1290/3221  0s] CopyFiles /Users/lucas-furini/repos/checkout/unity/builds/ios/Il2CppOutputProject/IL2CPP/external/mono/mono/utils/mono-coop-mutex.h
[1291/3221  0s] CopyFiles /Users/lucas-furini/repos/checkout/unity/builds/ios/Il2CppOutputProject/IL2CPP/external/mono/mono/utils/mono-context.h
[1292/3221  0s] CopyFiles /Users/lucas-furini/repos/checkout/unity/builds/ios/Il2CppOutputProject/IL2CPP/external/mono/mono/utils/mono-context.c
[1293/3221  0s] CopyFiles /Users/lucas-furini/repos/checkout/unity/builds/ios/Il2CppOutputProject/IL2CPP/external/mono/mono/utils/mono-conc-hashtable.c
[1294/3221  0s] CopyFiles /Users/lucas-furini/repos/checkout/unity/builds/ios/Il2CppOutputProject/IL2CPP/external/mono/mono/utils/mono-conc-hashtable.h
[1295/3221  0s] CopyFiles /Users/lucas-furini/repos/checkout/unity/builds/ios/Il2CppOutputProject/IL2CPP/external/mono/mono/utils/mono-complex.h
[1296/3221  0s] CopyFiles /Users/lucas-furini/repos/checkout/unity/builds/ios/Il2CppOutputProject/IL2CPP/external/mono/mono/utils/memfuncs.c
[1297/3221  0s] CopyFiles /Users/lucas-furini/repos/checkout/unity/builds/ios/Il2CppOutputProject/IL2CPP/external/mono/mono/utils/mono-compiler.h
[1298/3221  0s] CopyFiles /Users/lucas-furini/repos/checkout/unity/builds/ios/Il2CppOutputProject/IL2CPP/external/mono/mono/utils/memfuncs.h
[1299/3221  0s] CopyFiles /Users/lucas-furini/repos/checkout/unity/builds/ios/Il2CppOutputProject/IL2CPP/external/mono/mono/utils/mono-codeman.h
[1300/3221  0s] CopyFiles /Users/lucas-furini/repos/checkout/unity/builds/ios/Il2CppOutputProject/IL2CPP/external/mono/mono/utils/mono-codeman.c
[1301/3221  0s] CopyFiles /Users/lucas-furini/repos/checkout/unity/builds/ios/Il2CppOutputProject/IL2CPP/external/mono/mono/utils/mach-support.h
[1302/3221  0s] CopyFiles /Users/lucas-furini/repos/checkout/unity/builds/ios/Il2CppOutputProject/IL2CPP/external/mono/mono/utils/mach-support.c
[1303/3221  0s] CopyFiles /Users/lucas-furini/repos/checkout/unity/builds/ios/Il2CppOutputProject/IL2CPP/external/mono/mono/utils/memcheck.h
[1304/3221  0s] CopyFiles /Users/lucas-furini/repos/checkout/unity/builds/ios/Il2CppOutputProject/IL2CPP/external/mono/mono/utils/mach-support-x86.c
[1305/3221  0s] CopyFiles /Users/lucas-furini/repos/checkout/unity/builds/ios/Il2CppOutputProject/IL2CPP/external/mono/mono/utils/mach-support-amd64.c
[1306/3221  0s] CopyFiles /Users/lucas-furini/repos/checkout/unity/builds/ios/Il2CppOutputProject/IL2CPP/external/mono/mono/utils/lock-free-queue.h
[1307/3221  0s] CopyFiles /Users/lucas-furini/repos/checkout/unity/builds/ios/Il2CppOutputProject/IL2CPP/external/mono/mono/utils/mach-support-arm64.c
[1308/3221  0s] CopyFiles /Users/lucas-furini/repos/checkout/unity/builds/ios/Il2CppOutputProject/IL2CPP/external/mono/mono/utils/lock-free-queue.c
[1309/3221  0s] CopyFiles /Users/lucas-furini/repos/checkout/unity/builds/ios/Il2CppOutputProject/IL2CPP/external/mono/mono/utils/lock-free-array-queue.h
[1310/3221  0s] CopyFiles /Users/lucas-furini/repos/checkout/unity/builds/ios/Il2CppOutputProject/IL2CPP/external/mono/mono/utils/lock-free-array-queue.c
[1311/3221  0s] CopyFiles /Users/lucas-furini/repos/checkout/unity/builds/ios/Il2CppOutputProject/IL2CPP/external/mono/mono/utils/lock-free-alloc.h
[1312/3221  0s] CopyFiles /Users/lucas-furini/repos/checkout/unity/builds/ios/Il2CppOutputProject/IL2CPP/external/mono/mono/utils/lock-free-alloc.c
[1313/3221  0s] CopyFiles /Users/lucas-furini/repos/checkout/unity/builds/ios/Il2CppOutputProject/IL2CPP/external/mono/mono/utils/linux_magic.h
[1314/3221  0s] CopyFiles /Users/lucas-furini/repos/checkout/unity/builds/ios/Il2CppOutputProject/IL2CPP/external/mono/mono/utils/json.h
[1315/3221  0s] CopyFiles /Users/lucas-furini/repos/checkout/unity/builds/ios/Il2CppOutputProject/IL2CPP/external/mono/mono/utils/hazard-pointer.h
[1316/3221  0s] CopyFiles /Users/lucas-furini/repos/checkout/unity/builds/ios/Il2CppOutputProject/IL2CPP/external/mono/mono/utils/json.c
[1317/3221  0s] CopyFiles /Users/lucas-furini/repos/checkout/unity/builds/ios/Il2CppOutputProject/IL2CPP/external/mono/mono/utils/hazard-pointer.c
[1318/3221  0s] CopyFiles /Users/lucas-furini/repos/checkout/unity/builds/ios/Il2CppOutputProject/IL2CPP/external/mono/mono/utils/gc_wrapper.h
[1319/3221  0s] CopyFiles /Users/lucas-furini/repos/checkout/unity/builds/ios/Il2CppOutputProject/IL2CPP/external/mono/mono/utils/freebsd-elf_common.h
[1320/3221  0s] CopyFiles /Users/lucas-furini/repos/checkout/unity/builds/ios/Il2CppOutputProject/IL2CPP/external/mono/mono/utils/freebsd-elf64.h
[1321/3221  0s] CopyFiles /Users/lucas-furini/repos/checkout/unity/builds/ios/Il2CppOutputProject/IL2CPP/external/mono/mono/utils/freebsd-elf32.h
[1322/3221  0s] CopyFiles /Users/lucas-furini/repos/checkout/unity/builds/ios/Il2CppOutputProject/IL2CPP/external/mono/mono/utils/dtrace.h
[1323/3221  0s] CopyFiles /Users/lucas-furini/repos/checkout/unity/builds/ios/Il2CppOutputProject/IL2CPP/external/mono/mono/utils/freebsd-dwarf.h
[1324/3221  0s] CopyFiles /Users/lucas-furini/repos/checkout/unity/builds/ios/Il2CppOutputProject/IL2CPP/external/mono/mono/utils/checked-build.h
[1325/3221  0s] CopyFiles /Users/lucas-furini/repos/checkout/unity/builds/ios/Il2CppOutputProject/IL2CPP/external/mono/mono/utils/dlmalloc.h
[1326/3221  0s] CopyFiles /Users/lucas-furini/repos/checkout/unity/builds/ios/Il2CppOutputProject/IL2CPP/external/mono/mono/utils/dlmalloc.c
[1327/3221  0s] CopyFiles /Users/lucas-furini/repos/checkout/unity/builds/ios/Il2CppOutputProject/IL2CPP/external/mono/mono/utils/bsearch.h
[1328/3221  0s] CopyFiles /Users/lucas-furini/repos/checkout/unity/builds/ios/Il2CppOutputProject/IL2CPP/external/mono/mono/utils/bsearch.c
[1329/3221  0s] CopyFiles /Users/lucas-furini/repos/checkout/unity/builds/ios/Il2CppOutputProject/IL2CPP/external/mono/mono/sgen/sgen-workers.h
[1330/3221  0s] CopyFiles /Users/lucas-furini/repos/checkout/unity/builds/ios/Il2CppOutputProject/IL2CPP/external/mono/mono/utils/atomic.c
[1331/3221  0s] CopyFiles /Users/lucas-furini/repos/checkout/unity/builds/ios/Il2CppOutputProject/IL2CPP/external/mono/mono/utils/atomic.h
[1332/3221  0s] CopyFiles /Users/lucas-furini/repos/checkout/unity/builds/ios/Il2CppOutputProject/IL2CPP/external/mono/mono/sgen/sgen-tagged-pointer.h
[1333/3221  0s] CopyFiles /Users/lucas-furini/repos/checkout/unity/builds/ios/Il2CppOutputProject/IL2CPP/external/mono/mono/sgen/sgen-workers.c
[1334/3221  0s] CopyFiles /Users/lucas-furini/repos/checkout/unity/builds/ios/Il2CppOutputProject/IL2CPP/external/mono/mono/sgen/sgen-thread-pool.c
[1335/3221  0s] CopyFiles /Users/lucas-furini/repos/checkout/unity/builds/ios/Il2CppOutputProject/IL2CPP/external/mono/mono/sgen/sgen-split-nursery.c
[1336/3221  0s] CopyFiles /Users/lucas-furini/repos/checkout/unity/builds/ios/Il2CppOutputProject/IL2CPP/external/mono/mono/sgen/sgen-thread-pool.h
[1337/3221  0s] CopyFiles /Users/lucas-furini/repos/checkout/unity/builds/ios/Il2CppOutputProject/IL2CPP/external/mono/mono/sgen/sgen-scan-object.h
[1338/3221  0s] CopyFiles /Users/lucas-furini/repos/checkout/unity/builds/ios/Il2CppOutputProject/IL2CPP/external/mono/mono/sgen/sgen-simple-nursery.c
[1339/3221  0s] CopyFiles /Users/lucas-furini/repos/checkout/unity/builds/ios/Il2CppOutputProject/IL2CPP/external/mono/mono/sgen/sgen-qsort.h
[1340/3221  0s] CopyFiles /Users/lucas-furini/repos/checkout/unity/builds/ios/Il2CppOutputProject/IL2CPP/external/mono/mono/sgen/sgen-qsort.c
[1341/3221  0s] CopyFiles /Users/lucas-furini/repos/checkout/unity/builds/ios/Il2CppOutputProject/IL2CPP/external/mono/mono/sgen/sgen-protocol.h
[1342/3221  0s] CopyFiles /Users/lucas-furini/repos/checkout/unity/builds/ios/Il2CppOutputProject/IL2CPP/external/mono/mono/sgen/sgen-protocol.c
[1343/3221  0s] CopyFiles /Users/lucas-furini/repos/checkout/unity/builds/ios/Il2CppOutputProject/IL2CPP/external/mono/mono/sgen/sgen-pointer-queue.c
[1344/3221  0s] CopyFiles /Users/lucas-furini/repos/checkout/unity/builds/ios/Il2CppOutputProject/IL2CPP/external/mono/mono/sgen/sgen-pointer-queue.h
[1345/3221  0s] CopyFiles /Users/lucas-furini/repos/checkout/unity/builds/ios/Il2CppOutputProject/IL2CPP/external/mono/mono/sgen/sgen-protocol-def.h
[1346/3221  0s] CopyFiles /Users/lucas-furini/repos/checkout/unity/builds/ios/Il2CppOutputProject/IL2CPP/external/mono/mono/sgen/sgen-pinning.h
[1347/3221  0s] CopyFiles /Users/lucas-furini/repos/checkout/unity/builds/ios/Il2CppOutputProject/IL2CPP/external/mono/mono/sgen/sgen-nursery-allocator.c
[1348/3221  0s] CopyFiles /Users/lucas-furini/repos/checkout/unity/builds/ios/Il2CppOutputProject/IL2CPP/external/mono/mono/sgen/sgen-pinning-stats.c
[1349/3221  0s] CopyFiles /Users/lucas-furini/repos/checkout/unity/builds/ios/Il2CppOutputProject/IL2CPP/external/mono/mono/sgen/sgen-pinning.c
[1350/3221  0s] CopyFiles /Users/lucas-furini/repos/checkout/unity/builds/ios/Il2CppOutputProject/IL2CPP/external/mono/mono/sgen/sgen-minor-scan-object.h
[1351/3221  0s] CopyFiles /Users/lucas-furini/repos/checkout/unity/builds/ios/Il2CppOutputProject/IL2CPP/external/mono/mono/sgen/sgen-minor-copy-object.h
[1352/3221  0s] CopyFiles /Users/lucas-furini/repos/checkout/unity/builds/ios/Il2CppOutputProject/IL2CPP/external/mono/mono/sgen/sgen-memory-governor.h
[1353/3221  0s] CopyFiles /Users/lucas-furini/repos/checkout/unity/builds/ios/Il2CppOutputProject/IL2CPP/external/mono/mono/sgen/sgen-memory-governor.c
[1354/3221  0s] CopyFiles /Users/lucas-furini/repos/checkout/unity/builds/ios/Il2CppOutputProject/IL2CPP/external/mono/mono/sgen/sgen-marksweep.c
[1355/3221  0s] CopyFiles /Users/lucas-furini/repos/checkout/unity/builds/ios/Il2CppOutputProject/IL2CPP/external/mono/mono/sgen/sgen-major-copy-object.h
[1356/3221  0s] CopyFiles /Users/lucas-furini/repos/checkout/unity/builds/ios/Il2CppOutputProject/IL2CPP/external/mono/mono/sgen/sgen-marksweep-drain-gray-stack.h
[1357/3221  0s] CopyFiles /Users/lucas-furini/repos/checkout/unity/builds/ios/Il2CppOutputProject/IL2CPP/external/mono/mono/sgen/sgen-los.c
[1358/3221  0s] CopyFiles /Users/lucas-furini/repos/checkout/unity/builds/ios/Il2CppOutputProject/IL2CPP/external/mono/mono/sgen/sgen-layout-stats.c
[1359/3221  0s] CopyFiles /Users/lucas-furini/repos/checkout/unity/builds/ios/Il2CppOutputProject/IL2CPP/external/mono/mono/sgen/sgen-layout-stats.h
[1360/3221  0s] CopyFiles /Users/lucas-furini/repos/checkout/unity/builds/ios/Il2CppOutputProject/IL2CPP/external/mono/mono/sgen/sgen-hash-table.h
[1361/3221  0s] CopyFiles /Users/lucas-furini/repos/checkout/unity/builds/ios/Il2CppOutputProject/IL2CPP/external/mono/mono/sgen/sgen-internal.c
[1362/3221  0s] CopyFiles /Users/lucas-furini/repos/checkout/unity/builds/ios/Il2CppOutputProject/IL2CPP/external/mono/mono/sgen/sgen-hash-table.c
[1363/3221  0s] CopyFiles /Users/lucas-furini/repos/checkout/unity/builds/ios/Il2CppOutputProject/IL2CPP/external/mono/mono/sgen/sgen-gray.h
[1364/3221  0s] CopyFiles /Users/lucas-furini/repos/checkout/unity/builds/ios/Il2CppOutputProject/IL2CPP/external/mono/mono/sgen/sgen-gray.c
[1365/3221  0s] CopyFiles /Users/lucas-furini/repos/checkout/unity/builds/ios/Il2CppOutputProject/IL2CPP/external/mono/mono/sgen/sgen-gc.h
[1366/3221  0s] CopyFiles /Users/lucas-furini/repos/checkout/unity/builds/ios/Il2CppOutputProject/IL2CPP/external/mono/mono/sgen/sgen-gchandles.c
[1367/3221  0s] CopyFiles /Users/lucas-furini/repos/checkout/unity/builds/ios/Il2CppOutputProject/IL2CPP/external/mono/mono/sgen/sgen-fin-weak-hash.c
[1368/3221  0s] CopyFiles /Users/lucas-furini/repos/checkout/unity/builds/ios/Il2CppOutputProject/IL2CPP/external/mono/mono/sgen/sgen-descriptor.h
[1369/3221  0s] CopyFiles /Users/lucas-furini/repos/checkout/unity/builds/ios/Il2CppOutputProject/IL2CPP/external/mono/mono/sgen/sgen-descriptor.c
[1370/3221  0s] CopyFiles /Users/lucas-furini/repos/checkout/unity/builds/ios/Il2CppOutputProject/IL2CPP/external/mono/mono/sgen/sgen-copy-object.h
[1371/3221  0s] CopyFiles /Users/lucas-furini/repos/checkout/unity/builds/ios/Il2CppOutputProject/IL2CPP/external/mono/mono/sgen/sgen-debug.c
[1372/3221  0s] CopyFiles /Users/lucas-furini/repos/checkout/unity/builds/ios/Il2CppOutputProject/IL2CPP/external/mono/mono/sgen/sgen-gc.c
[1373/3221  0s] CopyFiles /Users/lucas-furini/repos/checkout/unity/builds/ios/Il2CppOutputProject/IL2CPP/external/mono/mono/sgen/sgen-conf.h
[1374/3221  0s] CopyFiles /Users/lucas-furini/repos/checkout/unity/builds/ios/Il2CppOutputProject/IL2CPP/external/mono/mono/sgen/sgen-cardtable.h
[1375/3221  0s] CopyFiles /Users/lucas-furini/repos/checkout/unity/builds/ios/Il2CppOutputProject/IL2CPP/external/mono/mono/sgen/sgen-client.h
[1376/3221  0s] CopyFiles /Users/lucas-furini/repos/checkout/unity/builds/ios/Il2CppOutputProject/IL2CPP/external/mono/mono/sgen/sgen-cardtable.c
[1377/3221  0s] CopyFiles /Users/lucas-furini/repos/checkout/unity/builds/ios/Il2CppOutputProject/IL2CPP/external/mono/mono/sgen/sgen-archdep.h
[1378/3221  0s] CopyFiles /Users/lucas-furini/repos/checkout/unity/builds/ios/Il2CppOutputProject/IL2CPP/external/mono/mono/sgen/sgen-array-list.h
[1379/3221  0s] CopyFiles /Users/lucas-furini/repos/checkout/unity/builds/ios/Il2CppOutputProject/IL2CPP/external/mono/mono/sgen/gc-internal-agnostic.h
[1380/3221  0s] CopyFiles /Users/lucas-furini/repos/checkout/unity/builds/ios/Il2CppOutputProject/IL2CPP/external/mono/mono/sgen/sgen-alloc.c
[1381/3221  0s] CopyFiles /Users/lucas-furini/repos/checkout/unity/builds/ios/Il2CppOutputProject/IL2CPP/external/mono/mono/sgen/sgen-array-list.c
[1382/3221  0s] CopyFiles /Users/lucas-furini/repos/checkout/unity/builds/ios/Il2CppOutputProject/IL2CPP/external/mono/mono/mini/debugger-state-machine.h
[1383/3221  0s] CopyFiles /Users/lucas-furini/repos/checkout/unity/builds/ios/Il2CppOutputProject/IL2CPP/external/mono/mono/mini/debugger-state-machine.c
[1384/3221  0s] CopyFiles /Users/lucas-furini/repos/checkout/unity/builds/ios/Il2CppOutputProject/IL2CPP/external/mono/mono/mini/mini-arm.h
[1385/3221  0s] CopyFiles /Users/lucas-furini/repos/checkout/unity/builds/ios/Il2CppOutputProject/IL2CPP/external/mono/mono/mini/debugger-engine.h
[1386/3221  0s] CopyFiles /Users/lucas-furini/repos/checkout/unity/builds/ios/Il2CppOutputProject/IL2CPP/external/mono/mono/mini/mini-arm64.h
[1387/3221  0s] CopyFiles /Users/lucas-furini/repos/checkout/unity/builds/ios/Il2CppOutputProject/IL2CPP/external/mono/mono/mini/debugger-engine.c
[1388/3221  0s] CopyFiles /Users/lucas-furini/repos/checkout/unity/builds/ios/Il2CppOutputProject/IL2CPP/external/mono/mono/metadata/wrapper-types.h
[1389/3221  0s] CopyFiles /Users/lucas-furini/repos/checkout/unity/builds/ios/Il2CppOutputProject/IL2CPP/external/mono/mono/metadata/w32socket.h
[1390/3221  0s] CopyFiles /Users/lucas-furini/repos/checkout/unity/builds/ios/Il2CppOutputProject/IL2CPP/external/mono/mono/mini/debugger-agent.h
[1391/3221  0s] CopyFiles /Users/lucas-furini/repos/checkout/unity/builds/ios/Il2CppOutputProject/IL2CPP/external/mono/mono/utils/mono-threads-unity.c
[1392/3221  0s] CopyFiles /Users/lucas-furini/repos/checkout/unity/builds/ios/Il2CppOutputProject/IL2CPP/external/mono/mono/metadata/w32socket.c
[1393/3221  0s] CopyFiles /Users/lucas-furini/repos/checkout/unity/builds/ios/Il2CppOutputProject/IL2CPP/external/mono/mono/mini/debugger-agent.c
[1394/3221  0s] CopyFiles /Users/lucas-furini/repos/checkout/unity/builds/ios/Il2CppOutputProject/IL2CPP/external/mono/mono/metadata/w32socket-win32.c
[1395/3221  0s] CopyFiles /Users/lucas-furini/repos/checkout/unity/builds/ios/Il2CppOutputProject/IL2CPP/external/mono/mono/metadata/w32semaphore.h
[1396/3221  0s] CopyFiles /Users/lucas-furini/repos/checkout/unity/builds/ios/Il2CppOutputProject/IL2CPP/external/mono/mono/metadata/w32semaphore-win32.c
[1397/3221  0s] CopyFiles /Users/lucas-furini/repos/checkout/unity/builds/ios/Il2CppOutputProject/IL2CPP/external/mono/mono/metadata/w32semaphore-unix.c
[1398/3221  0s] CopyFiles /Users/lucas-furini/repos/checkout/unity/builds/ios/Il2CppOutputProject/IL2CPP/external/mono/mono/metadata/w32socket-internals.h
[1399/3221  0s] CopyFiles /Users/lucas-furini/repos/checkout/unity/builds/ios/Il2CppOutputProject/IL2CPP/external/mono/mono/metadata/w32process.h
[1400/3221  0s] CopyFiles /Users/lucas-furini/repos/checkout/unity/builds/ios/Il2CppOutputProject/IL2CPP/external/mono/mono/metadata/w32socket-unix.c
[1401/3221  0s] CopyFiles /Users/lucas-furini/repos/checkout/unity/builds/ios/Il2CppOutputProject/IL2CPP/external/mono/mono/metadata/w32process-win32.c
[1402/3221  0s] CopyFiles /Users/lucas-furini/repos/checkout/unity/builds/ios/Il2CppOutputProject/IL2CPP/external/mono/mono/metadata/w32process.c
[1403/3221  0s] CopyFiles /Users/lucas-furini/repos/checkout/unity/builds/ios/Il2CppOutputProject/IL2CPP/external/mono/mono/metadata/w32process-win32-internals.h
[1404/3221  0s] CopyFiles /Users/lucas-furini/repos/checkout/unity/builds/ios/Il2CppOutputProject/IL2CPP/external/mono/mono/metadata/w32process-unix-internals.h
[1405/3221  0s] CopyFiles /Users/lucas-furini/repos/checkout/unity/builds/ios/Il2CppOutputProject/IL2CPP/external/mono/mono/metadata/w32process-unix-osx.c
[1406/3221  0s] CopyFiles /Users/lucas-furini/repos/checkout/unity/builds/ios/Il2CppOutputProject/IL2CPP/external/mono/mono/metadata/w32process-unix.c
[1407/3221  0s] CopyFiles /Users/lucas-furini/repos/checkout/unity/builds/ios/Il2CppOutputProject/IL2CPP/external/mono/mono/metadata/w32mutex.h
[1408/3221  0s] CopyFiles /Users/lucas-furini/repos/checkout/unity/builds/ios/Il2CppOutputProject/IL2CPP/external/mono/mono/metadata/w32process-internals.h
[1409/3221  0s] CopyFiles /Users/lucas-furini/repos/checkout/unity/builds/ios/Il2CppOutputProject/IL2CPP/external/mono/mono/metadata/w32process-unix-default.c
[1410/3221  0s] CopyFiles /Users/lucas-furini/repos/checkout/unity/builds/ios/Il2CppOutputProject/IL2CPP/external/mono/mono/metadata/w32mutex-unix.c
[1411/3221  0s] CopyFiles /Users/lucas-furini/repos/checkout/unity/builds/ios/Il2CppOutputProject/IL2CPP/external/mono/mono/metadata/w32handle.h
[1412/3221  0s] CopyFiles /Users/lucas-furini/repos/checkout/unity/builds/ios/Il2CppOutputProject/IL2CPP/external/mono/mono/metadata/w32mutex-win32.c
[1413/3221  0s] CopyFiles /Users/lucas-furini/repos/checkout/unity/builds/ios/Il2CppOutputProject/IL2CPP/external/mono/mono/metadata/w32handle-namespace.h
[1414/3221  0s] CopyFiles /Users/lucas-furini/repos/checkout/unity/builds/ios/Il2CppOutputProject/IL2CPP/external/mono/mono/metadata/w32handle.c
[1415/3221  0s] CopyFiles /Users/lucas-furini/repos/checkout/unity/builds/ios/Il2CppOutputProject/IL2CPP/external/mono/mono/metadata/w32handle-namespace.c
[1416/3221  0s] CopyFiles /Users/lucas-furini/repos/checkout/unity/builds/ios/Il2CppOutputProject/IL2CPP/external/mono/mono/metadata/w32file-win32.c
[1417/3221  0s] CopyFiles /Users/lucas-furini/repos/checkout/unity/builds/ios/Il2CppOutputProject/IL2CPP/external/mono/mono/metadata/w32file.c
[1418/3221  0s] CopyFiles /Users/lucas-furini/repos/checkout/unity/builds/ios/Il2CppOutputProject/IL2CPP/external/mono/mono/metadata/w32file.h
[1419/3221  0s] CopyFiles /Users/lucas-furini/repos/checkout/unity/builds/ios/Il2CppOutputProject/IL2CPP/external/mono/mono/metadata/w32file-win32-internals.h
[1420/3221  0s] CopyFiles /Users/lucas-furini/repos/checkout/unity/builds/ios/Il2CppOutputProject/IL2CPP/external/mono/mono/metadata/w32file-unix.c
[1421/3221  0s] CopyFiles /Users/lucas-furini/repos/checkout/unity/builds/ios/Il2CppOutputProject/IL2CPP/external/mono/mono/metadata/w32file-unix-glob.h
[1422/3221  0s] CopyFiles /Users/lucas-furini/repos/checkout/unity/builds/ios/Il2CppOutputProject/IL2CPP/external/mono/mono/metadata/w32file-internals.h
[1423/3221  0s] CopyFiles /Users/lucas-furini/repos/checkout/unity/builds/ios/Il2CppOutputProject/IL2CPP/external/mono/mono/metadata/w32event-unix.c
[1424/3221  0s] CopyFiles /Users/lucas-furini/repos/checkout/unity/builds/ios/Il2CppOutputProject/IL2CPP/external/mono/mono/metadata/w32error.h
[1425/3221  0s] CopyFiles /Users/lucas-furini/repos/checkout/unity/builds/ios/Il2CppOutputProject/IL2CPP/external/mono/mono/metadata/w32event.h
[1426/3221  0s] CopyFiles /Users/lucas-furini/repos/checkout/unity/builds/ios/Il2CppOutputProject/IL2CPP/external/mono/mono/metadata/w32file-unix-glob.c
[1427/3221  0s] CopyFiles /Users/lucas-furini/repos/checkout/unity/builds/ios/Il2CppOutputProject/IL2CPP/external/mono/mono/metadata/w32event-win32.c
[1428/3221  0s] CopyFiles /Users/lucas-furini/repos/checkout/unity/builds/ios/Il2CppOutputProject/IL2CPP/external/mono/mono/metadata/w32error-win32.c
[1429/3221  0s] CopyFiles /Users/lucas-furini/repos/checkout/unity/builds/ios/Il2CppOutputProject/IL2CPP/external/mono/mono/metadata/w32error-unix.c
[1430/3221  0s] CopyFiles /Users/lucas-furini/repos/checkout/unity/builds/ios/Il2CppOutputProject/IL2CPP/external/mono/mono/metadata/verify.h
[1431/3221  0s] CopyFiles /Users/lucas-furini/repos/checkout/unity/builds/ios/Il2CppOutputProject/IL2CPP/external/mono/mono/metadata/verify-internals.h
[1432/3221  0s] CopyFiles /Users/lucas-furini/repos/checkout/unity/builds/ios/Il2CppOutputProject/IL2CPP/external/mono/mono/metadata/unity-utils.h
[1433/3221  0s] CopyFiles /Users/lucas-furini/repos/checkout/unity/builds/ios/Il2CppOutputProject/IL2CPP/external/mono/mono/metadata/verify.c
[1434/3221  0s] CopyFiles /Users/lucas-furini/repos/checkout/unity/builds/ios/Il2CppOutputProject/IL2CPP/external/mono/mono/metadata/unity-utils.c
[1435/3221  0s] CopyFiles /Users/lucas-furini/repos/checkout/unity/builds/ios/Il2CppOutputProject/IL2CPP/external/mono/mono/metadata/tokentype.h
[1436/3221  0s] CopyFiles /Users/lucas-furini/repos/checkout/unity/builds/ios/Il2CppOutputProject/IL2CPP/external/mono/mono/metadata/unity-icall.c
[1437/3221  0s] CopyFiles /Users/lucas-furini/repos/checkout/unity/builds/ios/Il2CppOutputProject/IL2CPP/external/mono/mono/metadata/unity-liveness.c
[1438/3221  0s] CopyFiles /Users/lucas-furini/repos/checkout/unity/builds/ios/Il2CppOutputProject/IL2CPP/external/mono/mono/metadata/threads.h
[1439/3221  0s] CopyFiles /Users/lucas-furini/repos/checkout/unity/builds/ios/Il2CppOutputProject/IL2CPP/external/mono/mono/metadata/threadpool.c
[1440/3221  0s] CopyFiles /Users/lucas-furini/repos/checkout/unity/builds/ios/Il2CppOutputProject/IL2CPP/external/mono/mono/metadata/threadpool.h
[1441/3221  0s] CopyFiles /Users/lucas-furini/repos/checkout/unity/builds/ios/Il2CppOutputProject/IL2CPP/external/mono/mono/metadata/threads.c
[1442/3221  0s] CopyFiles /Users/lucas-furini/repos/checkout/unity/builds/ios/Il2CppOutputProject/IL2CPP/external/mono/mono/metadata/threads-types.h
[1443/3221  0s] CopyFiles /Users/lucas-furini/repos/checkout/unity/builds/ios/Il2CppOutputProject/IL2CPP/external/mono/mono/metadata/threadpool-worker.h
[1444/3221  0s] CopyFiles /Users/lucas-furini/repos/checkout/unity/builds/ios/Il2CppOutputProject/IL2CPP/external/mono/mono/metadata/tabledefs.h
[1445/3221  0s] CopyFiles /Users/lucas-furini/repos/checkout/unity/builds/ios/Il2CppOutputProject/IL2CPP/external/mono/mono/metadata/threadpool-io.h
[1446/3221  0s] CopyFiles /Users/lucas-furini/repos/checkout/unity/builds/ios/Il2CppOutputProject/IL2CPP/external/mono/mono/metadata/threadpool-io.c
[1447/3221  0s] CopyFiles /Users/lucas-furini/repos/checkout/unity/builds/ios/Il2CppOutputProject/IL2CPP/external/mono/mono/metadata/sysmath.h
[1448/3221  0s] CopyFiles /Users/lucas-furini/repos/checkout/unity/builds/ios/Il2CppOutputProject/IL2CPP/external/mono/mono/metadata/threadpool-worker-default.c
[1449/3221  0s] CopyFiles /Users/lucas-furini/repos/checkout/unity/builds/ios/Il2CppOutputProject/IL2CPP/external/mono/mono/metadata/sysmath.c
[1450/3221  0s] CopyFiles /Users/lucas-furini/repos/checkout/unity/builds/ios/Il2CppOutputProject/IL2CPP/external/mono/mono/metadata/string-icalls.h
[1451/3221  0s] CopyFiles /Users/lucas-furini/repos/checkout/unity/builds/ios/Il2CppOutputProject/IL2CPP/external/mono/mono/metadata/string-icalls.c
[1452/3221  0s] CopyFiles /Users/lucas-furini/repos/checkout/unity/builds/ios/Il2CppOutputProject/IL2CPP/external/mono/mono/metadata/sre-internals.h
[1453/3221  0s] CopyFiles /Users/lucas-furini/repos/checkout/unity/builds/ios/Il2CppOutputProject/IL2CPP/external/mono/mono/metadata/sre-encode.c
[1454/3221  0s] CopyFiles /Users/lucas-furini/repos/checkout/unity/builds/ios/Il2CppOutputProject/IL2CPP/external/mono/mono/metadata/sre.c
[1455/3221  0s] CopyFiles /Users/lucas-furini/repos/checkout/unity/builds/ios/Il2CppOutputProject/IL2CPP/external/mono/mono/metadata/sre-save.c
[1456/3221  0s] CopyFiles /Users/lucas-furini/repos/checkout/unity/builds/ios/Il2CppOutputProject/IL2CPP/external/mono/mono/metadata/sgen-toggleref.h
[1457/3221  0s] CopyFiles /Users/lucas-furini/repos/checkout/unity/builds/ios/Il2CppOutputProject/IL2CPP/external/mono/mono/metadata/sgen-old-bridge.c
[1458/3221  0s] CopyFiles /Users/lucas-furini/repos/checkout/unity/builds/ios/Il2CppOutputProject/IL2CPP/external/mono/mono/metadata/sgen-new-bridge.c
[1459/3221  0s] CopyFiles /Users/lucas-furini/repos/checkout/unity/builds/ios/Il2CppOutputProject/IL2CPP/external/mono/mono/metadata/sgen-toggleref.c
[1460/3221  0s] CopyFiles /Users/lucas-furini/repos/checkout/unity/builds/ios/Il2CppOutputProject/IL2CPP/external/mono/mono/metadata/sgen-tarjan-bridge.c
[1461/3221  0s] CopyFiles /Users/lucas-furini/repos/checkout/unity/builds/ios/Il2CppOutputProject/IL2CPP/external/mono/mono/metadata/sgen-stw.c
[1462/3221  0s] CopyFiles /Users/lucas-furini/repos/checkout/unity/builds/ios/Il2CppOutputProject/IL2CPP/external/mono/mono/metadata/sgen-mono.c
[1463/3221  0s] CopyFiles /Users/lucas-furini/repos/checkout/unity/builds/ios/Il2CppOutputProject/IL2CPP/external/mono/mono/metadata/sgen-client-mono.h
[1464/3221  0s] CopyFiles /Users/lucas-furini/repos/checkout/unity/builds/ios/Il2CppOutputProject/IL2CPP/external/mono/mono/metadata/sgen-dynarray.h
[1465/3221  0s] CopyFiles /Users/lucas-furini/repos/checkout/unity/builds/ios/Il2CppOutputProject/IL2CPP/external/mono/mono/metadata/sgen-bridge.h
[1466/3221  0s] CopyFiles /Users/lucas-furini/repos/checkout/unity/builds/ios/Il2CppOutputProject/IL2CPP/external/mono/mono/metadata/sgen-bridge.c
[1467/3221  0s] CopyFiles /Users/lucas-furini/repos/checkout/unity/builds/ios/Il2CppOutputProject/IL2CPP/external/mono/mono/metadata/sgen-bridge-internals.h
[1468/3221  0s] CopyFiles /Users/lucas-furini/repos/checkout/unity/builds/ios/Il2CppOutputProject/IL2CPP/external/mono/mono/metadata/seq-points-data.h
[1469/3221  0s] CopyFiles /Users/lucas-furini/repos/checkout/unity/builds/ios/Il2CppOutputProject/IL2CPP/external/mono/mono/metadata/security.h
[1470/3221  0s] CopyFiles /Users/lucas-furini/repos/checkout/unity/builds/ios/Il2CppOutputProject/IL2CPP/external/mono/mono/metadata/seq-points-data.c
[1471/3221  0s] CopyFiles /Users/lucas-furini/repos/checkout/unity/builds/ios/Il2CppOutputProject/IL2CPP/external/mono/mono/metadata/security-core-clr.h
[1472/3221  0s] CopyFiles /Users/lucas-furini/repos/checkout/unity/builds/ios/Il2CppOutputProject/IL2CPP/external/mono/mono/metadata/security-manager.h
[1473/3221  0s] CopyFiles /Users/lucas-furini/repos/checkout/unity/builds/ios/Il2CppOutputProject/IL2CPP/external/mono/mono/metadata/runtime.h
[1474/3221  0s] CopyFiles /Users/lucas-furini/repos/checkout/unity/builds/ios/Il2CppOutputProject/IL2CPP/external/mono/mono/metadata/security-core-clr.c
[1475/3221  0s] CopyFiles /Users/lucas-furini/repos/checkout/unity/builds/ios/Il2CppOutputProject/IL2CPP/external/mono/mono/metadata/security-manager.c
[1476/3221  0s] CopyFiles /Users/lucas-furini/repos/checkout/unity/builds/ios/Il2CppOutputProject/IL2CPP/external/mono/mono/metadata/runtime.c
[1477/3221  0s] CopyFiles /Users/lucas-furini/repos/checkout/unity/builds/ios/Il2CppOutputProject/IL2CPP/external/mono/mono/metadata/row-indexes.h
[1478/3221  0s] CopyFiles /Users/lucas-furini/repos/checkout/unity/builds/ios/Il2CppOutputProject/IL2CPP/external/mono/mono/metadata/remoting.h
[1479/3221  0s] CopyFiles /Users/lucas-furini/repos/checkout/unity/builds/ios/Il2CppOutputProject/IL2CPP/external/mono/mono/metadata/reflection.h
[1480/3221  0s] CopyFiles /Users/lucas-furini/repos/checkout/unity/builds/ios/Il2CppOutputProject/IL2CPP/external/mono/mono/metadata/reflection.c
[1481/3221  0s] CopyFiles /Users/lucas-furini/repos/checkout/unity/builds/ios/Il2CppOutputProject/IL2CPP/external/mono/mono/metadata/reflection-internals.h
[1482/3221  0s] CopyFiles /Users/lucas-furini/repos/checkout/unity/builds/ios/Il2CppOutputProject/IL2CPP/external/mono/mono/metadata/rand.h
[1483/3221  0s] CopyFiles /Users/lucas-furini/repos/checkout/unity/builds/ios/Il2CppOutputProject/IL2CPP/external/mono/mono/metadata/reflection-cache.h
[1484/3221  0s] CopyFiles /Users/lucas-furini/repos/checkout/unity/builds/ios/Il2CppOutputProject/IL2CPP/external/mono/mono/metadata/remoting.c
[1485/3221  0s] CopyFiles /Users/lucas-furini/repos/checkout/unity/builds/ios/Il2CppOutputProject/IL2CPP/external/mono/mono/metadata/rand.c
[1486/3221  0s] CopyFiles /Users/lucas-furini/repos/checkout/unity/builds/ios/Il2CppOutputProject/IL2CPP/external/mono/mono/metadata/property-bag.h
[1487/3221  0s] CopyFiles /Users/lucas-furini/repos/checkout/unity/builds/ios/Il2CppOutputProject/IL2CPP/external/mono/mono/metadata/profiler.h
[1488/3221  0s] CopyFiles /Users/lucas-furini/repos/checkout/unity/builds/ios/Il2CppOutputProject/IL2CPP/external/mono/mono/metadata/property-bag.c
[1489/3221  0s] CopyFiles /Users/lucas-furini/repos/checkout/unity/builds/ios/Il2CppOutputProject/IL2CPP/external/mono/mono/metadata/profiler.c
[1490/3221  0s] CopyFiles /Users/lucas-furini/repos/checkout/unity/builds/ios/Il2CppOutputProject/IL2CPP/external/mono/mono/metadata/profiler-events.h
[1491/3221  0s] CopyFiles /Users/lucas-furini/repos/checkout/unity/builds/ios/Il2CppOutputProject/IL2CPP/external/mono/mono/metadata/profiler-legacy.h
[1492/3221  0s] CopyFiles /Users/lucas-furini/repos/checkout/unity/builds/ios/Il2CppOutputProject/IL2CPP/external/mono/mono/metadata/profiler-private.h
[1493/3221  0s] CopyFiles /Users/lucas-furini/repos/checkout/unity/builds/ios/Il2CppOutputProject/IL2CPP/external/mono/mono/metadata/opcodes.c
[1494/3221  0s] CopyFiles /Users/lucas-furini/repos/checkout/unity/builds/ios/Il2CppOutputProject/IL2CPP/external/mono/mono/metadata/opcodes.h
[1495/3221  0s] CopyFiles /Users/lucas-furini/repos/checkout/unity/builds/ios/Il2CppOutputProject/IL2CPP/external/mono/mono/metadata/private/threadpool-io-epoll.c
[1496/3221  0s] CopyFiles /Users/lucas-furini/repos/checkout/unity/builds/ios/Il2CppOutputProject/IL2CPP/external/mono/mono/metadata/private/threadpool-io-poll.c
[1497/3221  0s] CopyFiles /Users/lucas-furini/repos/checkout/unity/builds/ios/Il2CppOutputProject/IL2CPP/external/mono/mono/metadata/private/threadpool-io-kqueue.c
[1498/3221  0s] CopyFiles /Users/lucas-furini/repos/checkout/unity/builds/ios/Il2CppOutputProject/IL2CPP/external/mono/mono/metadata/object.h
[1499/3221  0s] CopyFiles /Users/lucas-furini/repos/checkout/unity/builds/ios/Il2CppOutputProject/IL2CPP/external/mono/mono/metadata/object-offsets.h
[1500/3221  0s] CopyFiles /Users/lucas-furini/repos/checkout/unity/builds/ios/Il2CppOutputProject/IL2CPP/external/zlib-unity/zutil.c
[1501/3221  0s] CopyFiles /Users/lucas-furini/repos/checkout/unity/builds/ios/Il2CppOutputProject/IL2CPP/external/mono/mono/metadata/object.c
[1502/3221  0s] CopyFiles /Users/lucas-furini/repos/checkout/unity/builds/ios/Il2CppOutputProject/IL2CPP/external/mono/mono/metadata/object-forward.h
[1503/3221  0s] CopyFiles /Users/lucas-furini/repos/checkout/unity/builds/ios/Il2CppOutputProject/IL2CPP/external/mono/mono/metadata/object-internals.h
[1504/3221  0s] CopyFiles /Users/lucas-furini/repos/checkout/unity/builds/ios/Il2CppOutputProject/IL2CPP/external/mono/mono/metadata/number-ms.h
[1505/3221  0s] CopyFiles /Users/lucas-furini/repos/checkout/unity/builds/ios/Il2CppOutputProject/IL2CPP/external/mono/mono/metadata/null-gc-handles.h
[1506/3221  0s] CopyFiles /Users/lucas-furini/repos/checkout/unity/builds/ios/Il2CppOutputProject/IL2CPP/external/mono/mono/metadata/number-formatter.h
[1507/3221  0s] CopyFiles /Users/lucas-furini/repos/checkout/unity/builds/ios/Il2CppOutputProject/IL2CPP/external/mono/mono/metadata/null-gc.c
[1508/3221  0s] CopyFiles /Users/lucas-furini/repos/checkout/unity/builds/ios/Il2CppOutputProject/IL2CPP/external/mono/mono/metadata/mono-security-windows.c
[1509/3221  0s] CopyFiles /Users/lucas-furini/repos/checkout/unity/builds/ios/Il2CppOutputProject/IL2CPP/external/mono/mono/metadata/number-ms.c
[1510/3221  0s] CopyFiles /Users/lucas-furini/repos/checkout/unity/builds/ios/Il2CppOutputProject/IL2CPP/external/mono/mono/metadata/mono-security.c
[1511/3221  0s] CopyFiles /Users/lucas-furini/repos/checkout/unity/builds/ios/Il2CppOutputProject/IL2CPP/external/mono/mono/metadata/mono-security-windows-internals.h
[1512/3221  0s] CopyFiles /Users/lucas-furini/repos/checkout/unity/builds/ios/Il2CppOutputProject/IL2CPP/external/mono/mono/metadata/normalization-tables.h
[1513/3221  0s] CopyFiles /Users/lucas-furini/repos/checkout/unity/builds/ios/Il2CppOutputProject/IL2CPP/external/mono/mono/metadata/mono-route.h
[1514/3221  0s] CopyFiles /Users/lucas-furini/repos/checkout/unity/builds/ios/Il2CppOutputProject/IL2CPP/external/mono/mono/utils/mono-time.h
[1515/3221  0s] CopyFiles /Users/lucas-furini/repos/checkout/unity/builds/ios/Il2CppOutputProject/IL2CPP/external/mono/mono/metadata/mono-perfcounters.h
[1516/3221  0s] CopyFiles /Users/lucas-furini/repos/checkout/unity/builds/ios/Il2CppOutputProject/IL2CPP/external/mono/mono/metadata/mono-route.c
[1517/3221  0s] CopyFiles /Users/lucas-furini/repos/checkout/unity/builds/ios/Il2CppOutputProject/IL2CPP/external/mono/mono/metadata/mono-perfcounters-def.h
[1518/3221  0s] CopyFiles /Users/lucas-furini/repos/checkout/unity/builds/ios/Il2CppOutputProject/IL2CPP/external/mono/mono/metadata/mono-mlist.h
[1519/3221  0s] CopyFiles /Users/lucas-furini/repos/checkout/unity/builds/ios/Il2CppOutputProject/IL2CPP/external/mono/mono/metadata/mono-perfcounters.c
[1520/3221  0s] CopyFiles /Users/lucas-furini/repos/checkout/unity/builds/ios/Il2CppOutputProject/IL2CPP/external/mono/mono/metadata/mono-hash.h
[1521/3221  0s] CopyFiles /Users/lucas-furini/repos/checkout/unity/builds/ios/Il2CppOutputProject/IL2CPP/external/mono/mono/metadata/mono-mlist.c
[1522/3221  0s] CopyFiles /Users/lucas-furini/repos/checkout/unity/builds/ios/Il2CppOutputProject/IL2CPP/external/mono/mono/metadata/mono-hash-internals.h
[1523/3221  0s] CopyFiles /Users/lucas-furini/repos/checkout/unity/builds/ios/Il2CppOutputProject/IL2CPP/external/mono/mono/metadata/mono-ptr-array.h
[1524/3221  0s] CopyFiles /Users/lucas-furini/repos/checkout/unity/builds/ios/Il2CppOutputProject/IL2CPP/external/mono/mono/metadata/mono-hash.c
[1525/3221  0s] CopyFiles /Users/lucas-furini/repos/checkout/unity/builds/ios/Il2CppOutputProject/IL2CPP/external/mono/mono/metadata/mono-endian.h
[1526/3221  0s] CopyFiles /Users/lucas-furini/repos/checkout/unity/builds/ios/Il2CppOutputProject/IL2CPP/external/mono/mono/metadata/mono-endian.c
[1527/3221  0s] CopyFiles /Users/lucas-furini/repos/checkout/unity/builds/ios/Il2CppOutputProject/IL2CPP/external/mono/mono/metadata/mono-gc.h
[1528/3221  0s] CopyFiles /Users/lucas-furini/repos/checkout/unity/builds/ios/Il2CppOutputProject/IL2CPP/external/mono/mono/metadata/mono-debug.h
[1529/3221  0s] CopyFiles /Users/lucas-furini/repos/checkout/unity/builds/ios/Il2CppOutputProject/IL2CPP/external/mono/mono/metadata/mono-debug.c
[1530/3221  0s] CopyFiles /Users/lucas-furini/repos/checkout/unity/builds/ios/Il2CppOutputProject/IL2CPP/external/mono/mono/metadata/mono-config.h
[1531/3221  0s] CopyFiles /Users/lucas-furini/repos/checkout/unity/builds/ios/Il2CppOutputProject/IL2CPP/external/mono/mono/metadata/mono-config-dirs.h
[1532/3221  0s] CopyFiles /Users/lucas-furini/repos/checkout/unity/builds/ios/Il2CppOutputProject/IL2CPP/external/mono/mono/metadata/mono-config-dirs.c
[1533/3221  0s] CopyFiles /Users/lucas-furini/repos/checkout/unity/builds/ios/Il2CppOutputProject/IL2CPP/external/mono/mono/metadata/mono-conc-hash.h
[1534/3221  0s] CopyFiles /Users/lucas-furini/repos/checkout/unity/builds/ios/Il2CppOutputProject/IL2CPP/external/mono/mono/metadata/mono-config.c
[1535/3221  0s] CopyFiles /Users/lucas-furini/repos/checkout/unity/builds/ios/Il2CppOutputProject/IL2CPP/external/mono/mono/metadata/monitor.h
[1536/3221  0s] CopyFiles /Users/lucas-furini/repos/checkout/unity/builds/ios/Il2CppOutputProject/IL2CPP/external/mono/mono/metadata/mono-conc-hash.c
[1537/3221  0s] CopyFiles /Users/lucas-furini/repos/checkout/unity/builds/ios/Il2CppOutputProject/IL2CPP/external/mono/mono/metadata/mono-basic-block.h
[1538/3221  0s] CopyFiles /Users/lucas-furini/repos/checkout/unity/builds/ios/Il2CppOutputProject/IL2CPP/external/mono/mono/metadata/mono-basic-block.c
[1539/3221  0s] CopyFiles /Users/lucas-furini/repos/checkout/unity/builds/ios/Il2CppOutputProject/IL2CPP/external/mono/mono/metadata/monitor.c
[1540/3221  0s] CopyFiles /Users/lucas-furini/repos/checkout/unity/builds/ios/Il2CppOutputProject/IL2CPP/external/mono/mono/metadata/metadata.h
[1541/3221  0s] CopyFiles /Users/lucas-furini/repos/checkout/unity/builds/ios/Il2CppOutputProject/IL2CPP/external/mono/mono/metadata/method-builder.h
[1542/3221  0s] CopyFiles /Users/lucas-furini/repos/checkout/unity/builds/ios/Il2CppOutputProject/IL2CPP/external/mono/mono/metadata/method-builder.c
[1543/3221  0s] CopyFiles /Users/lucas-furini/repos/checkout/unity/builds/ios/Il2CppOutputProject/IL2CPP/external/mono/mono/metadata/metadata-cross-helpers.c
[1544/3221  0s] CopyFiles /Users/lucas-furini/repos/checkout/unity/builds/ios/Il2CppOutputProject/IL2CPP/external/mono/mono/metadata/metadata-internals.h
[1545/3221  0s] CopyFiles /Users/lucas-furini/repos/checkout/unity/builds/ios/Il2CppOutputProject/IL2CPP/external/mono/mono/metadata/mempool.h
[1546/3221  0s] CopyFiles /Users/lucas-furini/repos/checkout/unity/builds/ios/Il2CppOutputProject/IL2CPP/external/mono/mono/metadata/mempool.c
[1547/3221  0s] CopyFiles /Users/lucas-furini/repos/checkout/unity/builds/ios/Il2CppOutputProject/IL2CPP/external/mono/mono/metadata/metadata.c
[1548/3221  0s] CopyFiles /Users/lucas-furini/repos/checkout/unity/builds/ios/Il2CppOutputProject/IL2CPP/external/mono/mono/metadata/mempool-internals.h
[1549/3221  0s] CopyFiles /Users/lucas-furini/repos/checkout/unity/builds/ios/Il2CppOutputProject/IL2CPP/external/mono/mono/metadata/metadata-verify.c
[1550/3221  0s] CopyFiles /Users/lucas-furini/repos/checkout/unity/builds/ios/Il2CppOutputProject/IL2CPP/external/mono/mono/metadata/lock-tracer.h
[1551/3221  0s] CopyFiles /Users/lucas-furini/repos/checkout/unity/builds/ios/Il2CppOutputProject/IL2CPP/external/mono/mono/utils/strenc.h
[1552/3221  0s] CopyFiles /Users/lucas-furini/repos/checkout/unity/builds/ios/Il2CppOutputProject/IL2CPP/external/mono/mono/metadata/marshal.h
[1553/3221  0s] CopyFiles /Users/lucas-furini/repos/checkout/unity/builds/ios/Il2CppOutputProject/IL2CPP/external/mono/mono/metadata/marshal-windows.c
[1554/3221  0s] CopyFiles /Users/lucas-furini/repos/checkout/unity/builds/ios/Il2CppOutputProject/IL2CPP/external/mono/mono/utils/unlocked.h
[1555/3221  0s] CopyFiles /Users/lucas-furini/repos/checkout/unity/builds/ios/Il2CppOutputProject/IL2CPP/external/mono/mono/metadata/marshal-windows-internals.h
[1556/3221  0s] CopyFiles /Users/lucas-furini/repos/checkout/unity/builds/ios/Il2CppOutputProject/IL2CPP/external/mono/mono/metadata/locales.h
[1557/3221  0s] CopyFiles /Users/lucas-furini/repos/checkout/unity/builds/ios/Il2CppOutputProject/IL2CPP/external/mono/mono/metadata/marshal-internals.h
[1558/3221  0s] CopyFiles /Users/lucas-furini/repos/checkout/unity/builds/ios/Il2CppOutputProject/IL2CPP/external/mono/mono/metadata/marshal.c
[1559/3221  0s] CopyFiles /Users/lucas-furini/repos/checkout/unity/builds/ios/Il2CppOutputProject/IL2CPP/external/mono/mono/metadata/lock-tracer.c
[1560/3221  0s] CopyFiles /Users/lucas-furini/repos/checkout/unity/builds/ios/Il2CppOutputProject/IL2CPP/external/mono/mono/metadata/loader.h
[1561/3221  0s] CopyFiles /Users/lucas-furini/repos/checkout/unity/builds/ios/Il2CppOutputProject/IL2CPP/external/mono/mono/metadata/loader-internals.h
[1562/3221  0s] CopyFiles /Users/lucas-furini/repos/checkout/unity/builds/ios/Il2CppOutputProject/IL2CPP/external/mono/mono/metadata/jit-icall-reg.h
[1563/3221  0s] CopyFiles /Users/lucas-furini/repos/checkout/unity/builds/ios/Il2CppOutputProject/IL2CPP/external/mono/mono/metadata/loader.c
[1564/3221  0s] CopyFiles /Users/lucas-furini/repos/checkout/unity/builds/ios/Il2CppOutputProject/IL2CPP/external/mono/mono/metadata/jit-info.c
[1565/3221  0s] CopyFiles /Users/lucas-furini/repos/checkout/unity/builds/ios/Il2CppOutputProject/IL2CPP/external/mono/mono/metadata/image.h
[1566/3221  0s] CopyFiles /Users/lucas-furini/repos/checkout/unity/builds/ios/Il2CppOutputProject/IL2CPP/external/mono/mono/metadata/image-internals.h
[1567/3221  0s] CopyFiles /Users/lucas-furini/repos/checkout/unity/builds/ios/Il2CppOutputProject/IL2CPP/external/mono/mono/metadata/locales.c
[1568/3221  0s] CopyFiles /Users/lucas-furini/repos/checkout/unity/builds/ios/Il2CppOutputProject/IL2CPP/external/mono/mono/metadata/image.c
[1569/3221  0s] CopyFiles /Users/lucas-furini/repos/checkout/unity/builds/ios/Il2CppOutputProject/IL2CPP/external/mono/mono/metadata/icalls.h
[1570/3221  0s] CopyFiles /Users/lucas-furini/repos/checkout/unity/builds/ios/Il2CppOutputProject/IL2CPP/external/mono/mono/metadata/icall-windows.c
[1571/3221  0s] CopyFiles /Users/lucas-furini/repos/checkout/unity/builds/ios/Il2CppOutputProject/IL2CPP/external/mono/mono/metadata/icall-internals.h
[1572/3221  0s] CopyFiles /Users/lucas-furini/repos/checkout/unity/builds/ios/Il2CppOutputProject/IL2CPP/external/mono/mono/utils/unity-time.c
[1573/3221  0s] CopyFiles /Users/lucas-furini/repos/checkout/unity/builds/ios/Il2CppOutputProject/IL2CPP/external/mono/mono/metadata/icall-windows-internals.h
[1574/3221  0s] CopyFiles /Users/lucas-furini/repos/checkout/unity/builds/ios/Il2CppOutputProject/IL2CPP/external/mono/mono/metadata/icall.c
[1575/3221  0s] CopyFiles /Users/lucas-furini/repos/checkout/unity/builds/ios/Il2CppOutputProject/IL2CPP/external/mono/mono/metadata/handle-decl.h
[1576/3221  0s] CopyFiles /Users/lucas-furini/repos/checkout/unity/builds/ios/Il2CppOutputProject/IL2CPP/external/mono/mono/metadata/handle.c
[1577/3221  0s] CopyFiles /Users/lucas-furini/repos/checkout/unity/builds/ios/Il2CppOutputProject/IL2CPP/external/mono/mono/metadata/gc.c
[1578/3221  0s] CopyFiles /Users/lucas-furini/repos/checkout/unity/builds/ios/Il2CppOutputProject/IL2CPP/external/mono/mono/metadata/handle.h
[1579/3221  0s] CopyFiles /Users/lucas-furini/repos/checkout/unity/builds/ios/Il2CppOutputProject/IL2CPP/external/mono/mono/metadata/icall-def.h
[1580/3221  0s] CopyFiles /Users/lucas-furini/repos/checkout/unity/builds/ios/Il2CppOutputProject/IL2CPP/external/mono/mono/metadata/gc-stats.c
[1581/3221  0s] CopyFiles /Users/lucas-furini/repos/checkout/unity/builds/ios/Il2CppOutputProject/IL2CPP/external/mono/mono/metadata/gc-internals.h
[1582/3221  0s] CopyFiles /Users/lucas-furini/repos/checkout/unity/builds/ios/Il2CppOutputProject/IL2CPP/external/mono/mono/metadata/filewatcher.c
[1583/3221  0s] CopyFiles /Users/lucas-furini/repos/checkout/unity/builds/ios/Il2CppOutputProject/IL2CPP/external/mono/mono/metadata/filewatcher.h
[1584/3221  0s] CopyFiles /Users/lucas-furini/repos/checkout/unity/builds/ios/Il2CppOutputProject/IL2CPP/external/mono/mono/metadata/fdhandle.c
[1585/3221  0s] CopyFiles /Users/lucas-furini/repos/checkout/unity/builds/ios/Il2CppOutputProject/IL2CPP/external/mono/mono/metadata/file-mmap.h
[1586/3221  0s] CopyFiles /Users/lucas-furini/repos/checkout/unity/builds/ios/Il2CppOutputProject/IL2CPP/external/mono/mono/metadata/fdhandle.h
[1587/3221  0s] CopyFiles /Users/lucas-furini/repos/checkout/unity/builds/ios/Il2CppOutputProject/IL2CPP/external/mono/mono/metadata/file-mmap-posix.c
[1588/3221  0s] CopyFiles /Users/lucas-furini/repos/checkout/unity/builds/ios/Il2CppOutputProject/IL2CPP/external/mono/mono/metadata/exception.h
[1589/3221  0s] CopyFiles /Users/lucas-furini/repos/checkout/unity/builds/ios/Il2CppOutputProject/IL2CPP/external/mono/mono/metadata/file-mmap-windows.c
[1590/3221  0s] CopyFiles /Users/lucas-furini/repos/checkout/unity/builds/ios/Il2CppOutputProject/IL2CPP/external/mono/mono/metadata/exception.c
[1591/3221  0s] CopyFiles /Users/lucas-furini/repos/checkout/unity/builds/ios/Il2CppOutputProject/IL2CPP/external/mono/mono/metadata/dynamic-stream-internals.h
[1592/3221  0s] CopyFiles /Users/lucas-furini/repos/checkout/unity/builds/ios/Il2CppOutputProject/IL2CPP/external/mono/mono/metadata/dynamic-stream.c
[1593/3221  0s] CopyFiles /Users/lucas-furini/repos/checkout/unity/builds/ios/Il2CppOutputProject/IL2CPP/external/mono/mono/metadata/environment.c
[1594/3221  0s] CopyFiles /Users/lucas-furini/repos/checkout/unity/builds/ios/Il2CppOutputProject/IL2CPP/external/mono/mono/metadata/domain.c
[1595/3221  0s] CopyFiles /Users/lucas-furini/repos/checkout/unity/builds/ios/Il2CppOutputProject/IL2CPP/external/mono/mono/metadata/dynamic-image-internals.h
[1596/3221  0s] CopyFiles /Users/lucas-furini/repos/checkout/unity/builds/ios/Il2CppOutputProject/IL2CPP/external/mono/mono/metadata/exception-internals.h
[1597/3221  0s] CopyFiles /Users/lucas-furini/repos/checkout/unity/builds/ios/Il2CppOutputProject/IL2CPP/external/mono/mono/metadata/dynamic-image.c
[1598/3221  0s] CopyFiles /Users/lucas-furini/repos/checkout/unity/builds/ios/Il2CppOutputProject/IL2CPP/external/mono/mono/metadata/environment.h
[1599/3221  0s] CopyFiles /Users/lucas-furini/repos/checkout/unity/builds/ios/Il2CppOutputProject/IL2CPP/external/mono/mono/metadata/domain-internals.h
[1600/3221  0s] CopyFiles /Users/lucas-furini/repos/checkout/unity/builds/ios/Il2CppOutputProject/IL2CPP/external/mono/mono/metadata/decimal-ms.c
[1601/3221  0s] CopyFiles /Users/lucas-furini/repos/checkout/unity/builds/ios/Il2CppOutputProject/IL2CPP/external/mono/mono/metadata/decimal-ms.h
[1602/3221  0s] CopyFiles /Users/lucas-furini/repos/checkout/unity/builds/ios/Il2CppOutputProject/IL2CPP/external/mono/mono/metadata/debug-mono-ppdb.c
[1603/3221  0s] CopyFiles /Users/lucas-furini/repos/checkout/unity/builds/ios/Il2CppOutputProject/IL2CPP/external/mono/mono/metadata/debug-mono-symfile.c
[1604/3221  0s] CopyFiles /Users/lucas-furini/repos/checkout/unity/builds/ios/Il2CppOutputProject/IL2CPP/external/mono/mono/metadata/debug-mono-ppdb.h
[1605/3221  0s] CopyFiles /Users/lucas-furini/repos/checkout/unity/builds/ios/Il2CppOutputProject/IL2CPP/external/mono/mono/metadata/debug-mono-symfile.h
[1606/3221  0s] CopyFiles /Users/lucas-furini/repos/checkout/unity/builds/ios/Il2CppOutputProject/IL2CPP/external/mono/mono/metadata/debug-helpers.h
[1607/3221  0s] CopyFiles /Users/lucas-furini/repos/checkout/unity/builds/ios/Il2CppOutputProject/IL2CPP/external/mono/mono/metadata/debug-helpers.c
[1608/3221  0s] CopyFiles /Users/lucas-furini/repos/checkout/unity/builds/ios/Il2CppOutputProject/IL2CPP/external/mono/mono/metadata/debug-internals.h
[1609/3221  0s] CopyFiles /Users/lucas-furini/repos/checkout/unity/builds/ios/Il2CppOutputProject/IL2CPP/external/mono/mono/metadata/custom-attrs-internals.h
[1610/3221  0s] CopyFiles /Users/lucas-furini/repos/checkout/unity/builds/ios/Il2CppOutputProject/IL2CPP/external/mono/mono/metadata/custom-attrs.c
[1611/3221  0s] CopyFiles /Users/lucas-furini/repos/checkout/unity/builds/ios/Il2CppOutputProject/IL2CPP/external/mono/mono/metadata/culture-info.h
[1612/3221  0s] CopyFiles /Users/lucas-furini/repos/checkout/unity/builds/ios/Il2CppOutputProject/IL2CPP/external/mono/mono/metadata/culture-info-tables.h
[1613/3221  0s] CopyFiles /Users/lucas-furini/repos/checkout/unity/builds/ios/Il2CppOutputProject/IL2CPP/external/mono/mono/metadata/coree.h
[1614/3221  0s] CopyFiles /Users/lucas-furini/repos/checkout/unity/builds/ios/Il2CppOutputProject/IL2CPP/external/mono/mono/metadata/console-win32.c
[1615/3221  0s] CopyFiles /Users/lucas-furini/repos/checkout/unity/builds/ios/Il2CppOutputProject/IL2CPP/external/mono/mono/metadata/coree-internals.h
[1616/3221  0s] CopyFiles /Users/lucas-furini/repos/checkout/unity/builds/ios/Il2CppOutputProject/IL2CPP/external/mono/mono/metadata/coree.c
[1617/3221  0s] CopyFiles /Users/lucas-furini/repos/checkout/unity/builds/ios/Il2CppOutputProject/IL2CPP/external/mono/mono/metadata/console-io.h
[1618/3221  0s] CopyFiles /Users/lucas-furini/repos/checkout/unity/builds/ios/Il2CppOutputProject/IL2CPP/external/mono/mono/metadata/console-unix.c
[1619/3221  0s] CopyFiles /Users/lucas-furini/repos/checkout/unity/builds/ios/Il2CppOutputProject/IL2CPP/external/mono/mono/metadata/cominterop.h
[1620/3221  0s] CopyFiles /Users/lucas-furini/repos/checkout/unity/builds/ios/Il2CppOutputProject/IL2CPP/external/mono/mono/metadata/cominterop.c
[1621/3221  0s] CopyFiles /Users/lucas-furini/repos/checkout/unity/builds/ios/Il2CppOutputProject/IL2CPP/external/mono/mono/metadata/cominterop-win32-internals.h
[1622/3221  0s] CopyFiles /Users/lucas-furini/repos/checkout/unity/builds/ios/Il2CppOutputProject/IL2CPP/external/mono/mono/metadata/class.h
[1623/3221  0s] CopyFiles /Users/lucas-furini/repos/checkout/unity/builds/ios/Il2CppOutputProject/IL2CPP/external/mono/mono/metadata/class-private-definition.h
[1624/3221  0s] CopyFiles /Users/lucas-furini/repos/checkout/unity/builds/ios/Il2CppOutputProject/IL2CPP/external/mono/mono/metadata/class-internals.h
[1625/3221  0s] CopyFiles /Users/lucas-furini/repos/checkout/unity/builds/ios/Il2CppOutputProject/IL2CPP/external/mono/mono/metadata/class-inlines.h
[1626/3221  0s] CopyFiles /Users/lucas-furini/repos/checkout/unity/builds/ios/Il2CppOutputProject/IL2CPP/external/mono/mono/metadata/class-getters.h
[1627/3221  0s] CopyFiles /Users/lucas-furini/repos/checkout/unity/builds/ios/Il2CppOutputProject/IL2CPP/external/mono/mono/metadata/class-accessors.c
[1628/3221  0s] CopyFiles /Users/lucas-furini/repos/checkout/unity/builds/ios/Il2CppOutputProject/IL2CPP/external/mono/mono/metadata/class.c
[1629/3221  0s] CopyFiles /Users/lucas-furini/repos/checkout/unity/builds/ios/Il2CppOutputProject/IL2CPP/external/mono/mono/metadata/cil-coff.h
[1630/3221  0s] CopyFiles /Users/lucas-furini/repos/checkout/unity/builds/ios/Il2CppOutputProject/IL2CPP/external/mono/mono/metadata/boehm-gc.c
[1631/3221  0s] CopyFiles /Users/lucas-furini/repos/checkout/unity/builds/ios/Il2CppOutputProject/IL2CPP/external/mono/mono/metadata/attach.h
[1632/3221  0s] CopyFiles /Users/lucas-furini/repos/checkout/unity/builds/ios/Il2CppOutputProject/IL2CPP/external/mono/mono/metadata/assembly.h
[1633/3221  0s] CopyFiles /Users/lucas-furini/repos/checkout/unity/builds/ios/Il2CppOutputProject/IL2CPP/external/mono/mono/metadata/blob.h
[1634/3221  0s] CopyFiles /Users/lucas-furini/repos/checkout/unity/builds/ios/Il2CppOutputProject/IL2CPP/external/mono/mono/metadata/attrdefs.h
[1635/3221  0s] CopyFiles /Users/lucas-furini/repos/checkout/unity/builds/ios/Il2CppOutputProject/IL2CPP/external/mono/mono/metadata/attach.c
[1636/3221  0s] CopyFiles /Users/lucas-furini/repos/checkout/unity/builds/ios/Il2CppOutputProject/IL2CPP/external/mono/mono/metadata/callspec.h
[1637/3221  0s] CopyFiles /Users/lucas-furini/repos/checkout/unity/builds/ios/Il2CppOutputProject/IL2CPP/external/mono/mono/metadata/appdomain.h
[1638/3221  0s] CopyFiles /Users/lucas-furini/repos/checkout/unity/builds/ios/Il2CppOutputProject/IL2CPP/external/mono/mono/metadata/assembly-internals.h
[1639/3221  0s] CopyFiles /Users/lucas-furini/repos/checkout/unity/builds/ios/Il2CppOutputProject/IL2CPP/external/mono/mono/metadata/assembly.c
[1640/3221  0s] CopyFiles /Users/lucas-furini/repos/checkout/unity/builds/ios/Il2CppOutputProject/IL2CPP/external/mono/mono/metadata/appdomain-icalls.h
[1641/3221  0s] CopyFiles /Users/lucas-furini/repos/checkout/unity/builds/ios/Il2CppOutputProject/IL2CPP/external/mono/mono/metadata/appdomain.c
[1642/3221  0s] CopyFiles /Users/lucas-furini/repos/checkout/unity/builds/ios/Il2CppOutputProject/IL2CPP/external/mono/mono/eglib/gunicode.c
[1643/3221  0s] CopyFiles /Users/lucas-furini/repos/checkout/unity/builds/ios/Il2CppOutputProject/IL2CPP/external/mono/mono/eglib/gutf8.c
[1644/3221  0s] CopyFiles /Users/lucas-furini/repos/checkout/unity/builds/ios/Il2CppOutputProject/IL2CPP/external/mono/mono/metadata/abi-details.h
[1645/3221  0s] CopyFiles /Users/lucas-furini/repos/checkout/unity/builds/ios/Il2CppOutputProject/IL2CPP/external/mono/mono/eglib/unicode-data.h
[1646/3221  0s] CopyFiles /Users/lucas-furini/repos/checkout/unity/builds/ios/Il2CppOutputProject/IL2CPP/external/mono/mono/eglib/sort.frag.h
[1647/3221  0s] CopyFiles /Users/lucas-furini/repos/checkout/unity/builds/ios/Il2CppOutputProject/IL2CPP/external/mono/mono/eglib/gunicode-win32-uwp.c
[1648/3221  0s] CopyFiles /Users/lucas-furini/repos/checkout/unity/builds/ios/Il2CppOutputProject/IL2CPP/external/mono/mono/eglib/gstring.c
[1649/3221  0s] CopyFiles /Users/lucas-furini/repos/checkout/unity/builds/ios/Il2CppOutputProject/IL2CPP/external/mono/mono/eglib/gspawn.c
[1650/3221  0s] CopyFiles /Users/lucas-furini/repos/checkout/unity/builds/ios/Il2CppOutputProject/IL2CPP/external/mono/mono/eglib/gunicode-win32.c
[1651/3221  0s] CopyFiles /Users/lucas-furini/repos/checkout/unity/builds/ios/Il2CppOutputProject/IL2CPP/external/mono/mono/eglib/gstr.c
[1652/3221  0s] CopyFiles /Users/lucas-furini/repos/checkout/unity/builds/ios/Il2CppOutputProject/IL2CPP/external/mono/mono/eglib/gslist.c
[1653/3221  0s] CopyFiles /Users/lucas-furini/repos/checkout/unity/builds/ios/Il2CppOutputProject/IL2CPP/external/mono/mono/eglib/gqsort.c
[1654/3221  0s] CopyFiles /Users/lucas-furini/repos/checkout/unity/builds/ios/Il2CppOutputProject/IL2CPP/external/mono/mono/eglib/gqueue.c
[1655/3221  0s] CopyFiles /Users/lucas-furini/repos/checkout/unity/builds/ios/Il2CppOutputProject/IL2CPP/external/mono/mono/eglib/gpattern.c
[1656/3221  0s] CopyFiles /Users/lucas-furini/repos/checkout/unity/builds/ios/Il2CppOutputProject/IL2CPP/external/mono/mono/eglib/gshell.c
[1657/3221  0s] CopyFiles /Users/lucas-furini/repos/checkout/unity/builds/ios/Il2CppOutputProject/IL2CPP/external/mono/mono/eglib/gptrarray.c
[1658/3221  0s] CopyFiles /Users/lucas-furini/repos/checkout/unity/builds/ios/Il2CppOutputProject/IL2CPP/external/mono/mono/eglib/gmisc-unity.c
[1659/3221  0s] CopyFiles /Users/lucas-furini/repos/checkout/unity/builds/ios/Il2CppOutputProject/IL2CPP/external/mono/mono/eglib/gmodule.h
[1660/3221  0s] CopyFiles /Users/lucas-furini/repos/checkout/unity/builds/ios/Il2CppOutputProject/IL2CPP/external/mono/mono/eglib/gmem.c
[1661/3221  0s] CopyFiles /Users/lucas-furini/repos/checkout/unity/builds/ios/Il2CppOutputProject/IL2CPP/external/mono/mono/eglib/gmarkup.c
[1662/3221  0s] CopyFiles /Users/lucas-furini/repos/checkout/unity/builds/ios/Il2CppOutputProject/IL2CPP/external/mono/mono/eglib/gpath.c
[1663/3221  0s] CopyFiles /Users/lucas-furini/repos/checkout/unity/builds/ios/Il2CppOutputProject/IL2CPP/external/mono/mono/eglib/goutput.c
[1664/3221  0s] CopyFiles /Users/lucas-furini/repos/checkout/unity/builds/ios/Il2CppOutputProject/IL2CPP/external/mono/mono/eglib/glist.c
[1665/3221  0s] CopyFiles /Users/lucas-furini/repos/checkout/unity/builds/ios/Il2CppOutputProject/IL2CPP/external/mono/mono/eglib/glib.h
[1666/3221  0s] CopyFiles /Users/lucas-furini/repos/checkout/unity/builds/ios/Il2CppOutputProject/IL2CPP/external/mono/mono/cil/tables.def
[1667/3221  0s] CopyFiles /Users/lucas-furini/repos/checkout/unity/builds/ios/Il2CppOutputProject/IL2CPP/external/mono/mono/eglib/gfile.c
[1668/3221  0s] CopyFiles /Users/lucas-furini/repos/checkout/unity/builds/ios/Il2CppOutputProject/IL2CPP/external/mono/mono/eglib/ghashtable.c
[1669/3221  0s] CopyFiles /Users/lucas-furini/repos/checkout/unity/builds/ios/Il2CppOutputProject/IL2CPP/external/mono/mono/eglib/giconv.c
[1670/3221  0s] CopyFiles /Users/lucas-furini/repos/checkout/unity/builds/ios/Il2CppOutputProject/IL2CPP/external/mono/mono/eglib/gfile-unity.c
[1671/3221  0s] CopyFiles /Users/lucas-furini/repos/checkout/unity/builds/ios/Il2CppOutputProject/IL2CPP/external/mono/mono/eglib/gdir-unity.c
[1672/3221  0s] CopyFiles /Users/lucas-furini/repos/checkout/unity/builds/ios/Il2CppOutputProject/IL2CPP/external/mono/mono/cil/opcode.def
[1673/3221  0s] CopyFiles /Users/lucas-furini/repos/checkout/unity/builds/ios/Il2CppOutputProject/IL2CPP/external/mono/mono/eglib/gbytearray.c
[1674/3221  0s] CopyFiles /Users/lucas-furini/repos/checkout/unity/builds/ios/Il2CppOutputProject/IL2CPP/external/mono/mono/eglib/gdate-unity.c
[1675/3221  0s] CopyFiles /Users/lucas-furini/repos/checkout/unity/builds/ios/Il2CppOutputProject/IL2CPP/external/mono/mono/eglib/gerror.c
[1676/3221  0s] CopyFiles /Users/lucas-furini/repos/checkout/unity/builds/ios/Il2CppOutputProject/IL2CPP/external/mono/mono/eglib/eglib-remap.h
[1677/3221  0s] CopyFiles /Users/lucas-furini/repos/checkout/unity/builds/ios/Il2CppOutputProject/IL2CPP/external/mono/mono/arch/arm/arm_vfpmacros.h
[1678/3221  0s] CopyFiles /Users/lucas-furini/repos/checkout/unity/builds/ios/Il2CppOutputProject/IL2CPP/external/mono/mono/eglib/garray.c
[1679/3221  0s] CopyFiles /Users/lucas-furini/repos/checkout/unity/builds/ios/Il2CppOutputProject/IL2CPP/external/mono/mono/arch/arm/arm-vfp-codegen.h
[1680/3221  0s] CopyFiles /Users/lucas-furini/repos/checkout/unity/builds/ios/Il2CppOutputProject/IL2CPP/external/mono/mono/arch/arm/arm-codegen.h
[1681/3221  0s] CopyFiles /Users/lucas-furini/repos/checkout/unity/builds/ios/Il2CppOutputProject/IL2CPP/external/mono/mono/arch/arm/arm_dpimacros.h
[1682/3221  0s] CopyFiles /Users/lucas-furini/repos/checkout/unity/builds/ios/Il2CppOutputProject/IL2CPP/external/mono/mono/arch/x86/x86-codegen.h
[1683/3221  0s] CopyFiles /Users/lucas-furini/repos/checkout/unity/builds/ios/Il2CppOutputProject/IL2CPP/external/google/sparsehash/type_traits.h
[1684/3221  0s] CopyFiles /Users/lucas-furini/repos/checkout/unity/builds/ios/Il2CppOutputProject/IL2CPP/external/google/sparsehash/template_util.h
[1685/3221  0s] CopyFiles /Users/lucas-furini/repos/checkout/unity/builds/ios/Il2CppOutputProject/IL2CPP/external/mono/mono/arch/arm64/arm64-codegen.h
[1686/3221  0s] CopyFiles /Users/lucas-furini/repos/checkout/unity/builds/ios/Il2CppOutputProject/IL2CPP/external/mono/mono/arch/amd64/amd64-codegen.h
[1687/3221  0s] CopyFiles /Users/lucas-furini/repos/checkout/unity/builds/ios/Il2CppOutputProject/IL2CPP/external/google/sparsehash/sparse_hash_set.h
[1688/3221  0s] CopyFiles /Users/lucas-furini/repos/checkout/unity/builds/ios/Il2CppOutputProject/IL2CPP/external/google/sparsehash/internal/libc_allocator_with_realloc.h
[1689/3221  0s] CopyFiles /Users/lucas-furini/repos/checkout/unity/builds/ios/Il2CppOutputProject/IL2CPP/external/google/sparsehash/sparse_hash_map.h
[1690/3221  0s] CopyFiles /Users/lucas-furini/repos/checkout/unity/builds/ios/Il2CppOutputProject/IL2CPP/external/google/sparsehash/internal/sparseconfig.h
[1691/3221  0s] CopyFiles /Users/lucas-furini/repos/checkout/unity/builds/ios/Il2CppOutputProject/IL2CPP/external/google/sparsehash/dense_hash_map.h
[1692/3221  0s] CopyFiles /Users/lucas-furini/repos/checkout/unity/builds/ios/Il2CppOutputProject/IL2CPP/external/google/sparsehash/sparsetable.h
[1693/3221  0s] CopyFiles /Users/lucas-furini/repos/checkout/unity/builds/ios/Il2CppOutputProject/IL2CPP/external/google/sparsehash/internal/hashtable-common.h
[1694/3221  0s] CopyFiles /Users/lucas-furini/repos/checkout/unity/builds/ios/Il2CppOutputProject/IL2CPP/external/google/sparsehash/internal/sparsehashtable.h
[1695/3221  0s] CopyFiles /Users/lucas-furini/repos/checkout/unity/builds/ios/Il2CppOutputProject/IL2CPP/external/google/sparsehash/dense_hash_set.h
[1696/3221  0s] CopyFiles /Users/lucas-furini/repos/checkout/unity/builds/ios/Il2CppOutputProject/IL2CPP/external/google/sparsehash/internal/densehashtable.h
[1697/3221  0s] CopyFiles /Users/lucas-furini/repos/checkout/unity/builds/ios/Il2CppOutputProject/IL2CPP/external/bdwgc/windows-untested/stdafx.h
[1698/3221  0s] CopyFiles /Users/lucas-furini/repos/checkout/unity/builds/ios/Il2CppOutputProject/IL2CPP/external/bdwgc/windows-untested/stdafx.c
[1699/3221  0s] CopyFiles /Users/lucas-furini/repos/checkout/unity/builds/ios/Il2CppOutputProject/IL2CPP/external/bdwgc/tools/threadlibs.c
[1700/3221  0s] CopyFiles /Users/lucas-furini/repos/checkout/unity/builds/ios/Il2CppOutputProject/IL2CPP/external/bdwgc/vector_mlc.c
[1701/3221  0s] CopyFiles /Users/lucas-furini/repos/checkout/unity/builds/ios/Il2CppOutputProject/IL2CPP/external/bdwgc/tools/if_mach.c
[1702/3221  0s] CopyFiles /Users/lucas-furini/repos/checkout/unity/builds/ios/Il2CppOutputProject/IL2CPP/external/bdwgc/tools/if_not_there.c
[1703/3221  0s] CopyFiles /Users/lucas-furini/repos/checkout/unity/builds/ios/Il2CppOutputProject/IL2CPP/external/bdwgc/tools/setjmp_t.c
[1704/3221  0s] CopyFiles /Users/lucas-furini/repos/checkout/unity/builds/ios/Il2CppOutputProject/IL2CPP/external/bdwgc/tests/trace_test.c
[1705/3221  0s] CopyFiles /Users/lucas-furini/repos/checkout/unity/builds/ios/Il2CppOutputProject/IL2CPP/external/bdwgc/thread_local_alloc.c
[1706/3221  0s] CopyFiles /Users/lucas-furini/repos/checkout/unity/builds/ios/Il2CppOutputProject/IL2CPP/external/bdwgc/typd_mlc.c
[1707/3221  0s] CopyFiles /Users/lucas-furini/repos/checkout/unity/builds/ios/Il2CppOutputProject/IL2CPP/external/bdwgc/win32_threads.c
[1708/3221  0s] CopyFiles /Users/lucas-furini/repos/checkout/unity/builds/ios/Il2CppOutputProject/IL2CPP/external/bdwgc/tests/thread_leak_test.c
[1709/3221  0s] CopyFiles /Users/lucas-furini/repos/checkout/unity/builds/ios/Il2CppOutputProject/IL2CPP/external/bdwgc/tests/threadkey_test.c
[1710/3221  0s] CopyFiles /Users/lucas-furini/repos/checkout/unity/builds/ios/Il2CppOutputProject/IL2CPP/external/bdwgc/tests/test_atomic_ops.c
[1711/3221  0s] CopyFiles /Users/lucas-furini/repos/checkout/unity/builds/ios/Il2CppOutputProject/IL2CPP/external/bdwgc/tests/subthread_create.c
[1712/3221  0s] CopyFiles /Users/lucas-furini/repos/checkout/unity/builds/ios/Il2CppOutputProject/IL2CPP/external/bdwgc/tests/realloc_test.c
[1713/3221  0s] CopyFiles /Users/lucas-furini/repos/checkout/unity/builds/ios/Il2CppOutputProject/IL2CPP/external/bdwgc/tests/middle.c
[1714/3221  0s] CopyFiles /Users/lucas-furini/repos/checkout/unity/builds/ios/Il2CppOutputProject/IL2CPP/external/bdwgc/tests/leak_test.c
[1715/3221  0s] CopyFiles /Users/lucas-furini/repos/checkout/unity/builds/ios/Il2CppOutputProject/IL2CPP/external/bdwgc/tests/test.c
[1716/3221  0s] CopyFiles /Users/lucas-furini/repos/checkout/unity/builds/ios/Il2CppOutputProject/IL2CPP/external/bdwgc/tests/staticrootstest.c
[1717/3221  0s] CopyFiles /Users/lucas-furini/repos/checkout/unity/builds/ios/Il2CppOutputProject/IL2CPP/external/bdwgc/README.md
[1718/3221  0s] CopyFiles /Users/lucas-furini/repos/checkout/unity/builds/ios/Il2CppOutputProject/IL2CPP/external/bdwgc/tests/smash_test.c
[1719/3221  0s] CopyFiles /Users/lucas-furini/repos/checkout/unity/builds/ios/Il2CppOutputProject/IL2CPP/external/bdwgc/tests/staticrootslib.c
[1720/3221  0s] CopyFiles /Users/lucas-furini/repos/checkout/unity/builds/ios/Il2CppOutputProject/IL2CPP/external/bdwgc/tests/disclaim_test.c
[1721/3221  0s] CopyFiles /Users/lucas-furini/repos/checkout/unity/builds/ios/Il2CppOutputProject/IL2CPP/external/bdwgc/specific.c
[1722/3221  0s] CopyFiles /Users/lucas-furini/repos/checkout/unity/builds/ios/Il2CppOutputProject/IL2CPP/external/bdwgc/tests/initsecondarythread.c
[1723/3221  0s] CopyFiles /Users/lucas-furini/repos/checkout/unity/builds/ios/Il2CppOutputProject/IL2CPP/external/bdwgc/ptr_chck.c
[1724/3221  0s] CopyFiles /Users/lucas-furini/repos/checkout/unity/builds/ios/Il2CppOutputProject/IL2CPP/external/bdwgc/reclaim.c
[1725/3221  0s] CopyFiles /Users/lucas-furini/repos/checkout/unity/builds/ios/Il2CppOutputProject/IL2CPP/external/bdwgc/tests/huge_test.c
[1726/3221  0s] CopyFiles /Users/lucas-furini/repos/checkout/unity/builds/ios/Il2CppOutputProject/IL2CPP/external/bdwgc/pthread_stop_world.c
[1727/3221  0s] CopyFiles /Users/lucas-furini/repos/checkout/unity/builds/ios/Il2CppOutputProject/IL2CPP/external/bdwgc/pthread_support.c
[1728/3221  0s] CopyFiles /Users/lucas-furini/repos/checkout/unity/builds/ios/Il2CppOutputProject/IL2CPP/external/bdwgc/pthread_start.c
[1729/3221  0s] CopyFiles /Users/lucas-furini/repos/checkout/unity/builds/ios/Il2CppOutputProject/IL2CPP/external/bdwgc/tests/disclaim_bench.c
[1730/3221  0s] CopyFiles /Users/lucas-furini/repos/checkout/unity/builds/ios/Il2CppOutputProject/IL2CPP/external/bdwgc/obj_map.c
[1731/3221  0s] CopyFiles /Users/lucas-furini/repos/checkout/unity/builds/ios/Il2CppOutputProject/IL2CPP/external/bdwgc/new_hblk.c
[1732/3221  0s] CopyFiles /Users/lucas-furini/repos/checkout/unity/builds/ios/Il2CppOutputProject/IL2CPP/external/bdwgc/misc.c
[1733/3221  0s] CopyFiles /Users/lucas-furini/repos/checkout/unity/builds/ios/Il2CppOutputProject/IL2CPP/external/bdwgc/os_dep.c
[1734/3221  0s] CopyFiles /Users/lucas-furini/repos/checkout/unity/builds/ios/Il2CppOutputProject/IL2CPP/external/bdwgc/malloc.c
[1735/3221  0s] CopyFiles /Users/lucas-furini/repos/checkout/unity/builds/ios/Il2CppOutputProject/IL2CPP/external/bdwgc/mark_rts.c
[1736/3221  0s] CopyFiles /Users/lucas-furini/repos/checkout/unity/builds/ios/Il2CppOutputProject/IL2CPP/external/bdwgc/mallocx.c
[1737/3221  0s] CopyFiles /Users/lucas-furini/repos/checkout/unity/builds/ios/Il2CppOutputProject/IL2CPP/external/bdwgc/mark.c
[1738/3221  0s] CopyFiles /Users/lucas-furini/repos/checkout/unity/builds/ios/Il2CppOutputProject/IL2CPP/external/bdwgc/mach_dep.c
[1739/3221  0s] CopyFiles /Users/lucas-furini/repos/checkout/unity/builds/ios/Il2CppOutputProject/IL2CPP/external/bdwgc/libatomic_ops/src/atomic_ops/sysdeps/test_and_set_t_is_char.h
[1740/3221  0s] CopyFiles /Users/lucas-furini/repos/checkout/unity/builds/ios/Il2CppOutputProject/IL2CPP/external/bdwgc/libatomic_ops/src/atomic_ops/sysdeps/sunc/x86.h
[1741/3221  0s] CopyFiles /Users/lucas-furini/repos/checkout/unity/builds/ios/Il2CppOutputProject/IL2CPP/external/bdwgc/libatomic_ops/src/atomic_ops/sysdeps/standard_ao_double_t.h
[1742/3221  0s] CopyFiles /Users/lucas-furini/repos/checkout/unity/builds/ios/Il2CppOutputProject/IL2CPP/external/bdwgc/libatomic_ops/src/atomic_ops/sysdeps/ordered_except_wr.h
[1743/3221  0s] CopyFiles /Users/lucas-furini/repos/checkout/unity/builds/ios/Il2CppOutputProject/IL2CPP/external/bdwgc/libatomic_ops/src/atomic_ops/sysdeps/sunc/sparc.h
[1744/3221  0s] CopyFiles /Users/lucas-furini/repos/checkout/unity/builds/ios/Il2CppOutputProject/IL2CPP/external/bdwgc/libatomic_ops/src/atomic_ops/sysdeps/test_and_set_t_is_ao_t.h
[1745/3221  0s] CopyFiles /Users/lucas-furini/repos/checkout/unity/builds/ios/Il2CppOutputProject/IL2CPP/external/bdwgc/libatomic_ops/src/atomic_ops/sysdeps/ordered.h
[1746/3221  0s] CopyFiles /Users/lucas-furini/repos/checkout/unity/builds/ios/Il2CppOutputProject/IL2CPP/external/bdwgc/libatomic_ops/src/atomic_ops/sysdeps/read_ordered.h
[1747/3221  0s] CopyFiles /Users/lucas-furini/repos/checkout/unity/builds/ios/Il2CppOutputProject/IL2CPP/external/bdwgc/libatomic_ops/src/atomic_ops/sysdeps/msftc/x86.h
[1748/3221  0s] CopyFiles /Users/lucas-furini/repos/checkout/unity/builds/ios/Il2CppOutputProject/IL2CPP/external/bdwgc/libatomic_ops/src/atomic_ops/sysdeps/msftc/common32_defs.h
[1749/3221  0s] CopyFiles /Users/lucas-furini/repos/checkout/unity/builds/ios/Il2CppOutputProject/IL2CPP/external/bdwgc/libatomic_ops/src/atomic_ops/sysdeps/msftc/arm.h
[1750/3221  0s] CopyFiles /Users/lucas-furini/repos/checkout/unity/builds/ios/Il2CppOutputProject/IL2CPP/external/bdwgc/libatomic_ops/src/atomic_ops/sysdeps/loadstore/short_atomic_store.h
[1751/3221  0s] CopyFiles /Users/lucas-furini/repos/checkout/unity/builds/ios/Il2CppOutputProject/IL2CPP/external/bdwgc/libatomic_ops/src/atomic_ops/sysdeps/loadstore/short_atomic_load.h
[1752/3221  0s] CopyFiles /Users/lucas-furini/repos/checkout/unity/builds/ios/Il2CppOutputProject/IL2CPP/external/bdwgc/libatomic_ops/src/atomic_ops/sysdeps/loadstore/short_acquire_release_volatile.h
[1753/3221  0s] CopyFiles /Users/lucas-furini/repos/checkout/unity/builds/ios/Il2CppOutputProject/IL2CPP/external/bdwgc/libatomic_ops/src/atomic_ops/sysdeps/loadstore/int_atomic_store.h
[1754/3221  0s] CopyFiles /Users/lucas-furini/repos/checkout/unity/builds/ios/Il2CppOutputProject/IL2CPP/external/bdwgc/libatomic_ops/src/atomic_ops/sysdeps/loadstore/int_atomic_load.h
[1755/3221  0s] CopyFiles /Users/lucas-furini/repos/checkout/unity/builds/ios/Il2CppOutputProject/IL2CPP/external/bdwgc/libatomic_ops/src/atomic_ops/sysdeps/loadstore/ordered_stores_only.h
[1756/3221  0s] CopyFiles /Users/lucas-furini/repos/checkout/unity/builds/ios/Il2CppOutputProject/IL2CPP/external/bdwgc/libatomic_ops/src/atomic_ops/sysdeps/loadstore/ordered_loads_only.h
[1757/3221  0s] CopyFiles /Users/lucas-furini/repos/checkout/unity/builds/ios/Il2CppOutputProject/IL2CPP/external/bdwgc/libatomic_ops/src/atomic_ops/sysdeps/msftc/x86_64.h
[1758/3221  0s] CopyFiles /Users/lucas-furini/repos/checkout/unity/builds/ios/Il2CppOutputProject/IL2CPP/external/bdwgc/libatomic_ops/src/atomic_ops/sysdeps/loadstore/int_acquire_release_volatile.h
[1759/3221  0s] CopyFiles /Users/lucas-furini/repos/checkout/unity/builds/ios/Il2CppOutputProject/IL2CPP/external/bdwgc/libatomic_ops/src/atomic_ops/sysdeps/loadstore/double_atomic_load_store.h
[1760/3221  0s] CopyFiles /Users/lucas-furini/repos/checkout/unity/builds/ios/Il2CppOutputProject/IL2CPP/external/bdwgc/libatomic_ops/src/atomic_ops/sysdeps/loadstore/atomic_store.h
[1761/3221  0s] CopyFiles /Users/lucas-furini/repos/checkout/unity/builds/ios/Il2CppOutputProject/IL2CPP/external/bdwgc/libatomic_ops/src/atomic_ops/sysdeps/loadstore/char_acquire_release_volatile.h
[1762/3221  0s] CopyFiles /Users/lucas-furini/repos/checkout/unity/builds/ios/Il2CppOutputProject/IL2CPP/external/bdwgc/libatomic_ops/src/atomic_ops/sysdeps/loadstore/char_atomic_load.h
[1763/3221  0s] CopyFiles /Users/lucas-furini/repos/checkout/unity/builds/ios/Il2CppOutputProject/IL2CPP/external/bdwgc/libatomic_ops/src/atomic_ops/sysdeps/loadstore/char_atomic_store.h
[1764/3221  0s] CopyFiles /Users/lucas-furini/repos/checkout/unity/builds/ios/Il2CppOutputProject/IL2CPP/external/bdwgc/libatomic_ops/src/atomic_ops/sysdeps/loadstore/atomic_load.h
[1765/3221  0s] CopyFiles /Users/lucas-furini/repos/checkout/unity/builds/ios/Il2CppOutputProject/IL2CPP/external/bdwgc/libatomic_ops/src/atomic_ops/sysdeps/loadstore/acquire_release_volatile.h
[1766/3221  0s] CopyFiles /Users/lucas-furini/repos/checkout/unity/builds/ios/Il2CppOutputProject/IL2CPP/external/bdwgc/libatomic_ops/src/atomic_ops/sysdeps/ibmc/powerpc.h
[1767/3221  0s] CopyFiles /Users/lucas-furini/repos/checkout/unity/builds/ios/Il2CppOutputProject/IL2CPP/external/bdwgc/libatomic_ops/src/atomic_ops/sysdeps/icc/ia64.h
[1768/3221  0s] CopyFiles /Users/lucas-furini/repos/checkout/unity/builds/ios/Il2CppOutputProject/IL2CPP/external/bdwgc/libatomic_ops/src/atomic_ops/sysdeps/hpc/hppa.h
[1769/3221  0s] CopyFiles /Users/lucas-furini/repos/checkout/unity/builds/ios/Il2CppOutputProject/IL2CPP/external/bdwgc/libatomic_ops/src/atomic_ops/sysdeps/hpc/ia64.h
[1770/3221  0s] CopyFiles /Users/lucas-furini/repos/checkout/unity/builds/ios/Il2CppOutputProject/IL2CPP/external/bdwgc/libatomic_ops/src/atomic_ops/sysdeps/generic_pthread.h
[1771/3221  0s] CopyFiles /Users/lucas-furini/repos/checkout/unity/builds/ios/Il2CppOutputProject/IL2CPP/external/bdwgc/libatomic_ops/src/atomic_ops/sysdeps/gcc/x86.h
[1772/3221  0s] CopyFiles /Users/lucas-furini/repos/checkout/unity/builds/ios/Il2CppOutputProject/IL2CPP/external/bdwgc/libatomic_ops/src/atomic_ops/sysdeps/gcc/sparc.h
[1773/3221  0s] CopyFiles /Users/lucas-furini/repos/checkout/unity/builds/ios/Il2CppOutputProject/IL2CPP/external/bdwgc/libatomic_ops/src/atomic_ops/sysdeps/gcc/sh.h
[1774/3221  0s] CopyFiles /Users/lucas-furini/repos/checkout/unity/builds/ios/Il2CppOutputProject/IL2CPP/external/bdwgc/libatomic_ops/src/atomic_ops/sysdeps/gcc/mips.h
[1775/3221  0s] CopyFiles /Users/lucas-furini/repos/checkout/unity/builds/ios/Il2CppOutputProject/IL2CPP/external/bdwgc/libatomic_ops/src/atomic_ops/sysdeps/gcc/powerpc.h
[1776/3221  0s] CopyFiles /Users/lucas-furini/repos/checkout/unity/builds/ios/Il2CppOutputProject/IL2CPP/external/bdwgc/libatomic_ops/src/atomic_ops/sysdeps/gcc/s390.h
[1777/3221  0s] CopyFiles /Users/lucas-furini/repos/checkout/unity/builds/ios/Il2CppOutputProject/IL2CPP/external/bdwgc/libatomic_ops/src/atomic_ops/sysdeps/gcc/hppa.h
[1778/3221  0s] CopyFiles /Users/lucas-furini/repos/checkout/unity/builds/ios/Il2CppOutputProject/IL2CPP/external/bdwgc/libatomic_ops/src/atomic_ops/sysdeps/gcc/hexagon.h
[1779/3221  0s] CopyFiles /Users/lucas-furini/repos/checkout/unity/builds/ios/Il2CppOutputProject/IL2CPP/external/bdwgc/libatomic_ops/src/atomic_ops/sysdeps/gcc/m68k.h
[1780/3221  0s] CopyFiles /Users/lucas-furini/repos/checkout/unity/builds/ios/Il2CppOutputProject/IL2CPP/external/bdwgc/libatomic_ops/src/atomic_ops/sysdeps/gcc/generic.h
[1781/3221  0s] CopyFiles /Users/lucas-furini/repos/checkout/unity/builds/ios/Il2CppOutputProject/IL2CPP/external/bdwgc/libatomic_ops/src/atomic_ops/sysdeps/gcc/ia64.h
[1782/3221  0s] CopyFiles /Users/lucas-furini/repos/checkout/unity/builds/ios/Il2CppOutputProject/IL2CPP/external/bdwgc/libatomic_ops/src/atomic_ops/sysdeps/gcc/generic-small.h
[1783/3221  0s] CopyFiles /Users/lucas-furini/repos/checkout/unity/builds/ios/Il2CppOutputProject/IL2CPP/external/bdwgc/libatomic_ops/src/atomic_ops/sysdeps/gcc/cris.h
[1784/3221  0s] CopyFiles /Users/lucas-furini/repos/checkout/unity/builds/ios/Il2CppOutputProject/IL2CPP/external/bdwgc/libatomic_ops/src/atomic_ops/sysdeps/gcc/generic-arithm.h
[1785/3221  0s] CopyFiles /Users/lucas-furini/repos/checkout/unity/builds/ios/Il2CppOutputProject/IL2CPP/external/bdwgc/libatomic_ops/src/atomic_ops/sysdeps/gcc/avr32.h
[1786/3221  0s] CopyFiles /Users/lucas-furini/repos/checkout/unity/builds/ios/Il2CppOutputProject/IL2CPP/external/bdwgc/libatomic_ops/src/atomic_ops/sysdeps/gcc/aarch64.h
[1787/3221  0s] CopyFiles /Users/lucas-furini/repos/checkout/unity/builds/ios/Il2CppOutputProject/IL2CPP/external/bdwgc/libatomic_ops/src/atomic_ops/sysdeps/gcc/arm.h
[1788/3221  0s] CopyFiles /Users/lucas-furini/repos/checkout/unity/builds/ios/Il2CppOutputProject/IL2CPP/external/bdwgc/libatomic_ops/src/atomic_ops/sysdeps/armcc/arm_v6.h
[1789/3221  0s] CopyFiles /Users/lucas-furini/repos/checkout/unity/builds/ios/Il2CppOutputProject/IL2CPP/external/bdwgc/libatomic_ops/src/atomic_ops/sysdeps/gcc/alpha.h
[1790/3221  0s] CopyFiles /Users/lucas-furini/repos/checkout/unity/builds/ios/Il2CppOutputProject/IL2CPP/external/bdwgc/libatomic_ops/src/atomic_ops/sysdeps/emul_cas.h
[1791/3221  0s] CopyFiles /Users/lucas-furini/repos/checkout/unity/builds/ios/Il2CppOutputProject/IL2CPP/external/bdwgc/libatomic_ops/src/atomic_ops/sysdeps/all_atomic_only_load.h
[1792/3221  0s] CopyFiles /Users/lucas-furini/repos/checkout/unity/builds/ios/Il2CppOutputProject/IL2CPP/external/bdwgc/libatomic_ops/README.md
[1793/3221  0s] CopyFiles /Users/lucas-furini/repos/checkout/unity/builds/ios/Il2CppOutputProject/IL2CPP/external/bdwgc/libatomic_ops/src/atomic_ops/sysdeps/ao_t_is_int.h
[1794/3221  0s] CopyFiles /Users/lucas-furini/repos/checkout/unity/builds/ios/Il2CppOutputProject/IL2CPP/external/bdwgc/libatomic_ops/src/atomic_ops/sysdeps/all_aligned_atomic_load_store.h
[1795/3221  0s] CopyFiles /Users/lucas-furini/repos/checkout/unity/builds/ios/Il2CppOutputProject/IL2CPP/external/bdwgc/libatomic_ops/src/atomic_ops/sysdeps/all_acquire_release_volatile.h
[1796/3221  0s] CopyFiles /Users/lucas-furini/repos/checkout/unity/builds/ios/Il2CppOutputProject/IL2CPP/external/bdwgc/libatomic_ops/src/atomic_ops/generalize.h
[1797/3221  0s] CopyFiles /Users/lucas-furini/repos/checkout/unity/builds/ios/Il2CppOutputProject/IL2CPP/external/bdwgc/libatomic_ops/src/atomic_ops/sysdeps/all_atomic_load_store.h
[1798/3221  0s] CopyFiles /Users/lucas-furini/repos/checkout/unity/builds/ios/Il2CppOutputProject/IL2CPP/external/bdwgc/libatomic_ops/src/atomic_ops.h
[1799/3221  0s] CopyFiles /Users/lucas-furini/repos/checkout/unity/builds/ios/Il2CppOutputProject/IL2CPP/external/bdwgc/libatomic_ops/doc/LICENSING.txt
[1800/3221  0s] CopyFiles /Users/lucas-furini/repos/checkout/unity/builds/ios/Il2CppOutputProject/IL2CPP/external/bdwgc/libatomic_ops/src/atomic_ops.c
[1801/3221  0s] CopyFiles /Users/lucas-furini/repos/checkout/unity/builds/ios/Il2CppOutputProject/IL2CPP/external/bdwgc/libatomic_ops/src/atomic_ops/ao_version.h
[1802/3221  0s] CopyFiles /Users/lucas-furini/repos/checkout/unity/builds/ios/Il2CppOutputProject/IL2CPP/external/bdwgc/libatomic_ops/doc/README.txt
[1803/3221  0s] CopyFiles /Users/lucas-furini/repos/checkout/unity/builds/ios/Il2CppOutputProject/IL2CPP/external/bdwgc/libatomic_ops/src/atomic_ops/generalize-small.h
[1804/3221  0s] CopyFiles /Users/lucas-furini/repos/checkout/unity/builds/ios/Il2CppOutputProject/IL2CPP/external/bdwgc/libatomic_ops/COPYING
[1805/3221  0s] CopyFiles /Users/lucas-furini/repos/checkout/unity/builds/ios/Il2CppOutputProject/IL2CPP/external/bdwgc/libatomic_ops/src/atomic_ops/generalize-arithm.h
[1806/3221  0s] CopyFiles /Users/lucas-furini/repos/checkout/unity/builds/ios/Il2CppOutputProject/IL2CPP/external/bdwgc/include/private/thread_local_alloc.h
[1807/3221  0s] CopyFiles /Users/lucas-furini/repos/checkout/unity/builds/ios/Il2CppOutputProject/IL2CPP/external/bdwgc/include/private/specific.h
[1808/3221  0s] CopyFiles /Users/lucas-furini/repos/checkout/unity/builds/ios/Il2CppOutputProject/IL2CPP/external/bdwgc/include/private/pthread_stop_world.h
[1809/3221  0s] CopyFiles /Users/lucas-furini/repos/checkout/unity/builds/ios/Il2CppOutputProject/IL2CPP/external/bdwgc/include/private/gc_locks.h
[1810/3221  0s] CopyFiles /Users/lucas-furini/repos/checkout/unity/builds/ios/Il2CppOutputProject/IL2CPP/external/bdwgc/include/weakpointer.h
[1811/3221  0s] CopyFiles /Users/lucas-furini/repos/checkout/unity/builds/ios/Il2CppOutputProject/IL2CPP/external/bdwgc/include/private/pthread_support.h
[1812/3221  0s] CopyFiles /Users/lucas-furini/repos/checkout/unity/builds/ios/Il2CppOutputProject/IL2CPP/external/bdwgc/include/private/msvc_dbg.h
[1813/3221  0s] CopyFiles /Users/lucas-furini/repos/checkout/unity/builds/ios/Il2CppOutputProject/IL2CPP/external/bdwgc/include/private/gc_atomic_ops.h
[1814/3221  0s] CopyFiles /Users/lucas-furini/repos/checkout/unity/builds/ios/Il2CppOutputProject/IL2CPP/external/bdwgc/include/private/gc_hdrs.h
[1815/3221  0s] CopyFiles /Users/lucas-furini/repos/checkout/unity/builds/ios/Il2CppOutputProject/IL2CPP/external/bdwgc/include/private/gc_priv.h
[1816/3221  0s] CopyFiles /Users/lucas-furini/repos/checkout/unity/builds/ios/Il2CppOutputProject/IL2CPP/external/bdwgc/include/private/dbg_mlc.h
[1817/3221  0s] CopyFiles /Users/lucas-furini/repos/checkout/unity/builds/ios/Il2CppOutputProject/IL2CPP/external/bdwgc/include/private/gc_pmark.h
[1818/3221  0s] CopyFiles /Users/lucas-furini/repos/checkout/unity/builds/ios/Il2CppOutputProject/IL2CPP/external/bdwgc/include/private/darwin_stop_world.h
[1819/3221  0s] CopyFiles /Users/lucas-furini/repos/checkout/unity/builds/ios/Il2CppOutputProject/IL2CPP/external/bdwgc/include/leak_detector.h
[1820/3221  0s] CopyFiles /Users/lucas-furini/repos/checkout/unity/builds/ios/Il2CppOutputProject/IL2CPP/external/bdwgc/include/new_gc_alloc.h
[1821/3221  0s] CopyFiles /Users/lucas-furini/repos/checkout/unity/builds/ios/Il2CppOutputProject/IL2CPP/external/bdwgc/include/private/darwin_semaphore.h
[1822/3221  0s] CopyFiles /Users/lucas-furini/repos/checkout/unity/builds/ios/Il2CppOutputProject/IL2CPP/external/bdwgc/include/javaxfc.h
[1823/3221  0s] CopyFiles /Users/lucas-furini/repos/checkout/unity/builds/ios/Il2CppOutputProject/IL2CPP/external/bdwgc/include/private/gcconfig.h
[1824/3221  0s] CopyFiles /Users/lucas-furini/repos/checkout/unity/builds/ios/Il2CppOutputProject/IL2CPP/external/bdwgc/include/gc_version.h
[1825/3221  0s] CopyFiles /Users/lucas-furini/repos/checkout/unity/builds/ios/Il2CppOutputProject/IL2CPP/external/bdwgc/include/gc_vector.h
[1826/3221  0s] CopyFiles /Users/lucas-furini/repos/checkout/unity/builds/ios/Il2CppOutputProject/IL2CPP/external/bdwgc/include/gc_tiny_fl.h
[1827/3221  0s] CopyFiles /Users/lucas-furini/repos/checkout/unity/builds/ios/Il2CppOutputProject/IL2CPP/external/bdwgc/include/gc_gcj.h
[1828/3221  0s] CopyFiles /Users/lucas-furini/repos/checkout/unity/builds/ios/Il2CppOutputProject/IL2CPP/external/bdwgc/include/gc_typed.h
[1829/3221  0s] CopyFiles /Users/lucas-furini/repos/checkout/unity/builds/ios/Il2CppOutputProject/IL2CPP/external/bdwgc/include/gc_disclaim.h
[1830/3221  0s] CopyFiles /Users/lucas-furini/repos/checkout/unity/builds/ios/Il2CppOutputProject/IL2CPP/external/bdwgc/include/gc_inline.h
[1831/3221  0s] CopyFiles /Users/lucas-furini/repos/checkout/unity/builds/ios/Il2CppOutputProject/IL2CPP/external/bdwgc/include/gc_cpp.h
[1832/3221  0s] CopyFiles /Users/lucas-furini/repos/checkout/unity/builds/ios/Il2CppOutputProject/IL2CPP/external/bdwgc/include/gc_backptr.h
[1833/3221  0s] CopyFiles /Users/lucas-furini/repos/checkout/unity/builds/ios/Il2CppOutputProject/IL2CPP/external/bdwgc/include/gc_pthread_redirects.h
[1834/3221  0s] CopyFiles /Users/lucas-furini/repos/checkout/unity/builds/ios/Il2CppOutputProject/IL2CPP/external/bdwgc/include/gc_config_macros.h
[1835/3221  0s] CopyFiles /Users/lucas-furini/repos/checkout/unity/builds/ios/Il2CppOutputProject/IL2CPP/external/bdwgc/include/gc_allocator.h
[1836/3221  0s] CopyFiles /Users/lucas-furini/repos/checkout/unity/builds/ios/Il2CppOutputProject/IL2CPP/external/bdwgc/include/extra/gc.h
[1837/3221  0s] CopyFiles /Users/lucas-furini/repos/checkout/unity/builds/ios/Il2CppOutputProject/IL2CPP/external/bdwgc/include/gc_mark.h
[1838/3221  0s] CopyFiles /Users/lucas-furini/repos/checkout/unity/builds/ios/Il2CppOutputProject/IL2CPP/external/bdwgc/include/extra/gc_cpp.h
[1839/3221  0s] CopyFiles /Users/lucas-furini/repos/checkout/unity/builds/ios/Il2CppOutputProject/IL2CPP/external/bdwgc/include/gc_alloc_ptrs.h
[1840/3221  0s] CopyFiles /Users/lucas-furini/repos/checkout/unity/builds/ios/Il2CppOutputProject/IL2CPP/external/bdwgc/include/ec.h
[1841/3221  0s] CopyFiles /Users/lucas-furini/repos/checkout/unity/builds/ios/Il2CppOutputProject/IL2CPP/external/bdwgc/include/cord_pos.h
[1842/3221  0s] CopyFiles /Users/lucas-furini/repos/checkout/unity/builds/ios/Il2CppOutputProject/IL2CPP/external/bdwgc/include/gc.h
[1843/3221  0s] CopyFiles /Users/lucas-furini/repos/checkout/unity/builds/ios/Il2CppOutputProject/IL2CPP/external/bdwgc/include/cord.h
[1844/3221  0s] CopyFiles /Users/lucas-furini/repos/checkout/unity/builds/ios/Il2CppOutputProject/IL2CPP/external/bdwgc/heapsections.c
[1845/3221  0s] CopyFiles /Users/lucas-furini/repos/checkout/unity/builds/ios/Il2CppOutputProject/IL2CPP/external/bdwgc/fnlz_mlc.c
[1846/3221  0s] CopyFiles /Users/lucas-furini/repos/checkout/unity/builds/ios/Il2CppOutputProject/IL2CPP/external/bdwgc/gc_dlopen.c
[1847/3221  0s] CopyFiles /Users/lucas-furini/repos/checkout/unity/builds/ios/Il2CppOutputProject/IL2CPP/external/bdwgc/gcj_mlc.c
[1848/3221  0s] CopyFiles /Users/lucas-furini/repos/checkout/unity/builds/ios/Il2CppOutputProject/IL2CPP/external/bdwgc/headers.c
[1849/3221  0s] CopyFiles /Users/lucas-furini/repos/checkout/unity/builds/ios/Il2CppOutputProject/IL2CPP/external/bdwgc/extra/Mac_files/MacOS_config.h
[1850/3221  0s] CopyFiles /Users/lucas-furini/repos/checkout/unity/builds/ios/Il2CppOutputProject/IL2CPP/external/bdwgc/finalize.c
[1851/3221  0s] CopyFiles /Users/lucas-furini/repos/checkout/unity/builds/ios/Il2CppOutputProject/IL2CPP/external/bdwgc/extra/real_malloc.c
[1852/3221  0s] CopyFiles /Users/lucas-furini/repos/checkout/unity/builds/ios/Il2CppOutputProject/IL2CPP/external/bdwgc/extra/Mac_files/dataend.c
[1853/3221  0s] CopyFiles /Users/lucas-furini/repos/checkout/unity/builds/ios/Il2CppOutputProject/IL2CPP/external/bdwgc/extra/Mac_files/datastart.c
[1854/3221  0s] CopyFiles /Users/lucas-furini/repos/checkout/unity/builds/ios/Il2CppOutputProject/IL2CPP/external/bdwgc/extra/MacOS.c
[1855/3221  0s] CopyFiles /Users/lucas-furini/repos/checkout/unity/builds/ios/Il2CppOutputProject/IL2CPP/external/bdwgc/extra/krait_signal_handler.c
[1856/3221  0s] CopyFiles /Users/lucas-furini/repos/checkout/unity/builds/ios/Il2CppOutputProject/IL2CPP/external/bdwgc/extra/AmigaOS.c
[1857/3221  0s] CopyFiles /Users/lucas-furini/repos/checkout/unity/builds/ios/Il2CppOutputProject/IL2CPP/external/bdwgc/extra/pcr_interface.c
[1858/3221  0s] CopyFiles /Users/lucas-furini/repos/checkout/unity/builds/ios/Il2CppOutputProject/IL2CPP/external/bdwgc/darwin_stop_world.c
[1859/3221  0s] CopyFiles /Users/lucas-furini/repos/checkout/unity/builds/ios/Il2CppOutputProject/IL2CPP/external/bdwgc/extra/msvc_dbg.c
[1860/3221  0s] CopyFiles /Users/lucas-furini/repos/checkout/unity/builds/ios/Il2CppOutputProject/IL2CPP/external/bdwgc/dbg_mlc.c
[1861/3221  0s] CopyFiles /Users/lucas-furini/repos/checkout/unity/builds/ios/Il2CppOutputProject/IL2CPP/external/bdwgc/dyn_load.c
[1862/3221  0s] CopyFiles /Users/lucas-furini/repos/checkout/unity/builds/ios/Il2CppOutputProject/IL2CPP/external/bdwgc/extra/gc.c
[1863/3221  0s] CopyFiles /Users/lucas-furini/repos/checkout/unity/builds/ios/Il2CppOutputProject/IL2CPP/external/bdwgc/cord/tests/de_win.h
[1864/3221  0s] CopyFiles /Users/lucas-furini/repos/checkout/unity/builds/ios/Il2CppOutputProject/IL2CPP/external/bdwgc/cord/tests/de_win.c
[1865/3221  0s] CopyFiles /Users/lucas-furini/repos/checkout/unity/builds/ios/Il2CppOutputProject/IL2CPP/external/bdwgc/cord/tests/de_cmds.h
[1866/3221  0s] CopyFiles /Users/lucas-furini/repos/checkout/unity/builds/ios/Il2CppOutputProject/IL2CPP/external/bdwgc/cord/tests/cordtest.c
[1867/3221  0s] CopyFiles /Users/lucas-furini/repos/checkout/unity/builds/ios/Il2CppOutputProject/IL2CPP/external/bdwgc/cord/tests/de.c
[1868/3221  0s] CopyFiles /Users/lucas-furini/repos/checkout/unity/builds/ios/Il2CppOutputProject/IL2CPP/external/bdwgc/cord/cordprnt.c
[1869/3221  0s] CopyFiles /Users/lucas-furini/repos/checkout/unity/builds/ios/Il2CppOutputProject/IL2CPP/external/bdwgc/cord/cordxtra.c
[1870/3221  0s] CopyFiles /Users/lucas-furini/repos/checkout/unity/builds/ios/Il2CppOutputProject/IL2CPP/external/bdwgc/checksums.c
[1871/3221  0s] CopyFiles /Users/lucas-furini/repos/checkout/unity/builds/ios/Il2CppOutputProject/IL2CPP/external/bdwgc/blacklst.c
[1872/3221  0s] CopyFiles /Users/lucas-furini/repos/checkout/unity/builds/ios/Il2CppOutputProject/IL2CPP/external/bdwgc/cord/cordbscs.c
[1873/3221  0s] CopyFiles /Users/lucas-furini/repos/checkout/unity/builds/ios/Il2CppOutputProject/IL2CPP/external/baselib/Platforms/WindowsGames/Include/C/Baselib_ErrorState.inl.h
[1874/3221  0s] CopyFiles /Users/lucas-furini/repos/checkout/unity/builds/ios/Il2CppOutputProject/IL2CPP/external/baselib/Platforms/WindowsGames/Include/C/Baselib_FileIO.inl.h
[1875/3221  0s] CopyFiles /Users/lucas-furini/repos/checkout/unity/builds/ios/Il2CppOutputProject/IL2CPP/external/bdwgc/allchblk.c
[1876/3221  0s] CopyFiles /Users/lucas-furini/repos/checkout/unity/builds/ios/Il2CppOutputProject/IL2CPP/external/bdwgc/alloc.c
[1877/3221  0s] CopyFiles /Users/lucas-furini/repos/checkout/unity/builds/ios/Il2CppOutputProject/IL2CPP/external/baselib/Platforms/WindowsGames/Include/BaselibPlatformSpecificEnvironment.h
[1878/3221  0s] CopyFiles /Users/lucas-furini/repos/checkout/unity/builds/ios/Il2CppOutputProject/IL2CPP/external/bdwgc/backgraph.c
[1879/3221  0s] CopyFiles /Users/lucas-furini/repos/checkout/unity/builds/ios/Il2CppOutputProject/IL2CPP/external/baselib/Platforms/Windows/Include/C/Baselib_FileIO.inl.h
[1880/3221  0s] CopyFiles /Users/lucas-furini/repos/checkout/unity/builds/ios/Il2CppOutputProject/IL2CPP/external/baselib/Platforms/Windows/Include/C/Baselib_ErrorState.inl.h
[1881/3221  0s] CopyFiles /Users/lucas-furini/repos/checkout/unity/builds/ios/Il2CppOutputProject/IL2CPP/external/baselib/Platforms/Windows/Include/C/Baselib_ThreadLocalStorage.inl.h
[1882/3221  0s] CopyFiles /Users/lucas-furini/repos/checkout/unity/builds/ios/Il2CppOutputProject/IL2CPP/external/baselib/Platforms/Windows/Include/C/Baselib_DynamicLibrary.inl.h
[1883/3221  0s] CopyFiles /Users/lucas-furini/repos/checkout/unity/builds/ios/Il2CppOutputProject/IL2CPP/external/baselib/Platforms/WebGL/Include/C/Baselib_ErrorState.inl.h
[1884/3221  0s] CopyFiles /Users/lucas-furini/repos/checkout/unity/builds/ios/Il2CppOutputProject/IL2CPP/external/baselib/Platforms/WebGL/Include/C/Baselib_ThreadLocalStorage.inl.h
[1885/3221  0s] CopyFiles /Users/lucas-furini/repos/checkout/unity/builds/ios/Il2CppOutputProject/IL2CPP/external/baselib/Platforms/WindowsGames/Include/C/Baselib_ThreadLocalStorage.inl.h
[1886/3221  0s] CopyFiles /Users/lucas-furini/repos/checkout/unity/builds/ios/Il2CppOutputProject/IL2CPP/external/baselib/Platforms/Windows/Include/BaselibPlatformSpecificEnvironment.h
[1887/3221  0s] CopyFiles /Users/lucas-furini/repos/checkout/unity/builds/ios/Il2CppOutputProject/IL2CPP/external/baselib/Platforms/WebGL/Include/C/Baselib_DynamicLibrary.inl.h
[1888/3221  0s] CopyFiles /Users/lucas-furini/repos/checkout/unity/builds/ios/Il2CppOutputProject/IL2CPP/external/baselib/Platforms/WebGL/Include/C/Baselib_FileIO.inl.h
[1889/3221  0s] CopyFiles /Users/lucas-furini/repos/checkout/unity/builds/ios/Il2CppOutputProject/IL2CPP/external/baselib/Platforms/WebGL/Include/BaselibPlatformSpecificEnvironment.h
[1890/3221  0s] CopyFiles /Users/lucas-furini/repos/checkout/unity/builds/ios/Il2CppOutputProject/IL2CPP/external/baselib/Platforms/VisionOS/Include/C/Baselib_ThreadLocalStorage.inl.h
[1891/3221  0s] CopyFiles /Users/lucas-furini/repos/checkout/unity/builds/ios/Il2CppOutputProject/IL2CPP/external/baselib/Platforms/VisionOS/Include/C/Baselib_DynamicLibrary.inl.h
[1892/3221  0s] CopyFiles /Users/lucas-furini/repos/checkout/unity/builds/ios/Il2CppOutputProject/IL2CPP/external/baselib/Platforms/VisionOS/Include/C/Baselib_ErrorState.inl.h
[1893/3221  0s] CopyFiles /Users/lucas-furini/repos/checkout/unity/builds/ios/Il2CppOutputProject/IL2CPP/external/baselib/Platforms/VisionOS/Include/BaselibPlatformSpecificEnvironment.h
[1894/3221  0s] CopyFiles /Users/lucas-furini/repos/checkout/unity/builds/ios/Il2CppOutputProject/IL2CPP/external/baselib/Platforms/UniversalWindows/Include/C/Baselib_FileIO.inl.h
[1895/3221  0s] CopyFiles /Users/lucas-furini/repos/checkout/unity/builds/ios/Il2CppOutputProject/IL2CPP/external/baselib/Platforms/VisionOS/Include/C/Baselib_FileIO.inl.h
[1896/3221  0s] CopyFiles /Users/lucas-furini/repos/checkout/unity/builds/ios/Il2CppOutputProject/IL2CPP/external/baselib/Platforms/UniversalWindows/Include/C/Baselib_ErrorState.inl.h
[1897/3221  0s] CopyFiles /Users/lucas-furini/repos/checkout/unity/builds/ios/Il2CppOutputProject/IL2CPP/external/baselib/Platforms/UniversalWindows/Include/C/Baselib_DynamicLibrary.inl.h
[1898/3221  0s] CopyFiles /Users/lucas-furini/repos/checkout/unity/builds/ios/Il2CppOutputProject/IL2CPP/external/baselib/Platforms/Tvos/Include/C/Baselib_DynamicLibrary.inl.h
[1899/3221  0s] CopyFiles /Users/lucas-furini/repos/checkout/unity/builds/ios/Il2CppOutputProject/IL2CPP/external/baselib/Platforms/OSX/Include/C/Baselib_ErrorState.inl.h
[1900/3221  0s] CopyFiles /Users/lucas-furini/repos/checkout/unity/builds/ios/Il2CppOutputProject/IL2CPP/external/baselib/Platforms/UniversalWindows/Include/C/Baselib_ThreadLocalStorage.inl.h
[1901/3221  0s] CopyFiles /Users/lucas-furini/repos/checkout/unity/builds/ios/Il2CppOutputProject/IL2CPP/external/baselib/Platforms/UniversalWindows/Include/BaselibPlatformSpecificEnvironment.h
[1902/3221  0s] CopyFiles /Users/lucas-furini/repos/checkout/unity/builds/ios/Il2CppOutputProject/IL2CPP/external/baselib/Platforms/Tvos/Include/C/Baselib_ThreadLocalStorage.inl.h
[1903/3221  0s] CopyFiles /Users/lucas-furini/repos/checkout/unity/builds/ios/Il2CppOutputProject/IL2CPP/external/baselib/Platforms/Tvos/Include/C/Baselib_ErrorState.inl.h
[1904/3221  0s] CopyFiles /Users/lucas-furini/repos/checkout/unity/builds/ios/Il2CppOutputProject/IL2CPP/external/baselib/Platforms/OSX/Include/C/Baselib_ThreadLocalStorage.inl.h
[1905/3221  0s] CopyFiles /Users/lucas-furini/repos/checkout/unity/builds/ios/Il2CppOutputProject/IL2CPP/external/baselib/Platforms/Tvos/Include/C/Baselib_FileIO.inl.h
[1906/3221  0s] CopyFiles /Users/lucas-furini/repos/checkout/unity/builds/ios/Il2CppOutputProject/IL2CPP/external/baselib/Platforms/OSX/Include/C/Baselib_FileIO.inl.h
[1907/3221  0s] CopyFiles /Users/lucas-furini/repos/checkout/unity/builds/ios/Il2CppOutputProject/IL2CPP/external/baselib/Platforms/Tvos/Include/BaselibPlatformSpecificEnvironment.h
[1908/3221  0s] CopyFiles /Users/lucas-furini/repos/checkout/unity/builds/ios/Il2CppOutputProject/IL2CPP/external/baselib/Platforms/OSX/Include/C/Baselib_DynamicLibrary.inl.h
[1909/3221  0s] CopyFiles /Users/lucas-furini/repos/checkout/unity/builds/ios/Il2CppOutputProject/IL2CPP/external/baselib/Platforms/Linux/Include/C/Baselib_FileIO.inl.h
[1910/3221  0s] CopyFiles /Users/lucas-furini/repos/checkout/unity/builds/ios/Il2CppOutputProject/IL2CPP/external/baselib/Platforms/Linux/Include/C/Baselib_DynamicLibrary.inl.h
[1911/3221  0s] CopyFiles /Users/lucas-furini/repos/checkout/unity/builds/ios/Il2CppOutputProject/IL2CPP/external/baselib/Platforms/Linux/Include/BaselibPlatformSpecificEnvironment.h
[1912/3221  0s] CopyFiles /Users/lucas-furini/repos/checkout/unity/builds/ios/Il2CppOutputProject/IL2CPP/external/baselib/Platforms/Linux/Include/C/Baselib_ThreadLocalStorage.inl.h
[1913/3221  0s] CopyFiles /Users/lucas-furini/repos/checkout/unity/builds/ios/Il2CppOutputProject/IL2CPP/external/baselib/Platforms/IOS/Include/C/Baselib_ErrorState.inl.h
[1914/3221  0s] CopyFiles /Users/lucas-furini/repos/checkout/unity/builds/ios/Il2CppOutputProject/IL2CPP/external/baselib/Platforms/Linux/Include/C/Baselib_ErrorState.inl.h
[1915/3221  0s] CopyFiles /Users/lucas-furini/repos/checkout/unity/builds/ios/Il2CppOutputProject/IL2CPP/external/baselib/Platforms/IOS/Include/C/Baselib_ThreadLocalStorage.inl.h
[1916/3221  0s] CopyFiles /Users/lucas-furini/repos/checkout/unity/builds/ios/Il2CppOutputProject/IL2CPP/external/baselib/Platforms/IOS/Include/C/Baselib_FileIO.inl.h
[1917/3221  0s] CopyFiles /Users/lucas-furini/repos/checkout/unity/builds/ios/Il2CppOutputProject/IL2CPP/external/baselib/Platforms/IOS/Include/C/Baselib_DynamicLibrary.inl.h
[1918/3221  0s] CopyFiles /Users/lucas-furini/repos/checkout/unity/builds/ios/Il2CppOutputProject/IL2CPP/external/baselib/Platforms/OSX/Include/BaselibPlatformSpecificEnvironment.h
[1919/3221  0s] CopyFiles /Users/lucas-furini/repos/checkout/unity/builds/ios/Il2CppOutputProject/IL2CPP/external/baselib/Platforms/IOS/Include/BaselibPlatformSpecificEnvironment.h
[1920/3221  0s] CopyFiles /Users/lucas-furini/repos/checkout/unity/builds/ios/Il2CppOutputProject/IL2CPP/external/baselib/Platforms/EmbeddedLinux/Include/C/Baselib_ThreadLocalStorage.inl.h
[1921/3221  0s] CopyFiles /Users/lucas-furini/repos/checkout/unity/builds/ios/Il2CppOutputProject/IL2CPP/external/baselib/Platforms/Android/Include/C/Baselib_DynamicLibrary.inl.h
[1922/3221  0s] CopyFiles /Users/lucas-furini/repos/checkout/unity/builds/ios/Il2CppOutputProject/IL2CPP/external/baselib/Platforms/Android/Include/C/Baselib_ThreadLocalStorage.inl.h
[1923/3221  0s] CopyFiles /Users/lucas-furini/repos/checkout/unity/builds/ios/Il2CppOutputProject/IL2CPP/external/baselib/Platforms/EmbeddedLinux/Include/C/Baselib_FileIO.inl.h
[1924/3221  0s] CopyFiles /Users/lucas-furini/repos/checkout/unity/builds/ios/Il2CppOutputProject/IL2CPP/external/baselib/Platforms/Android/Include/C/Baselib_ErrorState.inl.h
[1925/3221  0s] CopyFiles /Users/lucas-furini/repos/checkout/unity/builds/ios/Il2CppOutputProject/IL2CPP/external/baselib/Platforms/EmbeddedLinux/Include/C/Baselib_ErrorState.inl.h
[1926/3221  0s] CopyFiles /Users/lucas-furini/repos/checkout/unity/builds/ios/Il2CppOutputProject/IL2CPP/external/baselib/Platforms/EmbeddedLinux/Include/C/Baselib_DynamicLibrary.inl.h
[1927/3221  0s] CopyFiles /Users/lucas-furini/repos/checkout/unity/builds/ios/Il2CppOutputProject/IL2CPP/external/baselib/Platforms/Android/Include/C/Baselib_FileIO.inl.h
[1928/3221  0s] CopyFiles /Users/lucas-furini/repos/checkout/unity/builds/ios/Il2CppOutputProject/IL2CPP/external/baselib/Platforms/EmbeddedLinux/Include/BaselibPlatformSpecificEnvironment.h
[1929/3221  0s] CopyFiles /Users/lucas-furini/repos/checkout/unity/builds/ios/Il2CppOutputProject/IL2CPP/external/baselib/Platforms/Android/Include/BaselibPlatformSpecificEnvironment.h
[1930/3221  0s] CopyFiles /Users/lucas-furini/repos/checkout/unity/builds/ios/Il2CppOutputProject/IL2CPP/external/baselib/Include/PostExternalInclude.h
[1931/3221  0s] CopyFiles /Users/lucas-furini/repos/checkout/unity/builds/ios/Il2CppOutputProject/IL2CPP/external/baselib/Include/PreExternalInclude.h
[1932/3221  0s] CopyFiles /Users/lucas-furini/repos/checkout/unity/builds/ios/Il2CppOutputProject/IL2CPP/external/baselib/Include/Internal/RedefineCompilerMacros.h
[1933/3221  0s] CopyFiles /Users/lucas-furini/repos/checkout/unity/builds/ios/Il2CppOutputProject/IL2CPP/external/baselib/Platforms/WindowsGames/Include/C/Baselib_DynamicLibrary.inl.h
[1934/3221  0s] CopyFiles /Users/lucas-furini/repos/checkout/unity/builds/ios/Il2CppOutputProject/IL2CPP/external/baselib/Include/Internal/UndefineCompilerMacros.h
[1935/3221  0s] CopyFiles /Users/lucas-furini/repos/checkout/unity/builds/ios/Il2CppOutputProject/IL2CPP/external/baselib/Include/Internal/VerifyPlatformEnvironment.h
[1936/3221  0s] CopyFiles /Users/lucas-furini/repos/checkout/unity/builds/ios/Il2CppOutputProject/IL2CPP/external/baselib/Include/Internal/PlatformDetection.h
[1937/3221  0s] CopyFiles /Users/lucas-furini/repos/checkout/unity/builds/ios/Il2CppOutputProject/IL2CPP/external/baselib/Include/Internal/UndefineCoreMacros.h
[1938/3221  0s] CopyFiles /Users/lucas-furini/repos/checkout/unity/builds/ios/Il2CppOutputProject/IL2CPP/external/baselib/Include/Internal/PlatformEnvironment.h
[1939/3221  0s] CopyFiles /Users/lucas-furini/repos/checkout/unity/builds/ios/Il2CppOutputProject/IL2CPP/external/baselib/Include/Internal/CoreMacros.h
[1940/3221  0s] CopyFiles /Users/lucas-furini/repos/checkout/unity/builds/ios/Il2CppOutputProject/IL2CPP/external/baselib/Include/Internal/Compiler/CompilerEnvironmentMsvc.h
[1941/3221  0s] CopyFiles /Users/lucas-furini/repos/checkout/unity/builds/ios/Il2CppOutputProject/IL2CPP/external/baselib/Include/Internal/Compiler/CompilerEnvironmentGcc.h
[1942/3221  0s] CopyFiles /Users/lucas-furini/repos/checkout/unity/builds/ios/Il2CppOutputProject/IL2CPP/external/baselib/Include/Internal/Compiler/CompilerEnvironmentClang.h
[1943/3221  0s] CopyFiles /Users/lucas-furini/repos/checkout/unity/builds/ios/Il2CppOutputProject/IL2CPP/external/baselib/Include/Internal/BasicTypes.h
[1944/3221  0s] CopyFiles /Users/lucas-furini/repos/checkout/unity/builds/ios/Il2CppOutputProject/IL2CPP/external/baselib/Include/Internal/Assert.h
[1945/3221  0s] CopyFiles /Users/lucas-furini/repos/checkout/unity/builds/ios/Il2CppOutputProject/IL2CPP/external/baselib/Include/Internal/ArchitectureDetection.h
[1946/3221  0s] CopyFiles /Users/lucas-furini/repos/checkout/unity/builds/ios/Il2CppOutputProject/IL2CPP/external/baselib/Include/External/utfcpp/source/utf8/cpp17.h
[1947/3221  0s] CopyFiles /Users/lucas-furini/repos/checkout/unity/builds/ios/Il2CppOutputProject/IL2CPP/external/baselib/Include/External/utfcpp/source/utf8/cpp11.h
[1948/3221  0s] CopyFiles /Users/lucas-furini/repos/checkout/unity/builds/ios/Il2CppOutputProject/IL2CPP/external/baselib/Include/External/utfcpp/source/utf8/unchecked.h
[1949/3221  0s] CopyFiles /Users/lucas-furini/repos/checkout/unity/builds/ios/Il2CppOutputProject/IL2CPP/external/baselib/Include/External/utfcpp/source/utf8.h
[1950/3221  0s] CopyFiles /Users/lucas-furini/repos/checkout/unity/builds/ios/Il2CppOutputProject/IL2CPP/external/baselib/Include/External/utfcpp/source/utf8/checked.h
[1951/3221  0s] CopyFiles /Users/lucas-furini/repos/checkout/unity/builds/ios/Il2CppOutputProject/IL2CPP/external/baselib/Include/Cpp/ThreadLocalStorage.h
[1952/3221  0s] CopyFiles /Users/lucas-furini/repos/checkout/unity/builds/ios/Il2CppOutputProject/IL2CPP/external/baselib/Include/Cpp/Time.h
[1953/3221  0s] CopyFiles /Users/lucas-furini/repos/checkout/unity/builds/ios/Il2CppOutputProject/IL2CPP/external/baselib/Include/Cpp/tlsf_allocator.h
[1954/3221  0s] CopyFiles /Users/lucas-furini/repos/checkout/unity/builds/ios/Il2CppOutputProject/IL2CPP/external/baselib/Include/Cpp/Thread.h
[1955/3221  0s] CopyFiles /Users/lucas-furini/repos/checkout/unity/builds/ios/Il2CppOutputProject/IL2CPP/external/baselib/Include/Cpp/Stopwatch.h
[1956/3221  0s] CopyFiles /Users/lucas-furini/repos/checkout/unity/builds/ios/Il2CppOutputProject/IL2CPP/external/baselib/Include/Cpp/source_location.h
[1957/3221  0s] CopyFiles /Users/lucas-furini/repos/checkout/unity/builds/ios/Il2CppOutputProject/IL2CPP/external/baselib/Include/Cpp/page_allocator.h
[1958/3221  0s] CopyFiles /Users/lucas-furini/repos/checkout/unity/builds/ios/Il2CppOutputProject/IL2CPP/external/baselib/Include/Cpp/ReentrantLock.h
[1959/3221  0s] CopyFiles /Users/lucas-furini/repos/checkout/unity/builds/ios/Il2CppOutputProject/IL2CPP/external/baselib/Include/Cpp/Semaphore.h
[1960/3221  0s] CopyFiles /Users/lucas-furini/repos/checkout/unity/builds/ios/Il2CppOutputProject/IL2CPP/external/baselib/Include/External/utfcpp/source/utf8/core.h
[1961/3221  0s] CopyFiles /Users/lucas-furini/repos/checkout/unity/builds/ios/Il2CppOutputProject/IL2CPP/external/baselib/Include/Cpp/mpmc_node_stack.h
[1962/3221  0s] CopyFiles /Users/lucas-furini/repos/checkout/unity/builds/ios/Il2CppOutputProject/IL2CPP/external/baselib/Include/Cpp/mpmc_node_queue.h
[1963/3221  0s] CopyFiles /Users/lucas-furini/repos/checkout/unity/builds/ios/Il2CppOutputProject/IL2CPP/external/baselib/Include/Cpp/mpsc_node.h
[1964/3221  0s] CopyFiles /Users/lucas-furini/repos/checkout/unity/builds/ios/Il2CppOutputProject/IL2CPP/external/baselib/Include/Cpp/mpsc_node_queue.h
[1965/3221  0s] CopyFiles /Users/lucas-furini/repos/checkout/unity/builds/ios/Il2CppOutputProject/IL2CPP/external/baselib/Include/Cpp/mpsc_node_stack.h
[1966/3221  0s] CopyFiles /Users/lucas-furini/repos/checkout/unity/builds/ios/Il2CppOutputProject/IL2CPP/external/baselib/Include/Cpp/ScopedAcquire.h
[1967/3221  0s] CopyFiles /Users/lucas-furini/repos/checkout/unity/builds/ios/Il2CppOutputProject/IL2CPP/external/baselib/Include/Cpp/Internal/TypeTraits.h
[1968/3221  0s] CopyFiles /Users/lucas-furini/repos/checkout/unity/builds/ios/Il2CppOutputProject/IL2CPP/external/baselib/Include/Cpp/mpmc_node.h
[1969/3221  0s] CopyFiles /Users/lucas-furini/repos/checkout/unity/builds/ios/Il2CppOutputProject/IL2CPP/external/baselib/Include/Cpp/mpmc_fixed_queue.h
[1970/3221  0s] CopyFiles /Users/lucas-furini/repos/checkout/unity/builds/ios/Il2CppOutputProject/IL2CPP/external/baselib/Include/Cpp/Internal/tlsf_allocator.inl.h
[1971/3221  0s] CopyFiles /Users/lucas-furini/repos/checkout/unity/builds/ios/Il2CppOutputProject/IL2CPP/external/baselib/Include/Cpp/Lock.h
[1972/3221  0s] CopyFiles /Users/lucas-furini/repos/checkout/unity/builds/ios/Il2CppOutputProject/IL2CPP/external/baselib/Include/Cpp/Internal/ConditionVariable_SemaphoreBased.inl.h
[1973/3221  0s] CopyFiles /Users/lucas-furini/repos/checkout/unity/builds/ios/Il2CppOutputProject/IL2CPP/external/baselib/Include/Cpp/Internal/heap_allocator.inl.h
[1974/3221  0s] CopyFiles /Users/lucas-furini/repos/checkout/unity/builds/ios/Il2CppOutputProject/IL2CPP/external/baselib/Include/Cpp/Internal/page_allocator.inl.h
[1975/3221  0s] CopyFiles /Users/lucas-furini/repos/checkout/unity/builds/ios/Il2CppOutputProject/IL2CPP/external/baselib/Include/Cpp/Internal/ScopedAcquireMixin.h
[1976/3221  0s] CopyFiles /Users/lucas-furini/repos/checkout/unity/builds/ios/Il2CppOutputProject/IL2CPP/external/baselib/Include/Cpp/Internal/ConditionVariableData_SemaphoreBased.inl.h
[1977/3221  0s] CopyFiles /Users/lucas-furini/repos/checkout/unity/builds/ios/Il2CppOutputProject/IL2CPP/external/baselib/Include/Cpp/Internal/ConditionVariable_FutexBased.inl.h
[1978/3221  0s] CopyFiles /Users/lucas-furini/repos/checkout/unity/builds/ios/Il2CppOutputProject/IL2CPP/external/baselib/Include/Cpp/Internal/Algorithm.inl.h
[1979/3221  0s] CopyFiles /Users/lucas-furini/repos/checkout/unity/builds/ios/Il2CppOutputProject/IL2CPP/external/baselib/Include/Cpp/Internal/ConditionVariableData_FutexBased.inl.h
[1980/3221  0s] CopyFiles /Users/lucas-furini/repos/checkout/unity/builds/ios/Il2CppOutputProject/IL2CPP/external/baselib/Include/Cpp/Internal/Compiler/ClangOrGcc/AlgorithmClangOrGcc.inl.h
[1981/3221  0s] CopyFiles /Users/lucas-furini/repos/checkout/unity/builds/ios/Il2CppOutputProject/IL2CPP/external/baselib/Include/Cpp/Internal/chunked_allocator.inl.h
[1982/3221  0s] CopyFiles /Users/lucas-furini/repos/checkout/unity/builds/ios/Il2CppOutputProject/IL2CPP/external/baselib/Include/Cpp/fallback_allocator.h
[1983/3221  0s] CopyFiles /Users/lucas-furini/repos/checkout/unity/builds/ios/Il2CppOutputProject/IL2CPP/external/baselib/Include/Cpp/ConditionVariable.h
[1984/3221  0s] CopyFiles /Users/lucas-furini/repos/checkout/unity/builds/ios/Il2CppOutputProject/IL2CPP/external/baselib/Include/Cpp/HighCapacitySemaphore.h
[1985/3221  0s] CopyFiles /Users/lucas-furini/repos/checkout/unity/builds/ios/Il2CppOutputProject/IL2CPP/external/baselib/Include/Cpp/heap_allocator.h
[1986/3221  0s] CopyFiles /Users/lucas-furini/repos/checkout/unity/builds/ios/Il2CppOutputProject/IL2CPP/external/baselib/Include/Cpp/CountdownTimer.h
[1987/3221  0s] CopyFiles /Users/lucas-furini/repos/checkout/unity/builds/ios/Il2CppOutputProject/IL2CPP/external/baselib/Include/Cpp/chunked_allocator.h
[1988/3221  0s] CopyFiles /Users/lucas-furini/repos/checkout/unity/builds/ios/Il2CppOutputProject/IL2CPP/external/baselib/Include/Cpp/Baselib_DynamicLibrary.h
[1989/3221  0s] CopyFiles /Users/lucas-furini/repos/checkout/unity/builds/ios/Il2CppOutputProject/IL2CPP/external/baselib/Include/Cpp/EventSemaphore.h
[1990/3221  0s] CopyFiles /Users/lucas-furini/repos/checkout/unity/builds/ios/Il2CppOutputProject/IL2CPP/external/baselib/Include/Cpp/CappedSemaphore.h
[1991/3221  0s] CopyFiles /Users/lucas-furini/repos/checkout/unity/builds/ios/Il2CppOutputProject/IL2CPP/external/baselib/Include/Cpp/BinarySemaphore.h
[1992/3221  0s] CopyFiles /Users/lucas-furini/repos/checkout/unity/builds/ios/Il2CppOutputProject/IL2CPP/external/baselib/Include/Cpp/Barrier.h
[1993/3221  0s] CopyFiles /Users/lucas-furini/repos/checkout/unity/builds/ios/Il2CppOutputProject/IL2CPP/external/baselib/Include/Cpp/AtomicReferenceCounter.h
[1994/3221  0s] CopyFiles /Users/lucas-furini/repos/checkout/unity/builds/ios/Il2CppOutputProject/IL2CPP/external/baselib/Include/Cpp/Algorithm.h
[1995/3221  0s] CopyFiles /Users/lucas-furini/repos/checkout/unity/builds/ios/Il2CppOutputProject/IL2CPP/external/baselib/Include/C/Internal/Compiler/Baselib_Atomic_Msvc.h
[1996/3221  0s] CopyFiles /Users/lucas-furini/repos/checkout/unity/builds/ios/Il2CppOutputProject/IL2CPP/external/baselib/Include/Cpp/affix_allocator.h
[1997/3221  0s] CopyFiles /Users/lucas-furini/repos/checkout/unity/builds/ios/Il2CppOutputProject/IL2CPP/external/baselib/Include/C/Internal/Compiler/Baselib_Cpu_Msvc.inl.h
[1998/3221  0s] CopyFiles /Users/lucas-furini/repos/checkout/unity/builds/ios/Il2CppOutputProject/IL2CPP/external/baselib/Include/C/Internal/Compiler/Baselib_Cpu_Gcc.inl.h
[1999/3221  0s] CopyFiles /Users/lucas-furini/repos/checkout/unity/builds/ios/Il2CppOutputProject/IL2CPP/external/baselib/Include/C/Internal/Compiler/Baselib_Atomic_MsvcIntrinsics.h
[2000/3221  0s] CopyFiles /Users/lucas-furini/repos/checkout/unity/builds/ios/Il2CppOutputProject/IL2CPP/external/baselib/Include/C/Internal/Compiler/Baselib_Atomic_Gcc_Patch_PostInclude.h
[2001/3221  0s] CopyFiles /Users/lucas-furini/repos/checkout/unity/builds/ios/Il2CppOutputProject/IL2CPP/external/baselib/Include/C/Internal/Compiler/Baselib_Atomic_LLSC_Gcc.inl.h
[2002/3221  0s] CopyFiles /Users/lucas-furini/repos/checkout/unity/builds/ios/Il2CppOutputProject/IL2CPP/external/baselib/Include/Cpp/Atomic.h
[2003/3221  0s] CopyFiles /Users/lucas-furini/repos/checkout/unity/builds/ios/Il2CppOutputProject/IL2CPP/external/baselib/Include/Cpp/Internal/Compiler/Msvc/AlgorithmMsvc.inl.h
[2004/3221  0s] CopyFiles /Users/lucas-furini/repos/checkout/unity/builds/ios/Il2CppOutputProject/IL2CPP/external/baselib/Include/C/Internal/Compiler/Baselib_Atomic_Gcc_Patch.h
[2005/3221  0s] CopyFiles /Users/lucas-furini/repos/checkout/unity/builds/ios/Il2CppOutputProject/IL2CPP/external/baselib/Include/C/Internal/Baselib_ReentrantLock.inl.h
[2006/3221  0s] CopyFiles /Users/lucas-furini/repos/checkout/unity/builds/ios/Il2CppOutputProject/IL2CPP/external/baselib/Include/C/Internal/Baselib_Semaphore_SemaphoreBased.inl.h
[2007/3221  0s] CopyFiles /Users/lucas-furini/repos/checkout/unity/builds/ios/Il2CppOutputProject/IL2CPP/external/baselib/Include/C/Internal/Baselib_SpinLoop.h
[2008/3221  0s] CopyFiles /Users/lucas-furini/repos/checkout/unity/builds/ios/Il2CppOutputProject/IL2CPP/external/baselib/Include/C/Internal/Baselib_Semaphore_FutexBased.inl.h
[2009/3221  0s] CopyFiles /Users/lucas-furini/repos/checkout/unity/builds/ios/Il2CppOutputProject/IL2CPP/external/baselib/Include/C/Internal/Compiler/Baselib_Atomic_Gcc.h
[2010/3221  0s] CopyFiles /Users/lucas-furini/repos/checkout/unity/builds/ios/Il2CppOutputProject/IL2CPP/external/baselib/Include/C/Internal/Baselib_Lock_FutexBased.inl.h
[2011/3221  0s] CopyFiles /Users/lucas-furini/repos/checkout/unity/builds/ios/Il2CppOutputProject/IL2CPP/external/baselib/Include/C/Internal/Baselib_HighCapacitySemaphore_SemaphoreBased.inl.h
[2012/3221  0s] CopyFiles /Users/lucas-furini/repos/checkout/unity/builds/ios/Il2CppOutputProject/IL2CPP/external/baselib/Include/C/Internal/Baselib_Lock_SemaphoreBased.inl.h
[2013/3221  0s] CopyFiles /Users/lucas-furini/repos/checkout/unity/builds/ios/Il2CppOutputProject/IL2CPP/external/baselib/Include/C/Internal/Baselib_HighCapacitySemaphore_FutexBased.inl.h
[2014/3221  0s] CopyFiles /Users/lucas-furini/repos/checkout/unity/builds/ios/Il2CppOutputProject/IL2CPP/external/baselib/Include/C/Internal/Baselib_EventSemaphore_SemaphoreBased.inl.h
[2015/3221  0s] CopyFiles /Users/lucas-furini/repos/checkout/unity/builds/ios/Il2CppOutputProject/IL2CPP/external/baselib/Include/C/Internal/Baselib_EventSemaphore_FutexBased.inl.h
[2016/3221  0s] CopyFiles /Users/lucas-furini/repos/checkout/unity/builds/ios/Il2CppOutputProject/IL2CPP/external/baselib/Include/C/Internal/Baselib_EnumSizeCheck.h
[2017/3221  0s] CopyFiles /Users/lucas-furini/repos/checkout/unity/builds/ios/Il2CppOutputProject/IL2CPP/external/baselib/Include/C/Internal/Baselib_BinarySemaphore_SemaphoreBased.inl.h
[2018/3221  0s] CopyFiles /Users/lucas-furini/repos/checkout/unity/builds/ios/Il2CppOutputProject/IL2CPP/external/baselib/Include/C/Internal/Baselib_CappedSemaphore_FutexBased.inl.h
[2019/3221  0s] CopyFiles /Users/lucas-furini/repos/checkout/unity/builds/ios/Il2CppOutputProject/IL2CPP/external/baselib/Include/C/Internal/Baselib_CappedSemaphore_SemaphoreBased.inl.h
[2020/3221  0s] CopyFiles /Users/lucas-furini/repos/checkout/unity/builds/ios/Il2CppOutputProject/IL2CPP/external/baselib/Include/C/Internal/Baselib_BinarySemaphore_FutexBased.inl.h
[2021/3221  0s] CopyFiles /Users/lucas-furini/repos/checkout/unity/builds/ios/Il2CppOutputProject/IL2CPP/external/baselib/Include/C/Internal/Baselib_Atomic_Extensions.h
[2022/3221  0s] CopyFiles /Users/lucas-furini/repos/checkout/unity/builds/ios/Il2CppOutputProject/IL2CPP/external/baselib/Include/C/Baselib_StaticAssert.h
[2023/3221  0s] CopyFiles /Users/lucas-furini/repos/checkout/unity/builds/ios/Il2CppOutputProject/IL2CPP/external/baselib/Include/C/Baselib_SourceLocation.h
[2024/3221  0s] CopyFiles /Users/lucas-furini/repos/checkout/unity/builds/ios/Il2CppOutputProject/IL2CPP/external/baselib/Include/C/Baselib_Socket.h
[2025/3221  0s] CopyFiles /Users/lucas-furini/repos/checkout/unity/builds/ios/Il2CppOutputProject/IL2CPP/external/baselib/Include/C/Baselib_SystemFutex.h
[2026/3221  0s] CopyFiles /Users/lucas-furini/repos/checkout/unity/builds/ios/Il2CppOutputProject/IL2CPP/external/baselib/Include/C/Baselib_Semaphore.h
[2027/3221  0s] CopyFiles /Users/lucas-furini/repos/checkout/unity/builds/ios/Il2CppOutputProject/IL2CPP/external/baselib/Include/C/Baselib_RegisteredNetwork.h
[2028/3221  0s] CopyFiles /Users/lucas-furini/repos/checkout/unity/builds/ios/Il2CppOutputProject/IL2CPP/external/baselib/Include/C/Baselib_Process.h
[2029/3221  0s] CopyFiles /Users/lucas-furini/repos/checkout/unity/builds/ios/Il2CppOutputProject/IL2CPP/external/baselib/Include/C/Baselib_Memory.h
[2030/3221  0s] CopyFiles /Users/lucas-furini/repos/checkout/unity/builds/ios/Il2CppOutputProject/IL2CPP/external/baselib/Include/C/Baselib_NetworkAddress.h
[2031/3221  0s] CopyFiles /Users/lucas-furini/repos/checkout/unity/builds/ios/Il2CppOutputProject/IL2CPP/external/baselib/Include/C/Baselib_HostnameLookup.h
[2032/3221  0s] CopyFiles /Users/lucas-furini/repos/checkout/unity/builds/ios/Il2CppOutputProject/IL2CPP/external/baselib/Include/C/Baselib_ReentrantLock.h
[2033/3221  0s] CopyFiles /Users/lucas-furini/repos/checkout/unity/builds/ios/Il2CppOutputProject/IL2CPP/external/baselib/Include/C/Baselib_Lock.h
[2034/3221  0s] CopyFiles /Users/lucas-furini/repos/checkout/unity/builds/ios/Il2CppOutputProject/IL2CPP/external/baselib/Include/C/Baselib_HighCapacitySemaphore.h
[2035/3221  0s] CopyFiles /Users/lucas-furini/repos/checkout/unity/builds/ios/Il2CppOutputProject/IL2CPP/external/baselib/Include/C/Baselib_FileIO.h
[2036/3221  0s] CopyFiles /Users/lucas-furini/repos/checkout/unity/builds/ios/Il2CppOutputProject/IL2CPP/external/baselib/Include/C/Baselib_ErrorCode.h
[2037/3221  0s] CopyFiles /Users/lucas-furini/repos/checkout/unity/builds/ios/Il2CppOutputProject/IL2CPP/external/baselib/Include/C/Baselib_EventSemaphore.h
[2038/3221  0s] CopyFiles /Users/lucas-furini/repos/checkout/unity/builds/ios/Il2CppOutputProject/IL2CPP/external/baselib/Include/C/Baselib_ErrorState.h
[2039/3221  0s] CopyFiles /Users/lucas-furini/repos/checkout/unity/builds/ios/Il2CppOutputProject/IL2CPP/external/baselib/Include/C/Baselib_Debug.h
[2040/3221  0s] CopyFiles /Users/lucas-furini/repos/checkout/unity/builds/ios/Il2CppOutputProject/IL2CPP/external/baselib/Include/C/Baselib_Cpu_Features.h
[2041/3221  0s] CopyFiles /Users/lucas-furini/repos/checkout/unity/builds/ios/Il2CppOutputProject/IL2CPP/external/baselib/Include/C/Baselib_DynamicLibrary.h
[2042/3221  0s] CopyFiles /Users/lucas-furini/repos/checkout/unity/builds/ios/Il2CppOutputProject/IL2CPP/external/baselib/Include/C/Baselib_Cpu.h
[2043/3221  0s] CopyFiles /Users/lucas-furini/repos/checkout/unity/builds/ios/Il2CppOutputProject/IL2CPP/external/baselib/Include/C/Baselib_CountdownTimer.h
[2044/3221  0s] CopyFiles /Users/lucas-furini/repos/checkout/unity/builds/ios/Il2CppOutputProject/IL2CPP/external/baselib/Include/C/Baselib_BinarySemaphore.h
[2045/3221  0s] CopyFiles /Users/lucas-furini/repos/checkout/unity/builds/ios/Il2CppOutputProject/IL2CPP/external/baselib/Include/C/Baselib_Atomic_TypeSafe.h
[2046/3221  0s] CopyFiles /Users/lucas-furini/repos/checkout/unity/builds/ios/Il2CppOutputProject/IL2CPP/external/baselib/Include/C/Baselib_CappedSemaphore.h
[2047/3221  0s] CopyFiles /Users/lucas-furini/repos/checkout/unity/builds/ios/Il2CppOutputProject/IL2CPP/external/baselib/Include/C/Baselib_Atomic_Macros.h
[2048/3221  0s] CopyFiles /Users/lucas-furini/repos/checkout/unity/builds/ios/Il2CppOutputProject/IL2CPP/external/baselib/Include/C/Baselib_Atomic_LLSC.h
[2049/3221  0s] CopyFiles /Users/lucas-furini/repos/checkout/unity/builds/ios/Il2CppOutputProject/IL2CPP/build/deploy_x86_64/UnityLinkerOld.runtimeconfig.json
[2050/3221  0s] CopyFiles /Users/lucas-furini/repos/checkout/unity/builds/ios/Il2CppOutputProject/IL2CPP/external/baselib/Include/C/Baselib_Atomic.h
[2051/3221  0s] CopyFiles /Users/lucas-furini/repos/checkout/unity/builds/ios/Il2CppOutputProject/IL2CPP/external/baselib/Include/Baselib.h
[2052/3221  0s] CopyFiles /Users/lucas-furini/repos/checkout/unity/builds/ios/Il2CppOutputProject/IL2CPP/build/deploy_x86_64/UnityLinkerOld
[2053/3221  0s] CopyFiles /Users/lucas-furini/repos/checkout/unity/builds/ios/Il2CppOutputProject/IL2CPP/external/baselib/Include/C/Baselib_Alignment.h
[2054/3221  0s] CopyFiles /Users/lucas-furini/repos/checkout/unity/builds/ios/Il2CppOutputProject/IL2CPP/build/deploy_x86_64/WindowsBase.dll
[2055/3221  0s] CopyFiles /Users/lucas-furini/repos/checkout/unity/builds/ios/Il2CppOutputProject/IL2CPP/build/deploy_x86_64/UnityLinkerOld.pdb
[2056/3221  0s] CopyFiles /Users/lucas-furini/repos/checkout/unity/builds/ios/Il2CppOutputProject/IL2CPP/build/deploy_x86_64/UnityLinker.runtimeconfig.json
[2057/3221  0s] CopyFiles /Users/lucas-furini/repos/checkout/unity/builds/ios/Il2CppOutputProject/IL2CPP/build/deploy_x86_64/UnityLinker
[2058/3221  0s] CopyFiles /Users/lucas-furini/repos/checkout/unity/builds/ios/Il2CppOutputProject/IL2CPP/build/deploy_x86_64/UnityLinkerOld.deps.json
[2059/3221  0s] CopyFiles /Users/lucas-furini/repos/checkout/unity/builds/ios/Il2CppOutputProject/IL2CPP/build/deploy_x86_64/UnityLinker.pdb
[2060/3221  0s] CopyFiles /Users/lucas-furini/repos/checkout/unity/builds/ios/Il2CppOutputProject/IL2CPP/build/deploy_x86_64/Unity.TinyProfiler.pdb
[2061/3221  0s] CopyFiles /Users/lucas-furini/repos/checkout/unity/builds/ios/Il2CppOutputProject/IL2CPP/build/deploy_x86_64/UnityLinker.deps.json
[2062/3221  0s] CopyFiles /Users/lucas-furini/repos/checkout/unity/builds/ios/Il2CppOutputProject/IL2CPP/build/deploy_x86_64/Unity.Options.dll
[2063/3221  0s] CopyFiles /Users/lucas-furini/repos/checkout/unity/builds/ios/Il2CppOutputProject/IL2CPP/build/deploy_x86_64/Unity.TinyProfiler.dll
[2064/3221  0s] CopyFiles /Users/lucas-furini/repos/checkout/unity/builds/ios/Il2CppOutputProject/IL2CPP/build/deploy_x86_64/Unity.Options.pdb
[2065/3221  0s] CopyFiles /Users/lucas-furini/repos/checkout/unity/builds/ios/Il2CppOutputProject/IL2CPP/build/deploy_x86_64/Unity.Linker.Api.pdb
[2066/3221  0s] CopyFiles /Users/lucas-furini/repos/checkout/unity/builds/ios/Il2CppOutputProject/IL2CPP/external/baselib/Include/C/Baselib_ThreadLocalStorage.h
[2067/3221  0s] CopyFiles /Users/lucas-furini/repos/checkout/unity/builds/ios/Il2CppOutputProject/IL2CPP/build/deploy_x86_64/UnityLinker.dll
[2068/3221  0s] CopyFiles /Users/lucas-furini/repos/checkout/unity/builds/ios/Il2CppOutputProject/IL2CPP/build/deploy_x86_64/UnityLinkerOld.dll
[2069/3221  0s] CopyFiles /Users/lucas-furini/repos/checkout/unity/builds/ios/Il2CppOutputProject/IL2CPP/build/deploy_x86_64/Unity.Linker.Api.dll
[2070/3221  0s] CopyFiles /Users/lucas-furini/repos/checkout/unity/builds/ios/Il2CppOutputProject/IL2CPP/build/deploy_x86_64/Unity.Linker.Api.Output.pdb
[2071/3221  0s] CopyFiles /Users/lucas-furini/repos/checkout/unity/builds/ios/Il2CppOutputProject/IL2CPP/build/deploy_x86_64/Unity.IL2CPP.Shell.pdb
[2072/3221  0s] CopyFiles /Users/lucas-furini/repos/checkout/unity/builds/ios/Il2CppOutputProject/IL2CPP/build/deploy_x86_64/Unity.Linker.Api.Output.dll
[2073/3221  0s] CopyFiles /Users/lucas-furini/repos/checkout/unity/builds/ios/Il2CppOutputProject/IL2CPP/build/deploy_x86_64/Unity.IL2CPP.Shell.dll
[2074/3221  0s] CopyFiles /Users/lucas-furini/repos/checkout/unity/builds/ios/Il2CppOutputProject/IL2CPP/build/deploy_x86_64/Unity.Linker.Api.Output.xml
[2075/3221  0s] CopyFiles /Users/lucas-furini/repos/checkout/unity/builds/ios/Il2CppOutputProject/IL2CPP/build/deploy_x86_64/Unity.IL2CPP.pdb
[2076/3221  0s] CopyFiles /Users/lucas-furini/repos/checkout/unity/builds/ios/Il2CppOutputProject/IL2CPP/build/deploy_x86_64/Unity.IL2CPP.InternalizedMapping.pdb
[2077/3221  0s] CopyFiles /Users/lucas-furini/repos/checkout/unity/builds/ios/Il2CppOutputProject/IL2CPP/build/deploy_x86_64/Unity.IL2CPP.DataModel.dll
[2078/3221  0s] CopyFiles /Users/lucas-furini/repos/checkout/unity/builds/ios/Il2CppOutputProject/IL2CPP/build/deploy_x86_64/Unity.IL2CPP.CompilerServices.pdb
[2079/3221  0s] CopyFiles /Users/lucas-furini/repos/checkout/unity/builds/ios/Il2CppOutputProject/IL2CPP/build/deploy_x86_64/Unity.IL2CPP.CompilerServices.dll
[2080/3221  0s] CopyFiles /Users/lucas-furini/repos/checkout/unity/builds/ios/Il2CppOutputProject/IL2CPP/build/deploy_x86_64/Unity.IL2CPP.InternalizedMapping.dll
[2081/3221  0s] CopyFiles /Users/lucas-furini/repos/checkout/unity/builds/ios/Il2CppOutputProject/IL2CPP/build/deploy_x86_64/Unity.IL2CPP.DataModel.pdb
[2082/3221  0s] CopyFiles /Users/lucas-furini/repos/checkout/unity/builds/ios/Il2CppOutputProject/IL2CPP/build/deploy_x86_64/Unity.IL2CPP.Common35.pdb
[2083/3221  0s] CopyFiles /Users/lucas-furini/repos/checkout/unity/builds/ios/Il2CppOutputProject/IL2CPP/build/deploy_x86_64/Unity.IL2CPP.Common.pdb
[2084/3221  0s] CopyFiles /Users/lucas-furini/repos/checkout/unity/builds/ios/Il2CppOutputProject/IL2CPP/build/deploy_x86_64/Unity.IL2CPP.Compile.dll
[2085/3221  0s] CopyFiles /Users/lucas-furini/repos/checkout/unity/builds/ios/Il2CppOutputProject/IL2CPP/build/deploy_x86_64/Unity.IL2CPP.Bee.IL2CPPExeCompileCppBuildProgram.pdb
[2086/3221  0s] CopyFiles /Users/lucas-furini/repos/checkout/unity/builds/ios/Il2CppOutputProject/IL2CPP/build/deploy_x86_64/Unity.IL2CPP.Compile.pdb
[2087/3221  0s] CopyFiles /Users/lucas-furini/repos/checkout/unity/builds/ios/Il2CppOutputProject/IL2CPP/build/deploy_x86_64/Unity.IL2CPP.Common.dll
[2088/3221  0s] CopyFiles /Users/lucas-furini/repos/checkout/unity/builds/ios/Il2CppOutputProject/IL2CPP/build/deploy_x86_64/Unity.IL2CPP.Common35.dll
[2089/3221  0s] CopyFiles /Users/lucas-furini/repos/checkout/unity/builds/ios/Il2CppOutputProject/IL2CPP/build/deploy_x86_64/Unity.IL2CPP.Bee.IL2CPPExeCompileCppBuildProgram.Data.pdb
[2090/3221  0s] CopyFiles /Users/lucas-furini/repos/checkout/unity/builds/ios/Il2CppOutputProject/IL2CPP/build/deploy_x86_64/Unity.IL2CPP.Bee.IL2CPPExeCompileCppBuildProgram.dll
[2091/3221  0s] CopyFiles /Users/lucas-furini/repos/checkout/unity/builds/ios/Il2CppOutputProject/IL2CPP/build/deploy_x86_64/Unity.IL2CPP.Bee.IL2CPPExeCompileCppBuildProgram.Data.dll
[2092/3221  0s] CopyFiles /Users/lucas-furini/repos/checkout/unity/builds/ios/Il2CppOutputProject/IL2CPP/build/deploy_x86_64/Unity.IL2CPP.Bee.BuildLogic.WindowsDesktop.pdb
[2093/3221  0s] CopyFiles /Users/lucas-furini/repos/checkout/unity/builds/ios/Il2CppOutputProject/IL2CPP/build/deploy_x86_64/Unity.IL2CPP.Bee.BuildLogic.WebGL.pdb
[2094/3221  0s] CopyFiles /Users/lucas-furini/repos/checkout/unity/builds/ios/Il2CppOutputProject/IL2CPP/build/deploy_x86_64/Unity.IL2CPP.Bee.BuildLogic.VisionOS.pdb
[2095/3221  0s] CopyFiles /Users/lucas-furini/repos/checkout/unity/builds/ios/Il2CppOutputProject/IL2CPP/build/deploy_x86_64/Unity.IL2CPP.Bee.BuildLogic.UniversalWindows.dll
[2096/3221  0s] CopyFiles /Users/lucas-furini/repos/checkout/unity/builds/ios/Il2CppOutputProject/IL2CPP/build/deploy_x86_64/Unity.IL2CPP.Bee.BuildLogic.VisionOS.dll
[2097/3221  0s] CopyFiles /Users/lucas-furini/repos/checkout/unity/builds/ios/Il2CppOutputProject/IL2CPP/build/deploy_x86_64/Unity.IL2CPP.Bee.BuildLogic.UniversalWindows.pdb
[2098/3221  0s] CopyFiles /Users/lucas-furini/repos/checkout/unity/builds/ios/Il2CppOutputProject/IL2CPP/build/deploy_x86_64/Unity.IL2CPP.Bee.BuildLogic.WebGL.dll
[2099/3221  0s] CopyFiles /Users/lucas-furini/repos/checkout/unity/builds/ios/Il2CppOutputProject/IL2CPP/build/deploy_x86_64/Unity.IL2CPP.Bee.BuildLogic.WindowsDesktop.dll
[2100/3221  0s] CopyFiles /Users/lucas-furini/repos/checkout/unity/builds/ios/Il2CppOutputProject/IL2CPP/build/deploy_x86_64/Unity.IL2CPP.Bee.BuildLogic.pdb
[2101/3221  0s] CopyFiles /Users/lucas-furini/repos/checkout/unity/builds/ios/Il2CppOutputProject/IL2CPP/build/deploy_x86_64/Unity.IL2CPP.Bee.BuildLogic.MacOSX.pdb
[2102/3221  0s] CopyFiles /Users/lucas-furini/repos/checkout/unity/builds/ios/Il2CppOutputProject/IL2CPP/build/deploy_x86_64/Unity.IL2CPP.Bee.BuildLogic.Linux.pdb
[2103/3221  0s] CopyFiles /Users/lucas-furini/repos/checkout/unity/builds/ios/Il2CppOutputProject/IL2CPP/build/deploy_x86_64/Unity.IL2CPP.Bee.BuildLogic.iOS.pdb
[2104/3221  0s] CopyFiles /Users/lucas-furini/repos/checkout/unity/builds/ios/Il2CppOutputProject/IL2CPP/build/deploy_x86_64/Unity.IL2CPP.Bee.BuildLogic.Linux.dll
[2105/3221  0s] CopyFiles /Users/lucas-furini/repos/checkout/unity/builds/ios/Il2CppOutputProject/IL2CPP/build/deploy_x86_64/Unity.IL2CPP.Bee.BuildLogic.EmbeddedLinux.pdb
[2106/3221  0s] CopyFiles /Users/lucas-furini/repos/checkout/unity/builds/ios/Il2CppOutputProject/IL2CPP/build/deploy_x86_64/Unity.IL2CPP.Bee.BuildLogic.EmbeddedLinux.dll
[2107/3221  0s] CopyFiles /Users/lucas-furini/repos/checkout/unity/builds/ios/Il2CppOutputProject/IL2CPP/build/deploy_x86_64/Unity.IL2CPP.Bee.BuildLogic.AppleTV.dll
[2108/3221  0s] CopyFiles /Users/lucas-furini/repos/checkout/unity/builds/ios/Il2CppOutputProject/IL2CPP/build/deploy_x86_64/Unity.IL2CPP.Bee.BuildLogic.iOS.dll
[2109/3221  0s] CopyFiles /Users/lucas-furini/repos/checkout/unity/builds/ios/Il2CppOutputProject/IL2CPP/build/deploy_x86_64/Unity.IL2CPP.Bee.BuildLogic.MacOSX.dll
[2110/3221  0s] CopyFiles /Users/lucas-furini/repos/checkout/unity/builds/ios/Il2CppOutputProject/IL2CPP/build/deploy_x86_64/Unity.IL2CPP.Bee.BuildLogic.AppleTV.pdb
[2111/3221  0s] CopyFiles /Users/lucas-furini/repos/checkout/unity/builds/ios/Il2CppOutputProject/IL2CPP/build/deploy_x86_64/Unity.IL2CPP.Bee.BuildLogic.Android.dll
[2112/3221  0s] CopyFiles /Users/lucas-furini/repos/checkout/unity/builds/ios/Il2CppOutputProject/IL2CPP/build/deploy_x86_64/Unity.IL2CPP.Bee.BuildLogic.Android.pdb
[2113/3221  0s] CopyFiles /Users/lucas-furini/repos/checkout/unity/builds/ios/Il2CppOutputProject/IL2CPP/build/deploy_x86_64/Unity.IL2CPP.Api.pdb
[2114/3221  0s] CopyFiles /Users/lucas-furini/repos/checkout/unity/builds/ios/Il2CppOutputProject/IL2CPP/build/deploy_x86_64/Unity.IL2CPP.Api.Output.xml
[2115/3221  0s] CopyFiles /Users/lucas-furini/repos/checkout/unity/builds/ios/Il2CppOutputProject/IL2CPP/build/deploy_x86_64/Unity.IL2CPP.Bee.BuildLogic.dll
[2116/3221  0s] CopyFiles /Users/lucas-furini/repos/checkout/unity/builds/ios/Il2CppOutputProject/IL2CPP/build/deploy_x86_64/Unity.Cecil.Visitor.pdb
[2117/3221  0s] CopyFiles /Users/lucas-furini/repos/checkout/unity/builds/ios/Il2CppOutputProject/IL2CPP/build/deploy_x86_64/Unity.IL2CPP.Api.Output.pdb
[2118/3221  0s] CopyFiles /Users/lucas-furini/repos/checkout/unity/builds/ios/Il2CppOutputProject/IL2CPP/build/deploy_x86_64/Unity.IL2CPP.Api.Output.dll
[2119/3221  0s] CopyFiles /Users/lucas-furini/repos/checkout/unity/builds/ios/Il2CppOutputProject/IL2CPP/build/deploy_x86_64/Unity.IL2CPP.Api.dll
[2120/3221  0s] CopyFiles /Users/lucas-furini/repos/checkout/unity/builds/ios/Il2CppOutputProject/IL2CPP/build/deploy_x86_64/Unity.Cecil.Visitor.dll
[2121/3221  0s] CopyFiles /Users/lucas-furini/repos/checkout/unity/builds/ios/Il2CppOutputProject/IL2CPP/build/deploy_x86_64/Unity.Api.Attributes.dll
[2122/3221  0s] CopyFiles /Users/lucas-furini/repos/checkout/unity/builds/ios/Il2CppOutputProject/IL2CPP/build/deploy_x86_64/Unity.Cecil.Awesome.pdb
[2123/3221  0s] CopyFiles /Users/lucas-furini/repos/checkout/unity/builds/ios/Il2CppOutputProject/IL2CPP/build/deploy_x86_64/Unity.Api.Attributes.pdb
[2124/3221  0s] CopyFiles /Users/lucas-furini/repos/checkout/unity/builds/ios/Il2CppOutputProject/IL2CPP/build/deploy_x86_64/System.Xml.XPath.dll
[2125/3221  0s] CopyFiles /Users/lucas-furini/repos/checkout/unity/builds/ios/Il2CppOutputProject/IL2CPP/build/deploy_x86_64/System.Xml.XPath.XDocument.dll
[2126/3221  0s] CopyFiles /Users/lucas-furini/repos/checkout/unity/builds/ios/Il2CppOutputProject/IL2CPP/build/deploy_x86_64/System.Xml.XmlDocument.dll
[2127/3221  0s] CopyFiles /Users/lucas-furini/repos/checkout/unity/builds/ios/Il2CppOutputProject/IL2CPP/build/deploy_x86_64/System.Xml.XDocument.dll
[2128/3221  0s] CopyFiles /Users/lucas-furini/repos/checkout/unity/builds/ios/Il2CppOutputProject/IL2CPP/build/deploy_x86_64/System.Xml.XmlSerializer.dll
[2129/3221  0s] CopyFiles /Users/lucas-furini/repos/checkout/unity/builds/ios/Il2CppOutputProject/IL2CPP/build/deploy_x86_64/System.Xml.ReaderWriter.dll
[2130/3221  0s] CopyFiles /Users/lucas-furini/repos/checkout/unity/builds/ios/Il2CppOutputProject/IL2CPP/build/deploy_x86_64/System.Xml.Serialization.dll
[2131/3221  0s] CopyFiles /Users/lucas-furini/repos/checkout/unity/builds/ios/Il2CppOutputProject/IL2CPP/build/deploy_x86_64/System.Xml.Linq.dll
[2132/3221  0s] CopyFiles /Users/lucas-furini/repos/checkout/unity/builds/ios/Il2CppOutputProject/IL2CPP/build/deploy_x86_64/System.Windows.dll
[2133/3221  0s] CopyFiles /Users/lucas-furini/repos/checkout/unity/builds/ios/Il2CppOutputProject/IL2CPP/build/deploy_x86_64/System.Xml.dll
[2134/3221  0s] CopyFiles /Users/lucas-furini/repos/checkout/unity/builds/ios/Il2CppOutputProject/IL2CPP/build/deploy_x86_64/System.Web.HttpUtility.dll
[2135/3221  0s] CopyFiles /Users/lucas-furini/repos/checkout/unity/builds/ios/Il2CppOutputProject/IL2CPP/build/deploy_x86_64/System.Web.dll
[2136/3221  0s] CopyFiles /Users/lucas-furini/repos/checkout/unity/builds/ios/Il2CppOutputProject/IL2CPP/build/deploy_x86_64/Unity.Cecil.Awesome.dll
[2137/3221  0s] CopyFiles /Users/lucas-furini/repos/checkout/unity/builds/ios/Il2CppOutputProject/IL2CPP/build/deploy_x86_64/System.ValueTuple.dll
[2138/3221  0s] CopyFiles /Users/lucas-furini/repos/checkout/unity/builds/ios/Il2CppOutputProject/IL2CPP/build/deploy_x86_64/System.Transactions.dll
[2139/3221  0s] CopyFiles /Users/lucas-furini/repos/checkout/unity/builds/ios/Il2CppOutputProject/IL2CPP/build/deploy_x86_64/System.Threading.Timer.dll
[2140/3221  0s] CopyFiles /Users/lucas-furini/repos/checkout/unity/builds/ios/Il2CppOutputProject/IL2CPP/build/deploy_x86_64/System.Threading.ThreadPool.dll
[2141/3221  0s] CopyFiles /Users/lucas-furini/repos/checkout/unity/builds/ios/Il2CppOutputProject/IL2CPP/build/deploy_x86_64/System.Transactions.Local.dll
[2142/3221  0s] CopyFiles /Users/lucas-furini/repos/checkout/unity/builds/ios/Il2CppOutputProject/IL2CPP/build/deploy_x86_64/System.Threading.Thread.dll
[2143/3221  0s] CopyFiles /Users/lucas-furini/repos/checkout/unity/builds/ios/Il2CppOutputProject/IL2CPP/build/deploy_x86_64/System.Threading.Tasks.Extensions.dll
[2144/3221  0s] CopyFiles /Users/lucas-furini/repos/checkout/unity/builds/ios/Il2CppOutputProject/IL2CPP/build/deploy_x86_64/System.Threading.Overlapped.dll
[2145/3221  0s] CopyFiles /Users/lucas-furini/repos/checkout/unity/builds/ios/Il2CppOutputProject/IL2CPP/build/deploy_x86_64/System.Threading.Tasks.dll
[2146/3221  0s] CopyFiles /Users/lucas-furini/repos/checkout/unity/builds/ios/Il2CppOutputProject/IL2CPP/build/deploy_x86_64/Unity.IL2CPP.dll
[2147/3221  0s] CopyFiles /Users/lucas-furini/repos/checkout/unity/builds/ios/Il2CppOutputProject/IL2CPP/build/deploy_x86_64/System.Threading.dll
[2148/3221  0s] CopyFiles /Users/lucas-furini/repos/checkout/unity/builds/ios/Il2CppOutputProject/IL2CPP/build/deploy_x86_64/System.Text.Encoding.Extensions.dll
[2149/3221  0s] CopyFiles /Users/lucas-furini/repos/checkout/unity/builds/ios/Il2CppOutputProject/IL2CPP/build/deploy_x86_64/System.Text.Encoding.dll
[2150/3221  0s] CopyFiles /Users/lucas-furini/repos/checkout/unity/builds/ios/Il2CppOutputProject/IL2CPP/build/deploy_x86_64/System.Threading.Tasks.Dataflow.dll
[2151/3221  0s] CopyFiles /Users/lucas-furini/repos/checkout/unity/builds/ios/Il2CppOutputProject/IL2CPP/build/deploy_x86_64/System.ServiceProcess.dll
[2152/3221  0s] CopyFiles /Users/lucas-furini/repos/checkout/unity/builds/ios/Il2CppOutputProject/IL2CPP/build/deploy_x86_64/System.ServiceModel.Web.dll
[2153/3221  0s] CopyFiles /Users/lucas-furini/repos/checkout/unity/builds/ios/Il2CppOutputProject/IL2CPP/build/deploy_x86_64/System.Security.SecureString.dll
[2154/3221  0s] CopyFiles /Users/lucas-furini/repos/checkout/unity/builds/ios/Il2CppOutputProject/IL2CPP/build/deploy_x86_64/System.Text.Encodings.Web.dll
[2155/3221  0s] CopyFiles /Users/lucas-furini/repos/checkout/unity/builds/ios/Il2CppOutputProject/IL2CPP/build/deploy_x86_64/System.Security.Principal.dll
[2156/3221  0s] CopyFiles /Users/lucas-furini/repos/checkout/unity/builds/ios/Il2CppOutputProject/IL2CPP/build/deploy_x86_64/System.Security.dll
[2157/3221  0s] CopyFiles /Users/lucas-furini/repos/checkout/unity/builds/ios/Il2CppOutputProject/IL2CPP/build/deploy_x86_64/System.Security.Principal.Windows.dll
[2158/3221  0s] CopyFiles /Users/lucas-furini/repos/checkout/unity/builds/ios/Il2CppOutputProject/IL2CPP/build/deploy_x86_64/System.Security.Cryptography.X509Certificates.dll
[2159/3221  0s] CopyFiles /Users/lucas-furini/repos/checkout/unity/builds/ios/Il2CppOutputProject/IL2CPP/build/deploy_x86_64/System.Security.Cryptography.OpenSsl.dll
[2160/3221  0s] CopyFiles /Users/lucas-furini/repos/checkout/unity/builds/ios/Il2CppOutputProject/IL2CPP/build/deploy_x86_64/System.Security.Cryptography.Primitives.dll
[2161/3221  0s] CopyFiles /Users/lucas-furini/repos/checkout/unity/builds/ios/Il2CppOutputProject/IL2CPP/build/deploy_x86_64/System.Security.Cryptography.Encoding.dll
[2162/3221  0s] CopyFiles /Users/lucas-furini/repos/checkout/unity/builds/ios/Il2CppOutputProject/IL2CPP/build/deploy_x86_64/System.Security.Cryptography.Csp.dll
[2163/3221  0s] CopyFiles /Users/lucas-furini/repos/checkout/unity/builds/ios/Il2CppOutputProject/IL2CPP/build/deploy_x86_64/System.Security.Cryptography.Cng.dll
[2164/3221  0s] CopyFiles /Users/lucas-furini/repos/checkout/unity/builds/ios/Il2CppOutputProject/IL2CPP/build/deploy_x86_64/System.Security.Cryptography.Algorithms.dll
[2165/3221  0s] CopyFiles /Users/lucas-furini/repos/checkout/unity/builds/ios/Il2CppOutputProject/IL2CPP/build/deploy_x86_64/System.Text.Encoding.CodePages.dll
[2166/3221  0s] CopyFiles /Users/lucas-furini/repos/checkout/unity/builds/ios/Il2CppOutputProject/IL2CPP/build/deploy_x86_64/System.Security.Claims.dll
[2167/3221  0s] CopyFiles /Users/lucas-furini/repos/checkout/unity/builds/ios/Il2CppOutputProject/IL2CPP/build/deploy_x86_64/System.Runtime.Serialization.Xml.dll
[2168/3221  0s] CopyFiles /Users/lucas-furini/repos/checkout/unity/builds/ios/Il2CppOutputProject/IL2CPP/build/deploy_x86_64/System.Security.AccessControl.dll
[2169/3221  0s] CopyFiles /Users/lucas-furini/repos/checkout/unity/builds/ios/Il2CppOutputProject/IL2CPP/build/deploy_x86_64/System.Text.Json.dll
[2170/3221  0s] CopyFiles /Users/lucas-furini/repos/checkout/unity/builds/ios/Il2CppOutputProject/IL2CPP/build/deploy_x86_64/System.Threading.Channels.dll
[2171/3221  0s] CopyFiles /Users/lucas-furini/repos/checkout/unity/builds/ios/Il2CppOutputProject/IL2CPP/build/deploy_x86_64/System.Threading.Tasks.Parallel.dll
[2172/3221  0s] CopyFiles /Users/lucas-furini/repos/checkout/unity/builds/ios/Il2CppOutputProject/IL2CPP/build/deploy_x86_64/System.Runtime.Serialization.Json.dll
[2173/3221  0s] CopyFiles /Users/lucas-furini/repos/checkout/unity/builds/ios/Il2CppOutputProject/IL2CPP/build/deploy_x86_64/System.Runtime.Serialization.Formatters.dll
[2174/3221  0s] CopyFiles /Users/lucas-furini/repos/checkout/unity/builds/ios/Il2CppOutputProject/IL2CPP/build/deploy_x86_64/System.Runtime.Serialization.Primitives.dll
[2175/3221  0s] CopyFiles /Users/lucas-furini/repos/checkout/unity/builds/ios/Il2CppOutputProject/IL2CPP/build/deploy_x86_64/System.Runtime.Serialization.dll
[2176/3221  0s] CopyFiles /Users/lucas-furini/repos/checkout/unity/builds/ios/Il2CppOutputProject/IL2CPP/build/deploy_x86_64/System.Runtime.Loader.dll
[2177/3221  0s] CopyFiles /Users/lucas-furini/repos/checkout/unity/builds/ios/Il2CppOutputProject/IL2CPP/build/deploy_x86_64/System.Runtime.InteropServices.RuntimeInformation.dll
[2178/3221  0s] CopyFiles /Users/lucas-furini/repos/checkout/unity/builds/ios/Il2CppOutputProject/IL2CPP/build/deploy_x86_64/System.Runtime.Intrinsics.dll
[2179/3221  0s] CopyFiles /Users/lucas-furini/repos/checkout/unity/builds/ios/Il2CppOutputProject/IL2CPP/build/deploy_x86_64/System.Runtime.Handles.dll
[2180/3221  0s] CopyFiles /Users/lucas-furini/repos/checkout/unity/builds/ios/Il2CppOutputProject/IL2CPP/build/deploy_x86_64/System.Runtime.Extensions.dll
[2181/3221  0s] CopyFiles /Users/lucas-furini/repos/checkout/unity/builds/ios/Il2CppOutputProject/IL2CPP/build/deploy_x86_64/System.Runtime.dll
[2182/3221  0s] CopyFiles /Users/lucas-furini/repos/checkout/unity/builds/ios/Il2CppOutputProject/IL2CPP/build/deploy_x86_64/System.Runtime.CompilerServices.Unsafe.dll
[2183/3221  0s] CopyFiles /Users/lucas-furini/repos/checkout/unity/builds/ios/Il2CppOutputProject/IL2CPP/build/deploy_x86_64/System.Runtime.InteropServices.JavaScript.dll
[2184/3221  0s] CopyFiles /Users/lucas-furini/repos/checkout/unity/builds/ios/Il2CppOutputProject/IL2CPP/build/deploy_x86_64/System.Runtime.Numerics.dll
[2185/3221  0s] CopyFiles /Users/lucas-furini/repos/checkout/unity/builds/ios/Il2CppOutputProject/IL2CPP/build/deploy_x86_64/System.Resources.ResourceManager.dll
[2186/3221  0s] CopyFiles /Users/lucas-furini/repos/checkout/unity/builds/ios/Il2CppOutputProject/IL2CPP/build/deploy_x86_64/System.Resources.Reader.dll
[2187/3221  0s] CopyFiles /Users/lucas-furini/repos/checkout/unity/builds/ios/Il2CppOutputProject/IL2CPP/build/deploy_x86_64/System.Runtime.CompilerServices.VisualC.dll
[2188/3221  0s] CopyFiles /Users/lucas-furini/repos/checkout/unity/builds/ios/Il2CppOutputProject/IL2CPP/build/deploy_x86_64/System.Resources.Writer.dll
[2189/3221  0s] CopyFiles /Users/lucas-furini/repos/checkout/unity/builds/ios/Il2CppOutputProject/IL2CPP/build/deploy_x86_64/System.Runtime.InteropServices.dll
[2190/3221  0s] CopyFiles /Users/lucas-furini/repos/checkout/unity/builds/ios/Il2CppOutputProject/IL2CPP/build/deploy_x86_64/System.Reflection.Primitives.dll
[2191/3221  0s] CopyFiles /Users/lucas-furini/repos/checkout/unity/builds/ios/Il2CppOutputProject/IL2CPP/build/deploy_x86_64/System.Reflection.Emit.Lightweight.dll
[2192/3221  0s] CopyFiles /Users/lucas-furini/repos/checkout/unity/builds/ios/Il2CppOutputProject/IL2CPP/build/deploy_x86_64/System.Reflection.Extensions.dll
[2193/3221  0s] CopyFiles /Users/lucas-furini/repos/checkout/unity/builds/ios/Il2CppOutputProject/IL2CPP/build/deploy_x86_64/System.Reflection.Emit.ILGeneration.dll
[2194/3221  0s] CopyFiles /Users/lucas-furini/repos/checkout/unity/builds/ios/Il2CppOutputProject/IL2CPP/build/deploy_x86_64/System.Reflection.dll
[2195/3221  0s] CopyFiles /Users/lucas-furini/repos/checkout/unity/builds/ios/Il2CppOutputProject/IL2CPP/build/deploy_x86_64/System.Reflection.Emit.dll
[2196/3221  0s] CopyFiles /Users/lucas-furini/repos/checkout/unity/builds/ios/Il2CppOutputProject/IL2CPP/build/deploy_x86_64/System.Reflection.DispatchProxy.dll
[2197/3221  0s] CopyFiles /Users/lucas-furini/repos/checkout/unity/builds/ios/Il2CppOutputProject/IL2CPP/build/deploy_x86_64/System.Reflection.TypeExtensions.dll
[2198/3221  0s] CopyFiles /Users/lucas-furini/repos/checkout/unity/builds/ios/Il2CppOutputProject/IL2CPP/build/deploy_x86_64/System.Private.Uri.dll
[2199/3221  1s] CopyFiles /Users/lucas-furini/repos/checkout/unity/builds/ios/Il2CppOutputProject/IL2CPP/build/deploy_x86_64/System.Private.CoreLib.dll
[2200/3221  0s] CopyFiles /Users/lucas-furini/repos/checkout/unity/builds/ios/Il2CppOutputProject/IL2CPP/build/deploy_x86_64/System.ObjectModel.dll
[2201/3221  0s] CopyFiles /Users/lucas-furini/repos/checkout/unity/builds/ios/Il2CppOutputProject/IL2CPP/build/deploy_x86_64/System.Numerics.Vectors.dll
[2202/3221  0s] CopyFiles /Users/lucas-furini/repos/checkout/unity/builds/ios/Il2CppOutputProject/IL2CPP/build/deploy_x86_64/System.Numerics.dll
[2203/3221  0s] CopyFiles /Users/lucas-furini/repos/checkout/unity/builds/ios/Il2CppOutputProject/IL2CPP/build/deploy_x86_64/System.Net.WebSockets.dll
[2204/3221  0s] CopyFiles /Users/lucas-furini/repos/checkout/unity/builds/ios/Il2CppOutputProject/IL2CPP/build/deploy_x86_64/System.Net.WebSockets.Client.dll
[2205/3221  0s] CopyFiles /Users/lucas-furini/repos/checkout/unity/builds/ios/Il2CppOutputProject/IL2CPP/build/deploy_x86_64/System.Net.WebProxy.dll
[2206/3221  0s] CopyFiles /Users/lucas-furini/repos/checkout/unity/builds/ios/Il2CppOutputProject/IL2CPP/build/deploy_x86_64/System.Net.WebHeaderCollection.dll
[2207/3221  0s] CopyFiles /Users/lucas-furini/repos/checkout/unity/builds/ios/Il2CppOutputProject/IL2CPP/build/deploy_x86_64/System.Net.WebClient.dll
[2208/3221  0s] CopyFiles /Users/lucas-furini/repos/checkout/unity/builds/ios/Il2CppOutputProject/IL2CPP/build/deploy_x86_64/System.Net.Sockets.dll
[2209/3221  0s] CopyFiles /Users/lucas-furini/repos/checkout/unity/builds/ios/Il2CppOutputProject/IL2CPP/build/deploy_x86_64/System.Net.ServicePoint.dll
[BUSY    1471s] UnityLinker /Users/lucas-furini/repos/checkout/unity/CheckoutSimulator/Library/Bee/artifacts/unitylinker_fi2v.traceevents
[2210/3221 547s] CopyFiles /Users/lucas-furini/repos/checkout/unity/builds/ios/Il2CppOutputProject/IL2CPP/build/deploy_x86_64/System.Reflection.Metadata.dll
[2211/3221 547s] CopyFiles /Users/lucas-furini/repos/checkout/unity/builds/ios/Il2CppOutputProject/IL2CPP/build/deploy_x86_64/System.Private.Xml.dll
[2212/3221  0s] CopyFiles /Users/lucas-furini/repos/checkout/unity/builds/ios/Il2CppOutputProject/IL2CPP/build/deploy_x86_64/System.Net.Requests.dll
[2213/3221  0s] CopyFiles /Users/lucas-furini/repos/checkout/unity/builds/ios/Il2CppOutputProject/IL2CPP/build/deploy_x86_64/System.Net.Quic.dll
[2214/3221  0s] CopyFiles /Users/lucas-furini/repos/checkout/unity/builds/ios/Il2CppOutputProject/IL2CPP/build/deploy_x86_64/System.Net.Primitives.dll
[2215/3221  0s] CopyFiles /Users/lucas-furini/repos/checkout/unity/builds/ios/Il2CppOutputProject/IL2CPP/build/deploy_x86_64/System.Net.Ping.dll
[2216/3221  0s] CopyFiles /Users/lucas-furini/repos/checkout/unity/builds/ios/Il2CppOutputProject/IL2CPP/build/deploy_x86_64/System.Net.NetworkInformation.dll
[2217/3221 547s] CopyFiles /Users/lucas-furini/repos/checkout/unity/builds/ios/Il2CppOutputProject/IL2CPP/build/deploy_x86_64/System.Private.Xml.Linq.dll
[2218/3221  0s] CopyFiles /Users/lucas-furini/repos/checkout/unity/builds/ios/Il2CppOutputProject/IL2CPP/build/deploy_x86_64/System.Net.NameResolution.dll
[2219/3221  0s] CopyFiles /Users/lucas-furini/repos/checkout/unity/builds/ios/Il2CppOutputProject/IL2CPP/build/deploy_x86_64/System.Net.Mail.dll
[2220/3221  0s] CopyFiles /Users/lucas-furini/repos/checkout/unity/builds/ios/Il2CppOutputProject/IL2CPP/build/deploy_x86_64/System.Net.HttpListener.dll
[2221/3221  0s] CopyFiles /Users/lucas-furini/repos/checkout/unity/builds/ios/Il2CppOutputProject/IL2CPP/build/deploy_x86_64/System.Net.dll
[2222/3221  0s] CopyFiles /Users/lucas-furini/repos/checkout/unity/builds/ios/Il2CppOutputProject/IL2CPP/build/deploy_x86_64/System.Net.Http.Json.dll
[2223/3221  0s] CopyFiles /Users/lucas-furini/repos/checkout/unity/builds/ios/Il2CppOutputProject/IL2CPP/build/deploy_x86_64/System.Memory.dll
[2224/3221  0s] CopyFiles /Users/lucas-furini/repos/checkout/unity/builds/ios/Il2CppOutputProject/IL2CPP/build/deploy_x86_64/System.Linq.Queryable.dll
[2225/3221 548s] CopyFiles /Users/lucas-furini/repos/checkout/unity/builds/ios/Il2CppOutputProject/IL2CPP/build/deploy_x86_64/System.Private.DataContractSerialization.dll
[2226/3221 546s] CopyFiles /Users/lucas-furini/repos/checkout/unity/builds/ios/Il2CppOutputProject/IL2CPP/build/deploy_x86_64/System.Net.Security.dll
[2227/3221  0s] CopyFiles /Users/lucas-furini/repos/checkout/unity/builds/ios/Il2CppOutputProject/IL2CPP/build/deploy_x86_64/System.IO.UnmanagedMemoryStream.dll
[2228/3221  0s] CopyFiles /Users/lucas-furini/repos/checkout/unity/builds/ios/Il2CppOutputProject/IL2CPP/build/deploy_x86_64/System.Linq.Expressions.dll
[2229/3221  0s] CopyFiles /Users/lucas-furini/repos/checkout/unity/builds/ios/Il2CppOutputProject/IL2CPP/build/deploy_x86_64/System.IO.Pipes.dll
[2230/3221  0s] CopyFiles /Users/lucas-furini/repos/checkout/unity/builds/ios/Il2CppOutputProject/IL2CPP/build/deploy_x86_64/System.IO.Pipes.AccessControl.dll
[2231/3221  0s] CopyFiles /Users/lucas-furini/repos/checkout/unity/builds/ios/Il2CppOutputProject/IL2CPP/build/deploy_x86_64/System.IO.Pipelines.dll
[2232/3221  0s] CopyFiles /Users/lucas-furini/repos/checkout/unity/builds/ios/Il2CppOutputProject/IL2CPP/build/deploy_x86_64/System.IO.MemoryMappedFiles.dll
[2233/3221  0s] CopyFiles /Users/lucas-furini/repos/checkout/unity/builds/ios/Il2CppOutputProject/IL2CPP/build/deploy_x86_64/System.IO.IsolatedStorage.dll
[2234/3221  0s] CopyFiles /Users/lucas-furini/repos/checkout/unity/builds/ios/Il2CppOutputProject/IL2CPP/build/deploy_x86_64/System.IO.FileSystem.Primitives.dll
[2235/3221  0s] CopyFiles /Users/lucas-furini/repos/checkout/unity/builds/ios/Il2CppOutputProject/IL2CPP/build/deploy_x86_64/System.IO.FileSystem.Watcher.dll
[2236/3221  0s] CopyFiles /Users/lucas-furini/repos/checkout/unity/builds/ios/Il2CppOutputProject/IL2CPP/build/deploy_x86_64/System.IO.FileSystem.dll
[2237/3221  0s] CopyFiles /Users/lucas-furini/repos/checkout/unity/builds/ios/Il2CppOutputProject/IL2CPP/build/deploy_x86_64/System.IO.FileSystem.DriveInfo.dll
[2238/3221  0s] CopyFiles /Users/lucas-furini/repos/checkout/unity/builds/ios/Il2CppOutputProject/IL2CPP/build/deploy_x86_64/System.IO.dll
[2239/3221  0s] CopyFiles /Users/lucas-furini/repos/checkout/unity/builds/ios/Il2CppOutputProject/IL2CPP/build/deploy_x86_64/System.IO.FileSystem.AccessControl.dll
[2240/3221  0s] CopyFiles /Users/lucas-furini/repos/checkout/unity/builds/ios/Il2CppOutputProject/IL2CPP/build/deploy_x86_64/System.IO.Compression.FileSystem.dll
[2241/3221  0s] CopyFiles /Users/lucas-furini/repos/checkout/unity/builds/ios/Il2CppOutputProject/IL2CPP/build/deploy_x86_64/System.IO.Compression.ZipFile.dll
[2242/3221  0s] CopyFiles /Users/lucas-furini/repos/checkout/unity/builds/ios/Il2CppOutputProject/IL2CPP/build/deploy_x86_64/System.IO.Compression.dll
[2243/3221  0s] CopyFiles /Users/lucas-furini/repos/checkout/unity/builds/ios/Il2CppOutputProject/IL2CPP/build/deploy_x86_64/System.Globalization.Extensions.dll
[2244/3221  0s] CopyFiles /Users/lucas-furini/repos/checkout/unity/builds/ios/Il2CppOutputProject/IL2CPP/build/deploy_x86_64/System.Globalization.dll
[2245/3221  0s] CopyFiles /Users/lucas-furini/repos/checkout/unity/builds/ios/Il2CppOutputProject/IL2CPP/build/deploy_x86_64/System.Globalization.Calendars.dll
[2246/3221  0s] CopyFiles /Users/lucas-furini/repos/checkout/unity/builds/ios/Il2CppOutputProject/IL2CPP/build/deploy_x86_64/System.IO.Compression.Brotli.dll
[2247/3221  0s] CopyFiles /Users/lucas-furini/repos/checkout/unity/builds/ios/Il2CppOutputProject/IL2CPP/build/deploy_x86_64/System.Formats.Tar.dll
[2248/3221  0s] CopyFiles /Users/lucas-furini/repos/checkout/unity/builds/ios/Il2CppOutputProject/IL2CPP/build/deploy_x86_64/System.Dynamic.Runtime.dll
[2249/3221  1s] CopyFiles /Users/lucas-furini/repos/checkout/unity/builds/ios/Il2CppOutputProject/IL2CPP/build/deploy_x86_64/System.Net.Http.dll
[2250/3221  0s] CopyFiles /Users/lucas-furini/repos/checkout/unity/builds/ios/Il2CppOutputProject/IL2CPP/build/deploy_x86_64/System.Formats.Asn1.dll
[2251/3221  0s] CopyFiles /Users/lucas-furini/repos/checkout/unity/builds/ios/Il2CppOutputProject/IL2CPP/build/deploy_x86_64/System.Drawing.dll
[2252/3221  0s] CopyFiles /Users/lucas-furini/repos/checkout/unity/builds/ios/Il2CppOutputProject/IL2CPP/build/deploy_x86_64/System.Diagnostics.Tracing.dll
[2253/3221  0s] CopyFiles /Users/lucas-furini/repos/checkout/unity/builds/ios/Il2CppOutputProject/IL2CPP/build/deploy_x86_64/System.dll
[2254/3221  0s] CopyFiles /Users/lucas-furini/repos/checkout/unity/builds/ios/Il2CppOutputProject/IL2CPP/build/deploy_x86_64/System.Diagnostics.Tools.dll
[2255/3221  0s] CopyFiles /Users/lucas-furini/repos/checkout/unity/builds/ios/Il2CppOutputProject/IL2CPP/build/deploy_x86_64/System.Diagnostics.TextWriterTraceListener.dll
[2256/3221  1s] CopyFiles /Users/lucas-furini/repos/checkout/unity/builds/ios/Il2CppOutputProject/IL2CPP/build/deploy_x86_64/System.Linq.Parallel.dll
[2257/3221  0s] CopyFiles /Users/lucas-furini/repos/checkout/unity/builds/ios/Il2CppOutputProject/IL2CPP/build/deploy_x86_64/System.Drawing.Primitives.dll
[2258/3221  0s] CopyFiles /Users/lucas-furini/repos/checkout/unity/builds/ios/Il2CppOutputProject/IL2CPP/build/deploy_x86_64/System.Diagnostics.FileVersionInfo.dll
[2259/3221  0s] CopyFiles /Users/lucas-furini/repos/checkout/unity/builds/ios/Il2CppOutputProject/IL2CPP/build/deploy_x86_64/System.Diagnostics.StackTrace.dll
[2260/3221  0s] CopyFiles /Users/lucas-furini/repos/checkout/unity/builds/ios/Il2CppOutputProject/IL2CPP/build/deploy_x86_64/System.Diagnostics.TraceSource.dll
[2261/3221  0s] CopyFiles /Users/lucas-furini/repos/checkout/unity/builds/ios/Il2CppOutputProject/IL2CPP/build/deploy_x86_64/System.Diagnostics.Process.dll
[2262/3221  1s] CopyFiles /Users/lucas-furini/repos/checkout/unity/builds/ios/Il2CppOutputProject/IL2CPP/build/deploy_x86_64/System.Linq.dll
[2263/3221 550s] CopyFiles /Users/lucas-furini/repos/checkout/unity/builds/ios/Il2CppOutputProject/IL2CPP/build/deploy_x86_64/System.Text.RegularExpressions.dll
[2264/3221  0s] CopyFiles /Users/lucas-furini/repos/checkout/unity/builds/ios/Il2CppOutputProject/IL2CPP/build/deploy_x86_64/System.Data.DataSetExtensions.dll
[2265/3221  0s] CopyFiles /Users/lucas-furini/repos/checkout/unity/builds/ios/Il2CppOutputProject/IL2CPP/build/deploy_x86_64/System.Data.dll
[2266/3221  0s] CopyFiles /Users/lucas-furini/repos/checkout/unity/builds/ios/Il2CppOutputProject/IL2CPP/build/deploy_x86_64/System.Diagnostics.Debug.dll
[2267/3221  0s] CopyFiles /Users/lucas-furini/repos/checkout/unity/builds/ios/Il2CppOutputProject/IL2CPP/build/deploy_x86_64/System.Diagnostics.Contracts.dll
[2268/3221  0s] CopyFiles /Users/lucas-furini/repos/checkout/unity/builds/ios/Il2CppOutputProject/IL2CPP/build/deploy_x86_64/System.Core.dll
[2269/3221  0s] CopyFiles /Users/lucas-furini/repos/checkout/unity/builds/ios/Il2CppOutputProject/IL2CPP/build/deploy_x86_64/System.Configuration.dll
[2270/3221  0s] CopyFiles /Users/lucas-furini/repos/checkout/unity/builds/ios/Il2CppOutputProject/IL2CPP/build/deploy_x86_64/System.Diagnostics.DiagnosticSource.dll
[2271/3221  0s] CopyFiles /Users/lucas-furini/repos/checkout/unity/builds/ios/Il2CppOutputProject/IL2CPP/build/deploy_x86_64/System.Console.dll
[2272/3221  0s] CopyFiles /Users/lucas-furini/repos/checkout/unity/builds/ios/Il2CppOutputProject/IL2CPP/build/deploy_x86_64/System.ComponentModel.Primitives.dll
[2273/3221  0s] CopyFiles /Users/lucas-furini/repos/checkout/unity/builds/ios/Il2CppOutputProject/IL2CPP/build/deploy_x86_64/System.ComponentModel.TypeConverter.dll
[2274/3221  0s] CopyFiles /Users/lucas-furini/repos/checkout/unity/builds/ios/Il2CppOutputProject/IL2CPP/build/deploy_x86_64/System.ComponentModel.DataAnnotations.dll
[2275/3221  0s] CopyFiles /Users/lucas-furini/repos/checkout/unity/builds/ios/Il2CppOutputProject/IL2CPP/build/deploy_x86_64/System.ComponentModel.dll
[2276/3221  0s] CopyFiles /Users/lucas-furini/repos/checkout/unity/builds/ios/Il2CppOutputProject/IL2CPP/build/deploy_x86_64/System.ComponentModel.EventBasedAsync.dll
[2277/3221  0s] CopyFiles /Users/lucas-furini/repos/checkout/unity/builds/ios/Il2CppOutputProject/IL2CPP/build/deploy_x86_64/System.Collections.Specialized.dll
[2278/3221  0s] CopyFiles /Users/lucas-furini/repos/checkout/unity/builds/ios/Il2CppOutputProject/IL2CPP/build/deploy_x86_64/System.ComponentModel.Annotations.dll
[2279/3221  0s] CopyFiles /Users/lucas-furini/repos/checkout/unity/builds/ios/Il2CppOutputProject/IL2CPP/build/deploy_x86_64/System.Buffers.dll
[2280/3221  0s] CopyFiles /Users/lucas-furini/repos/checkout/unity/builds/ios/Il2CppOutputProject/IL2CPP/build/deploy_x86_64/System.AppContext.dll
[2281/3221  0s] CopyFiles /Users/lucas-furini/repos/checkout/unity/builds/ios/Il2CppOutputProject/IL2CPP/build/deploy_x86_64/System.Collections.dll
[2282/3221  0s] CopyFiles /Users/lucas-furini/repos/checkout/unity/builds/ios/Il2CppOutputProject/IL2CPP/build/deploy_x86_64/SharpYaml.dll
[2283/3221  0s] CopyFiles /Users/lucas-furini/repos/checkout/unity/builds/ios/Il2CppOutputProject/IL2CPP/build/deploy_x86_64/NiceIO.pdb
[2284/3221  0s] CopyFiles /Users/lucas-furini/repos/checkout/unity/builds/ios/Il2CppOutputProject/IL2CPP/build/deploy_x86_64/NiceIO.dll
[2285/3221  0s] CopyFiles /Users/lucas-furini/repos/checkout/unity/builds/ios/Il2CppOutputProject/IL2CPP/build/deploy_x86_64/netstandard.dll
[2286/3221  0s] CopyFiles /Users/lucas-furini/repos/checkout/unity/builds/ios/Il2CppOutputProject/IL2CPP/build/deploy_x86_64/mscorlib.dll
[2287/3221  0s] CopyFiles /Users/lucas-furini/repos/checkout/unity/builds/ios/Il2CppOutputProject/IL2CPP/build/deploy_x86_64/monolinkerold.pdb
[2288/3221  0s] CopyFiles /Users/lucas-furini/repos/checkout/unity/builds/ios/Il2CppOutputProject/IL2CPP/build/deploy_x86_64/Newtonsoft.Json.dll
[2289/3221  0s] CopyFiles /Users/lucas-furini/repos/checkout/unity/builds/ios/Il2CppOutputProject/IL2CPP/build/deploy_x86_64/Mono.Cecil.Rocks.pdb
[2290/3221  0s] CopyFiles /Users/lucas-furini/repos/checkout/unity/builds/ios/Il2CppOutputProject/IL2CPP/build/deploy_x86_64/System.Collections.Immutable.dll
[2291/3221  0s] CopyFiles /Users/lucas-furini/repos/checkout/unity/builds/ios/Il2CppOutputProject/IL2CPP/build/deploy_x86_64/Mono.Cecil.Rocks.dll
[2292/3221  0s] CopyFiles /Users/lucas-furini/repos/checkout/unity/builds/ios/Il2CppOutputProject/IL2CPP/build/deploy_x86_64/Mono.Cecil.Pdb.dll
[2293/3221  0s] CopyFiles /Users/lucas-furini/repos/checkout/unity/builds/ios/Il2CppOutputProject/IL2CPP/build/deploy_x86_64/Mono.Cecil.Pdb.pdb
[2294/3221  0s] CopyFiles /Users/lucas-furini/repos/checkout/unity/builds/ios/Il2CppOutputProject/IL2CPP/build/deploy_x86_64/Mono.Cecil.pdb
[2295/3221  0s] CopyFiles /Users/lucas-furini/repos/checkout/unity/builds/ios/Il2CppOutputProject/IL2CPP/build/deploy_x86_64/Mono.Cecil.Mdb.pdb
[2296/3221  0s] CopyFiles /Users/lucas-furini/repos/checkout/unity/builds/ios/Il2CppOutputProject/IL2CPP/build/deploy_x86_64/monolinkerold.dll
[2297/3221  0s] CopyFiles /Users/lucas-furini/repos/checkout/unity/builds/ios/Il2CppOutputProject/IL2CPP/build/deploy_x86_64/System.Collections.Concurrent.dll
[2298/3221  0s] CopyFiles /Users/lucas-furini/repos/checkout/unity/builds/ios/Il2CppOutputProject/IL2CPP/build/deploy_x86_64/Mono.Cecil.Mdb.dll
[2299/3221  0s] CopyFiles /Users/lucas-furini/repos/checkout/unity/builds/ios/Il2CppOutputProject/IL2CPP/build/deploy_x86_64/Microsoft.Win32.Primitives.dll
[2300/3221  0s] CopyFiles /Users/lucas-furini/repos/checkout/unity/builds/ios/Il2CppOutputProject/IL2CPP/build/deploy_x86_64/Mono.Cecil.dll
[2301/3221  0s] CopyFiles /Users/lucas-furini/repos/checkout/unity/builds/ios/Il2CppOutputProject/IL2CPP/build/deploy_x86_64/Microsoft.VisualBasic.dll
[2302/3221  0s] CopyFiles /Users/lucas-furini/repos/checkout/unity/builds/ios/Il2CppOutputProject/IL2CPP/build/deploy_x86_64/Microsoft.Bcl.HashCode.dll
[2303/3221  0s] CopyFiles /Users/lucas-furini/repos/checkout/unity/builds/ios/Il2CppOutputProject/IL2CPP/build/deploy_x86_64/MemoryPack.Core.dll
[2304/3221  0s] CopyFiles /Users/lucas-furini/repos/checkout/unity/builds/ios/Il2CppOutputProject/IL2CPP/build/deploy_x86_64/libSystem.Security.Cryptography.Native.OpenSsl.dylib
[2305/3221  0s] CopyFiles /Users/lucas-furini/repos/checkout/unity/builds/ios/Il2CppOutputProject/IL2CPP/build/deploy_x86_64/libSystem.Security.Cryptography.Native.Apple.dylib
[2306/3221  0s] CopyFiles /Users/lucas-furini/repos/checkout/unity/builds/ios/Il2CppOutputProject/IL2CPP/build/deploy_x86_64/libSystem.Net.Security.Native.dylib
[2307/3221  0s] CopyFiles /Users/lucas-furini/repos/checkout/unity/builds/ios/Il2CppOutputProject/IL2CPP/build/deploy_x86_64/libSystem.Native.dylib
[2308/3221  0s] CopyFiles /Users/lucas-furini/repos/checkout/unity/builds/ios/Il2CppOutputProject/IL2CPP/build/deploy_x86_64/libSystem.IO.Compression.Native.dylib
[2309/3221  0s] CopyFiles /Users/lucas-furini/repos/checkout/unity/builds/ios/Il2CppOutputProject/IL2CPP/build/deploy_x86_64/libSystem.Globalization.Native.dylib
[2310/3221  0s] CopyFiles /Users/lucas-furini/repos/checkout/unity/builds/ios/Il2CppOutputProject/IL2CPP/build/deploy_x86_64/libmscordbi.dylib
[2311/3221  0s] CopyFiles /Users/lucas-furini/repos/checkout/unity/builds/ios/Il2CppOutputProject/IL2CPP/build/deploy_x86_64/libmscordaccore.dylib
[2312/3221  0s] CopyFiles /Users/lucas-furini/repos/checkout/unity/builds/ios/Il2CppOutputProject/IL2CPP/build/deploy_x86_64/libhostpolicy.dylib
[2313/3221  0s] CopyFiles /Users/lucas-furini/repos/checkout/unity/builds/ios/Il2CppOutputProject/IL2CPP/build/deploy_x86_64/libhostfxr.dylib
[2314/3221  0s] CopyFiles /Users/lucas-furini/repos/checkout/unity/builds/ios/Il2CppOutputProject/IL2CPP/build/deploy_x86_64/libcoreclr.dylib
[2315/3221  0s] CopyFiles /Users/lucas-furini/repos/checkout/unity/builds/ios/Il2CppOutputProject/IL2CPP/build/deploy_x86_64/libclrjit.dylib
[2316/3221  0s] CopyFiles /Users/lucas-furini/repos/checkout/unity/builds/ios/Il2CppOutputProject/IL2CPP/build/deploy_x86_64/libclrgcexp.dylib
[2317/3221  0s] CopyFiles /Users/lucas-furini/repos/checkout/unity/builds/ios/Il2CppOutputProject/IL2CPP/build/deploy_x86_64/libclrgc.dylib
[2318/3221  0s] CopyFiles /Users/lucas-furini/repos/checkout/unity/builds/ios/Il2CppOutputProject/IL2CPP/build/deploy_x86_64/JetBrains.Profiler.Api.dll
[2319/3221  0s] CopyFiles /Users/lucas-furini/repos/checkout/unity/builds/ios/Il2CppOutputProject/IL2CPP/build/deploy_x86_64/illink.pdb
[2320/3221  0s] CopyFiles /Users/lucas-furini/repos/checkout/unity/builds/ios/Il2CppOutputProject/IL2CPP/build/deploy_x86_64/illink.dll
[2321/3221  0s] CopyFiles /Users/lucas-furini/repos/checkout/unity/builds/ios/Il2CppOutputProject/IL2CPP/build/deploy_x86_64/il2cpp.runtimeconfig.json
[2322/3221  0s] CopyFiles /Users/lucas-furini/repos/checkout/unity/builds/ios/Il2CppOutputProject/IL2CPP/build/deploy_x86_64/il2cpp.pdb
[2323/3221  0s] CopyFiles /Users/lucas-furini/repos/checkout/unity/builds/ios/Il2CppOutputProject/IL2CPP/build/deploy_x86_64/il2cpp.dll.config
[2324/3221  0s] CopyFiles /Users/lucas-furini/repos/checkout/unity/builds/ios/Il2CppOutputProject/IL2CPP/build/deploy_x86_64/System.Collections.NonGeneric.dll
[2325/3221  0s] CopyFiles /Users/lucas-furini/repos/checkout/unity/builds/ios/Il2CppOutputProject/IL2CPP/build/deploy_x86_64/il2cpp.dll
[2326/3221  0s] CopyFiles /Users/lucas-furini/repos/checkout/unity/builds/ios/Il2CppOutputProject/IL2CPP/build/deploy_x86_64/il2cpp.deps.json
[2327/3221  0s] CopyFiles /Users/lucas-furini/repos/checkout/unity/builds/ios/Il2CppOutputProject/IL2CPP/build/deploy_x86_64/il2cpp-compile.runtimeconfig.json
[2328/3221  0s] CopyFiles /Users/lucas-furini/repos/checkout/unity/builds/ios/Il2CppOutputProject/IL2CPP/build/deploy_x86_64/il2cpp-compile.pdb
[2329/3221  0s] CopyFiles /Users/lucas-furini/repos/checkout/unity/builds/ios/Il2CppOutputProject/IL2CPP/build/deploy_x86_64/il2cpp-compile.dll
[2330/3221  0s] CopyFiles /Users/lucas-furini/repos/checkout/unity/builds/ios/Il2CppOutputProject/IL2CPP/build/deploy_x86_64/il2cpp-compile
[2331/3221  0s] CopyFiles /Users/lucas-furini/repos/checkout/unity/builds/ios/Il2CppOutputProject/IL2CPP/build/deploy_x86_64/il2cpp
[2332/3221  0s] CopyFiles /Users/lucas-furini/repos/checkout/unity/builds/ios/Il2CppOutputProject/IL2CPP/build/deploy_x86_64/createdump
[2333/3221  0s] CopyFiles /Users/lucas-furini/repos/checkout/unity/builds/ios/Il2CppOutputProject/IL2CPP/build/deploy_x86_64/il2cpp-compile.deps.json
[2334/3221  0s] CopyFiles /Users/lucas-furini/repos/checkout/unity/builds/ios/Il2CppOutputProject/IL2CPP/build/deploy_x86_64/bee_backend/mac-x64/bee_backend
[2335/3221  0s] CopyFiles /Users/lucas-furini/repos/checkout/unity/builds/ios/Il2CppOutputProject/IL2CPP/build/deploy_x86_64/Bee.VisualStudioSolution.pdb
[2336/3221  0s] CopyFiles /Users/lucas-furini/repos/checkout/unity/builds/ios/Il2CppOutputProject/IL2CPP/build/deploy_x86_64/Bee.TundraBackend.pdb
[2337/3221  0s] CopyFiles /Users/lucas-furini/repos/checkout/unity/builds/ios/Il2CppOutputProject/IL2CPP/build/deploy_x86_64/Bee.VisualStudioSolution.dll
[2338/3221  0s] CopyFiles /Users/lucas-furini/repos/checkout/unity/builds/ios/Il2CppOutputProject/IL2CPP/build/deploy_x86_64/Bee.Tools.pdb
[2339/3221  0s] CopyFiles /Users/lucas-furini/repos/checkout/unity/builds/ios/Il2CppOutputProject/IL2CPP/build/deploy_x86_64/Bee.Tools.dll
[2340/3221  0s] CopyFiles /Users/lucas-furini/repos/checkout/unity/builds/ios/Il2CppOutputProject/IL2CPP/build/deploy_x86_64/Bee.TundraBackend.dll
[2341/3221  0s] CopyFiles /Users/lucas-furini/repos/checkout/unity/builds/ios/Il2CppOutputProject/IL2CPP/build/deploy_x86_64/Bee.Toolchain.Xcode.pdb
[2342/3221  0s] CopyFiles /Users/lucas-furini/repos/checkout/unity/builds/ios/Il2CppOutputProject/IL2CPP/build/deploy_x86_64/Bee.Toolchain.Windows.pdb
[2343/3221  0s] CopyFiles /Users/lucas-furini/repos/checkout/unity/builds/ios/Il2CppOutputProject/IL2CPP/build/deploy_x86_64/Bee.Toolchain.Xcode.dll
[2344/3221  0s] CopyFiles /Users/lucas-furini/repos/checkout/unity/builds/ios/Il2CppOutputProject/IL2CPP/build/deploy_x86_64/Bee.Toolchain.Windows.dll
[2345/3221  0s] CopyFiles /Users/lucas-furini/repos/checkout/unity/builds/ios/Il2CppOutputProject/IL2CPP/build/deploy_x86_64/Bee.Toolchain.VisualStudio.pdb
[2346/3221  0s] CopyFiles /Users/lucas-furini/repos/checkout/unity/builds/ios/Il2CppOutputProject/IL2CPP/build/deploy_x86_64/Microsoft.Win32.Registry.dll
[2347/3221  0s] CopyFiles /Users/lucas-furini/repos/checkout/unity/builds/ios/Il2CppOutputProject/IL2CPP/build/deploy_x86_64/Bee.Toolchain.VisionOS.pdb
[2348/3221  0s] CopyFiles /Users/lucas-furini/repos/checkout/unity/builds/ios/Il2CppOutputProject/IL2CPP/build/deploy_x86_64/Bee.Toolchain.VisionOS.dll
[2349/3221  0s] CopyFiles /Users/lucas-furini/repos/checkout/unity/builds/ios/Il2CppOutputProject/IL2CPP/build/deploy_x86_64/Bee.Toolchain.UWP.pdb
[2350/3221  0s] CopyFiles /Users/lucas-furini/repos/checkout/unity/builds/ios/Il2CppOutputProject/IL2CPP/build/deploy_x86_64/Bee.Toolchain.VisualStudio.dll
[2351/3221  0s] CopyFiles /Users/lucas-furini/repos/checkout/unity/builds/ios/Il2CppOutputProject/IL2CPP/build/deploy_x86_64/Bee.Toolchain.TvOS.pdb
[2352/3221  0s] CopyFiles /Users/lucas-furini/repos/checkout/unity/builds/ios/Il2CppOutputProject/IL2CPP/build/deploy_x86_64/System.Data.Common.dll
[2353/3221  0s] CopyFiles /Users/lucas-furini/repos/checkout/unity/builds/ios/Il2CppOutputProject/IL2CPP/build/deploy_x86_64/Bee.Toolchain.UWP.dll
[2354/3221  0s] CopyFiles /Users/lucas-furini/repos/checkout/unity/builds/ios/Il2CppOutputProject/IL2CPP/build/deploy_x86_64/Bee.Toolchain.MacOS.pdb
[2355/3221  0s] CopyFiles /Users/lucas-furini/repos/checkout/unity/builds/ios/Il2CppOutputProject/IL2CPP/build/deploy_x86_64/Bee.Toolchain.TvOS.dll
[2356/3221  0s] CopyFiles /Users/lucas-furini/repos/checkout/unity/builds/ios/Il2CppOutputProject/IL2CPP/build/deploy_x86_64/Bee.Toolchain.MacOS.dll
[2357/3221  0s] CopyFiles /Users/lucas-furini/repos/checkout/unity/builds/ios/Il2CppOutputProject/IL2CPP/build/deploy_x86_64/Bee.Toolchain.LLVM.pdb
[2358/3221  0s] CopyFiles /Users/lucas-furini/repos/checkout/unity/builds/ios/Il2CppOutputProject/IL2CPP/build/deploy_x86_64/Bee.Toolchain.Linux.pdb
[2359/3221  0s] CopyFiles /Users/lucas-furini/repos/checkout/unity/builds/ios/Il2CppOutputProject/IL2CPP/build/deploy_x86_64/Bee.Toolchain.IOS.pdb
[2360/3221  0s] CopyFiles /Users/lucas-furini/repos/checkout/unity/builds/ios/Il2CppOutputProject/IL2CPP/build/deploy_x86_64/Bee.Toolchain.LLVM.dll
[2361/3221  0s] CopyFiles /Users/lucas-furini/repos/checkout/unity/builds/ios/Il2CppOutputProject/IL2CPP/build/deploy_x86_64/Bee.Toolchain.GNU.pdb
[2362/3221  0s] CopyFiles /Users/lucas-furini/repos/checkout/unity/builds/ios/Il2CppOutputProject/IL2CPP/build/deploy_x86_64/Bee.Toolchain.IOS.dll
[2363/3221  0s] CopyFiles /Users/lucas-furini/repos/checkout/unity/builds/ios/Il2CppOutputProject/IL2CPP/build/deploy_x86_64/Bee.Toolchain.Linux.dll
[2364/3221  0s] CopyFiles /Users/lucas-furini/repos/checkout/unity/builds/ios/Il2CppOutputProject/IL2CPP/build/deploy_x86_64/Bee.Toolchain.Emscripten.pdb
[2365/3221  0s] CopyFiles /Users/lucas-furini/repos/checkout/unity/builds/ios/Il2CppOutputProject/IL2CPP/build/deploy_x86_64/Bee.Toolchain.EmbeddedLinux.pdb
[2366/3221  0s] CopyFiles /Users/lucas-furini/repos/checkout/unity/builds/ios/Il2CppOutputProject/IL2CPP/build/deploy_x86_64/Bee.Toolchain.GNU.dll
[2367/3221  0s] CopyFiles /Users/lucas-furini/repos/checkout/unity/builds/ios/Il2CppOutputProject/IL2CPP/build/deploy_x86_64/Bee.Toolchain.Android.pdb
[2368/3221  0s] CopyFiles /Users/lucas-furini/repos/checkout/unity/builds/ios/Il2CppOutputProject/IL2CPP/build/deploy_x86_64/Bee.TinyProfiler2.pdb
[2369/3221  0s] CopyFiles /Users/lucas-furini/repos/checkout/unity/builds/ios/Il2CppOutputProject/IL2CPP/build/deploy_x86_64/Bee.Toolchain.Emscripten.dll
[2370/3221  0s] CopyFiles /Users/lucas-furini/repos/checkout/unity/builds/ios/Il2CppOutputProject/IL2CPP/build/deploy_x86_64/Bee.Toolchain.EmbeddedLinux.dll
[2371/3221  0s] CopyFiles /Users/lucas-furini/repos/checkout/unity/builds/ios/Il2CppOutputProject/IL2CPP/build/deploy_x86_64/Bee.Telemetry.pdb
[2372/3221  0s] CopyFiles /Users/lucas-furini/repos/checkout/unity/builds/ios/Il2CppOutputProject/IL2CPP/build/deploy_x86_64/Bee.Telemetry.dll
[2373/3221  0s] CopyFiles /Users/lucas-furini/repos/checkout/unity/builds/ios/Il2CppOutputProject/IL2CPP/build/deploy_x86_64/Bee.TinyProfiler2.dll
[2374/3221  0s] CopyFiles /Users/lucas-furini/repos/checkout/unity/builds/ios/Il2CppOutputProject/IL2CPP/build/deploy_x86_64/Bee.Toolchain.Android.dll
[2375/3221  0s] CopyFiles /Users/lucas-furini/repos/checkout/unity/builds/ios/Il2CppOutputProject/IL2CPP/build/deploy_x86_64/Bee.Stevedore.Program.pdb
[2376/3221  0s] CopyFiles /Users/lucas-furini/repos/checkout/unity/builds/ios/Il2CppOutputProject/IL2CPP/build/deploy_x86_64/Bee.NativeProgramSupport.pdb
[2377/3221  0s] CopyFiles /Users/lucas-furini/repos/checkout/unity/builds/ios/Il2CppOutputProject/IL2CPP/build/deploy_x86_64/Bee.Core.pdb
[2378/3221  0s] CopyFiles /Users/lucas-furini/repos/checkout/unity/builds/ios/Il2CppOutputProject/IL2CPP/build/deploy_x86_64/Bee.BuildGraph.pdb
[2379/3221  0s] CopyFiles /Users/lucas-furini/repos/checkout/unity/builds/ios/Il2CppOutputProject/IL2CPP/build/deploy_x86_64/Bee.Core.dll
[2380/3221  0s] CopyFiles /Users/lucas-furini/repos/checkout/unity/builds/ios/Il2CppOutputProject/IL2CPP/build/deploy_x86_64/Bee.NativeProgramSupport.dll
[2381/3221  0s] CopyFiles /Users/lucas-furini/repos/checkout/unity/builds/ios/Il2CppOutputProject/IL2CPP/build/deploy_x86_64/Bee.BuildGraph.dll
[2382/3221  0s] CopyFiles /Users/lucas-furini/repos/checkout/unity/builds/ios/Il2CppOutputProject/IL2CPP/build/deploy_x86_64/Bee.BinLog.pdb
[2383/3221  0s] CopyFiles /Users/lucas-furini/repos/checkout/unity/builds/ios/Il2CppOutputProject/IL2CPP/build/deploy_x86_64/Bee.BinLog.xml
[2384/3221  0s] CopyFiles /Users/lucas-furini/repos/checkout/unity/builds/ios/Il2CppOutputProject/IL2CPP/build/deploy_x86_64/Bee.Stevedore.Program.dll
[2385/3221  0s] CopyFiles /Users/lucas-furini/repos/checkout/unity/builds/ios/Il2CppOutputProject/IL2CPP/build/deploy_x86_64/Bee.BinLog.dll
[2386/3221  0s] CopyFiles /Users/lucas-furini/repos/checkout/unity/builds/ios/Il2CppOutputProject/IL2CPP/build/deploy_x86_64/Analytics.runtimeconfig.json
[2387/3221  0s] CopyFiles /Users/lucas-furini/repos/checkout/unity/builds/ios/Il2CppOutputProject/IL2CPP/build/deploy_x86_64/Bee.BeeDriver2.pdb
[2388/3221  0s] CopyFiles /Users/lucas-furini/repos/checkout/unity/builds/ios/Il2CppOutputProject/IL2CPP/build/deploy_x86_64/Analytics.pdb
[2389/3221  0s] CopyFiles /Users/lucas-furini/repos/checkout/unity/builds/ios/Il2CppOutputProject/IL2CPP/build/deploy_x86_64/Analytics.deps.json
[2390/3221  0s] CopyFiles /Users/lucas-furini/repos/checkout/unity/builds/ios/Il2CppOutputProject/IL2CPP/build/deploy_x86_64/Analytics.Api.Output.xml
[2391/3221  0s] CopyFiles /Users/lucas-furini/repos/checkout/unity/builds/ios/Il2CppOutputProject/IL2CPP/build/deploy_x86_64/Analytics.dll
[2392/3221  0s] CopyFiles /Users/lucas-furini/repos/checkout/unity/builds/ios/Il2CppOutputProject/IL2CPP/build/deploy_x86_64/Analytics
[2393/3221  0s] CopyFiles /Users/lucas-furini/repos/checkout/unity/builds/ios/Il2CppOutputProject/IL2CPP/build/deploy_x86_64/Analytics.Api.Output.pdb
[2394/3221  0s] CopyFiles /Users/lucas-furini/repos/checkout/unity/builds/ios/Il2CppOutputProject/IL2CPP/build/deploy_arm64/UnityLinkerOld.runtimeconfig.json
[2395/3221  0s] CopyFiles /Users/lucas-furini/repos/checkout/unity/builds/ios/Il2CppOutputProject/IL2CPP/build/deploy_x86_64/Analytics.Api.Output.dll
[2396/3221  0s] CopyFiles /Users/lucas-furini/repos/checkout/unity/builds/ios/Il2CppOutputProject/IL2CPP/build/deploy_x86_64/Bee.BeeDriver2.dll
[2397/3221  0s] CopyFiles /Users/lucas-furini/repos/checkout/unity/builds/ios/Il2CppOutputProject/IL2CPP/build/deploy_arm64/WindowsBase.dll
[2398/3221  0s] CopyFiles /Users/lucas-furini/repos/checkout/unity/builds/ios/Il2CppOutputProject/IL2CPP/build/deploy_arm64/UnityLinkerOld
[2399/3221  0s] CopyFiles /Users/lucas-furini/repos/checkout/unity/builds/ios/Il2CppOutputProject/IL2CPP/build/deploy_arm64/UnityLinkerOld.pdb
[2400/3221  0s] CopyFiles /Users/lucas-furini/repos/checkout/unity/builds/ios/Il2CppOutputProject/IL2CPP/build/deploy_arm64/UnityLinker.runtimeconfig.json
[2401/3221  0s] CopyFiles /Users/lucas-furini/repos/checkout/unity/builds/ios/Il2CppOutputProject/IL2CPP/build/deploy_arm64/UnityLinkerOld.deps.json
[2402/3221  0s] CopyFiles /Users/lucas-furini/repos/checkout/unity/builds/ios/Il2CppOutputProject/IL2CPP/build/deploy_arm64/UnityLinker.pdb
[2403/3221  0s] CopyFiles /Users/lucas-furini/repos/checkout/unity/builds/ios/Il2CppOutputProject/IL2CPP/build/deploy_arm64/UnityLinker
[2404/3221  0s] CopyFiles /Users/lucas-furini/repos/checkout/unity/builds/ios/Il2CppOutputProject/IL2CPP/build/deploy_arm64/Unity.TinyProfiler.pdb
[2405/3221  0s] CopyFiles /Users/lucas-furini/repos/checkout/unity/builds/ios/Il2CppOutputProject/IL2CPP/build/deploy_arm64/UnityLinker.deps.json
[2406/3221  0s] CopyFiles /Users/lucas-furini/repos/checkout/unity/builds/ios/Il2CppOutputProject/IL2CPP/build/deploy_arm64/Unity.Options.pdb
[2407/3221  0s] CopyFiles /Users/lucas-furini/repos/checkout/unity/builds/ios/Il2CppOutputProject/IL2CPP/build/deploy_arm64/Unity.TinyProfiler.dll
[2408/3221  0s] CopyFiles /Users/lucas-furini/repos/checkout/unity/builds/ios/Il2CppOutputProject/IL2CPP/build/deploy_arm64/Unity.Options.dll
[2409/3221  0s] CopyFiles /Users/lucas-furini/repos/checkout/unity/builds/ios/Il2CppOutputProject/IL2CPP/build/deploy_arm64/Unity.Linker.Api.pdb
[2410/3221  0s] CopyFiles /Users/lucas-furini/repos/checkout/unity/builds/ios/Il2CppOutputProject/IL2CPP/build/deploy_arm64/UnityLinkerOld.dll
[2411/3221  0s] CopyFiles /Users/lucas-furini/repos/checkout/unity/builds/ios/Il2CppOutputProject/IL2CPP/build/deploy_arm64/Unity.Linker.Api.Output.pdb
[2412/3221  0s] CopyFiles /Users/lucas-furini/repos/checkout/unity/builds/ios/Il2CppOutputProject/IL2CPP/build/deploy_arm64/Unity.Linker.Api.Output.xml
[2413/3221  0s] CopyFiles /Users/lucas-furini/repos/checkout/unity/builds/ios/Il2CppOutputProject/IL2CPP/build/deploy_arm64/Unity.Linker.Api.Output.dll
[2414/3221  0s] CopyFiles /Users/lucas-furini/repos/checkout/unity/builds/ios/Il2CppOutputProject/IL2CPP/build/deploy_arm64/UnityLinker.dll
[2415/3221  0s] CopyFiles /Users/lucas-furini/repos/checkout/unity/builds/ios/Il2CppOutputProject/IL2CPP/build/deploy_arm64/Unity.Linker.Api.dll
[2416/3221  0s] CopyFiles /Users/lucas-furini/repos/checkout/unity/builds/ios/Il2CppOutputProject/IL2CPP/build/deploy_arm64/Unity.IL2CPP.Shell.pdb
[2417/3221  0s] CopyFiles /Users/lucas-furini/repos/checkout/unity/builds/ios/Il2CppOutputProject/IL2CPP/build/deploy_arm64/Unity.IL2CPP.pdb
[2418/3221  0s] CopyFiles /Users/lucas-furini/repos/checkout/unity/builds/ios/Il2CppOutputProject/IL2CPP/build/deploy_arm64/Unity.IL2CPP.InternalizedMapping.pdb
[2419/3221  0s] CopyFiles /Users/lucas-furini/repos/checkout/unity/builds/ios/Il2CppOutputProject/IL2CPP/build/deploy_arm64/Unity.IL2CPP.Shell.dll
[2420/3221  0s] CopyFiles /Users/lucas-furini/repos/checkout/unity/builds/ios/Il2CppOutputProject/IL2CPP/build/deploy_arm64/Unity.IL2CPP.DataModel.dll
[2421/3221  0s] CopyFiles /Users/lucas-furini/repos/checkout/unity/builds/ios/Il2CppOutputProject/IL2CPP/build/deploy_arm64/Unity.IL2CPP.DataModel.pdb
[2422/3221  0s] CopyFiles /Users/lucas-furini/repos/checkout/unity/builds/ios/Il2CppOutputProject/IL2CPP/build/deploy_arm64/Unity.IL2CPP.CompilerServices.dll
[2423/3221  0s] CopyFiles /Users/lucas-furini/repos/checkout/unity/builds/ios/Il2CppOutputProject/IL2CPP/build/deploy_arm64/Unity.IL2CPP.InternalizedMapping.dll
[2424/3221  0s] CopyFiles /Users/lucas-furini/repos/checkout/unity/builds/ios/Il2CppOutputProject/IL2CPP/build/deploy_arm64/Unity.IL2CPP.CompilerServices.pdb
[2425/3221  0s] CopyFiles /Users/lucas-furini/repos/checkout/unity/builds/ios/Il2CppOutputProject/IL2CPP/build/deploy_arm64/Unity.IL2CPP.Compile.pdb
[2426/3221  0s] CopyFiles /Users/lucas-furini/repos/checkout/unity/builds/ios/Il2CppOutputProject/IL2CPP/build/deploy_arm64/Unity.IL2CPP.Common35.pdb
[2427/3221  0s] CopyFiles /Users/lucas-furini/repos/checkout/unity/builds/ios/Il2CppOutputProject/IL2CPP/build/deploy_arm64/Unity.IL2CPP.Compile.dll
[2428/3221  0s] CopyFiles /Users/lucas-furini/repos/checkout/unity/builds/ios/Il2CppOutputProject/IL2CPP/build/deploy_arm64/Unity.IL2CPP.Common.pdb
[2429/3221  0s] CopyFiles /Users/lucas-furini/repos/checkout/unity/builds/ios/Il2CppOutputProject/IL2CPP/build/deploy_arm64/Unity.IL2CPP.Bee.IL2CPPExeCompileCppBuildProgram.pdb
[2430/3221  0s] CopyFiles /Users/lucas-furini/repos/checkout/unity/builds/ios/Il2CppOutputProject/IL2CPP/build/deploy_arm64/Unity.IL2CPP.Common35.dll
[2431/3221  0s] CopyFiles /Users/lucas-furini/repos/checkout/unity/builds/ios/Il2CppOutputProject/IL2CPP/build/deploy_arm64/Unity.IL2CPP.Bee.IL2CPPExeCompileCppBuildProgram.dll
[2432/3221  0s] CopyFiles /Users/lucas-furini/repos/checkout/unity/builds/ios/Il2CppOutputProject/IL2CPP/build/deploy_arm64/Unity.IL2CPP.Bee.IL2CPPExeCompileCppBuildProgram.Data.dll
[2433/3221  0s] CopyFiles /Users/lucas-furini/repos/checkout/unity/builds/ios/Il2CppOutputProject/IL2CPP/build/deploy_arm64/Unity.IL2CPP.Bee.IL2CPPExeCompileCppBuildProgram.Data.pdb
[2434/3221  0s] CopyFiles /Users/lucas-furini/repos/checkout/unity/builds/ios/Il2CppOutputProject/IL2CPP/build/deploy_arm64/Unity.IL2CPP.Bee.BuildLogic.WindowsDesktop.dll
[2435/3221  0s] CopyFiles /Users/lucas-furini/repos/checkout/unity/builds/ios/Il2CppOutputProject/IL2CPP/build/deploy_arm64/Unity.IL2CPP.Bee.BuildLogic.WindowsDesktop.pdb
[2436/3221  0s] CopyFiles /Users/lucas-furini/repos/checkout/unity/builds/ios/Il2CppOutputProject/IL2CPP/build/deploy_arm64/Unity.IL2CPP.Bee.BuildLogic.WebGL.dll
[2437/3221  0s] CopyFiles /Users/lucas-furini/repos/checkout/unity/builds/ios/Il2CppOutputProject/IL2CPP/build/deploy_arm64/Unity.IL2CPP.Bee.BuildLogic.WebGL.pdb
[2438/3221  0s] CopyFiles /Users/lucas-furini/repos/checkout/unity/builds/ios/Il2CppOutputProject/IL2CPP/build/deploy_arm64/Unity.IL2CPP.Common.dll
[2439/3221  0s] CopyFiles /Users/lucas-furini/repos/checkout/unity/builds/ios/Il2CppOutputProject/IL2CPP/build/deploy_arm64/Unity.IL2CPP.Bee.BuildLogic.VisionOS.dll
[2440/3221  0s] CopyFiles /Users/lucas-furini/repos/checkout/unity/builds/ios/Il2CppOutputProject/IL2CPP/build/deploy_arm64/Unity.IL2CPP.Bee.BuildLogic.UniversalWindows.dll
[2441/3221  0s] CopyFiles /Users/lucas-furini/repos/checkout/unity/builds/ios/Il2CppOutputProject/IL2CPP/build/deploy_arm64/Unity.IL2CPP.Bee.BuildLogic.VisionOS.pdb
[2442/3221  0s] CopyFiles /Users/lucas-furini/repos/checkout/unity/builds/ios/Il2CppOutputProject/IL2CPP/build/deploy_arm64/Unity.IL2CPP.Bee.BuildLogic.UniversalWindows.pdb
[2443/3221  0s] CopyFiles /Users/lucas-furini/repos/checkout/unity/builds/ios/Il2CppOutputProject/IL2CPP/build/deploy_arm64/Unity.IL2CPP.Bee.BuildLogic.MacOSX.dll
[2444/3221  0s] CopyFiles /Users/lucas-furini/repos/checkout/unity/builds/ios/Il2CppOutputProject/IL2CPP/build/deploy_arm64/Unity.IL2CPP.Bee.BuildLogic.pdb
[2445/3221  0s] CopyFiles /Users/lucas-furini/repos/checkout/unity/builds/ios/Il2CppOutputProject/IL2CPP/build/deploy_arm64/Unity.IL2CPP.Bee.BuildLogic.MacOSX.pdb
[2446/3221  0s] CopyFiles /Users/lucas-furini/repos/checkout/unity/builds/ios/Il2CppOutputProject/IL2CPP/build/deploy_arm64/Unity.IL2CPP.Bee.BuildLogic.Linux.dll
[2447/3221  0s] CopyFiles /Users/lucas-furini/repos/checkout/unity/builds/ios/Il2CppOutputProject/IL2CPP/build/deploy_arm64/Unity.IL2CPP.Bee.BuildLogic.Linux.pdb
[2448/3221  0s] CopyFiles /Users/lucas-furini/repos/checkout/unity/builds/ios/Il2CppOutputProject/IL2CPP/build/deploy_arm64/Unity.IL2CPP.Bee.BuildLogic.iOS.dll
[2449/3221  0s] CopyFiles /Users/lucas-furini/repos/checkout/unity/builds/ios/Il2CppOutputProject/IL2CPP/build/deploy_arm64/Unity.IL2CPP.Bee.BuildLogic.iOS.pdb
[2450/3221  0s] CopyFiles /Users/lucas-furini/repos/checkout/unity/builds/ios/Il2CppOutputProject/IL2CPP/build/deploy_arm64/Unity.IL2CPP.Bee.BuildLogic.EmbeddedLinux.dll
[2451/3221  0s] CopyFiles /Users/lucas-furini/repos/checkout/unity/builds/ios/Il2CppOutputProject/IL2CPP/build/deploy_arm64/Unity.IL2CPP.Bee.BuildLogic.dll
[2452/3221  0s] CopyFiles /Users/lucas-furini/repos/checkout/unity/builds/ios/Il2CppOutputProject/IL2CPP/build/deploy_arm64/Unity.IL2CPP.Bee.BuildLogic.EmbeddedLinux.pdb
[2453/3221  0s] CopyFiles /Users/lucas-furini/repos/checkout/unity/builds/ios/Il2CppOutputProject/IL2CPP/build/deploy_arm64/Unity.IL2CPP.Bee.BuildLogic.AppleTV.dll
[2454/3221  0s] CopyFiles /Users/lucas-furini/repos/checkout/unity/builds/ios/Il2CppOutputProject/IL2CPP/build/deploy_arm64/Unity.IL2CPP.Bee.BuildLogic.AppleTV.pdb
[2455/3221  0s] CopyFiles /Users/lucas-furini/repos/checkout/unity/builds/ios/Il2CppOutputProject/IL2CPP/build/deploy_arm64/Unity.IL2CPP.Bee.BuildLogic.Android.dll
[2456/3221  0s] CopyFiles /Users/lucas-furini/repos/checkout/unity/builds/ios/Il2CppOutputProject/IL2CPP/build/deploy_arm64/Unity.IL2CPP.Bee.BuildLogic.Android.pdb
[2457/3221  0s] CopyFiles /Users/lucas-furini/repos/checkout/unity/builds/ios/Il2CppOutputProject/IL2CPP/build/deploy_arm64/Unity.IL2CPP.Api.pdb
[2458/3221  0s] CopyFiles /Users/lucas-furini/repos/checkout/unity/builds/ios/Il2CppOutputProject/IL2CPP/build/deploy_arm64/Unity.IL2CPP.Api.Output.xml
[2459/3221  0s] CopyFiles /Users/lucas-furini/repos/checkout/unity/builds/ios/Il2CppOutputProject/IL2CPP/build/deploy_arm64/Unity.IL2CPP.Api.Output.pdb
[2460/3221  0s] CopyFiles /Users/lucas-furini/repos/checkout/unity/builds/ios/Il2CppOutputProject/IL2CPP/build/deploy_arm64/Unity.IL2CPP.Api.dll
[2461/3221  0s] CopyFiles /Users/lucas-furini/repos/checkout/unity/builds/ios/Il2CppOutputProject/IL2CPP/build/deploy_arm64/Unity.IL2CPP.Api.Output.dll
[2462/3221  0s] CopyFiles /Users/lucas-furini/repos/checkout/unity/builds/ios/Il2CppOutputProject/IL2CPP/build/deploy_arm64/Unity.Cecil.Visitor.pdb
[2463/3221  0s] CopyFiles /Users/lucas-furini/repos/checkout/unity/builds/ios/Il2CppOutputProject/IL2CPP/build/deploy_arm64/Unity.Cecil.Awesome.pdb
[2464/3221  0s] CopyFiles /Users/lucas-furini/repos/checkout/unity/builds/ios/Il2CppOutputProject/IL2CPP/build/deploy_arm64/Unity.Cecil.Visitor.dll
[2465/3221  0s] CopyFiles /Users/lucas-furini/repos/checkout/unity/builds/ios/Il2CppOutputProject/IL2CPP/build/deploy_arm64/Unity.Api.Attributes.dll
[2466/3221  0s] CopyFiles /Users/lucas-furini/repos/checkout/unity/builds/ios/Il2CppOutputProject/IL2CPP/build/deploy_arm64/Unity.Api.Attributes.pdb
[2467/3221  0s] CopyFiles /Users/lucas-furini/repos/checkout/unity/builds/ios/Il2CppOutputProject/IL2CPP/build/deploy_arm64/System.Xml.XPath.dll
[2468/3221  0s] CopyFiles /Users/lucas-furini/repos/checkout/unity/builds/ios/Il2CppOutputProject/IL2CPP/build/deploy_arm64/Unity.Cecil.Awesome.dll
[2469/3221  0s] CopyFiles /Users/lucas-furini/repos/checkout/unity/builds/ios/Il2CppOutputProject/IL2CPP/build/deploy_arm64/System.Xml.XmlSerializer.dll
[2470/3221  0s] CopyFiles /Users/lucas-furini/repos/checkout/unity/builds/ios/Il2CppOutputProject/IL2CPP/build/deploy_arm64/System.Xml.XmlDocument.dll
[2471/3221  0s] CopyFiles /Users/lucas-furini/repos/checkout/unity/builds/ios/Il2CppOutputProject/IL2CPP/build/deploy_arm64/System.Xml.Serialization.dll
[2472/3221  0s] CopyFiles /Users/lucas-furini/repos/checkout/unity/builds/ios/Il2CppOutputProject/IL2CPP/build/deploy_arm64/System.Xml.XDocument.dll
[2473/3221  0s] CopyFiles /Users/lucas-furini/repos/checkout/unity/builds/ios/Il2CppOutputProject/IL2CPP/build/deploy_arm64/Unity.IL2CPP.dll
[2474/3221  0s] CopyFiles /Users/lucas-furini/repos/checkout/unity/builds/ios/Il2CppOutputProject/IL2CPP/build/deploy_arm64/System.Xml.Linq.dll
[2475/3221  0s] CopyFiles /Users/lucas-furini/repos/checkout/unity/builds/ios/Il2CppOutputProject/IL2CPP/build/deploy_arm64/System.Xml.ReaderWriter.dll
[2476/3221  0s] CopyFiles /Users/lucas-furini/repos/checkout/unity/builds/ios/Il2CppOutputProject/IL2CPP/build/deploy_arm64/System.Xml.dll
[2477/3221  0s] CopyFiles /Users/lucas-furini/repos/checkout/unity/builds/ios/Il2CppOutputProject/IL2CPP/build/deploy_arm64/System.Windows.dll
[2478/3221  0s] CopyFiles /Users/lucas-furini/repos/checkout/unity/builds/ios/Il2CppOutputProject/IL2CPP/build/deploy_arm64/System.Web.dll
[2479/3221  0s] CopyFiles /Users/lucas-furini/repos/checkout/unity/builds/ios/Il2CppOutputProject/IL2CPP/build/deploy_arm64/System.ValueTuple.dll
[2480/3221  0s] CopyFiles /Users/lucas-furini/repos/checkout/unity/builds/ios/Il2CppOutputProject/IL2CPP/build/deploy_arm64/System.Xml.XPath.XDocument.dll
[2481/3221  0s] CopyFiles /Users/lucas-furini/repos/checkout/unity/builds/ios/Il2CppOutputProject/IL2CPP/build/deploy_arm64/System.Transactions.dll
[2482/3221  0s] CopyFiles /Users/lucas-furini/repos/checkout/unity/builds/ios/Il2CppOutputProject/IL2CPP/build/deploy_arm64/System.Threading.Timer.dll
[2483/3221  0s] CopyFiles /Users/lucas-furini/repos/checkout/unity/builds/ios/Il2CppOutputProject/IL2CPP/build/deploy_arm64/System.Threading.ThreadPool.dll
[2484/3221  0s] CopyFiles /Users/lucas-furini/repos/checkout/unity/builds/ios/Il2CppOutputProject/IL2CPP/build/deploy_arm64/System.Threading.Thread.dll
[2485/3221  0s] CopyFiles /Users/lucas-furini/repos/checkout/unity/builds/ios/Il2CppOutputProject/IL2CPP/build/deploy_arm64/System.Threading.Tasks.Extensions.dll
[2486/3221  0s] CopyFiles /Users/lucas-furini/repos/checkout/unity/builds/ios/Il2CppOutputProject/IL2CPP/build/deploy_arm64/System.Threading.Tasks.dll
[2487/3221  0s] CopyFiles /Users/lucas-furini/repos/checkout/unity/builds/ios/Il2CppOutputProject/IL2CPP/build/deploy_arm64/System.Web.HttpUtility.dll
[2488/3221  0s] CopyFiles /Users/lucas-furini/repos/checkout/unity/builds/ios/Il2CppOutputProject/IL2CPP/build/deploy_arm64/System.Threading.Overlapped.dll
[2489/3221  0s] CopyFiles /Users/lucas-furini/repos/checkout/unity/builds/ios/Il2CppOutputProject/IL2CPP/build/deploy_arm64/System.Transactions.Local.dll
[2490/3221  0s] CopyFiles /Users/lucas-furini/repos/checkout/unity/builds/ios/Il2CppOutputProject/IL2CPP/build/deploy_arm64/System.Threading.Tasks.Parallel.dll
[2491/3221  0s] CopyFiles /Users/lucas-furini/repos/checkout/unity/builds/ios/Il2CppOutputProject/IL2CPP/build/deploy_arm64/System.Threading.dll
[2492/3221  0s] CopyFiles /Users/lucas-furini/repos/checkout/unity/builds/ios/Il2CppOutputProject/IL2CPP/build/deploy_arm64/System.Threading.Channels.dll
[2493/3221  0s] CopyFiles /Users/lucas-furini/repos/checkout/unity/builds/ios/Il2CppOutputProject/IL2CPP/build/deploy_arm64/System.Text.Encodings.Web.dll
[2494/3221  0s] CopyFiles /Users/lucas-furini/repos/checkout/unity/builds/ios/Il2CppOutputProject/IL2CPP/build/deploy_arm64/System.Text.Encoding.Extensions.dll
[2495/3221  0s] CopyFiles /Users/lucas-furini/repos/checkout/unity/builds/ios/Il2CppOutputProject/IL2CPP/build/deploy_arm64/System.Text.Encoding.dll
[2496/3221  0s] CopyFiles /Users/lucas-furini/repos/checkout/unity/builds/ios/Il2CppOutputProject/IL2CPP/build/deploy_arm64/System.Text.Encoding.CodePages.dll
[2497/3221  0s] CopyFiles /Users/lucas-furini/repos/checkout/unity/builds/ios/Il2CppOutputProject/IL2CPP/build/deploy_arm64/System.ServiceProcess.dll
[2498/3221  0s] CopyFiles /Users/lucas-furini/repos/checkout/unity/builds/ios/Il2CppOutputProject/IL2CPP/build/deploy_arm64/System.ServiceModel.Web.dll
[2499/3221  0s] CopyFiles /Users/lucas-furini/repos/checkout/unity/builds/ios/Il2CppOutputProject/IL2CPP/build/deploy_arm64/System.Security.SecureString.dll
[2500/3221  0s] CopyFiles /Users/lucas-furini/repos/checkout/unity/builds/ios/Il2CppOutputProject/IL2CPP/build/deploy_arm64/System.Security.Principal.Windows.dll
[2501/3221  0s] CopyFiles /Users/lucas-furini/repos/checkout/unity/builds/ios/Il2CppOutputProject/IL2CPP/build/deploy_arm64/System.Security.Principal.dll
[2502/3221  0s] CopyFiles /Users/lucas-furini/repos/checkout/unity/builds/ios/Il2CppOutputProject/IL2CPP/build/deploy_arm64/System.Security.dll
[2503/3221  0s] CopyFiles /Users/lucas-furini/repos/checkout/unity/builds/ios/Il2CppOutputProject/IL2CPP/build/deploy_arm64/System.Security.Cryptography.X509Certificates.dll
[2504/3221  0s] CopyFiles /Users/lucas-furini/repos/checkout/unity/builds/ios/Il2CppOutputProject/IL2CPP/build/deploy_arm64/System.Security.Cryptography.Primitives.dll
[2505/3221  0s] CopyFiles /Users/lucas-furini/repos/checkout/unity/builds/ios/Il2CppOutputProject/IL2CPP/build/deploy_arm64/System.Security.Cryptography.OpenSsl.dll
[2506/3221  0s] CopyFiles /Users/lucas-furini/repos/checkout/unity/builds/ios/Il2CppOutputProject/IL2CPP/build/deploy_arm64/System.Security.Cryptography.Encoding.dll
[2507/3221 557s] CopyFiles /Users/lucas-furini/repos/checkout/unity/builds/ios/Il2CppOutputProject/IL2CPP/external/baselib/Include/C/Baselib_Timer.h
[2508/3221 557s] CopyFiles /Users/lucas-furini/repos/checkout/unity/builds/ios/Il2CppOutputProject/IL2CPP/external/baselib/Include/C/Baselib_SystemSemaphore.h
[2509/3221 557s] CopyFiles /Users/lucas-furini/repos/checkout/unity/builds/ios/Il2CppOutputProject/IL2CPP/external/baselib/Include/C/Baselib_Thread.h
[2510/3221 557s] CopyFiles /Users/lucas-furini/repos/checkout/unity/builds/ios/Il2CppOutputProject/IL2CPP/external/baselib/Include/C/Baselib_WakeupFallbackStrategy.h
[2511/3221  0s] CopyFiles /Users/lucas-furini/repos/checkout/unity/builds/ios/Il2CppOutputProject/IL2CPP/build/deploy_arm64/System.Security.Cryptography.Csp.dll
[2512/3221  0s] CopyFiles /Users/lucas-furini/repos/checkout/unity/builds/ios/Il2CppOutputProject/IL2CPP/build/deploy_arm64/System.Security.Cryptography.Algorithms.dll
[2513/3221  0s] CopyFiles /Users/lucas-furini/repos/checkout/unity/builds/ios/Il2CppOutputProject/IL2CPP/build/deploy_arm64/System.Security.Cryptography.Cng.dll
[2514/3221  0s] CopyFiles /Users/lucas-furini/repos/checkout/unity/builds/ios/Il2CppOutputProject/IL2CPP/build/deploy_arm64/System.Security.Claims.dll
[2515/3221  0s] CopyFiles /Users/lucas-furini/repos/checkout/unity/builds/ios/Il2CppOutputProject/IL2CPP/build/deploy_arm64/System.Runtime.Serialization.Xml.dll
[2516/3221  0s] CopyFiles /Users/lucas-furini/repos/checkout/unity/builds/ios/Il2CppOutputProject/IL2CPP/build/deploy_arm64/System.Runtime.Serialization.Primitives.dll
[2517/3221  0s] CopyFiles /Users/lucas-furini/repos/checkout/unity/builds/ios/Il2CppOutputProject/IL2CPP/build/deploy_arm64/System.Security.AccessControl.dll
[2518/3221  0s] CopyFiles /Users/lucas-furini/repos/checkout/unity/builds/ios/Il2CppOutputProject/IL2CPP/build/deploy_arm64/System.Runtime.Serialization.Json.dll
[2519/3221  0s] CopyFiles /Users/lucas-furini/repos/checkout/unity/builds/ios/Il2CppOutputProject/IL2CPP/build/deploy_arm64/System.Runtime.Serialization.dll
[2520/3221  0s] CopyFiles /Users/lucas-furini/repos/checkout/unity/builds/ios/Il2CppOutputProject/IL2CPP/build/deploy_arm64/System.Runtime.Serialization.Formatters.dll
[2521/3221  0s] CopyFiles /Users/lucas-furini/repos/checkout/unity/builds/ios/Il2CppOutputProject/IL2CPP/build/deploy_arm64/System.Runtime.Loader.dll
[2522/3221  0s] CopyFiles /Users/lucas-furini/repos/checkout/unity/builds/ios/Il2CppOutputProject/IL2CPP/build/deploy_arm64/System.Runtime.Numerics.dll
[2523/3221  0s] CopyFiles /Users/lucas-furini/repos/checkout/unity/builds/ios/Il2CppOutputProject/IL2CPP/build/deploy_arm64/System.Runtime.InteropServices.RuntimeInformation.dll
[2524/3221  0s] CopyFiles /Users/lucas-furini/repos/checkout/unity/builds/ios/Il2CppOutputProject/IL2CPP/build/deploy_arm64/System.Runtime.Intrinsics.dll
[2525/3221  0s] CopyFiles /Users/lucas-furini/repos/checkout/unity/builds/ios/Il2CppOutputProject/IL2CPP/build/deploy_arm64/System.Runtime.InteropServices.JavaScript.dll
[2526/3221  0s] CopyFiles /Users/lucas-furini/repos/checkout/unity/builds/ios/Il2CppOutputProject/IL2CPP/build/deploy_arm64/System.Runtime.Extensions.dll
[2527/3221  0s] CopyFiles /Users/lucas-furini/repos/checkout/unity/builds/ios/Il2CppOutputProject/IL2CPP/build/deploy_arm64/System.Runtime.Handles.dll
[2528/3221  0s] CopyFiles /Users/lucas-furini/repos/checkout/unity/builds/ios/Il2CppOutputProject/IL2CPP/build/deploy_arm64/System.Runtime.InteropServices.dll
[2529/3221  0s] CopyFiles /Users/lucas-furini/repos/checkout/unity/builds/ios/Il2CppOutputProject/IL2CPP/build/deploy_arm64/System.Runtime.dll
[2530/3221  0s] CopyFiles /Users/lucas-furini/repos/checkout/unity/builds/ios/Il2CppOutputProject/IL2CPP/build/deploy_arm64/System.Runtime.CompilerServices.Unsafe.dll
[2531/3221  0s] CopyFiles /Users/lucas-furini/repos/checkout/unity/builds/ios/Il2CppOutputProject/IL2CPP/build/deploy_arm64/System.Runtime.CompilerServices.VisualC.dll
[2532/3221  0s] CopyFiles /Users/lucas-furini/repos/checkout/unity/builds/ios/Il2CppOutputProject/IL2CPP/build/deploy_arm64/System.Resources.Writer.dll
[2533/3221  0s] CopyFiles /Users/lucas-furini/repos/checkout/unity/builds/ios/Il2CppOutputProject/IL2CPP/build/deploy_arm64/System.Resources.ResourceManager.dll
[2534/3221  0s] CopyFiles /Users/lucas-furini/repos/checkout/unity/builds/ios/Il2CppOutputProject/IL2CPP/build/deploy_arm64/System.Resources.Reader.dll
[2535/3221  0s] CopyFiles /Users/lucas-furini/repos/checkout/unity/builds/ios/Il2CppOutputProject/IL2CPP/build/deploy_arm64/System.Reflection.Primitives.dll
[2536/3221  0s] CopyFiles /Users/lucas-furini/repos/checkout/unity/builds/ios/Il2CppOutputProject/IL2CPP/build/deploy_arm64/System.Reflection.TypeExtensions.dll
[2537/3221  0s] CopyFiles /Users/lucas-furini/repos/checkout/unity/builds/ios/Il2CppOutputProject/IL2CPP/build/deploy_arm64/System.Reflection.Extensions.dll
[2538/3221  0s] CopyFiles /Users/lucas-furini/repos/checkout/unity/builds/ios/Il2CppOutputProject/IL2CPP/build/deploy_arm64/System.Reflection.Metadata.dll
[2539/3221  0s] CopyFiles /Users/lucas-furini/repos/checkout/unity/builds/ios/Il2CppOutputProject/IL2CPP/build/deploy_arm64/System.Reflection.Emit.ILGeneration.dll
[2540/3221  0s] CopyFiles /Users/lucas-furini/repos/checkout/unity/builds/ios/Il2CppOutputProject/IL2CPP/build/deploy_arm64/System.Reflection.Emit.Lightweight.dll
[2541/3221  0s] CopyFiles /Users/lucas-furini/repos/checkout/unity/builds/ios/Il2CppOutputProject/IL2CPP/build/deploy_arm64/System.Reflection.dll
[2542/3221  0s] CopyFiles /Users/lucas-furini/repos/checkout/unity/builds/ios/Il2CppOutputProject/IL2CPP/build/deploy_arm64/System.Reflection.Emit.dll
[2543/3221  0s] CopyFiles /Users/lucas-furini/repos/checkout/unity/builds/ios/Il2CppOutputProject/IL2CPP/build/deploy_arm64/System.Reflection.DispatchProxy.dll
[2544/3221  0s] CopyFiles /Users/lucas-furini/repos/checkout/unity/builds/ios/Il2CppOutputProject/IL2CPP/build/deploy_arm64/System.Private.Xml.Linq.dll
[2545/3221  0s] CopyFiles /Users/lucas-furini/repos/checkout/unity/builds/ios/Il2CppOutputProject/IL2CPP/build/deploy_arm64/System.Private.Uri.dll
[2546/3221  0s] CopyFiles /Users/lucas-furini/repos/checkout/unity/builds/ios/Il2CppOutputProject/IL2CPP/build/deploy_arm64/System.Private.Xml.dll
[2547/3221  0s] CopyFiles /Users/lucas-furini/repos/checkout/unity/builds/ios/Il2CppOutputProject/IL2CPP/build/deploy_arm64/System.Private.DataContractSerialization.dll
[2548/3221  0s] CopyFiles /Users/lucas-furini/repos/checkout/unity/builds/ios/Il2CppOutputProject/IL2CPP/build/deploy_arm64/System.ObjectModel.dll
[2549/3221  0s] CopyFiles /Users/lucas-furini/repos/checkout/unity/builds/ios/Il2CppOutputProject/IL2CPP/build/deploy_arm64/System.Numerics.Vectors.dll
[2550/3221  0s] CopyFiles /Users/lucas-furini/repos/checkout/unity/builds/ios/Il2CppOutputProject/IL2CPP/build/deploy_arm64/System.Numerics.dll
[2551/3221  0s] CopyFiles /Users/lucas-furini/repos/checkout/unity/builds/ios/Il2CppOutputProject/IL2CPP/build/deploy_arm64/System.Net.WebSockets.dll
[2552/3221  0s] CopyFiles /Users/lucas-furini/repos/checkout/unity/builds/ios/Il2CppOutputProject/IL2CPP/build/deploy_arm64/System.Net.WebProxy.dll
[2553/3221  0s] CopyFiles /Users/lucas-furini/repos/checkout/unity/builds/ios/Il2CppOutputProject/IL2CPP/build/deploy_arm64/System.Net.WebSockets.Client.dll
[2554/3221  0s] CopyFiles /Users/lucas-furini/repos/checkout/unity/builds/ios/Il2CppOutputProject/IL2CPP/build/deploy_arm64/System.Private.CoreLib.dll
[2555/3221  0s] CopyFiles /Users/lucas-furini/repos/checkout/unity/builds/ios/Il2CppOutputProject/IL2CPP/build/deploy_arm64/System.Net.WebHeaderCollection.dll
[2556/3221  0s] CopyFiles /Users/lucas-furini/repos/checkout/unity/builds/ios/Il2CppOutputProject/IL2CPP/build/deploy_arm64/System.Net.ServicePoint.dll
[2557/3221  0s] CopyFiles /Users/lucas-furini/repos/checkout/unity/builds/ios/Il2CppOutputProject/IL2CPP/build/deploy_arm64/System.Net.WebClient.dll
[2558/3221  0s] CopyFiles /Users/lucas-furini/repos/checkout/unity/builds/ios/Il2CppOutputProject/IL2CPP/build/deploy_arm64/System.Net.Sockets.dll
[2559/3221  0s] CopyFiles /Users/lucas-furini/repos/checkout/unity/builds/ios/Il2CppOutputProject/IL2CPP/build/deploy_arm64/System.Net.Security.dll
[2560/3221  0s] CopyFiles /Users/lucas-furini/repos/checkout/unity/builds/ios/Il2CppOutputProject/IL2CPP/build/deploy_arm64/System.Net.Requests.dll
[2561/3221  0s] CopyFiles /Users/lucas-furini/repos/checkout/unity/builds/ios/Il2CppOutputProject/IL2CPP/build/deploy_arm64/System.Net.Primitives.dll
[2562/3221  0s] CopyFiles /Users/lucas-furini/repos/checkout/unity/builds/ios/Il2CppOutputProject/IL2CPP/build/deploy_arm64/System.Net.Quic.dll
[2563/3221  0s] CopyFiles /Users/lucas-furini/repos/checkout/unity/builds/ios/Il2CppOutputProject/IL2CPP/build/deploy_arm64/System.Net.Ping.dll
[2564/3221  0s] CopyFiles /Users/lucas-furini/repos/checkout/unity/builds/ios/Il2CppOutputProject/IL2CPP/build/deploy_arm64/System.Net.NetworkInformation.dll
[2565/3221  0s] CopyFiles /Users/lucas-furini/repos/checkout/unity/builds/ios/Il2CppOutputProject/IL2CPP/build/deploy_arm64/System.Net.NameResolution.dll
[2566/3221  0s] CopyFiles /Users/lucas-furini/repos/checkout/unity/builds/ios/Il2CppOutputProject/IL2CPP/build/deploy_arm64/System.Net.Mail.dll
[2567/3221  0s] CopyFiles /Users/lucas-furini/repos/checkout/unity/builds/ios/Il2CppOutputProject/IL2CPP/build/deploy_arm64/System.Net.dll
[2568/3221  0s] CopyFiles /Users/lucas-furini/repos/checkout/unity/builds/ios/Il2CppOutputProject/IL2CPP/build/deploy_arm64/System.Net.Http.Json.dll
[2569/3221  0s] CopyFiles /Users/lucas-furini/repos/checkout/unity/builds/ios/Il2CppOutputProject/IL2CPP/build/deploy_arm64/System.Net.HttpListener.dll
[2570/3221  0s] CopyFiles /Users/lucas-furini/repos/checkout/unity/builds/ios/Il2CppOutputProject/IL2CPP/build/deploy_arm64/System.Net.Http.dll
[2571/3221  0s] CopyFiles /Users/lucas-furini/repos/checkout/unity/builds/ios/Il2CppOutputProject/IL2CPP/build/deploy_arm64/System.Linq.Queryable.dll
[2572/3221  0s] CopyFiles /Users/lucas-furini/repos/checkout/unity/builds/ios/Il2CppOutputProject/IL2CPP/build/deploy_arm64/System.Memory.dll
[2573/3221  0s] CopyFiles /Users/lucas-furini/repos/checkout/unity/builds/ios/Il2CppOutputProject/IL2CPP/build/deploy_arm64/System.Linq.Parallel.dll
[2574/3221  0s] CopyFiles /Users/lucas-furini/repos/checkout/unity/builds/ios/Il2CppOutputProject/IL2CPP/build/deploy_arm64/System.Linq.Expressions.dll
[2575/3221  0s] CopyFiles /Users/lucas-furini/repos/checkout/unity/builds/ios/Il2CppOutputProject/IL2CPP/build/deploy_arm64/System.IO.UnmanagedMemoryStream.dll
[2576/3221  0s] CopyFiles /Users/lucas-furini/repos/checkout/unity/builds/ios/Il2CppOutputProject/IL2CPP/build/deploy_arm64/System.IO.Pipes.dll
[2577/3221  0s] CopyFiles /Users/lucas-furini/repos/checkout/unity/builds/ios/Il2CppOutputProject/IL2CPP/build/deploy_arm64/System.Linq.dll
[2578/3221  0s] CopyFiles /Users/lucas-furini/repos/checkout/unity/builds/ios/Il2CppOutputProject/IL2CPP/build/deploy_arm64/System.IO.Pipes.AccessControl.dll
[2579/3221  0s] CopyFiles /Users/lucas-furini/repos/checkout/unity/builds/ios/Il2CppOutputProject/IL2CPP/build/deploy_arm64/System.IO.Pipelines.dll
[2580/3221  0s] CopyFiles /Users/lucas-furini/repos/checkout/unity/builds/ios/Il2CppOutputProject/IL2CPP/build/deploy_arm64/System.IO.FileSystem.Watcher.dll
[2581/3221  0s] CopyFiles /Users/lucas-furini/repos/checkout/unity/builds/ios/Il2CppOutputProject/IL2CPP/build/deploy_arm64/System.IO.FileSystem.Primitives.dll
[2582/3221  0s] CopyFiles /Users/lucas-furini/repos/checkout/unity/builds/ios/Il2CppOutputProject/IL2CPP/build/deploy_arm64/System.IO.IsolatedStorage.dll
[2583/3221  0s] CopyFiles /Users/lucas-furini/repos/checkout/unity/builds/ios/Il2CppOutputProject/IL2CPP/build/deploy_arm64/System.IO.MemoryMappedFiles.dll
[2584/3221  0s] CopyFiles /Users/lucas-furini/repos/checkout/unity/builds/ios/Il2CppOutputProject/IL2CPP/build/deploy_arm64/System.IO.FileSystem.DriveInfo.dll
[2585/3221  0s] CopyFiles /Users/lucas-furini/repos/checkout/unity/builds/ios/Il2CppOutputProject/IL2CPP/build/deploy_arm64/System.IO.FileSystem.dll
[2586/3221  0s] CopyFiles /Users/lucas-furini/repos/checkout/unity/builds/ios/Il2CppOutputProject/IL2CPP/build/deploy_arm64/System.IO.FileSystem.AccessControl.dll
[2587/3221  0s] CopyFiles /Users/lucas-furini/repos/checkout/unity/builds/ios/Il2CppOutputProject/IL2CPP/build/deploy_arm64/System.IO.dll
[2588/3221  0s] CopyFiles /Users/lucas-furini/repos/checkout/unity/builds/ios/Il2CppOutputProject/IL2CPP/build/deploy_arm64/System.IO.Compression.FileSystem.dll
[2589/3221  0s] CopyFiles /Users/lucas-furini/repos/checkout/unity/builds/ios/Il2CppOutputProject/IL2CPP/build/deploy_arm64/System.IO.Compression.ZipFile.dll
[2590/3221  0s] CopyFiles /Users/lucas-furini/repos/checkout/unity/builds/ios/Il2CppOutputProject/IL2CPP/build/deploy_arm64/System.IO.Compression.dll
[2591/3221  0s] CopyFiles /Users/lucas-furini/repos/checkout/unity/builds/ios/Il2CppOutputProject/IL2CPP/build/deploy_arm64/System.Globalization.Extensions.dll
[2592/3221  0s] CopyFiles /Users/lucas-furini/repos/checkout/unity/builds/ios/Il2CppOutputProject/IL2CPP/build/deploy_arm64/System.Globalization.dll
[2593/3221  0s] CopyFiles /Users/lucas-furini/repos/checkout/unity/builds/ios/Il2CppOutputProject/IL2CPP/build/deploy_arm64/System.IO.Compression.Brotli.dll
[2594/3221  0s] CopyFiles /Users/lucas-furini/repos/checkout/unity/builds/ios/Il2CppOutputProject/IL2CPP/build/deploy_arm64/System.Globalization.Calendars.dll
[2595/3221  0s] CopyFiles /Users/lucas-furini/repos/checkout/unity/builds/ios/Il2CppOutputProject/IL2CPP/build/deploy_arm64/System.Formats.Asn1.dll
[2596/3221  0s] CopyFiles /Users/lucas-furini/repos/checkout/unity/builds/ios/Il2CppOutputProject/IL2CPP/build/deploy_arm64/System.Dynamic.Runtime.dll
[2597/3221  0s] CopyFiles /Users/lucas-furini/repos/checkout/unity/builds/ios/Il2CppOutputProject/IL2CPP/build/deploy_arm64/System.Formats.Tar.dll
[2598/3221  0s] CopyFiles /Users/lucas-furini/repos/checkout/unity/builds/ios/Il2CppOutputProject/IL2CPP/build/deploy_arm64/System.Drawing.Primitives.dll
[2599/3221  0s] CopyFiles /Users/lucas-furini/repos/checkout/unity/builds/ios/Il2CppOutputProject/IL2CPP/build/deploy_arm64/System.Drawing.dll
[2600/3221  0s] CopyFiles /Users/lucas-furini/repos/checkout/unity/builds/ios/Il2CppOutputProject/IL2CPP/build/deploy_arm64/System.Diagnostics.Tracing.dll
[2601/3221  0s] CopyFiles /Users/lucas-furini/repos/checkout/unity/builds/ios/Il2CppOutputProject/IL2CPP/build/deploy_arm64/System.dll
[2602/3221  0s] CopyFiles /Users/lucas-furini/repos/checkout/unity/builds/ios/Il2CppOutputProject/IL2CPP/build/deploy_arm64/System.Diagnostics.TraceSource.dll
[2603/3221  0s] CopyFiles /Users/lucas-furini/repos/checkout/unity/builds/ios/Il2CppOutputProject/IL2CPP/build/deploy_arm64/System.Diagnostics.Tools.dll
[2604/3221  0s] CopyFiles /Users/lucas-furini/repos/checkout/unity/builds/ios/Il2CppOutputProject/IL2CPP/build/deploy_arm64/System.Diagnostics.StackTrace.dll
[2605/3221  0s] CopyFiles /Users/lucas-furini/repos/checkout/unity/builds/ios/Il2CppOutputProject/IL2CPP/build/deploy_arm64/System.Diagnostics.TextWriterTraceListener.dll
[2606/3221  0s] CopyFiles /Users/lucas-furini/repos/checkout/unity/builds/ios/Il2CppOutputProject/IL2CPP/build/deploy_arm64/System.Diagnostics.FileVersionInfo.dll
[2607/3221  0s] CopyFiles /Users/lucas-furini/repos/checkout/unity/builds/ios/Il2CppOutputProject/IL2CPP/build/deploy_arm64/System.Diagnostics.DiagnosticSource.dll
[2608/3221  0s] CopyFiles /Users/lucas-furini/repos/checkout/unity/builds/ios/Il2CppOutputProject/IL2CPP/build/deploy_arm64/System.Diagnostics.Process.dll
[2609/3221  0s] CopyFiles /Users/lucas-furini/repos/checkout/unity/builds/ios/Il2CppOutputProject/IL2CPP/build/deploy_arm64/System.Diagnostics.Debug.dll
[2610/3221  0s] CopyFiles /Users/lucas-furini/repos/checkout/unity/builds/ios/Il2CppOutputProject/IL2CPP/build/deploy_arm64/System.Diagnostics.Contracts.dll
[2611/3221  0s] CopyFiles /Users/lucas-furini/repos/checkout/unity/builds/ios/Il2CppOutputProject/IL2CPP/build/deploy_arm64/System.Data.DataSetExtensions.dll
[2612/3221  0s] CopyFiles /Users/lucas-furini/repos/checkout/unity/builds/ios/Il2CppOutputProject/IL2CPP/build/deploy_arm64/System.Core.dll
[2613/3221  0s] CopyFiles /Users/lucas-furini/repos/checkout/unity/builds/ios/Il2CppOutputProject/IL2CPP/build/deploy_arm64/System.Data.dll
[2614/3221  0s] CopyFiles /Users/lucas-furini/repos/checkout/unity/builds/ios/Il2CppOutputProject/IL2CPP/build/deploy_arm64/System.Configuration.dll
[2615/3221  0s] CopyFiles /Users/lucas-furini/repos/checkout/unity/builds/ios/Il2CppOutputProject/IL2CPP/build/deploy_arm64/System.Console.dll
[2616/3221  0s] CopyFiles /Users/lucas-furini/repos/checkout/unity/builds/ios/Il2CppOutputProject/IL2CPP/build/deploy_arm64/System.Data.Common.dll
[2617/3221  0s] CopyFiles /Users/lucas-furini/repos/checkout/unity/builds/ios/Il2CppOutputProject/IL2CPP/build/deploy_arm64/System.ComponentModel.Primitives.dll
[2618/3221  0s] CopyFiles /Users/lucas-furini/repos/checkout/unity/builds/ios/Il2CppOutputProject/IL2CPP/build/deploy_arm64/System.ComponentModel.TypeConverter.dll
[2619/3221  0s] CopyFiles /Users/lucas-furini/repos/checkout/unity/builds/ios/Il2CppOutputProject/IL2CPP/build/deploy_arm64/System.ComponentModel.EventBasedAsync.dll
[2620/3221  0s] CopyFiles /Users/lucas-furini/repos/checkout/unity/builds/ios/Il2CppOutputProject/IL2CPP/build/deploy_arm64/System.ComponentModel.dll
[2621/3221  0s] CopyFiles /Users/lucas-furini/repos/checkout/unity/builds/ios/Il2CppOutputProject/IL2CPP/build/deploy_arm64/System.ComponentModel.DataAnnotations.dll
[2622/3221  0s] CopyFiles /Users/lucas-furini/repos/checkout/unity/builds/ios/Il2CppOutputProject/IL2CPP/build/deploy_arm64/System.ComponentModel.Annotations.dll
[2623/3221  0s] CopyFiles /Users/lucas-furini/repos/checkout/unity/builds/ios/Il2CppOutputProject/IL2CPP/build/deploy_arm64/System.Collections.Specialized.dll
[2624/3221  0s] CopyFiles /Users/lucas-furini/repos/checkout/unity/builds/ios/Il2CppOutputProject/IL2CPP/build/deploy_arm64/System.Collections.NonGeneric.dll
[2625/3221  0s] CopyFiles /Users/lucas-furini/repos/checkout/unity/builds/ios/Il2CppOutputProject/IL2CPP/build/deploy_arm64/System.Collections.Immutable.dll
[2626/3221  0s] CopyFiles /Users/lucas-furini/repos/checkout/unity/builds/ios/Il2CppOutputProject/IL2CPP/build/deploy_arm64/System.Collections.dll
[2627/3221  0s] CopyFiles /Users/lucas-furini/repos/checkout/unity/builds/ios/Il2CppOutputProject/IL2CPP/build/deploy_arm64/System.Collections.Concurrent.dll
[2628/3221  0s] CopyFiles /Users/lucas-furini/repos/checkout/unity/builds/ios/Il2CppOutputProject/IL2CPP/build/deploy_arm64/System.Buffers.dll
[2629/3221  0s] CopyFiles /Users/lucas-furini/repos/checkout/unity/builds/ios/Il2CppOutputProject/IL2CPP/build/deploy_arm64/System.AppContext.dll
[2630/3221  0s] CopyFiles /Users/lucas-furini/repos/checkout/unity/builds/ios/Il2CppOutputProject/IL2CPP/build/deploy_arm64/NiceIO.pdb
[2631/3221  0s] CopyFiles /Users/lucas-furini/repos/checkout/unity/builds/ios/Il2CppOutputProject/IL2CPP/build/deploy_arm64/SharpYaml.dll
[2632/3221  0s] CopyFiles /Users/lucas-furini/repos/checkout/unity/builds/ios/Il2CppOutputProject/IL2CPP/build/deploy_arm64/NiceIO.dll
[2633/3221  0s] CopyFiles /Users/lucas-furini/repos/checkout/unity/builds/ios/Il2CppOutputProject/IL2CPP/build/deploy_arm64/netstandard.dll
[2634/3221  0s] CopyFiles /Users/lucas-furini/repos/checkout/unity/builds/ios/Il2CppOutputProject/IL2CPP/build/deploy_arm64/mscorlib.dll
[2635/3221  0s] CopyFiles /Users/lucas-furini/repos/checkout/unity/builds/ios/Il2CppOutputProject/IL2CPP/build/deploy_arm64/Newtonsoft.Json.dll
[2636/3221  0s] CopyFiles /Users/lucas-furini/repos/checkout/unity/builds/ios/Il2CppOutputProject/IL2CPP/build/deploy_arm64/monolinkerold.pdb
[2637/3221  0s] CopyFiles /Users/lucas-furini/repos/checkout/unity/builds/ios/Il2CppOutputProject/IL2CPP/build/deploy_arm64/Mono.Cecil.Rocks.pdb
[2638/3221  0s] CopyFiles /Users/lucas-furini/repos/checkout/unity/builds/ios/Il2CppOutputProject/IL2CPP/build/deploy_arm64/monolinkerold.dll
[2639/3221  0s] CopyFiles /Users/lucas-furini/repos/checkout/unity/builds/ios/Il2CppOutputProject/IL2CPP/build/deploy_arm64/Mono.Cecil.Rocks.dll
[2640/3221  0s] CopyFiles /Users/lucas-furini/repos/checkout/unity/builds/ios/Il2CppOutputProject/IL2CPP/build/deploy_arm64/Mono.Cecil.Pdb.pdb
[2641/3221  0s] CopyFiles /Users/lucas-furini/repos/checkout/unity/builds/ios/Il2CppOutputProject/IL2CPP/build/deploy_arm64/Mono.Cecil.Pdb.dll
[2642/3221  0s] CopyFiles /Users/lucas-furini/repos/checkout/unity/builds/ios/Il2CppOutputProject/IL2CPP/build/deploy_arm64/Mono.Cecil.Mdb.pdb
[2643/3221  0s] CopyFiles /Users/lucas-furini/repos/checkout/unity/builds/ios/Il2CppOutputProject/IL2CPP/build/deploy_arm64/Mono.Cecil.Mdb.dll
[2644/3221  0s] CopyFiles /Users/lucas-furini/repos/checkout/unity/builds/ios/Il2CppOutputProject/IL2CPP/build/deploy_arm64/Mono.Cecil.pdb
[2645/3221  0s] CopyFiles /Users/lucas-furini/repos/checkout/unity/builds/ios/Il2CppOutputProject/IL2CPP/build/deploy_arm64/Mono.Cecil.dll
[2646/3221  0s] CopyFiles /Users/lucas-furini/repos/checkout/unity/builds/ios/Il2CppOutputProject/IL2CPP/build/deploy_arm64/Microsoft.Win32.Registry.dll
[2647/3221  0s] CopyFiles /Users/lucas-furini/repos/checkout/unity/builds/ios/Il2CppOutputProject/IL2CPP/build/deploy_arm64/Microsoft.Win32.Primitives.dll
[2648/3221  0s] CopyFiles /Users/lucas-furini/repos/checkout/unity/builds/ios/Il2CppOutputProject/IL2CPP/build/deploy_arm64/Microsoft.VisualBasic.dll
[2649/3221  0s] CopyFiles /Users/lucas-furini/repos/checkout/unity/builds/ios/Il2CppOutputProject/IL2CPP/build/deploy_arm64/Microsoft.Bcl.HashCode.dll
[2650/3221  0s] CopyFiles /Users/lucas-furini/repos/checkout/unity/builds/ios/Il2CppOutputProject/IL2CPP/build/deploy_arm64/Microsoft.CSharp.dll
[2651/3221  0s] CopyFiles /Users/lucas-furini/repos/checkout/unity/builds/ios/Il2CppOutputProject/IL2CPP/build/deploy_arm64/libSystem.Security.Cryptography.Native.OpenSsl.dylib
[2652/3221  0s] CopyFiles /Users/lucas-furini/repos/checkout/unity/builds/ios/Il2CppOutputProject/IL2CPP/build/deploy_arm64/Microsoft.VisualBasic.Core.dll
[2653/3221  0s] CopyFiles /Users/lucas-furini/repos/checkout/unity/builds/ios/Il2CppOutputProject/IL2CPP/build/deploy_arm64/libSystem.Net.Security.Native.dylib
[2654/3221  0s] CopyFiles /Users/lucas-furini/repos/checkout/unity/builds/ios/Il2CppOutputProject/IL2CPP/build/deploy_arm64/libSystem.Native.dylib
[2655/3221  0s] CopyFiles /Users/lucas-furini/repos/checkout/unity/builds/ios/Il2CppOutputProject/IL2CPP/build/deploy_arm64/libSystem.Security.Cryptography.Native.Apple.dylib
[2656/3221  0s] CopyFiles /Users/lucas-furini/repos/checkout/unity/builds/ios/Il2CppOutputProject/IL2CPP/build/deploy_arm64/MemoryPack.Core.dll
[2657/3221  0s] CopyFiles /Users/lucas-furini/repos/checkout/unity/builds/ios/Il2CppOutputProject/IL2CPP/build/deploy_arm64/libSystem.IO.Compression.Native.dylib
[2658/3221  0s] CopyFiles /Users/lucas-furini/repos/checkout/unity/builds/ios/Il2CppOutputProject/IL2CPP/build/deploy_arm64/libSystem.Globalization.Native.dylib
[2659/3221  0s] CopyFiles /Users/lucas-furini/repos/checkout/unity/builds/ios/Il2CppOutputProject/IL2CPP/build/deploy_arm64/libmscordbi.dylib
[2660/3221  0s] CopyFiles /Users/lucas-furini/repos/checkout/unity/builds/ios/Il2CppOutputProject/IL2CPP/build/deploy_arm64/libmscordaccore.dylib
[2661/3221  0s] CopyFiles /Users/lucas-furini/repos/checkout/unity/builds/ios/Il2CppOutputProject/IL2CPP/build/deploy_arm64/libhostpolicy.dylib
[2662/3221  0s] CopyFiles /Users/lucas-furini/repos/checkout/unity/builds/ios/Il2CppOutputProject/IL2CPP/build/deploy_arm64/libcoreclr.dylib
[2663/3221  0s] CopyFiles /Users/lucas-furini/repos/checkout/unity/builds/ios/Il2CppOutputProject/IL2CPP/build/deploy_arm64/libhostfxr.dylib
[2664/3221  0s] CopyFiles /Users/lucas-furini/repos/checkout/unity/builds/ios/Il2CppOutputProject/IL2CPP/build/deploy_arm64/libclrjit.dylib
[2665/3221  0s] CopyFiles /Users/lucas-furini/repos/checkout/unity/builds/ios/Il2CppOutputProject/IL2CPP/build/deploy_arm64/libclrgc.dylib
[2666/3221  0s] CopyFiles /Users/lucas-furini/repos/checkout/unity/builds/ios/Il2CppOutputProject/IL2CPP/build/deploy_arm64/libclrgcexp.dylib
[2667/3221  0s] CopyFiles /Users/lucas-furini/repos/checkout/unity/builds/ios/Il2CppOutputProject/IL2CPP/build/deploy_arm64/JetBrains.Profiler.Api.dll
[2668/3221  0s] CopyFiles /Users/lucas-furini/repos/checkout/unity/builds/ios/Il2CppOutputProject/IL2CPP/build/deploy_arm64/il2cpp.runtimeconfig.json
[2669/3221  0s] CopyFiles /Users/lucas-furini/repos/checkout/unity/builds/ios/Il2CppOutputProject/IL2CPP/build/deploy_arm64/illink.pdb
[2670/3221  0s] CopyFiles /Users/lucas-furini/repos/checkout/unity/builds/ios/Il2CppOutputProject/IL2CPP/build/deploy_arm64/illink.dll
[2671/3221  0s] CopyFiles /Users/lucas-furini/repos/checkout/unity/builds/ios/Il2CppOutputProject/IL2CPP/build/deploy_arm64/il2cpp.pdb
[2672/3221  0s] CopyFiles /Users/lucas-furini/repos/checkout/unity/builds/ios/Il2CppOutputProject/IL2CPP/build/deploy_arm64/il2cpp.dll.config
[2673/3221  0s] CopyFiles /Users/lucas-furini/repos/checkout/unity/builds/ios/Il2CppOutputProject/IL2CPP/build/deploy_arm64/il2cpp-compile.runtimeconfig.json
[2674/3221  0s] CopyFiles /Users/lucas-furini/repos/checkout/unity/builds/ios/Il2CppOutputProject/IL2CPP/build/deploy_arm64/il2cpp.deps.json
[2675/3221  0s] CopyFiles /Users/lucas-furini/repos/checkout/unity/builds/ios/Il2CppOutputProject/IL2CPP/build/deploy_arm64/il2cpp.dll
[2676/3221  0s] CopyFiles /Users/lucas-furini/repos/checkout/unity/builds/ios/Il2CppOutputProject/IL2CPP/build/deploy_arm64/il2cpp-compile
[2677/3221  0s] CopyFiles /Users/lucas-furini/repos/checkout/unity/builds/ios/Il2CppOutputProject/IL2CPP/build/deploy_arm64/il2cpp-compile.pdb
[2678/3221  0s] CopyFiles /Users/lucas-furini/repos/checkout/unity/builds/ios/Il2CppOutputProject/IL2CPP/build/deploy_arm64/il2cpp-compile.dll
[2679/3221  0s] CopyFiles /Users/lucas-furini/repos/checkout/unity/builds/ios/Il2CppOutputProject/IL2CPP/build/deploy_arm64/il2cpp-compile.deps.json
[2680/3221  0s] CopyFiles /Users/lucas-furini/repos/checkout/unity/builds/ios/Il2CppOutputProject/IL2CPP/build/deploy_arm64/il2cpp
[2681/3221  0s] CopyFiles /Users/lucas-furini/repos/checkout/unity/builds/ios/Il2CppOutputProject/IL2CPP/build/deploy_arm64/createdump
[2682/3221  0s] CopyFiles /Users/lucas-furini/repos/checkout/unity/builds/ios/Il2CppOutputProject/IL2CPP/build/deploy_arm64/bee_backend/mac-arm64/bee_backend
[2683/3221  0s] CopyFiles /Users/lucas-furini/repos/checkout/unity/builds/ios/Il2CppOutputProject/IL2CPP/build/deploy_arm64/Bee.VisualStudioSolution.pdb
[2684/3221  0s] CopyFiles /Users/lucas-furini/repos/checkout/unity/builds/ios/Il2CppOutputProject/IL2CPP/build/deploy_arm64/Bee.VisualStudioSolution.dll
[2685/3221  0s] CopyFiles /Users/lucas-furini/repos/checkout/unity/builds/ios/Il2CppOutputProject/IL2CPP/build/deploy_arm64/Bee.TundraBackend.pdb
[2686/3221  0s] CopyFiles /Users/lucas-furini/repos/checkout/unity/builds/ios/Il2CppOutputProject/IL2CPP/build/deploy_arm64/Bee.Tools.pdb
[2687/3221  0s] CopyFiles /Users/lucas-furini/repos/checkout/unity/builds/ios/Il2CppOutputProject/IL2CPP/build/deploy_arm64/Bee.TundraBackend.dll
[2688/3221  0s] CopyFiles /Users/lucas-furini/repos/checkout/unity/builds/ios/Il2CppOutputProject/IL2CPP/build/deploy_arm64/Bee.Toolchain.Xcode.pdb
[2689/3221  0s] CopyFiles /Users/lucas-furini/repos/checkout/unity/builds/ios/Il2CppOutputProject/IL2CPP/build/deploy_arm64/Bee.Tools.dll
[2690/3221  0s] CopyFiles /Users/lucas-furini/repos/checkout/unity/builds/ios/Il2CppOutputProject/IL2CPP/build/deploy_arm64/Bee.Toolchain.Windows.pdb
[2691/3221  0s] CopyFiles /Users/lucas-furini/repos/checkout/unity/builds/ios/Il2CppOutputProject/IL2CPP/build/deploy_arm64/Bee.Toolchain.Xcode.dll
[2692/3221  0s] CopyFiles /Users/lucas-furini/repos/checkout/unity/builds/ios/Il2CppOutputProject/IL2CPP/build/deploy_arm64/Bee.Toolchain.Windows.dll
[2693/3221  0s] CopyFiles /Users/lucas-furini/repos/checkout/unity/builds/ios/Il2CppOutputProject/IL2CPP/build/deploy_arm64/Bee.Toolchain.VisualStudio.pdb
[2694/3221  0s] CopyFiles /Users/lucas-furini/repos/checkout/unity/builds/ios/Il2CppOutputProject/IL2CPP/build/deploy_arm64/Bee.Toolchain.VisionOS.pdb
[2695/3221  0s] CopyFiles /Users/lucas-furini/repos/checkout/unity/builds/ios/Il2CppOutputProject/IL2CPP/build/deploy_arm64/Bee.Toolchain.VisionOS.dll
[2696/3221  0s] CopyFiles /Users/lucas-furini/repos/checkout/unity/builds/ios/Il2CppOutputProject/IL2CPP/build/deploy_arm64/Bee.Toolchain.VisualStudio.dll
[2697/3221  0s] CopyFiles /Users/lucas-furini/repos/checkout/unity/builds/ios/Il2CppOutputProject/IL2CPP/build/deploy_arm64/Bee.Toolchain.UWP.pdb
[2698/3221  0s] CopyFiles /Users/lucas-furini/repos/checkout/unity/builds/ios/Il2CppOutputProject/IL2CPP/build/deploy_arm64/Bee.Toolchain.UWP.dll
[2699/3221  0s] CopyFiles /Users/lucas-furini/repos/checkout/unity/builds/ios/Il2CppOutputProject/IL2CPP/build/deploy_arm64/Bee.Toolchain.TvOS.pdb
[2700/3221  0s] CopyFiles /Users/lucas-furini/repos/checkout/unity/builds/ios/Il2CppOutputProject/IL2CPP/build/deploy_arm64/Bee.Toolchain.TvOS.dll
[2701/3221  0s] CopyFiles /Users/lucas-furini/repos/checkout/unity/builds/ios/Il2CppOutputProject/IL2CPP/build/deploy_arm64/Bee.Toolchain.MacOS.pdb
[2702/3221  0s] CopyFiles /Users/lucas-furini/repos/checkout/unity/builds/ios/Il2CppOutputProject/IL2CPP/build/deploy_arm64/Bee.Toolchain.MacOS.dll
[2703/3221  0s] CopyFiles /Users/lucas-furini/repos/checkout/unity/builds/ios/Il2CppOutputProject/IL2CPP/build/deploy_arm64/Bee.Toolchain.LLVM.pdb
[2704/3221  0s] CopyFiles /Users/lucas-furini/repos/checkout/unity/builds/ios/Il2CppOutputProject/IL2CPP/build/deploy_arm64/Bee.Toolchain.Linux.pdb
[2705/3221  0s] CopyFiles /Users/lucas-furini/repos/checkout/unity/builds/ios/Il2CppOutputProject/IL2CPP/build/deploy_arm64/Bee.Toolchain.LLVM.dll
[2706/3221  0s] CopyFiles /Users/lucas-furini/repos/checkout/unity/builds/ios/Il2CppOutputProject/IL2CPP/build/deploy_arm64/Bee.Toolchain.IOS.pdb
[2707/3221  0s] CopyFiles /Users/lucas-furini/repos/checkout/unity/builds/ios/Il2CppOutputProject/IL2CPP/build/deploy_arm64/Bee.Toolchain.Linux.dll
[2708/3221  0s] CopyFiles /Users/lucas-furini/repos/checkout/unity/builds/ios/Il2CppOutputProject/IL2CPP/build/deploy_arm64/Bee.Toolchain.IOS.dll
[2709/3221  0s] CopyFiles /Users/lucas-furini/repos/checkout/unity/builds/ios/Il2CppOutputProject/IL2CPP/build/deploy_arm64/Bee.Toolchain.GNU.pdb
[2710/3221  0s] CopyFiles /Users/lucas-furini/repos/checkout/unity/builds/ios/Il2CppOutputProject/IL2CPP/build/deploy_arm64/Bee.Toolchain.Emscripten.pdb
[2711/3221  0s] CopyFiles /Users/lucas-furini/repos/checkout/unity/builds/ios/Il2CppOutputProject/IL2CPP/build/deploy_arm64/Bee.Toolchain.EmbeddedLinux.pdb
[2712/3221  0s] CopyFiles /Users/lucas-furini/repos/checkout/unity/builds/ios/Il2CppOutputProject/IL2CPP/build/deploy_arm64/Bee.Toolchain.GNU.dll
[2713/3221  0s] CopyFiles /Users/lucas-furini/repos/checkout/unity/builds/ios/Il2CppOutputProject/IL2CPP/build/deploy_arm64/Bee.Toolchain.Emscripten.dll
[2714/3221  0s] CopyFiles /Users/lucas-furini/repos/checkout/unity/builds/ios/Il2CppOutputProject/IL2CPP/build/deploy_arm64/Bee.Toolchain.Android.pdb
[2715/3221  0s] CopyFiles /Users/lucas-furini/repos/checkout/unity/builds/ios/Il2CppOutputProject/IL2CPP/build/deploy_arm64/Bee.Toolchain.EmbeddedLinux.dll
[2716/3221  0s] CopyFiles /Users/lucas-furini/repos/checkout/unity/builds/ios/Il2CppOutputProject/IL2CPP/build/deploy_arm64/Bee.TinyProfiler2.pdb
[2717/3221  0s] CopyFiles /Users/lucas-furini/repos/checkout/unity/builds/ios/Il2CppOutputProject/IL2CPP/build/deploy_arm64/Bee.Toolchain.Android.dll
[2718/3221  0s] CopyFiles /Users/lucas-furini/repos/checkout/unity/builds/ios/Il2CppOutputProject/IL2CPP/build/deploy_arm64/Bee.Telemetry.pdb
[2719/3221  0s] CopyFiles /Users/lucas-furini/repos/checkout/unity/builds/ios/Il2CppOutputProject/IL2CPP/build/deploy_arm64/Bee.TinyProfiler2.dll
[2720/3221  0s] CopyFiles /Users/lucas-furini/repos/checkout/unity/builds/ios/Il2CppOutputProject/IL2CPP/build/deploy_arm64/Bee.Telemetry.dll
[2721/3221  0s] CopyFiles /Users/lucas-furini/repos/checkout/unity/builds/ios/Il2CppOutputProject/IL2CPP/build/deploy_arm64/Bee.Stevedore.Program.pdb
[2722/3221  0s] CopyFiles /Users/lucas-furini/repos/checkout/unity/builds/ios/Il2CppOutputProject/IL2CPP/build/deploy_arm64/Bee.Stevedore.Program.dll
[2723/3221  0s] CopyFiles /Users/lucas-furini/repos/checkout/unity/builds/ios/Il2CppOutputProject/IL2CPP/build/deploy_arm64/Bee.NativeProgramSupport.pdb
[2724/3221  0s] CopyFiles /Users/lucas-furini/repos/checkout/unity/builds/ios/Il2CppOutputProject/IL2CPP/build/deploy_arm64/Bee.NativeProgramSupport.dll
[2725/3221  0s] CopyFiles /Users/lucas-furini/repos/checkout/unity/builds/ios/Il2CppOutputProject/IL2CPP/build/deploy_arm64/Bee.Core.pdb
[2726/3221  0s] CopyFiles /Users/lucas-furini/repos/checkout/unity/builds/ios/Il2CppOutputProject/IL2CPP/build/deploy_arm64/Bee.BuildGraph.pdb
[2727/3221  0s] CopyFiles /Users/lucas-furini/repos/checkout/unity/builds/ios/Il2CppOutputProject/IL2CPP/build/deploy_arm64/Bee.BuildGraph.dll
[2728/3221  0s] CopyFiles /Users/lucas-furini/repos/checkout/unity/builds/ios/Il2CppOutputProject/IL2CPP/build/deploy_arm64/Bee.Core.dll
[2729/3221  0s] CopyFiles /Users/lucas-furini/repos/checkout/unity/builds/ios/Il2CppOutputProject/IL2CPP/build/deploy_arm64/Bee.BinLog.xml
[2730/3221  0s] CopyFiles /Users/lucas-furini/repos/checkout/unity/builds/ios/Il2CppOutputProject/IL2CPP/build/deploy_arm64/Bee.BinLog.pdb
[2731/3221  0s] CopyFiles /Users/lucas-furini/repos/checkout/unity/builds/ios/Il2CppOutputProject/IL2CPP/build/deploy_arm64/Bee.BinLog.dll
[2732/3221  0s] CopyFiles /Users/lucas-furini/repos/checkout/unity/builds/ios/Il2CppOutputProject/IL2CPP/build/deploy_arm64/Bee.BeeDriver2.pdb
[2733/3221  0s] CopyFiles /Users/lucas-furini/repos/checkout/unity/builds/ios/Il2CppOutputProject/IL2CPP/build/deploy_arm64/Analytics.runtimeconfig.json
[2734/3221  0s] CopyFiles /Users/lucas-furini/repos/checkout/unity/builds/ios/Il2CppOutputProject/IL2CPP/build/deploy_arm64/Bee.BeeDriver2.dll
[2735/3221  0s] CopyFiles /Users/lucas-furini/repos/checkout/unity/builds/ios/Il2CppOutputProject/IL2CPP/build/deploy_arm64/Analytics.pdb
[2736/3221  0s] CopyFiles /Users/lucas-furini/repos/checkout/unity/builds/ios/Il2CppOutputProject/IL2CPP/build/deploy_arm64/Analytics.dll
[2737/3221  0s] CopyFiles /Users/lucas-furini/repos/checkout/unity/builds/ios/Il2CppOutputProject/IL2CPP/build/deploy_arm64/Analytics.Api.Output.xml
[2738/3221  0s] CopyFiles /Users/lucas-furini/repos/checkout/unity/builds/ios/Il2CppOutputProject/IL2CPP/build/deploy_arm64/Analytics.deps.json
[2739/3221  0s] CopyFiles /Users/lucas-furini/repos/checkout/unity/builds/ios/Il2CppOutputProject/IL2CPP/build/deploy_arm64/Analytics.Api.Output.dll
[2740/3221  0s] CopyFiles /Users/lucas-furini/repos/checkout/unity/builds/ios/Il2CppOutputProject/IL2CPP/build/deploy_arm64/Analytics.Api.Output.pdb
[2741/3221  0s] CopyFiles /Users/lucas-furini/repos/checkout/unity/builds/ios/Il2CppOutputProject/IL2CPP/build/deploy_arm64/Analytics
[2742/3221  0s] CopyFiles /Users/lucas-furini/repos/checkout/unity/builds/ios/Data/Resources/unity default resources
[2743/3221  0s] CopyFiles /Users/lucas-furini/repos/checkout/unity/builds/ios/Libraries/baselib.a
[2744/3221  0s] CopyFiles /Users/lucas-furini/repos/checkout/unity/builds/ios/Il2CppOutputProject/IL2CPP/libil2cpp/vm/Thread-mono-net8.cpp
[2745/3221  0s] CopyFiles /Users/lucas-furini/repos/checkout/unity/builds/ios/Il2CppOutputProject/IL2CPP/libil2cpp/vm/Thread-mono-net8.h
[2746/3221  0s] CopyFiles /Users/lucas-furini/repos/checkout/unity/builds/ios/Data/Managed/mono/4.0/machine.config
[2747/3221  0s] CopyFiles /Users/lucas-furini/repos/checkout/unity/builds/ios/UnityFramework/UnityFramework.h
[2748/3221  0s] CopyFiles /Users/lucas-furini/repos/checkout/unity/builds/ios/UnityFramework/Info.plist
[2749/3221  0s] CopyFiles /Users/lucas-furini/repos/checkout/unity/builds/ios/Il2CppOutputProject/IL2CPP/libil2cpp/vm/Thread.cpp
[2750/3221  0s] CopyFiles /Users/lucas-furini/repos/checkout/unity/builds/ios/Unity-iPhone Tests/Unity_iPhone_Tests.m
[2751/3221  0s] CopyFiles /Users/lucas-furini/repos/checkout/unity/builds/ios/Unity-iPhone Tests/Unity-iPhone Tests-Prefix.pch
[2752/3221  0s] CopyFiles /Users/lucas-furini/repos/checkout/unity/builds/ios/process_symbols_il2cpp.sh
[2753/3221  0s] CopyFiles /Users/lucas-furini/repos/checkout/unity/builds/ios/Unity-iPhone Tests/Unity-iPhone Tests-Info.plist
[2754/3221  0s] CopyFiles /Users/lucas-furini/repos/checkout/unity/builds/ios/Unity-iPhone Tests/en.lproj/InfoPlist.strings
[2755/3221  0s] CopyFiles /Users/lucas-furini/repos/checkout/unity/builds/ios/process_symbols.sh
[2756/3221  0s] CopyFiles /Users/lucas-furini/repos/checkout/unity/builds/ios/MainApp/main.mm
[2757/3221 557s] CopyFiles /Users/lucas-furini/repos/checkout/unity/builds/ios/Il2CppOutputProject/IL2CPP/build/deploy_x86_64/System.Security.Cryptography.dll
[2758/3221  0s] CopyFiles /Users/lucas-furini/repos/checkout/unity/builds/ios/Classes/UnityAppController.mm
[2759/3221  0s] CopyFiles /Users/lucas-furini/repos/checkout/unity/builds/ios/Classes/UnityTrampolineConfigure.h
[2760/3221  0s] CopyFiles /Users/lucas-furini/repos/checkout/unity/builds/ios/Classes/Vector3.h
[2761/3221  0s] CopyFiles /Users/lucas-furini/repos/checkout/unity/builds/ios/Classes/UnityTrampolineInterface.h
[2762/3221  0s] CopyFiles /Users/lucas-furini/repos/checkout/unity/builds/ios/Classes/UnityAppController+UnityInterface.mm
[2763/3221  0s] CopyFiles /Users/lucas-furini/repos/checkout/unity/builds/ios/Classes/UnityAppController.h
[2764/3221  0s] CopyFiles /Users/lucas-furini/repos/checkout/unity/builds/ios/Classes/UnityAppController+Thermal.mm
[2765/3221  0s] CopyFiles /Users/lucas-furini/repos/checkout/unity/builds/ios/Classes/UnityAppController+Rendering.mm
[2766/3221  0s] CopyFiles /Users/lucas-furini/repos/checkout/unity/builds/ios/Classes/UnityAppController+Rendering+visionOS.mm
[2767/3221  0s] CopyFiles /Users/lucas-furini/repos/checkout/unity/builds/ios/Classes/UnityAppController+Thermal.h
[2768/3221  0s] CopyFiles /Users/lucas-furini/repos/checkout/unity/builds/ios/Classes/UnityAppController+UnityInterface.h
[2769/3221  0s] CopyFiles /Users/lucas-furini/repos/checkout/unity/builds/ios/Classes/UnityAppController+Rendering.h
[2770/3221  0s] CopyFiles /Users/lucas-furini/repos/checkout/unity/builds/ios/Classes/UnityAppController+Rendering+visionOS.h
[2771/3221  0s] CopyFiles /Users/lucas-furini/repos/checkout/unity/builds/ios/Classes/Unity/VideoPlayer.mm
[2772/3221  0s] CopyFiles /Users/lucas-furini/repos/checkout/unity/builds/ios/Classes/Unity/VideoPlayer.h
[2773/3221  0s] CopyFiles /Users/lucas-furini/repos/checkout/unity/builds/ios/Classes/Unity/UnityRendering.h
[2774/3221  0s] CopyFiles /Users/lucas-furini/repos/checkout/unity/builds/ios/Classes/Unity/UnityTrampolineCompatibility.h
[2775/3221  0s] CopyFiles /Users/lucas-furini/repos/checkout/unity/builds/ios/Classes/Unity/UnityInternalInterface.mm
[2776/3221  0s] CopyFiles /Users/lucas-furini/repos/checkout/unity/builds/ios/Classes/Unity/UnityInternalInterface.h
[2777/3221  0s] CopyFiles /Users/lucas-furini/repos/checkout/unity/builds/ios/Classes/Unity/UnityInternalGraphicsInterface.mm
[2778/3221  0s] CopyFiles /Users/lucas-furini/repos/checkout/unity/builds/ios/Classes/Unity/OnDemandResources.mm
[2779/3221  0s] CopyFiles /Users/lucas-furini/repos/checkout/unity/builds/ios/Classes/Unity/UnityInternalGraphicsInterface.h
[2780/3221  0s] CopyFiles /Users/lucas-furini/repos/checkout/unity/builds/ios/Classes/Unity/UnityForwardDecls.h
[2781/3221  0s] CopyFiles /Users/lucas-furini/repos/checkout/unity/builds/ios/Classes/Unity/UnityInterface.h
[2782/3221  0s] CopyFiles /Users/lucas-furini/repos/checkout/unity/builds/ios/Classes/Unity/ObjCRuntime.h
[2783/3221  0s] CopyFiles /Users/lucas-furini/repos/checkout/unity/builds/ios/Classes/Unity/MetalHelper.mm
[2784/3221  0s] CopyFiles /Users/lucas-furini/repos/checkout/unity/builds/ios/Classes/Unity/Logging.mm
[2785/3221  0s] CopyFiles /Users/lucas-furini/repos/checkout/unity/builds/ios/Classes/Unity/NoGraphicsHelper.mm
[2786/3221  0s] CopyFiles /Users/lucas-furini/repos/checkout/unity/builds/ios/Classes/Unity/IUnityPhysicsBackendSystem.h
[2787/3221  0s] CopyFiles /Users/lucas-furini/repos/checkout/unity/builds/ios/Classes/Unity/IUnityRenderingExtensions.h
[2788/3221  0s] CopyFiles /Users/lucas-furini/repos/checkout/unity/builds/ios/Classes/Unity/Logging.h
[2789/3221  0s] CopyFiles /Users/lucas-furini/repos/checkout/unity/builds/ios/Classes/Unity/IUnityProfiler.h
[2790/3221  0s] CopyFiles /Users/lucas-furini/repos/checkout/unity/builds/ios/Classes/Unity/IUnityProfilerCallbacks.h
[2791/3221  0s] CopyFiles /Users/lucas-furini/repos/checkout/unity/builds/ios/Classes/Unity/IUnityInterface.h
[2792/3221  0s] CopyFiles /Users/lucas-furini/repos/checkout/unity/builds/ios/Classes/Unity/IUnityMemoryManager.h
[2793/3221  0s] CopyFiles /Users/lucas-furini/repos/checkout/unity/builds/ios/Classes/Unity/IUnityLog.h
[2794/3221  0s] CopyFiles /Users/lucas-furini/repos/checkout/unity/builds/ios/Classes/Unity/IUnityGraphicsMetal.h
[2795/3221  0s] CopyFiles /Users/lucas-furini/repos/checkout/unity/builds/ios/Classes/Unity/Filesystem.mm
[2796/3221  0s] CopyFiles /Users/lucas-furini/repos/checkout/unity/builds/ios/Classes/Unity/IUnityGraphics.h
[2797/3221  0s] CopyFiles /Users/lucas-furini/repos/checkout/unity/builds/ios/Classes/Unity/FullScreenVideoPlayer.mm
[2798/3221  0s] CopyFiles /Users/lucas-furini/repos/checkout/unity/builds/ios/Classes/Unity/IUnityEventQueue.h
[2799/3221  0s] CopyFiles /Users/lucas-furini/repos/checkout/unity/builds/ios/Classes/Unity/DisplayManager.mm
[2800/3221  0s] CopyFiles /Users/lucas-furini/repos/checkout/unity/builds/ios/Classes/Unity/DeviceSettings.mm
[2801/3221  0s] CopyFiles /Users/lucas-furini/repos/checkout/unity/builds/ios/Classes/Unity/DisplayManager.h
[2802/3221  0s] CopyFiles /Users/lucas-furini/repos/checkout/unity/builds/ios/Classes/Unity/DeviceInfo.cpp
[2803/3221  0s] CopyFiles /Users/lucas-furini/repos/checkout/unity/builds/ios/Classes/Unity/CVTextureCache.mm
[2804/3221  0s] CopyFiles /Users/lucas-furini/repos/checkout/unity/builds/ios/Classes/Unity/CMVideoSampling.mm
[2805/3221  0s] CopyFiles /Users/lucas-furini/repos/checkout/unity/builds/ios/Classes/Unity/CVTextureCache.h
[2806/3221  0s] CopyFiles /Users/lucas-furini/repos/checkout/unity/builds/ios/Classes/Unity/CMVideoSampling.h
[2807/3221  0s] CopyFiles /Users/lucas-furini/repos/checkout/unity/builds/ios/Classes/Unity/AVCapture.mm
[2808/3221  0s] CopyFiles /Users/lucas-furini/repos/checkout/unity/builds/ios/Classes/Unity/CameraCapture.mm
[2809/3221  0s] CopyFiles /Users/lucas-furini/repos/checkout/unity/builds/ios/Classes/Unity/CameraCapture.h
[2810/3221  0s] CopyFiles /Users/lucas-furini/repos/checkout/unity/builds/ios/Classes/UI/UnityViewControllerBase+visionOS.mm
[2811/3221  0s] CopyFiles /Users/lucas-furini/repos/checkout/unity/builds/ios/Classes/Unity/AVCapture.h
[2812/3221  0s] CopyFiles /Users/lucas-furini/repos/checkout/unity/builds/ios/Classes/UI/UnityViewControllerBase.mm
[2813/3221  0s] CopyFiles /Users/lucas-furini/repos/checkout/unity/builds/ios/Classes/UI/UnityViewControllerBase.h
[2814/3221  0s] CopyFiles /Users/lucas-furini/repos/checkout/unity/builds/ios/Classes/UndefinePlatforms.h
[2815/3221  0s] CopyFiles /Users/lucas-furini/repos/checkout/unity/builds/ios/Classes/UI/UnityViewControllerBase+tvOS.mm
[2816/3221  0s] CopyFiles /Users/lucas-furini/repos/checkout/unity/builds/ios/Classes/UI/UnityViewControllerBase+tvOS.h
[2817/3221  0s] CopyFiles /Users/lucas-furini/repos/checkout/unity/builds/ios/Classes/UI/UnityViewControllerBase+visionOS.h
[2818/3221  0s] CopyFiles /Users/lucas-furini/repos/checkout/unity/builds/ios/Classes/UI/UnityView.mm
[2819/3221  0s] CopyFiles /Users/lucas-furini/repos/checkout/unity/builds/ios/Classes/UI/UnityViewControllerBase+iOS.mm
[2820/3221  0s] CopyFiles /Users/lucas-furini/repos/checkout/unity/builds/ios/Classes/UI/UnityViewControllerBase+iOS.h
[2821/3221  0s] CopyFiles /Users/lucas-furini/repos/checkout/unity/builds/ios/Classes/UI/UnityView+tvOS.mm
[2822/3221  0s] CopyFiles /Users/lucas-furini/repos/checkout/unity/builds/ios/Classes/UI/UnityView+Keyboard.mm
[2823/3221  0s] CopyFiles /Users/lucas-furini/repos/checkout/unity/builds/ios/Classes/UI/UnityView.h
[2824/3221  0s] CopyFiles /Users/lucas-furini/repos/checkout/unity/builds/ios/Classes/UI/UnityView+tvOS.h
[2825/3221  0s] CopyFiles /Users/lucas-furini/repos/checkout/unity/builds/ios/Classes/UI/UnityView+iOS.mm
[2826/3221  0s] CopyFiles /Users/lucas-furini/repos/checkout/unity/builds/ios/Classes/UI/UnityScene.mm
[2827/3221  0s] CopyFiles /Users/lucas-furini/repos/checkout/unity/builds/ios/Classes/UI/UnityView+iOS.h
[2828/3221  0s] CopyFiles /Users/lucas-furini/repos/checkout/unity/builds/ios/Classes/UI/UnityAppController+ViewHandling.mm
[2829/3221  0s] CopyFiles /Users/lucas-furini/repos/checkout/unity/builds/ios/Classes/UI/StoreReview.m
[2830/3221  0s] CopyFiles /Users/lucas-furini/repos/checkout/unity/builds/ios/Classes/UI/UnityScene.h
[2831/3221  0s] CopyFiles /Users/lucas-furini/repos/checkout/unity/builds/ios/Classes/UI/UnityAppController+ViewHandling.h
[2832/3221  0s] CopyFiles /Users/lucas-furini/repos/checkout/unity/builds/ios/Classes/UI/OrientationSupport.mm
[2833/3221  0s] CopyFiles /Users/lucas-furini/repos/checkout/unity/builds/ios/Classes/UI/OrientationSupport.h
[2834/3221  0s] CopyFiles /Users/lucas-furini/repos/checkout/unity/builds/ios/Classes/UI/KeyboardViews.h
[2835/3221  0s] CopyFiles /Users/lucas-furini/repos/checkout/unity/builds/ios/Classes/UI/KeyboardViews+iOS.mm
[2836/3221  0s] CopyFiles /Users/lucas-furini/repos/checkout/unity/builds/ios/Classes/UI/KeyboardViews+tvOS+visionOS.mm
[2837/3221  0s] CopyFiles /Users/lucas-furini/repos/checkout/unity/builds/ios/Classes/UI/KeyboardViews+iOS+Glass.mm
[2838/3221  0s] CopyFiles /Users/lucas-furini/repos/checkout/unity/builds/ios/Classes/UI/Keyboard.mm
[2839/3221  0s] CopyFiles /Users/lucas-furini/repos/checkout/unity/builds/ios/Classes/UI/KeyboardViews+tvOS+visionOS.h
[2840/3221  0s] CopyFiles /Users/lucas-furini/repos/checkout/unity/builds/ios/Classes/UI/KeyboardViews+iOS+Glass.h
[2841/3221  0s] CopyFiles /Users/lucas-furini/repos/checkout/unity/builds/ios/Classes/UI/KeyboardViews+iOS.h
[2842/3221  0s] CopyFiles /Users/lucas-furini/repos/checkout/unity/builds/ios/Classes/UI/ActivityIndicator.mm
[2843/3221  0s] CopyFiles /Users/lucas-furini/repos/checkout/unity/builds/ios/Classes/UI/Keyboard.h
[2844/3221  0s] CopyFiles /Users/lucas-furini/repos/checkout/unity/builds/ios/Classes/Prefix.pch
[2845/3221  0s] CopyFiles /Users/lucas-furini/repos/checkout/unity/builds/ios/Classes/RedefinePlatforms.h
[2846/3221  0s] CopyFiles /Users/lucas-furini/repos/checkout/unity/builds/ios/Classes/Quaternion4.h
[2847/3221  0s] CopyFiles /Users/lucas-furini/repos/checkout/unity/builds/ios/Classes/UI/ActivityIndicator.h
[2848/3221  0s] CopyFiles /Users/lucas-furini/repos/checkout/unity/builds/ios/Classes/PluginBase/UnityViewControllerListener.mm
[2849/3221  0s] CopyFiles /Users/lucas-furini/repos/checkout/unity/builds/ios/Classes/PluginBase/RenderPluginDelegate.mm
[2850/3221  0s] CopyFiles /Users/lucas-furini/repos/checkout/unity/builds/ios/Classes/PluginBase/LifeCycleListener.mm
[2851/3221  0s] CopyFiles /Users/lucas-furini/repos/checkout/unity/builds/ios/Classes/PluginBase/RenderPluginDelegate.h
[2852/3221  0s] CopyFiles /Users/lucas-furini/repos/checkout/unity/builds/ios/Classes/PluginBase/UnityViewControllerListener.h
[2853/3221  0s] CopyFiles /Users/lucas-furini/repos/checkout/unity/builds/ios/Classes/PluginBase/AppDelegateListener.mm
[2854/3221  0s] CopyFiles /Users/lucas-furini/repos/checkout/unity/builds/ios/Classes/PluginBase/LifeCycleListener.h
[2855/3221  0s] CopyFiles /Users/lucas-furini/repos/checkout/unity/builds/ios/Classes/PluginBase/AppDelegateListener.h
[2856/3221  0s] CopyFiles /Users/lucas-furini/repos/checkout/unity/builds/ios/Classes/main.mm
[2857/3221  0s] CopyFiles /Users/lucas-furini/repos/checkout/unity/builds/ios/Classes/iPhone_Sensors.mm
[2858/3221  0s] CopyFiles /Users/lucas-furini/repos/checkout/unity/builds/ios/Classes/iPhone_Sensors.h
[2859/3221  0s] CopyFiles /Users/lucas-furini/repos/checkout/unity/builds/ios/Classes/CrashReporter.mm
[2860/3221  0s] CopyFiles /Users/lucas-furini/repos/checkout/unity/builds/ios/Il2CppOutputProject/IL2CPP/libil2cpp/vm/Thread.h
[2861/3221  0s] CopyFiles /Users/lucas-furini/repos/checkout/unity/builds/ios/Il2CppOutputProject/IL2CPP/libil2cpp/vm/ThreadPoolMs.cpp
[2862/3221  0s] CopyFiles /Users/lucas-furini/repos/checkout/unity/builds/ios/Il2CppOutputProject/IL2CPP/libil2cpp/vm/ThreadPoolMs.h
[2863/3221  0s] CopyFiles /Users/lucas-furini/repos/checkout/unity/builds/ios/Il2CppOutputProject/IL2CPP/libil2cpp/vm/Type.h
[2864/3221  0s] CopyFiles /Users/lucas-furini/repos/checkout/unity/builds/ios/Il2CppOutputProject/IL2CPP/libil2cpp/vm/Type.cpp
[2865/3221  0s] CopyFiles /Users/lucas-furini/repos/checkout/unity/builds/ios/Il2CppOutputProject/IL2CPP/libil2cpp/vm/WaitHandle.cpp
[2866/3221  0s] CopyFiles /Users/lucas-furini/repos/checkout/unity/builds/ios/Il2CppOutputProject/IL2CPP/libil2cpp/vm/VisualizerHelpers.cpp
[2867/3221  0s] CopyFiles /Users/lucas-furini/repos/checkout/unity/builds/ios/Il2CppOutputProject/IL2CPP/libil2cpp/vm/WaitHandle.h
[2868/3221  0s] CopyFiles /Users/lucas-furini/repos/checkout/unity/builds/ios/Il2CppOutputProject/IL2CPP/libil2cpp/vm/WeakReference.h
[2869/3221  0s] CopyFiles /Users/lucas-furini/repos/checkout/unity/builds/ios/Il2CppOutputProject/IL2CPP/libil2cpp/vm/WeakReference.cpp
[2870/3221  0s] CopyFiles /Users/lucas-furini/repos/checkout/unity/builds/ios/Il2CppOutputProject/IL2CPP/libil2cpp/vm/WindowsRuntime.h
[2871/3221  0s] CopyFiles /Users/lucas-furini/repos/checkout/unity/builds/ios/Il2CppOutputProject/IL2CPP/libil2cpp/vm/WindowsRuntime.cpp
[2872/3221  0s] CopyFiles /Users/lucas-furini/repos/checkout/unity/builds/ios/Il2CppOutputProject/IL2CPP/libmono/config/config.h
[2873/3221  0s] CopyFiles /Users/lucas-furini/repos/checkout/unity/builds/ios/Il2CppOutputProject/IL2CPP/libmono/config/eglib-config.h
[2874/3221  0s] CopyFiles /Users/lucas-furini/repos/checkout/unity/builds/ios/Il2CppOutputProject/IL2CPP/libmono/config/eglib-config.hw
[2875/3221  0s] CopyFiles /Users/lucas-furini/repos/checkout/unity/builds/ios/Il2CppOutputProject/IL2CPP/libmono/config/il2cpp-config-mono-ios.h
[2876/3221  0s] CopyFiles /Users/lucas-furini/repos/checkout/unity/builds/ios/Il2CppOutputProject/IL2CPP/libmono/config/il2cpp-config-mono-android.h
[2877/3221  0s] CopyFiles /Users/lucas-furini/repos/checkout/unity/builds/ios/Il2CppOutputProject/IL2CPP/libmono/config/il2cpp-config-mono-web.h
[2878/3221  0s] CopyFiles /Users/lucas-furini/repos/checkout/unity/builds/ios/Il2CppOutputProject/IL2CPP/libmono/config/il2cpp-config-mono-linux.h
[2879/3221  0s] CopyFiles /Users/lucas-furini/repos/checkout/unity/builds/ios/Il2CppOutputProject/IL2CPP/libmono/config/il2cpp-config-mono-osx.h
[2880/3221  0s] CopyFiles /Users/lucas-furini/repos/checkout/unity/builds/ios/Il2CppOutputProject/IL2CPP/il2cpp_root
[2881/3221  0s] CopyFiles /Users/lucas-furini/repos/checkout/unity/builds/ios/Il2CppOutputProject/IL2CPP/BeeLocalCacheTool
[2882/3221  0s] CopyFiles /Users/lucas-furini/repos/checkout/unity/builds/ios/Il2CppOutputProject/IL2CPP/libmono/config/il2cpp-config-mono-win.h
[2883/3221  0s] CopyFiles /Users/lucas-furini/repos/checkout/unity/builds/ios/Il2CppOutputProject/IL2CPP/libmono/config/il2cpp-config-mono.h
[2884/3221  0s] WriteText /Users/lucas-furini/repos/checkout/unity/builds/ios/Libraries/Il2CppOptions.cpp
[2885/3221  0s] CopyFiles /Users/lucas-furini/repos/checkout/unity/builds/ios/LaunchScreen-iPhone.storyboard
[2886/3221  0s] WriteText /Users/lucas-furini/repos/checkout/unity/builds/ios/Libraries/RegisterFeatures.cpp
[2887/3221  0s] WriteText /Users/lucas-furini/repos/checkout/unity/builds/ios/Classes/Preprocessor.h
[2888/3221  0s] WriteText /Users/lucas-furini/repos/checkout/unity/builds/ios/Classes/CrashReporter.h
[2889/3221  0s] CopyFiles /Users/lucas-furini/repos/checkout/unity/builds/ios/Libraries/RegisterFeatures.h
[2890/3221  0s] CopyFiles /Users/lucas-furini/repos/checkout/unity/builds/ios/LaunchScreen-iPhoneLandscape.png
[2891/3221  0s] CopyFiles /Users/lucas-furini/repos/checkout/unity/builds/ios/LaunchScreen-iPhonePortrait.png
[2892/3221  0s] CopyFiles /Users/lucas-furini/repos/checkout/unity/builds/ios/LaunchScreen-iPad.storyboard
[2893/3221  0s] CopyFiles /Users/lucas-furini/repos/checkout/unity/builds/ios/LaunchScreen-iPad.png
[2894/3221  0s] WriteText /Users/lucas-furini/repos/checkout/unity/builds/ios/Info.plist
[2895/3221  0s] CopyFiles /Users/lucas-furini/repos/checkout/unity/builds/ios/Unity-iPhone/Images.xcassets/AppIcon.appiconset/Icon-iPad-167.png
[2896/3221  0s] CopyFiles /Users/lucas-furini/repos/checkout/unity/builds/ios/Unity-iPhone/Images.xcassets/AppIcon.appiconset/Icon-iPhone-180.png
[2897/3221  0s] CopyFiles /Users/lucas-furini/repos/checkout/unity/builds/ios/Unity-iPhone/Images.xcassets/AppIcon.appiconset/Icon-iPad-76.png
[2898/3221  0s] CopyFiles /Users/lucas-furini/repos/checkout/unity/builds/ios/Unity-iPhone/Images.xcassets/AppIcon.appiconset/Icon-iPhone-120.png
[2899/3221  0s] CopyFiles /Users/lucas-furini/repos/checkout/unity/builds/ios/Unity-iPhone/Images.xcassets/AppIcon.appiconset/Icon-iPad-152.png
[2900/3221  0s] WriteText /Users/lucas-furini/repos/checkout/unity/builds/ios/Unity-iPhone/Images.xcassets/AppIcon.appiconset/Contents.json
[2901/3221  0s] CopyFiles /Users/lucas-furini/repos/checkout/unity/builds/ios/Data/sharedassets0.assets.resS
[2902/3221  0s] WriteText /Users/lucas-furini/repos/checkout/unity/builds/ios/Unity-iPhone.xcodeproj/project.pbxproj
[2903/3221  0s] CopyFiles /Users/lucas-furini/repos/checkout/unity/builds/ios/Libraries/Plugins/iOS/NativeCallProxy.mm
[2904/3221  0s] CopyFiles /Users/lucas-furini/repos/checkout/unity/builds/ios/Data/sharedassets0.assets
[2905/3221  0s] CopyFiles /Users/lucas-furini/repos/checkout/unity/builds/ios/Libraries/Plugins/iOS/NativeCallProxy.h
[2906/3221  0s] Update Xcode Scheme /Users/lucas-furini/repos/checkout/unity/builds/ios/Unity-iPhone.xcodeproj/xcshareddata/xcschemes/Unity-iPhone.xcscheme
[2907/3221  0s] CopyFiles /Users/lucas-furini/repos/checkout/unity/builds/ios/Data/ScriptingAssemblies.json
[2908/3221  0s] CopyFiles /Users/lucas-furini/repos/checkout/unity/builds/ios/Data/Resources/unity_builtin_extra
[2909/3221  0s] CopyFiles /Users/lucas-furini/repos/checkout/unity/builds/ios/Data/resources.assets
[2910/3221  0s] CopyFiles /Users/lucas-furini/repos/checkout/unity/builds/ios/Data/globalgamemanagers.assets.resS
[2911/3221  0s] CopyFiles /Users/lucas-furini/repos/checkout/unity/builds/ios/Data/level0
[2912/3221  0s] CopyFiles /Users/lucas-furini/repos/checkout/unity/builds/ios/Data/RuntimeInitializeOnLoads.json
[2913/3221  0s] CopyFiles /Users/lucas-furini/repos/checkout/unity/builds/ios/Data/globalgamemanagers.assets
[2914/3221  0s] CopyFiles /Users/lucas-furini/repos/checkout/unity/builds/ios/Data/globalgamemanagers
[BUSY    1487s] UnityLinker /Users/lucas-furini/repos/checkout/unity/CheckoutSimulator/Library/Bee/artifacts/unitylinker_fi2v.traceevents
[2915/3221 12s] CopyFiles /Users/lucas-furini/repos/checkout/unity/builds/ios/Il2CppOutputProject/IL2CPP/build/deploy_arm64/System.Threading.Tasks.Dataflow.dll
[2916/3221 13s] CopyFiles /Users/lucas-furini/repos/checkout/unity/builds/ios/Il2CppOutputProject/IL2CPP/build/deploy_x86_64/Microsoft.CSharp.dll
[2917/3221 13s] CopyFiles /Users/lucas-furini/repos/checkout/unity/builds/ios/Il2CppOutputProject/IL2CPP/build/deploy_x86_64/Microsoft.VisualBasic.Core.dll
[2918/3221 13s] CopyFiles /Users/lucas-furini/repos/checkout/unity/builds/ios/Il2CppOutputProject/IL2CPP/build/deploy_arm64/System.Text.RegularExpressions.dll
[2919/3221 13s] CopyFiles /Users/lucas-furini/repos/checkout/unity/builds/ios/Il2CppOutputProject/IL2CPP/build/deploy_arm64/System.Text.Json.dll
[2920/3221 13s] CopyFiles /Users/lucas-furini/repos/checkout/unity/builds/ios/Il2CppOutputProject/IL2CPP/build/deploy_arm64/System.Security.Cryptography.dll
[2921/3221 1492s] UnityLinker /Users/lucas-furini/repos/checkout/unity/CheckoutSimulator/Library/Bee/artifacts/unitylinker_fi2v.traceevents
/Applications/Unity/Hub/Editor/6000.5.7f1/Unity.app/Contents/Resources/Scripting/il2cpp/build/deploy/UnityLinker --out=Library/Bee/artifacts/iOS/ManagedStripped --include-link-xml=/Users/lucas-furini/repos/checkout/unity/CheckoutSimulator/Library/Bee/artifacts/UnityLinkerInputs/TypesInScenes.xml --include-link-xml=/Users/lucas-furini/repos/checkout/unity/CheckoutSimulator/Library/Bee/artifacts/UnityLinkerInputs/SerializedTypes.xml --include-link-xml=/Applications/Unity/Hub/Editor/6000.5.7f1/PlaybackEngines/iOSSupport/il2cpp/ios_il2cpp_link.xml --include-directory=/Users/lucas-furini/repos/checkout/unity/CheckoutSimulator/Library/Bee/PlayerScriptAssemblies --include-directory=/Applications/Unity/Hub/Editor/6000.5.7f1/Unity.app/Contents/Resources/Scripting/BCLExtensions/runtime/netstandard2.1 --include-directory=/Applications/Unity/Hub/Editor/6000.5.7f1/Unity.app/Contents/Resources/Scripting/MonoBleedingEdge/lib/mono/unityaot-macos --include-directory=/Applications/Unity/Hub/Editor/6000.5.7f1/Unity.app/Contents/Resources/Scripting/MonoBleedingEdge/lib/mono/unityaot-macos/Facades --include-directory=/Applications/Unity/Hub/Editor/6000.5.7f1/PlaybackEngines/iOSSupport/Variations/il2cpp/Managed --include-directory=/Users/lucas-furini/repos/checkout/unity/CheckoutSimulator/Library/PackageCache/com.unity.nuget.newtonsoft-json@4dfd81071c64/Runtime/AOT --profiler-report --profiler-output-file=/Users/lucas-furini/repos/checkout/unity/CheckoutSimulator/Library/Bee/artifacts/unitylinker_fi2v.traceevents --dotnetprofile=unityaot-macos --dotnetruntime=Il2Cpp --architecture=Arm64 --platform=iOS --use-editor-options --enable-engine-module-stripping --engine-modules-asset-file=/Applications/Unity/Hub/Editor/6000.5.7f1/PlaybackEngines/iOSSupport/modules.asset --editor-data-file=/Users/lucas-furini/repos/checkout/unity/CheckoutSimulator/Library/Bee/artifacts/UnityLinkerInputs/EditorToUnityLinkerData.json --include-unity-root-assembly=/Users/lucas-furini/repos/checkout/unity/CheckoutSimulator/Library/Bee/PlayerScriptAssemblies/Assembly-CSharp.dll --include-unity-root-assembly=/Users/lucas-furini/repos/checkout/unity/CheckoutSimulator/Library/Bee/PlayerScriptAssemblies/UnityEngine.UI.dll --print-command-line --enable-analytics --allowed-assembly=/Applications/Unity/Hub/Editor/6000.5.7f1/Unity.app/Contents/Resources/Scripting/BCLExtensions/runtime/netstandard2.1/Microsoft.Bcl.AsyncInterfaces.dll --allowed-assembly=/Applications/Unity/Hub/Editor/6000.5.7f1/Unity.app/Contents/Resources/Scripting/BCLExtensions/runtime/netstandard2.1/Microsoft.Extensions.DependencyInjection.Abstractions.dll --allowed-assembly=/Applications/Unity/Hub/Editor/6000.5.7f1/Unity.app/Contents/Resources/Scripting/BCLExtensions/runtime/netstandard2.1/Microsoft.Extensions.Logging.Abstractions.dll --allowed-assembly=/Applications/Unity/Hub/Editor/6000.5.7f1/Unity.app/Contents/Resources/Scripting/BCLExtensions/runtime/netstandard2.1/System.Collections.Immutable.dll --allowed-assembly=/Applications/Unity/Hub/Editor/6000.5.7f1/Unity.app/Contents/Resources/Scripting/BCLExtensions/runtime/netstandard2.1/System.Diagnostics.DiagnosticSource.dll --allowed-assembly=/Applications/Unity/Hub/Editor/6000.5.7f1/Unity.app/Contents/Resources/Scripting/BCLExtensions/runtime/netstandard2.1/System.IO.Hashing.dll --allowed-assembly=/Applications/Unity/Hub/Editor/6000.5.7f1/Unity.app/Contents/Resources/Scripting/BCLExtensions/runtime/netstandard2.1/System.Reflection.Metadata.dll --allowed-assembly=/Applications/Unity/Hub/Editor/6000.5.7f1/Unity.app/Contents/Resources/Scripting/BCLExtensions/runtime/netstandard2.1/System.Runtime.CompilerServices.Unsafe.dll --allowed-assembly=/Applications/Unity/Hub/Editor/6000.5.7f1/Unity.app/Contents/Resources/Scripting/BCLExtensions/runtime/netstandard2.1/System.Text.Encodings.Web.dll --allowed-assembly=/Applications/Unity/Hub/Editor/6000.5.7f1/Unity.app/Contents/Resources/Scripting/BCLExtensions/runtime/netstandard2.1/System.Text.Json.dll --allowed-assembly=/Applications/Unity/Hub/Editor/6000.5.7f1/Unity.app/Contents/Resources/Scripting/MonoBleedingEdge/lib/mono/unityaot-macos/Accessibility.dll --allowed-assembly=/Applications/Unity/Hub/Editor/6000.5.7f1/Unity.app/Contents/Resources/Scripting/MonoBleedingEdge/lib/mono/unityaot-macos/I18N.CJK.dll --allowed-assembly=/Applications/Unity/Hub/Editor/6000.5.7f1/Unity.app/Contents/Resources/Scripting/MonoBleedingEdge/lib/mono/unityaot-macos/I18N.MidEast.dll --allowed-assembly=/Applications/Unity/Hub/Editor/6000.5.7f1/Unity.app/Contents/Resources/Scripting/MonoBleedingEdge/lib/mono/unityaot-macos/I18N.Other.dll --allowed-assembly=/Applications/Unity/Hub/Editor/6000.5.7f1/Unity.app/Contents/Resources/Scripting/MonoBleedingEdge/lib/mono/unityaot-macos/I18N.Rare.dll --allowed-assembly=/Applications/Unity/Hub/Editor/6000.5.7f1/Unity.app/Contents/Resources/Scripting/MonoBleedingEdge/lib/mono/unityaot-macos/I18N.West.dll --allowed-assembly=/Applications/Unity/Hub/Editor/6000.5.7f1/Unity.app/Contents/Resources/Scripting/MonoBleedingEdge/lib/mono/unityaot-macos/I18N.dll --allowed-assembly=/Applications/Unity/Hub/Editor/6000.5.7f1/Unity.app/Contents/Resources/Scripting/MonoBleedingEdge/lib/mono/unityaot-macos/Microsoft.CSharp.dll --allowed-assembly=/Applications/Unity/Hub/Editor/6000.5.7f1/Unity.app/Contents/Resources/Scripting/MonoBleedingEdge/lib/mono/unityaot-macos/Mono.Data.Sqlite.dll --allowed-assembly=/Applications/Unity/Hub/Editor/6000.5.7f1/Unity.app/Contents/Resources/Scripting/MonoBleedingEdge/lib/mono/unityaot-macos/Mono.Data.Tds.dll --allowed-assembly=/Applications/Unity/Hub/Editor/6000.5.7f1/Unity.app/Contents/Resources/Scripting/MonoBleedingEdge/lib/mono/unityaot-macos/Mono.Security.dll --allowed-assembly=/Applications/Unity/Hub/Editor/6000.5.7f1/Unity.app/Contents/Resources/Scripting/MonoBleedingEdge/lib/mono/unityaot-macos/System.ComponentModel.Composition.dll --allowed-assembly=/Applications/Unity/Hub/Editor/6000.5.7f1/Unity.app/Contents/Resources/Scripting/MonoBleedingEdge/lib/mono/unityaot-macos/System.ComponentModel.DataAnnotations.dll --allowed-assembly=/Applications/Unity/Hub/Editor/6000.5.7f1/Unity.app/Contents/Resources/Scripting/MonoBleedingEdge/lib/mono/unityaot-macos/System.Configuration.Install.dll --allowed-assembly=/Applications/Unity/Hub/Editor/6000.5.7f1/Unity.app/Contents/Resources/Scripting/MonoBleedingEdge/lib/mono/unityaot-macos/System.Configuration.dll --allowed-assembly=/Applications/Unity/Hub/Editor/6000.5.7f1/Unity.app/Contents/Resources/Scripting/MonoBleedingEdge/lib/mono/unityaot-macos/System.Core.dll --allowed-assembly=/Applications/Unity/Hub/Editor/6000.5.7f1/Unity.app/Contents/Resources/Scripting/MonoBleedingEdge/lib/mono/unityaot-macos/System.Data.DataSetExtensions.dll --allowed-assembly=/Applications/Unity/Hub/Editor/6000.5.7f1/Unity.app/Contents/Resources/Scripting/MonoBleedingEdge/lib/mono/unityaot-macos/System.Data.Entity.dll --allowed-assembly=/Applications/Unity/Hub/Editor/6000.5.7f1/Unity.app/Contents/Resources/Scripting/MonoBleedingEdge/lib/mono/unityaot-macos/System.Data.Linq.dll --allowed-assembly=/Applications/Unity/Hub/Editor/6000.5.7f1/Unity.app/Contents/Resources/Scripting/MonoBleedingEdge/lib/mono/unityaot-macos/System.Data.OracleClient.dll --allowed-assembly=/Applications/Unity/Hub/Editor/6000.5.7f1/Unity.app/Contents/Resources/Scripting/MonoBleedingEdge/lib/mono/unityaot-macos/System.Data.Services.Client.dll --allowed-assembly=/Applications/Unity/Hub/Editor/6000.5.7f1/Unity.app/Contents/Resources/Scripting/MonoBleedingEdge/lib/mono/unityaot-macos/System.Data.Services.dll --allowed-assembly=/Applications/Unity/Hub/Editor/6000.5.7f1/Unity.app/Contents/Resources/Scripting/MonoBleedingEdge/lib/mono/unityaot-macos/System.Data.dll --allowed-assembly=/Applications/Unity/Hub/Editor/6000.5.7f1/Unity.app/Contents/Resources/Scripting/MonoBleedingEdge/lib/mono/unityaot-macos/System.Design.dll --allowed-assembly=/Applications/Unity/Hub/Editor/6000.5.7f1/Unity.app/Contents/Resources/Scripting/MonoBleedingEdge/lib/mono/unityaot-macos/System.DirectoryServices.Protocols.dll --allowed-assembly=/Applications/Unity/Hub/Editor/6000.5.7f1/Unity.app/Contents/Resources/Scripting/MonoBleedingEdge/lib/mono/unityaot-macos/System.DirectoryServices.dll --allowed-assembly=/Applications/Unity/Hub/Editor/6000.5.7f1/Unity.app/Contents/Resources/Scripting/MonoBleedingEdge/lib/mono/unityaot-macos/System.Drawing.Design.dll --allowed-assembly=/Applications/Unity/Hub/Editor/6000.5.7f1/Unity.app/Contents/Resources/Scripting/MonoBleedingEdge/lib/mono/unityaot-macos/System.Drawing.dll --allowed-assembly=/Applications/Unity/Hub/Editor/6000.5.7f1/Unity.app/Contents/Resources/Scripting/MonoBleedingEdge/lib/mono/unityaot-macos/System.EnterpriseServices.dll --allowed-assembly=/Applications/Unity/Hub/Editor/6000.5.7f1/Unity.app/Contents/Resources/Scripting/MonoBleedingEdge/lib/mono/unityaot-macos/System.IO.Compression.FileSystem.dll --allowed-assembly=/Applications/Unity/Hub/Editor/6000.5.7f1/Unity.app/Contents/Resources/Scripting/MonoBleedingEdge/lib/mono/unityaot-macos/System.IO.Compression.dll --allowed-assembly=/Applications/Unity/Hub/Editor/6000.5.7f1/Unity.app/Contents/Resources/Scripting/MonoBleedingEdge/lib/mono/unityaot-macos/System.IdentityModel.Selectors.dll --allowed-assembly=/Applications/Unity/Hub/Editor/6000.5.7f1/Unity.app/Contents/Resources/Scripting/MonoBleedingEdge/lib/mono/unityaot-macos/System.IdentityModel.dll --allowed-assembly=/Applications/Unity/Hub/Editor/6000.5.7f1/Unity.app/Contents/Resources/Scripting/MonoBleedingEdge/lib/mono/unityaot-macos/System.Json.dll --allowed-assembly=/Applications/Unity/Hub/Editor/6000.5.7f1/Unity.app/Contents/Resources/Scripting/MonoBleedingEdge/lib/mono/unityaot-macos/System.Management.dll --allowed-assembly=/Applications/Unity/Hub/Editor/6000.5.7f1/Unity.app/Contents/Resources/Scripting/MonoBleedingEdge/lib/mono/unityaot-macos/System.Messaging.dll --allowed-assembly=/Applications/Unity/Hub/Editor/6000.5.7f1/Unity.app/Contents/Resources/Scripting/MonoBleedingEdge/lib/mono/unityaot-macos/System.Net.Http.WebRequest.dll --allowed-assembly=/Applications/Unity/Hub/Editor/6000.5.7f1/Unity.app/Contents/Resources/Scripting/MonoBleedingEdge/lib/mono/unityaot-macos/System.Net.Http.dll --allowed-assembly=/Applications/Unity/Hub/Editor/6000.5.7f1/Unity.app/Contents/Resources/Scripting/MonoBleedingEdge/lib/mono/unityaot-macos/System.Net.dll --allowed-assembly=/Applications/Unity/Hub/Editor/6000.5.7f1/Unity.app/Contents/Resources/Scripting/MonoBleedingEdge/lib/mono/unityaot-macos/System.Numerics.Vectors.dll --allowed-assembly=/Applications/Unity/Hub/Editor/6000.5.7f1/Unity.app/Contents/Resources/Scripting/MonoBleedingEdge/lib/mono/unityaot-macos/System.Numerics.dll --allowed-assembly=/Applications/Unity/Hub/Editor/6000.5.7f1/Unity.app/Contents/Resources/Scripting/MonoBleedingEdge/lib/mono/unityaot-macos/System.Reflection.Context.dll --allowed-assembly=/Applications/Unity/Hub/Editor/6000.5.7f1/Unity.app/Contents/Resources/Scripting/MonoBleedingEdge/lib/mono/unityaot-macos/System.Runtime.Caching.dll --allowed-assembly=/Applications/Unity/Hub/Editor/6000.5.7f1/Unity.app/Contents/Resources/Scripting/MonoBleedingEdge/lib/mono/unityaot-macos/System.Runtime.DurableInstancing.dll --allowed-assembly=/Applications/Unity/Hub/Editor/6000.5.7f1/Unity.app/Contents/Resources/Scripting/MonoBleedingEdge/lib/mono/unityaot-macos/System.Runtime.Remoting.dll --allowed-assembly=/Applications/Unity/Hub/Editor/6000.5.7f1/Unity.app/Contents/Resources/Scripting/MonoBleedingEdge/lib/mono/unityaot-macos/System.Runtime.Serialization.Formatters.Soap.dll --allowed-assembly=/Applications/Unity/Hub/Editor/6000.5.7f1/Unity.app/Contents/Resources/Scripting/MonoBleedingEdge/lib/mono/unityaot-macos/System.Runtime.Serialization.dll --allowed-assembly=/Applications/Unity/Hub/Editor/6000.5.7f1/Unity.app/Contents/Resources/Scripting/MonoBleedingEdge/lib/mono/unityaot-macos/System.Security.dll --allowed-assembly=/Applications/Unity/Hub/Editor/6000.5.7f1/Unity.app/Contents/Resources/Scripting/MonoBleedingEdge/lib/mono/unityaot-macos/System.ServiceModel.Activation.dll --allowed-assembly=/Applications/Unity/Hub/Editor/6000.5.7f1/Unity.app/Contents/Resources/Scripting/MonoBleedingEdge/lib/mono/unityaot-macos/System.ServiceModel.Discovery.dll --allowed-assembly=/Applications/Unity/Hub/Editor/6000.5.7f1/Unity.app/Contents/Resources/Scripting/MonoBleedingEdge/lib/mono/unityaot-macos/System.ServiceModel.Internals.dll --allowed-assembly=/Applications/Unity/Hub/Editor/6000.5.7f1/Unity.app/Contents/Resources/Scripting/MonoBleedingEdge/lib/mono/unityaot-macos/System.ServiceModel.Routing.dll --allowed-assembly=/Applications/Unity/Hub/Editor/6000.5.7f1/Unity.app/Contents/Resources/Scripting/MonoBleedingEdge/lib/mono/unityaot-macos/System.ServiceModel.Web.dll --allowed-assembly=/Applications/Unity/Hub/Editor/6000.5.7f1/Unity.app/Contents/Resources/Scripting/MonoBleedingEdge/lib/mono/unityaot-macos/System.ServiceModel.dll --allowed-assembly=/Applications/Unity/Hub/Editor/6000.5.7f1/Unity.app/Contents/Resources/Scripting/MonoBleedingEdge/lib/mono/unityaot-macos/System.ServiceProcess.dll --allowed-assembly=/Applications/Unity/Hub/Editor/6000.5.7f1/Unity.app/Contents/Resources/Scripting/MonoBleedingEdge/lib/mono/unityaot-macos/System.Transactions.dll --allowed-assembly=/Applications/Unity/Hub/Editor/6000.5.7f1/Unity.app/Contents/Resources/Scripting/MonoBleedingEdge/lib/mono/unityaot-macos/System.Web.ApplicationServices.dll --allowed-assembly=/Applications/Unity/Hub/Editor/6000.5.7f1/Unity.app/Contents/Resources/Scripting/MonoBleedingEdge/lib/mono/unityaot-macos/System.Web.DynamicData.dll --allowed-assembly=/Applications/Unity/Hub/Editor/6000.5.7f1/Unity.app/Contents/Resources/Scripting/MonoBleedingEdge/lib/mono/unityaot-macos/System.Web.Extensions.Design.dll --allowed-assembly=/Applications/Unity/Hub/Editor/6000.5.7f1/Unity.app/Contents/Resources/Scripting/MonoBleedingEdge/lib/mono/unityaot-macos/System.Web.Extensions.dll --allowed-assembly=/Applications/Unity/Hub/Editor/6000.5.7f1/Unity.app/Contents/Resources/Scripting/MonoBleedingEdge/lib/mono/unityaot-macos/System.Web.RegularExpressions.dll --allowed-assembly=/Applications/Unity/Hub/Editor/6000.5.7f1/Unity.app/Contents/Resources/Scripting/MonoBleedingEdge/lib/mono/unityaot-macos/System.Web.Services.dll --allowed-assembly=/Applications/Unity/Hub/Editor/6000.5.7f1/Unity.app/Contents/Resources/Scripting/MonoBleedingEdge/lib/mono/unityaot-macos/System.Web.dll --allowed-assembly=/Applications/Unity/Hub/Editor/6000.5.7f1/Unity.app/Contents/Resources/Scripting/MonoBleedingEdge/lib/mono/unityaot-macos/System.Windows.Forms.DataVisualization.dll --allowed-assembly=/Applications/Unity/Hub/Editor/6000.5.7f1/Unity.app/Contents/Resources/Scripting/MonoBleedingEdge/lib/mono/unityaot-macos/System.Windows.Forms.dll --allowed-assembly=/Applications/Unity/Hub/Editor/6000.5.7f1/Unity.app/Contents/Resources/Scripting/MonoBleedingEdge/lib/mono/unityaot-macos/System.Windows.dll --allowed-assembly=/Applications/Unity/Hub/Editor/6000.5.7f1/Unity.app/Contents/Resources/Scripting/MonoBleedingEdge/lib/mono/unityaot-macos/System.Xaml.dll --allowed-assembly=/Applications/Unity/Hub/Editor/6000.5.7f1/Unity.app/Contents/Resources/Scripting/MonoBleedingEdge/lib/mono/unityaot-macos/System.Xml.Linq.dll --allowed-assembly=/Applications/Unity/Hub/Editor/6000.5.7f1/Unity.app/Contents/Resources/Scripting/MonoBleedingEdge/lib/mono/unityaot-macos/System.Xml.Serialization.dll --allowed-assembly=/Applications/Unity/Hub/Editor/6000.5.7f1/Unity.app/Contents/Resources/Scripting/MonoBleedingEdge/lib/mono/unityaot-macos/System.Xml.dll --allowed-assembly=/Applications/Unity/Hub/Editor/6000.5.7f1/Unity.app/Contents/Resources/Scripting/MonoBleedingEdge/lib/mono/unityaot-macos/System.dll --allowed-assembly=/Applications/Unity/Hub/Editor/6000.5.7f1/Unity.app/Contents/Resources/Scripting/MonoBleedingEdge/lib/mono/unityaot-macos/mscorlib.dll --allowed-assembly=/Applications/Unity/Hub/Editor/6000.5.7f1/Unity.app/Contents/Resources/Scripting/MonoBleedingEdge/lib/mono/unityaot-macos/Facades/Microsoft.Win32.Primitives.dll --allowed-assembly=/Applications/Unity/Hub/Editor/6000.5.7f1/Unity.app/Contents/Resources/Scripting/MonoBleedingEdge/lib/mono/unityaot-macos/Facades/Microsoft.Win32.Registry.AccessControl.dll --allowed-assembly=/Applications/Unity/Hub/Editor/6000.5.7f1/Unity.app/Contents/Resources/Scripting/MonoBleedingEdge/lib/mono/unityaot-macos/Facades/Microsoft.Win32.Registry.dll --allowed-assembly=/Applications/Unity/Hub/Editor/6000.5.7f1/Unity.app/Contents/Resources/Scripting/MonoBleedingEdge/lib/mono/unityaot-macos/Facades/System.AppContext.dll --allowed-assembly=/Applications/Unity/Hub/Editor/6000.5.7f1/Unity.app/Contents/Resources/Scripting/MonoBleedingEdge/lib/mono/unityaot-macos/Facades/System.Buffers.dll --allowed-assembly=/Applications/Unity/Hub/Editor/6000.5.7f1/Unity.app/Contents/Resources/Scripting/MonoBleedingEdge/lib/mono/unityaot-macos/Facades/System.Collections.Concurrent.dll --allowed-assembly=/Applications/Unity/Hub/Editor/6000.5.7f1/Unity.app/Contents/Resources/Scripting/MonoBleedingEdge/lib/mono/unityaot-macos/Facades/System.Collections.NonGeneric.dll --allowed-assembly=/Applications/Unity/Hub/Editor/6000.5.7f1/Unity.app/Contents/Resources/Scripting/MonoBleedingEdge/lib/mono/unityaot-macos/Facades/System.Collections.Specialized.dll --allowed-assembly=/Applications/Unity/Hub/Editor/6000.5.7f1/Unity.app/Contents/Resources/Scripting/MonoBleedingEdge/lib/mono/unityaot-macos/Facades/System.Collections.dll --allowed-assembly=/Applications/Unity/Hub/Editor/6000.5.7f1/Unity.app/Contents/Resources/Scripting/MonoBleedingEdge/lib/mono/unityaot-macos/Facades/System.ComponentModel.Annotations.dll --allowed-assembly=/Applications/Unity/Hub/Editor/6000.5.7f1/Unity.app/Contents/Resources/Scripting/MonoBleedingEdge/lib/mono/unityaot-macos/Facades/System.ComponentModel.EventBasedAsync.dll --allowed-assembly=/Applications/Unity/Hub/Editor/6000.5.7f1/Unity.app/Contents/Resources/Scripting/MonoBleedingEdge/lib/mono/unityaot-macos/Facades/System.ComponentModel.Primitives.dll --allowed-assembly=/Applications/Unity/Hub/Editor/6000.5.7f1/Unity.app/Contents/Resources/Scripting/MonoBleedingEdge/lib/mono/unityaot-macos/Facades/System.ComponentModel.TypeConverter.dll --allowed-assembly=/Applications/Unity/Hub/Editor/6000.5.7f1/Unity.app/Contents/Resources/Scripting/MonoBleedingEdge/lib/mono/unityaot-macos/Facades/System.ComponentModel.dll --allowed-assembly=/Applications/Unity/Hub/Editor/6000.5.7f1/Unity.app/Contents/Resources/Scripting/MonoBleedingEdge/lib/mono/unityaot-macos/Facades/System.Console.dll --allowed-assembly=/Applications/Unity/Hub/Editor/6000.5.7f1/Unity.app/Contents/Resources/Scripting/MonoBleedingEdge/lib/mono/unityaot-macos/Facades/System.Data.Common.dll --allowed-assembly=/Applications/Unity/Hub/Editor/6000.5.7f1/Unity.app/Contents/Resources/Scripting/MonoBleedingEdge/lib/mono/unityaot-macos/Facades/System.Data.SqlClient.dll --allowed-assembly=/Applications/Unity/Hub/Editor/6000.5.7f1/Unity.app/Contents/Resources/Scripting/MonoBleedingEdge/lib/mono/unityaot-macos/Facades/System.Diagnostics.Contracts.dll --allowed-assembly=/Applications/Unity/Hub/Editor/6000.5.7f1/Unity.app/Contents/Resources/Scripting/MonoBleedingEdge/lib/mono/unityaot-macos/Facades/System.Diagnostics.Debug.dll --allowed-assembly=/Applications/Unity/Hub/Editor/6000.5.7f1/Unity.app/Contents/Resources/Scripting/MonoBleedingEdge/lib/mono/unityaot-macos/Facades/System.Diagnostics.FileVersionInfo.dll --allowed-assembly=/Applications/Unity/Hub/Editor/6000.5.7f1/Unity.app/Contents/Resources/Scripting/MonoBleedingEdge/lib/mono/unityaot-macos/Facades/System.Diagnostics.Process.dll --allowed-assembly=/Applications/Unity/Hub/Editor/6000.5.7f1/Unity.app/Contents/Resources/Scripting/MonoBleedingEdge/lib/mono/unityaot-macos/Facades/System.Diagnostics.StackTrace.dll --allowed-assembly=/Applications/Unity/Hub/Editor/6000.5.7f1/Unity.app/Contents/Resources/Scripting/MonoBleedingEdge/lib/mono/unityaot-macos/Facades/System.Diagnostics.TextWriterTraceListener.dll --allowed-assembly=/Applications/Unity/Hub/Editor/6000.5.7f1/Unity.app/Contents/Resources/Scripting/MonoBleedingEdge/lib/mono/unityaot-macos/Facades/System.Diagnostics.Tools.dll --allowed-assembly=/Applications/Unity/Hub/Editor/6000.5.7f1/Unity.app/Contents/Resources/Scripting/MonoBleedingEdge/lib/mono/unityaot-macos/Facades/System.Diagnostics.TraceEvent.dll --allowed-assembly=/Applications/Unity/Hub/Editor/6000.5.7f1/Unity.app/Contents/Resources/Scripting/MonoBleedingEdge/lib/mono/unityaot-macos/Facades/System.Diagnostics.TraceSource.dll --allowed-assembly=/Applications/Unity/Hub/Editor/6000.5.7f1/Unity.app/Contents/Resources/Scripting/MonoBleedingEdge/lib/mono/unityaot-macos/Facades/System.Diagnostics.Tracing.dll --allowed-assembly=/Applications/Unity/Hub/Editor/6000.5.7f1/Unity.app/Contents/Resources/Scripting/MonoBleedingEdge/lib/mono/unityaot-macos/Facades/System.Drawing.Primitives.dll --allowed-assembly=/Applications/Unity/Hub/Editor/6000.5.7f1/Unity.app/Contents/Resources/Scripting/MonoBleedingEdge/lib/mono/unityaot-macos/Facades/System.Dynamic.Runtime.dll --allowed-assembly=/Applications/Unity/Hub/Editor/6000.5.7f1/Unity.app/Contents/Resources/Scripting/MonoBleedingEdge/lib/mono/unityaot-macos/Facades/System.Globalization.Calendars.dll --allowed-assembly=/Applications/Unity/Hub/Editor/6000.5.7f1/Unity.app/Contents/Resources/Scripting/MonoBleedingEdge/lib/mono/unityaot-macos/Facades/System.Globalization.Extensions.dll --allowed-assembly=/Applications/Unity/Hub/Editor/6000.5.7f1/Unity.app/Contents/Resources/Scripting/MonoBleedingEdge/lib/mono/unityaot-macos/Facades/System.Globalization.dll --allowed-assembly=/Applications/Unity/Hub/Editor/6000.5.7f1/Unity.app/Contents/Resources/Scripting/MonoBleedingEdge/lib/mono/unityaot-macos/Facades/System.IO.Compression.ZipFile.dll --allowed-assembly=/Applications/Unity/Hub/Editor/6000.5.7f1/Unity.app/Contents/Resources/Scripting/MonoBleedingEdge/lib/mono/unityaot-macos/Facades/System.IO.FileSystem.AccessControl.dll --allowed-assembly=/Applications/Unity/Hub/Editor/6000.5.7f1/Unity.app/Contents/Resources/Scripting/MonoBleedingEdge/lib/mono/unityaot-macos/Facades/System.IO.FileSystem.DriveInfo.dll --allowed-assembly=/Applications/Unity/Hub/Editor/6000.5.7f1/Unity.app/Contents/Resources/Scripting/MonoBleedingEdge/lib/mono/unityaot-macos/Facades/System.IO.FileSystem.Primitives.dll --allowed-assembly=/Applications/Unity/Hub/Editor/6000.5.7f1/Unity.app/Contents/Resources/Scripting/MonoBleedingEdge/lib/mono/unityaot-macos/Facades/System.IO.FileSystem.Watcher.dll --allowed-assembly=/Applications/Unity/Hub/Editor/6000.5.7f1/Unity.app/Contents/Resources/Scripting/MonoBleedingEdge/lib/mono/unityaot-macos/Facades/System.IO.FileSystem.dll --allowed-assembly=/Applications/Unity/Hub/Editor/6000.5.7f1/Unity.app/Contents/Resources/Scripting/MonoBleedingEdge/lib/mono/unityaot-macos/Facades/System.IO.IsolatedStorage.dll --allowed-assembly=/Applications/Unity/Hub/Editor/6000.5.7f1/Unity.app/Contents/Resources/Scripting/MonoBleedingEdge/lib/mono/unityaot-macos/Facades/System.IO.MemoryMappedFiles.dll --allowed-assembly=/Applications/Unity/Hub/Editor/6000.5.7f1/Unity.app/Contents/Resources/Scripting/MonoBleedingEdge/lib/mono/unityaot-macos/Facades/System.IO.Pipes.dll --allowed-assembly=/Applications/Unity/Hub/Editor/6000.5.7f1/Unity.app/Contents/Resources/Scripting/MonoBleedingEdge/lib/mono/unityaot-macos/Facades/System.IO.UnmanagedMemoryStream.dll --allowed-assembly=/Applications/Unity/Hub/Editor/6000.5.7f1/Unity.app/Contents/Resources/Scripting/MonoBleedingEdge/lib/mono/unityaot-macos/Facades/System.IO.dll --allowed-assembly=/Applications/Unity/Hub/Editor/6000.5.7f1/Unity.app/Contents/Resources/Scripting/MonoBleedingEdge/lib/mono/unityaot-macos/Facades/System.Linq.Expressions.dll --allowed-assembly=/Applications/Unity/Hub/Editor/6000.5.7f1/Unity.app/Contents/Resources/Scripting/MonoBleedingEdge/lib/mono/unityaot-macos/Facades/System.Linq.Parallel.dll --allowed-assembly=/Applications/Unity/Hub/Editor/6000.5.7f1/Unity.app/Contents/Resources/Scripting/MonoBleedingEdge/lib/mono/unityaot-macos/Facades/System.Linq.Queryable.dll --allowed-assembly=/Applications/Unity/Hub/Editor/6000.5.7f1/Unity.app/Contents/Resources/Scripting/MonoBleedingEdge/lib/mono/unityaot-macos/Facades/System.Linq.dll --allowed-assembly=/Applications/Unity/Hub/Editor/6000.5.7f1/Unity.app/Contents/Resources/Scripting/MonoBleedingEdge/lib/mono/unityaot-macos/Facades/System.Memory.dll --allowed-assembly=/Applications/Unity/Hub/Editor/6000.5.7f1/Unity.app/Contents/Resources/Scripting/MonoBleedingEdge/lib/mono/unityaot-macos/Facades/System.Net.AuthenticationManager.dll --allowed-assembly=/Applications/Unity/Hub/Editor/6000.5.7f1/Unity.app/Contents/Resources/Scripting/MonoBleedingEdge/lib/mono/unityaot-macos/Facades/System.Net.Cache.dll --allowed-assembly=/Applications/Unity/Hub/Editor/6000.5.7f1/Unity.app/Contents/Resources/Scripting/MonoBleedingEdge/lib/mono/unityaot-macos/Facades/System.Net.HttpListener.dll --allowed-assembly=/Applications/Unity/Hub/Editor/6000.5.7f1/Unity.app/Contents/Resources/Scripting/MonoBleedingEdge/lib/mono/unityaot-macos/Facades/System.Net.Mail.dll --allowed-assembly=/Applications/Unity/Hub/Editor/6000.5.7f1/Unity.app/Contents/Resources/Scripting/MonoBleedingEdge/lib/mono/unityaot-macos/Facades/System.Net.NameResolution.dll --allowed-assembly=/Applications/Unity/Hub/Editor/6000.5.7f1/Unity.app/Contents/Resources/Scripting/MonoBleedingEdge/lib/mono/unityaot-macos/Facades/System.Net.NetworkInformation.dll --allowed-assembly=/Applications/Unity/Hub/Editor/6000.5.7f1/Unity.app/Contents/Resources/Scripting/MonoBleedingEdge/lib/mono/unityaot-macos/Facades/System.Net.Ping.dll --allowed-assembly=/Applications/Unity/Hub/Editor/6000.5.7f1/Unity.app/Contents/Resources/Scripting/MonoBleedingEdge/lib/mono/unityaot-macos/Facades/System.Net.Primitives.dll --allowed-assembly=/Applications/Unity/Hub/Editor/6000.5.7f1/Unity.app/Contents/Resources/Scripting/MonoBleedingEdge/lib/mono/unityaot-macos/Facades/System.Net.Requests.dll --allowed-assembly=/Applications/Unity/Hub/Editor/6000.5.7f1/Unity.app/Contents/Resources/Scripting/MonoBleedingEdge/lib/mono/unityaot-macos/Facades/System.Net.Security.dll --allowed-assembly=/Applications/Unity/Hub/Editor/6000.5.7f1/Unity.app/Contents/Resources/Scripting/MonoBleedingEdge/lib/mono/unityaot-macos/Facades/System.Net.ServicePoint.dll --allowed-assembly=/Applications/Unity/Hub/Editor/6000.5.7f1/Unity.app/Contents/Resources/Scripting/MonoBleedingEdge/lib/mono/unityaot-macos/Facades/System.Net.Sockets.dll --allowed-assembly=/Applications/Unity/Hub/Editor/6000.5.7f1/Unity.app/Contents/Resources/Scripting/MonoBleedingEdge/lib/mono/unityaot-macos/Facades/System.Net.Utilities.dll --allowed-assembly=/Applications/Unity/Hub/Editor/6000.5.7f1/Unity.app/Contents/Resources/Scripting/MonoBleedingEdge/lib/mono/unityaot-macos/Facades/System.Net.WebHeaderCollection.dll --allowed-assembly=/Applications/Unity/Hub/Editor/6000.5.7f1/Unity.app/Contents/Resources/Scripting/MonoBleedingEdge/lib/mono/unityaot-macos/Facades/System.Net.WebSockets.Client.dll --allowed-assembly=/Applications/Unity/Hub/Editor/6000.5.7f1/Unity.app/Contents/Resources/Scripting/MonoBleedingEdge/lib/mono/unityaot-macos/Facades/System.Net.WebSockets.dll --allowed-assembly=/Applications/Unity/Hub/Editor/6000.5.7f1/Unity.app/Contents/Resources/Scripting/MonoBleedingEdge/lib/mono/unityaot-macos/Facades/System.ObjectModel.dll --allowed-assembly=/Applications/Unity/Hub/Editor/6000.5.7f1/Unity.app/Contents/Resources/Scripting/MonoBleedingEdge/lib/mono/unityaot-macos/Facades/System.Reflection.DispatchProxy.dll --allowed-assembly=/Applications/Unity/Hub/Editor/6000.5.7f1/Unity.app/Contents/Resources/Scripting/MonoBleedingEdge/lib/mono/unityaot-macos/Facades/System.Reflection.Emit.ILGeneration.dll --allowed-assembly=/Applications/Unity/Hub/Editor/6000.5.7f1/Unity.app/Contents/Resources/Scripting/MonoBleedingEdge/lib/mono/unityaot-macos/Facades/System.Reflection.Emit.Lightweight.dll --allowed-assembly=/Applications/Unity/Hub/Editor/6000.5.7f1/Unity.app/Contents/Resources/Scripting/MonoBleedingEdge/lib/mono/unityaot-macos/Facades/System.Reflection.Emit.dll --allowed-assembly=/Applications/Unity/Hub/Editor/6000.5.7f1/Unity.app/Contents/Resources/Scripting/MonoBleedingEdge/lib/mono/unityaot-macos/Facades/System.Reflection.Extensions.dll --allowed-assembly=/Applications/Unity/Hub/Editor/6000.5.7f1/Unity.app/Contents/Resources/Scripting/MonoBleedingEdge/lib/mono/unityaot-macos/Facades/System.Reflection.Primitives.dll --allowed-assembly=/Applications/Unity/Hub/Editor/6000.5.7f1/Unity.app/Contents/Resources/Scripting/MonoBleedingEdge/lib/mono/unityaot-macos/Facades/System.Reflection.TypeExtensions.dll --allowed-assembly=/Applications/Unity/Hub/Editor/6000.5.7f1/Unity.app/Contents/Resources/Scripting/MonoBleedingEdge/lib/mono/unityaot-macos/Facades/System.Reflection.dll --allowed-assembly=/Applications/Unity/Hub/Editor/6000.5.7f1/Unity.app/Contents/Resources/Scripting/MonoBleedingEdge/lib/mono/unityaot-macos/Facades/System.Resources.Reader.dll --allowed-assembly=/Applications/Unity/Hub/Editor/6000.5.7f1/Unity.app/Contents/Resources/Scripting/MonoBleedingEdge/lib/mono/unityaot-macos/Facades/System.Resources.ReaderWriter.dll --allowed-assembly=/Applications/Unity/Hub/Editor/6000.5.7f1/Unity.app/Contents/Resources/Scripting/MonoBleedingEdge/lib/mono/unityaot-macos/Facades/System.Resources.ResourceManager.dll --allowed-assembly=/Applications/Unity/Hub/Editor/6000.5.7f1/Unity.app/Contents/Resources/Scripting/MonoBleedingEdge/lib/mono/unityaot-macos/Facades/System.Resources.Writer.dll --allowed-assembly=/Applications/Unity/Hub/Editor/6000.5.7f1/Unity.app/Contents/Resources/Scripting/MonoBleedingEdge/lib/mono/unityaot-macos/Facades/System.Runtime.CompilerServices.VisualC.dll --allowed-assembly=/Applications/Unity/Hub/Editor/6000.5.7f1/Unity.app/Contents/Resources/Scripting/MonoBleedingEdge/lib/mono/unityaot-macos/Facades/System.Runtime.Extensions.dll --allowed-assembly=/Applications/Unity/Hub/Editor/6000.5.7f1/Unity.app/Contents/Resources/Scripting/MonoBleedingEdge/lib/mono/unityaot-macos/Facades/System.Runtime.Handles.dll --allowed-assembly=/Applications/Unity/Hub/Editor/6000.5.7f1/Unity.app/Contents/Resources/Scripting/MonoBleedingEdge/lib/mono/unityaot-macos/Facades/System.Runtime.InteropServices.RuntimeInformation.dll --allowed-assembly=/Applications/Unity/Hub/Editor/6000.5.7f1/Unity.app/Contents/Resources/Scripting/MonoBleedingEdge/lib/mono/unityaot-macos/Facades/System.Runtime.InteropServices.WindowsRuntime.dll --allowed-assembly=/Applications/Unity/Hub/Editor/6000.5.7f1/Unity.app/Contents/Resources/Scripting/MonoBleedingEdge/lib/mono/unityaot-macos/Facades/System.Runtime.InteropServices.dll --allowed-assembly=/Applications/Unity/Hub/Editor/6000.5.7f1/Unity.app/Contents/Resources/Scripting/MonoBleedingEdge/lib/mono/unityaot-macos/Facades/System.Runtime.Loader.dll --allowed-assembly=/Applications/Unity/Hub/Editor/6000.5.7f1/Unity.app/Contents/Resources/Scripting/MonoBleedingEdge/lib/mono/unityaot-macos/Facades/System.Runtime.Numerics.dll --allowed-assembly=/Applications/Unity/Hub/Editor/6000.5.7f1/Unity.app/Contents/Resources/Scripting/MonoBleedingEdge/lib/mono/unityaot-macos/Facades/System.Runtime.Serialization.Formatters.dll --allowed-assembly=/Applications/Unity/Hub/Editor/6000.5.7f1/Unity.app/Contents/Resources/Scripting/MonoBleedingEdge/lib/mono/unityaot-macos/Facades/System.Runtime.Serialization.Json.dll --allowed-assembly=/Applications/Unity/Hub/Editor/6000.5.7f1/Unity.app/Contents/Resources/Scripting/MonoBleedingEdge/lib/mono/unityaot-macos/Facades/System.Runtime.Serialization.Primitives.dll --allowed-assembly=/Applications/Unity/Hub/Editor/6000.5.7f1/Unity.app/Contents/Resources/Scripting/MonoBleedingEdge/lib/mono/unityaot-macos/Facades/System.Runtime.Serialization.Xml.dll --allowed-assembly=/Applications/Unity/Hub/Editor/6000.5.7f1/Unity.app/Contents/Resources/Scripting/MonoBleedingEdge/lib/mono/unityaot-macos/Facades/System.Runtime.dll --allowed-assembly=/Applications/Unity/Hub/Editor/6000.5.7f1/Unity.app/Contents/Resources/Scripting/MonoBleedingEdge/lib/mono/unityaot-macos/Facades/System.Security.AccessControl.dll --allowed-assembly=/Applications/Unity/Hub/Editor/6000.5.7f1/Unity.app/Contents/Resources/Scripting/MonoBleedingEdge/lib/mono/unityaot-macos/Facades/System.Security.Claims.dll --allowed-assembly=/Applications/Unity/Hub/Editor/6000.5.7f1/Unity.app/Contents/Resources/Scripting/MonoBleedingEdge/lib/mono/unityaot-macos/Facades/System.Security.Cryptography.Algorithms.dll --allowed-assembly=/Applications/Unity/Hub/Editor/6000.5.7f1/Unity.app/Contents/Resources/Scripting/MonoBleedingEdge/lib/mono/unityaot-macos/Facades/System.Security.Cryptography.Cng.dll --allowed-assembly=/Applications/Unity/Hub/Editor/6000.5.7f1/Unity.app/Contents/Resources/Scripting/MonoBleedingEdge/lib/mono/unityaot-macos/Facades/System.Security.Cryptography.Csp.dll --allowed-assembly=/Applications/Unity/Hub/Editor/6000.5.7f1/Unity.app/Contents/Resources/Scripting/MonoBleedingEdge/lib/mono/unityaot-macos/Facades/System.Security.Cryptography.DeriveBytes.dll --allowed-assembly=/Applications/Unity/Hub/Editor/6000.5.7f1/Unity.app/Contents/Resources/Scripting/MonoBleedingEdge/lib/mono/unityaot-macos/Facades/System.Security.Cryptography.Encoding.dll --allowed-assembly=/Applications/Unity/Hub/Editor/6000.5.7f1/Unity.app/Contents/Resources/Scripting/MonoBleedingEdge/lib/mono/unityaot-macos/Facades/System.Security.Cryptography.Encryption.Aes.dll --allowed-assembly=/Applications/Unity/Hub/Editor/6000.5.7f1/Unity.app/Contents/Resources/Scripting/MonoBleedingEdge/lib/mono/unityaot-macos/Facades/System.Security.Cryptography.Encryption.ECDiffieHellman.dll --allowed-assembly=/Applications/Unity/Hub/Editor/6000.5.7f1/Unity.app/Contents/Resources/Scripting/MonoBleedingEdge/lib/mono/unityaot-macos/Facades/System.Security.Cryptography.Encryption.ECDsa.dll --allowed-assembly=/Applications/Unity/Hub/Editor/6000.5.7f1/Unity.app/Contents/Resources/Scripting/MonoBleedingEdge/lib/mono/unityaot-macos/Facades/System.Security.Cryptography.Encryption.dll --allowed-assembly=/Applications/Unity/Hub/Editor/6000.5.7f1/Unity.app/Contents/Resources/Scripting/MonoBleedingEdge/lib/mono/unityaot-macos/Facades/System.Security.Cryptography.Hashing.Algorithms.dll --allowed-assembly=/Applications/Unity/Hub/Editor/6000.5.7f1/Unity.app/Contents/Resources/Scripting/MonoBleedingEdge/lib/mono/unityaot-macos/Facades/System.Security.Cryptography.Hashing.dll --allowed-assembly=/Applications/Unity/Hub/Editor/6000.5.7f1/Unity.app/Contents/Resources/Scripting/MonoBleedingEdge/lib/mono/unityaot-macos/Facades/System.Security.Cryptography.OpenSsl.dll --allowed-assembly=/Applications/Unity/Hub/Editor/6000.5.7f1/Unity.app/Contents/Resources/Scripting/MonoBleedingEdge/lib/mono/unityaot-macos/Facades/System.Security.Cryptography.Pkcs.dll --allowed-assembly=/Applications/Unity/Hub/Editor/6000.5.7f1/Unity.app/Contents/Resources/Scripting/MonoBleedingEdge/lib/mono/unityaot-macos/Facades/System.Security.Cryptography.Primitives.dll --allowed-assembly=/Applications/Unity/Hub/Editor/6000.5.7f1/Unity.app/Contents/Resources/Scripting/MonoBleedingEdge/lib/mono/unityaot-macos/Facades/System.Security.Cryptography.ProtectedData.dll --allowed-assembly=/Applications/Unity/Hub/Editor/6000.5.7f1/Unity.app/Contents/Resources/Scripting/MonoBleedingEdge/lib/mono/unityaot-macos/Facades/System.Security.Cryptography.RSA.dll --allowed-assembly=/Applications/Unity/Hub/Editor/6000.5.7f1/Unity.app/Contents/Resources/Scripting/MonoBleedingEdge/lib/mono/unityaot-macos/Facades/System.Security.Cryptography.RandomNumberGenerator.dll --allowed-assembly=/Applications/Unity/Hub/Editor/6000.5.7f1/Unity.app/Contents/Resources/Scripting/MonoBleedingEdge/lib/mono/unityaot-macos/Facades/System.Security.Cryptography.X509Certificates.dll --allowed-assembly=/Applications/Unity/Hub/Editor/6000.5.7f1/Unity.app/Contents/Resources/Scripting/MonoBleedingEdge/lib/mono/unityaot-macos/Facades/System.Security.Principal.Windows.dll --allowed-assembly=/Applications/Unity/Hub/Editor/6000.5.7f1/Unity.app/Contents/Resources/Scripting/MonoBleedingEdge/lib/mono/unityaot-macos/Facades/System.Security.Principal.dll --allowed-assembly=/Applications/Unity/Hub/Editor/6000.5.7f1/Unity.app/Contents/Resources/Scripting/MonoBleedingEdge/lib/mono/unityaot-macos/Facades/System.Security.SecureString.dll --allowed-assembly=/Applications/Unity/Hub/Editor/6000.5.7f1/Unity.app/Contents/Resources/Scripting/MonoBleedingEdge/lib/mono/unityaot-macos/Facades/System.ServiceModel.Duplex.dll --allowed-assembly=/Applications/Unity/Hub/Editor/6000.5.7f1/Unity.app/Contents/Resources/Scripting/MonoBleedingEdge/lib/mono/unityaot-macos/Facades/System.ServiceModel.Http.dll --allowed-assembly=/Applications/Unity/Hub/Editor/6000.5.7f1/Unity.app/Contents/Resources/Scripting/MonoBleedingEdge/lib/mono/unityaot-macos/Facades/System.ServiceModel.NetTcp.dll --allowed-assembly=/Applications/Unity/Hub/Editor/6000.5.7f1/Unity.app/Contents/Resources/Scripting/MonoBleedingEdge/lib/mono/unityaot-macos/Facades/System.ServiceModel.Primitives.dll --allowed-assembly=/Applications/Unity/Hub/Editor/6000.5.7f1/Unity.app/Contents/Resources/Scripting/MonoBleedingEdge/lib/mono/unityaot-macos/Facades/System.ServiceModel.Security.dll --allowed-assembly=/Applications/Unity/Hub/Editor/6000.5.7f1/Unity.app/Contents/Resources/Scripting/MonoBleedingEdge/lib/mono/unityaot-macos/Facades/System.ServiceProcess.ServiceController.dll --allowed-assembly=/Applications/Unity/Hub/Editor/6000.5.7f1/Unity.app/Contents/Resources/Scripting/MonoBleedingEdge/lib/mono/unityaot-macos/Facades/System.Text.Encoding.CodePages.dll --allowed-assembly=/Applications/Unity/Hub/Editor/6000.5.7f1/Unity.app/Contents/Resources/Scripting/MonoBleedingEdge/lib/mono/unityaot-macos/Facades/System.Text.Encoding.Extensions.dll --allowed-assembly=/Applications/Unity/Hub/Editor/6000.5.7f1/Unity.app/Contents/Resources/Scripting/MonoBleedingEdge/lib/mono/unityaot-macos/Facades/System.Text.Encoding.dll --allowed-assembly=/Applications/Unity/Hub/Editor/6000.5.7f1/Unity.app/Contents/Resources/Scripting/MonoBleedingEdge/lib/mono/unityaot-macos/Facades/System.Text.RegularExpressions.dll --allowed-assembly=/Applications/Unity/Hub/Editor/6000.5.7f1/Unity.app/Contents/Resources/Scripting/MonoBleedingEdge/lib/mono/unityaot-macos/Facades/System.Threading.AccessControl.dll --allowed-assembly=/Applications/Unity/Hub/Editor/6000.5.7f1/Unity.app/Contents/Resources/Scripting/MonoBleedingEdge/lib/mono/unityaot-macos/Facades/System.Threading.Overlapped.dll --allowed-assembly=/Applications/Unity/Hub/Editor/6000.5.7f1/Unity.app/Contents/Resources/Scripting/MonoBleedingEdge/lib/mono/unityaot-macos/Facades/System.Threading.Tasks.Extensions.dll --allowed-assembly=/Applications/Unity/Hub/Editor/6000.5.7f1/Unity.app/Contents/Resources/Scripting/MonoBleedingEdge/lib/mono/unityaot-macos/Facades/System.Threading.Tasks.Parallel.dll --allowed-assembly=/Applications/Unity/Hub/Editor/6000.5.7f1/Unity.app/Contents/Resources/Scripting/MonoBleedingEdge/lib/mono/unityaot-macos/Facades/System.Threading.Tasks.dll --allowed-assembly=/Applications/Unity/Hub/Editor/6000.5.7f1/Unity.app/Contents/Resources/Scripting/MonoBleedingEdge/lib/mono/unityaot-macos/Facades/System.Threading.Thread.dll --allowed-assembly=/Applications/Unity/Hub/Editor/6000.5.7f1/Unity.app/Contents/Resources/Scripting/MonoBleedingEdge/lib/mono/unityaot-macos/Facades/System.Threading.ThreadPool.dll --allowed-assembly=/Applications/Unity/Hub/Editor/6000.5.7f1/Unity.app/Contents/Resources/Scripting/MonoBleedingEdge/lib/mono/unityaot-macos/Facades/System.Threading.Timer.dll --allowed-assembly=/Applications/Unity/Hub/Editor/6000.5.7f1/Unity.app/Contents/Resources/Scripting/MonoBleedingEdge/lib/mono/unityaot-macos/Facades/System.Threading.dll --allowed-assembly=/Applications/Unity/Hub/Editor/6000.5.7f1/Unity.app/Contents/Resources/Scripting/MonoBleedingEdge/lib/mono/unityaot-macos/Facades/System.ValueTuple.dll --allowed-assembly=/Applications/Unity/Hub/Editor/6000.5.7f1/Unity.app/Contents/Resources/Scripting/MonoBleedingEdge/lib/mono/unityaot-macos/Facades/System.Xml.ReaderWriter.dll --allowed-assembly=/Applications/Unity/Hub/Editor/6000.5.7f1/Unity.app/Contents/Resources/Scripting/MonoBleedingEdge/lib/mono/unityaot-macos/Facades/System.Xml.XDocument.dll --allowed-assembly=/Applications/Unity/Hub/Editor/6000.5.7f1/Unity.app/Contents/Resources/Scripting/MonoBleedingEdge/lib/mono/unityaot-macos/Facades/System.Xml.XPath.XDocument.dll --allowed-assembly=/Applications/Unity/Hub/Editor/6000.5.7f1/Unity.app/Contents/Resources/Scripting/MonoBleedingEdge/lib/mono/unityaot-macos/Facades/System.Xml.XPath.XmlDocument.dll --allowed-assembly=/Applications/Unity/Hub/Editor/6000.5.7f1/Unity.app/Contents/Resources/Scripting/MonoBleedingEdge/lib/mono/unityaot-macos/Facades/System.Xml.XPath.dll --allowed-assembly=/Applications/Unity/Hub/Editor/6000.5.7f1/Unity.app/Contents/Resources/Scripting/MonoBleedingEdge/lib/mono/unityaot-macos/Facades/System.Xml.XmlDocument.dll --allowed-assembly=/Applications/Unity/Hub/Editor/6000.5.7f1/Unity.app/Contents/Resources/Scripting/MonoBleedingEdge/lib/mono/unityaot-macos/Facades/System.Xml.XmlSerializer.dll --allowed-assembly=/Applications/Unity/Hub/Editor/6000.5.7f1/Unity.app/Contents/Resources/Scripting/MonoBleedingEdge/lib/mono/unityaot-macos/Facades/System.Xml.Xsl.Primitives.dll --allowed-assembly=/Applications/Unity/Hub/Editor/6000.5.7f1/Unity.app/Contents/Resources/Scripting/MonoBleedingEdge/lib/mono/unityaot-macos/Facades/netstandard.dll --allowed-assembly=/Applications/Unity/Hub/Editor/6000.5.7f1/PlaybackEngines/iOSSupport/Variations/il2cpp/Managed/Unity.Scripting.dll --allowed-assembly=/Applications/Unity/Hub/Editor/6000.5.7f1/PlaybackEngines/iOSSupport/Variations/il2cpp/Managed/UnityEngine.AIModule.dll --allowed-assembly=/Applications/Unity/Hub/Editor/6000.5.7f1/PlaybackEngines/iOSSupport/Variations/il2cpp/Managed/UnityEngine.ARModule.dll --allowed-assembly=/Applications/Unity/Hub/Editor/6000.5.7f1/PlaybackEngines/iOSSupport/Variations/il2cpp/Managed/UnityEngine.AccessibilityModule.dll --allowed-assembly=/Applications/Unity/Hub/Editor/6000.5.7f1/PlaybackEngines/iOSSupport/Variations/il2cpp/Managed/UnityEngine.AdaptivePerformanceModule.dll --allowed-assembly=/Applications/Unity/Hub/Editor/6000.5.7f1/PlaybackEngines/iOSSupport/Variations/il2cpp/Managed/UnityEngine.AndroidJNIModule.dll --allowed-assembly=/Applications/Unity/Hub/Editor/6000.5.7f1/PlaybackEngines/iOSSupport/Variations/il2cpp/Managed/UnityEngine.AnimationModule.dll --allowed-assembly=/Applications/Unity/Hub/Editor/6000.5.7f1/PlaybackEngines/iOSSupport/Variations/il2cpp/Managed/UnityEngine.AssetBundleModule.dll --allowed-assembly=/Applications/Unity/Hub/Editor/6000.5.7f1/PlaybackEngines/iOSSupport/Variations/il2cpp/Managed/UnityEngine.AudioModule.dll --allowed-assembly=/Applications/Unity/Hub/Editor/6000.5.7f1/PlaybackEngines/iOSSupport/Variations/il2cpp/Managed/UnityEngine.ClothModule.dll --allowed-assembly=/Applications/Unity/Hub/Editor/6000.5.7f1/PlaybackEngines/iOSSupport/Variations/il2cpp/Managed/UnityEngine.ContentLoadModule.dll --allowed-assembly=/Applications/Unity/Hub/Editor/6000.5.7f1/PlaybackEngines/iOSSupport/Variations/il2cpp/Managed/UnityEngine.CoreModule.dll --allowed-assembly=/Applications/Unity/Hub/Editor/6000.5.7f1/PlaybackEngines/iOSSupport/Variations/il2cpp/Managed/UnityEngine.CrashReportingModule.dll --allowed-assembly=/Applications/Unity/Hub/Editor/6000.5.7f1/PlaybackEngines/iOSSupport/Variations/il2cpp/Managed/UnityEngine.DSPGraphModule.dll --allowed-assembly=/Applications/Unity/Hub/Editor/6000.5.7f1/PlaybackEngines/iOSSupport/Variations/il2cpp/Managed/UnityEngine.DirectorModule.dll --allowed-assembly=/Applications/Unity/Hub/Editor/6000.5.7f1/PlaybackEngines/iOSSupport/Variations/il2cpp/Managed/UnityEngine.GIModule.dll --allowed-assembly=/Applications/Unity/Hub/Editor/6000.5.7f1/PlaybackEngines/iOSSupport/Variations/il2cpp/Managed/UnityEngine.GameCenterModule.dll --allowed-assembly=/Applications/Unity/Hub/Editor/6000.5.7f1/PlaybackEngines/iOSSupport/Variations/il2cpp/Managed/UnityEngine.GraphicsStateCollectionSerializerModule.dll --allowed-assembly=/Applications/Unity/Hub/Editor/6000.5.7f1/PlaybackEngines/iOSSupport/Variations/il2cpp/Managed/UnityEngine.GridModule.dll --allowed-assembly=/Applications/Unity/Hub/Editor/6000.5.7f1/PlaybackEngines/iOSSupport/Variations/il2cpp/Managed/UnityEngine.HierarchyCoreModule.dll --allowed-assembly=/Applications/Unity/Hub/Editor/6000.5.7f1/PlaybackEngines/iOSSupport/Variations/il2cpp/Managed/UnityEngine.HierarchyModule.dll --allowed-assembly=/Applications/Unity/Hub/Editor/6000.5.7f1/PlaybackEngines/iOSSupport/Variations/il2cpp/Managed/UnityEngine.HotReloadModule.dll --allowed-assembly=/Applications/Unity/Hub/Editor/6000.5.7f1/PlaybackEngines/iOSSupport/Variations/il2cpp/Managed/UnityEngine.IMGUIModule.dll --allowed-assembly=/Applications/Unity/Hub/Editor/6000.5.7f1/PlaybackEngines/iOSSupport/Variations/il2cpp/Managed/UnityEngine.IdentifiersModule.dll --allowed-assembly=/Applications/Unity/Hub/Editor/6000.5.7f1/PlaybackEngines/iOSSupport/Variations/il2cpp/Managed/UnityEngine.ImageConversionModule.dll --allowed-assembly=/Applications/Unity/Hub/Editor/6000.5.7f1/PlaybackEngines/iOSSupport/Variations/il2cpp/Managed/UnityEngine.InputForUIModule.dll --allowed-assembly=/Applications/Unity/Hub/Editor/6000.5.7f1/PlaybackEngines/iOSSupport/Variations/il2cpp/Managed/UnityEngine.InputLegacyModule.dll --allowed-assembly=/Applications/Unity/Hub/Editor/6000.5.7f1/PlaybackEngines/iOSSupport/Variations/il2cpp/Managed/UnityEngine.InputModule.dll --allowed-assembly=/Applications/Unity/Hub/Editor/6000.5.7f1/PlaybackEngines/iOSSupport/Variations/il2cpp/Managed/UnityEngine.InsightsModule.dll --allowed-assembly=/Applications/Unity/Hub/Editor/6000.5.7f1/PlaybackEngines/iOSSupport/Variations/il2cpp/Managed/UnityEngine.JSONSerializeModule.dll --allowed-assembly=/Applications/Unity/Hub/Editor/6000.5.7f1/PlaybackEngines/iOSSupport/Variations/il2cpp/Managed/UnityEngine.LocalizationModule.dll --allowed-assembly=/Applications/Unity/Hub/Editor/6000.5.7f1/PlaybackEngines/iOSSupport/Variations/il2cpp/Managed/UnityEngine.MarshallingModule.dll --allowed-assembly=/Applications/Unity/Hub/Editor/6000.5.7f1/PlaybackEngines/iOSSupport/Variations/il2cpp/Managed/UnityEngine.MathematicsModule.dll --allowed-assembly=/Applications/Unity/Hub/Editor/6000.5.7f1/PlaybackEngines/iOSSupport/Variations/il2cpp/Managed/UnityEngine.MultiplayerModule.dll --allowed-assembly=/Applications/Unity/Hub/Editor/6000.5.7f1/PlaybackEngines/iOSSupport/Variations/il2cpp/Managed/UnityEngine.ParticleSystemModule.dll --allowed-assembly=/Applications/Unity/Hub/Editor/6000.5.7f1/PlaybackEngines/iOSSupport/Variations/il2cpp/Managed/UnityEngine.PerformanceReportingModule.dll --allowed-assembly=/Applications/Unity/Hub/Editor/6000.5.7f1/PlaybackEngines/iOSSupport/Variations/il2cpp/Managed/UnityEngine.Physics2DModule.dll --allowed-assembly=/Applications/Unity/Hub/Editor/6000.5.7f1/PlaybackEngines/iOSSupport/Variations/il2cpp/Managed/UnityEngine.PhysicsBackendPhysXModule.dll --allowed-assembly=/Applications/Unity/Hub/Editor/6000.5.7f1/PlaybackEngines/iOSSupport/Variations/il2cpp/Managed/UnityEngine.PhysicsCore2DModule.dll --allowed-assembly=/Applications/Unity/Hub/Editor/6000.5.7f1/PlaybackEngines/iOSSupport/Variations/il2cpp/Managed/UnityEngine.PhysicsModule.dll --allowed-assembly=/Applications/Unity/Hub/Editor/6000.5.7f1/PlaybackEngines/iOSSupport/Variations/il2cpp/Managed/UnityEngine.PropertiesModule.dll --allowed-assembly=/Applications/Unity/Hub/Editor/6000.5.7f1/PlaybackEngines/iOSSupport/Variations/il2cpp/Managed/UnityEngine.RenderAs2DModule.dll --allowed-assembly=/Applications/Unity/Hub/Editor/6000.5.7f1/PlaybackEngines/iOSSupport/Variations/il2cpp/Managed/UnityEngine.RuntimeInitializeOnLoadManagerInitializerModule.dll --allowed-assembly=/Applications/Unity/Hub/Editor/6000.5.7f1/PlaybackEngines/iOSSupport/Variations/il2cpp/Managed/UnityEngine.ScreenCaptureModule.dll --allowed-assembly=/Applications/Unity/Hub/Editor/6000.5.7f1/PlaybackEngines/iOSSupport/Variations/il2cpp/Managed/UnityEngine.ScriptingModule.dll --allowed-assembly=/Applications/Unity/Hub/Editor/6000.5.7f1/PlaybackEngines/iOSSupport/Variations/il2cpp/Managed/UnityEngine.ShaderVariantAnalyticsModule.dll --allowed-assembly=/Applications/Unity/Hub/Editor/6000.5.7f1/PlaybackEngines/iOSSupport/Variations/il2cpp/Managed/UnityEngine.SharedInternalsModule.dll --allowed-assembly=/Applications/Unity/Hub/Editor/6000.5.7f1/PlaybackEngines/iOSSupport/Variations/il2cpp/Managed/UnityEngine.SpriteMaskModule.dll --allowed-assembly=/Applications/Unity/Hub/Editor/6000.5.7f1/PlaybackEngines/iOSSupport/Variations/il2cpp/Managed/UnityEngine.SpriteShapeModule.dll --allowed-assembly=/Applications/Unity/Hub/Editor/6000.5.7f1/PlaybackEngines/iOSSupport/Variations/il2cpp/Managed/UnityEngine.StreamingModule.dll --allowed-assembly=/Applications/Unity/Hub/Editor/6000.5.7f1/PlaybackEngines/iOSSupport/Variations/il2cpp/Managed/UnityEngine.SubstanceModule.dll --allowed-assembly=/Applications/Unity/Hub/Editor/6000.5.7f1/PlaybackEngines/iOSSupport/Variations/il2cpp/Managed/UnityEngine.SubsystemsModule.dll --allowed-assembly=/Applications/Unity/Hub/Editor/6000.5.7f1/PlaybackEngines/iOSSupport/Variations/il2cpp/Managed/UnityEngine.TLSModule.dll --allowed-assembly=/Applications/Unity/Hub/Editor/6000.5.7f1/PlaybackEngines/iOSSupport/Variations/il2cpp/Managed/UnityEngine.TerrainModule.dll --allowed-assembly=/Applications/Unity/Hub/Editor/6000.5.7f1/PlaybackEngines/iOSSupport/Variations/il2cpp/Managed/UnityEngine.TerrainPhysicsModule.dll --allowed-assembly=/Applications/Unity/Hub/Editor/6000.5.7f1/PlaybackEngines/iOSSupport/Variations/il2cpp/Managed/UnityEngine.TextCoreFontEngineModule.dll --allowed-assembly=/Applications/Unity/Hub/Editor/6000.5.7f1/PlaybackEngines/iOSSupport/Variations/il2cpp/Managed/UnityEngine.TextCoreTextEngineModule.dll --allowed-assembly=/Applications/Unity/Hub/Editor/6000.5.7f1/PlaybackEngines/iOSSupport/Variations/il2cpp/Managed/UnityEngine.TextRenderingModule.dll --allowed-assembly=/Applications/Unity/Hub/Editor/6000.5.7f1/PlaybackEngines/iOSSupport/Variations/il2cpp/Managed/UnityEngine.TilemapModule.dll --allowed-assembly=/Applications/Unity/Hub/Editor/6000.5.7f1/PlaybackEngines/iOSSupport/Variations/il2cpp/Managed/UnityEngine.U2DRuntimeModule.dll --allowed-assembly=/Applications/Unity/Hub/Editor/6000.5.7f1/PlaybackEngines/iOSSupport/Variations/il2cpp/Managed/UnityEngine.UIElementsModule.dll --allowed-assembly=/Applications/Unity/Hub/Editor/6000.5.7f1/PlaybackEngines/iOSSupport/Variations/il2cpp/Managed/UnityEngine.UIModule.dll --allowed-assembly=/Applications/Unity/Hub/Editor/6000.5.7f1/PlaybackEngines/iOSSupport/Variations/il2cpp/Managed/UnityEngine.UmbraModule.dll --allowed-assembly=/Applications/Unity/Hub/Editor/6000.5.7f1/PlaybackEngines/iOSSupport/Variations/il2cpp/Managed/UnityEngine.UnityAnalyticsCommonModule.dll --allowed-assembly=/Applications/Unity/Hub/Editor/6000.5.7f1/PlaybackEngines/iOSSupport/Variations/il2cpp/Managed/UnityEngine.UnityAnalyticsModule.dll --allowed-assembly=/Applications/Unity/Hub/Editor/6000.5.7f1/PlaybackEngines/iOSSupport/Variations/il2cpp/Managed/UnityEngine.UnityConnectModule.dll --allowed-assembly=/Applications/Unity/Hub/Editor/6000.5.7f1/PlaybackEngines/iOSSupport/Variations/il2cpp/Managed/UnityEngine.UnityConsentModule.dll --allowed-assembly=/Applications/Unity/Hub/Editor/6000.5.7f1/PlaybackEngines/iOSSupport/Variations/il2cpp/Managed/UnityEngine.UnityCurlModule.dll --allowed-assembly=/Applications/Unity/Hub/Editor/6000.5.7f1/PlaybackEngines/iOSSupport/Variations/il2cpp/Managed/UnityEngine.UnityWebRequestAssetBundleModule.dll --allowed-assembly=/Applications/Unity/Hub/Editor/6000.5.7f1/PlaybackEngines/iOSSupport/Variations/il2cpp/Managed/UnityEngine.UnityWebRequestAudioModule.dll --allowed-assembly=/Applications/Unity/Hub/Editor/6000.5.7f1/PlaybackEngines/iOSSupport/Variations/il2cpp/Managed/UnityEngine.UnityWebRequestModule.dll --allowed-assembly=/Applications/Unity/Hub/Editor/6000.5.7f1/PlaybackEngines/iOSSupport/Variations/il2cpp/Managed/UnityEngine.UnityWebRequestTextureModule.dll --allowed-assembly=/Applications/Unity/Hub/Editor/6000.5.7f1/PlaybackEngines/iOSSupport/Variations/il2cpp/Managed/UnityEngine.UnityWebRequestWWWModule.dll --allowed-assembly=/Applications/Unity/Hub/Editor/6000.5.7f1/PlaybackEngines/iOSSupport/Variations/il2cpp/Managed/UnityEngine.VFXModule.dll --allowed-assembly=/Applications/Unity/Hub/Editor/6000.5.7f1/PlaybackEngines/iOSSupport/Variations/il2cpp/Managed/UnityEngine.VectorGraphicsModule.dll --allowed-assembly=/Applications/Unity/Hub/Editor/6000.5.7f1/PlaybackEngines/iOSSupport/Variations/il2cpp/Managed/UnityEngine.VehiclesModule.dll --allowed-assembly=/Applications/Unity/Hub/Editor/6000.5.7f1/PlaybackEngines/iOSSupport/Variations/il2cpp/Managed/UnityEngine.VideoModule.dll --allowed-assembly=/Applications/Unity/Hub/Editor/6000.5.7f1/PlaybackEngines/iOSSupport/Variations/il2cpp/Managed/UnityEngine.WindModule.dll --allowed-assembly=/Applications/Unity/Hub/Editor/6000.5.7f1/PlaybackEngines/iOSSupport/Variations/il2cpp/Managed/UnityEngine.XRModule.dll --allowed-assembly=/Applications/Unity/Hub/Editor/6000.5.7f1/PlaybackEngines/iOSSupport/Variations/il2cpp/Managed/UnityEngine.dll --allowed-assembly=/Users/lucas-furini/repos/checkout/unity/CheckoutSimulator/Library/Bee/PlayerScriptAssemblies/Assembly-CSharp.dll --allowed-assembly=/Users/lucas-furini/repos/checkout/unity/CheckoutSimulator/Library/Bee/PlayerScriptAssemblies/Unity.2D.Tilemap.Extras.dll --allowed-assembly=/Users/lucas-furini/repos/checkout/unity/CheckoutSimulator/Library/Bee/PlayerScriptAssemblies/Unity.AI.MCP.Runtime.dll --allowed-assembly=/Users/lucas-furini/repos/checkout/unity/CheckoutSimulator/Library/Bee/PlayerScriptAssemblies/Unity.AI.Tracing.dll --allowed-assembly=/Users/lucas-furini/repos/checkout/unity/CheckoutSimulator/Library/Bee/PlayerScriptAssemblies/Unity.InternalAPIEngineBridge.004.dll --allowed-assembly=/Users/lucas-furini/repos/checkout/unity/CheckoutSimulator/Library/Bee/PlayerScriptAssemblies/Unity.Mathematics.dll --allowed-assembly=/Users/lucas-furini/repos/checkout/unity/CheckoutSimulator/Library/Bee/PlayerScriptAssemblies/Unity.Multiplayer.Center.Common.dll --allowed-assembly=/Users/lucas-furini/repos/checkout/unity/CheckoutSimulator/Library/Bee/PlayerScriptAssemblies/Unity.TextMeshPro.dll --allowed-assembly=/Users/lucas-furini/repos/checkout/unity/CheckoutSimulator/Library/Bee/PlayerScriptAssemblies/UnityEngine.UI.dll --allowed-assembly=/Users/lucas-furini/repos/checkout/unity/CheckoutSimulator/Library/PackageCache/com.unity.nuget.newtonsoft-json@4dfd81071c64/Runtime/AOT/Newtonsoft.Json.dll
*** Tundra requires additional run (1492.91 seconds - 0:24:52), 2875 items updated, 3221 evaluated
*** Additional run caused by: contents change of Library/Bee/artifacts/iOS/ManagedStripped
Starting: /Applications/Unity/Hub/Editor/6000.5.7f1/Unity.app/Contents/Resources/Scripting/netcorerun/netcorerun "/Applications/Unity/Hub/Editor/6000.5.7f1/PlaybackEngines/iOSSupport/iOSPlayerBuildProgram.exe" "/Applications/Unity/Hub/Editor/6000.5.7f1/PlaybackEngines/iOSSupport/Bee:/Applications/Unity/Hub/Editor/6000.5.7f1/Unity.app/Contents/Resources/BuildPipeline" "Library/Bee/Playere5eb183b.dag.json" "Library/Bee/Playere5eb183b-inputdata.json" "Library/Bee/buildprogram0.traceevents"
WorkingDir: /Users/lucas-furini/repos/checkout/unity/CheckoutSimulator
ExitCode: 4 Duration: 29s
ExitCode: 0 Duration: 1s315ms
Starting: /Applications/Unity/Hub/Editor/6000.5.7f1/Unity.app/Contents/Resources/BuildPipeline/bee_backend --ipc --dagfile="Library/Bee/Playere5eb183b.dag" --dagfilejson="Library/Bee/Playere5eb183b.dag.json" --profile="Library/Bee/backend2.traceevents" Player
WorkingDir: /Users/lucas-furini/repos/checkout/unity/CheckoutSimulator
Finished compiling graph: 3222 nodes, 6781 flattened edges (6779 ToBuild, 2 ToUse), maximum node priority 301
[1590/3221  0s] CopyFiles Temp/EditorBuildOutput/UnityLinkerToEditorData.json
[1707/3221  0s] CopyFiles /Users/lucas-furini/repos/checkout/unity/builds/ios/Il2CppOutputProject/Source/il2cppOutput/UnityClassRegistration.cpp
[2963/3221  0s] ExtractUsedFeatures Library/Bee/artifacts/iOS/Features/UnityEngine-FeaturesChecked.txt
[2964/3221  0s] ExtractUsedFeatures Library/Bee/artifacts/iOS/Features/UnityEngine.TextRenderingModule-FeaturesChecked.txt
[2965/3221  0s] ExtractUsedFeatures Library/Bee/artifacts/iOS/Features/Assembly-CSharp-FeaturesChecked.txt
[2966/3221  0s] ICallRegistrationGenerator /Users/lucas-furini/repos/checkout/unity/CheckoutSimulator/Library/Bee/artifacts/iOS/il2cppOutput/UnityICallRegistration.cpp
[2967/3221  0s] CopyFiles /Users/lucas-furini/repos/checkout/unity/builds/ios/Il2CppOutputProject/Source/il2cppOutput/UnityICallRegistration.cpp
[BUSY    1055s] IL2CPP_CodeGen /Users/lucas-furini/repos/checkout/unity/CheckoutSimulator/Library/Bee/artifacts/il2cpp_conv_rs94.traceevents
[W] opendir() failed: /Users/lucas-furini/repos/checkout/unity/CheckoutSimulator/Library/Bee/artifacts/iOS/il2cppOutput/cpp/Symbols
[2968/3221 1058s] IL2CPP_CodeGen /Users/lucas-furini/repos/checkout/unity/CheckoutSimulator/Library/Bee/artifacts/il2cpp_conv_rs94.traceevents
/Applications/Unity/Hub/Editor/6000.5.7f1/Unity.app/Contents/Resources/Scripting/il2cpp/build/deploy/il2cpp --convert-to-cpp --assembly=Library/Bee/artifacts/iOS/ManagedStripped/Assembly-CSharp.dll --assembly=Library/Bee/artifacts/iOS/ManagedStripped/Mono.Security.dll --assembly=Library/Bee/artifacts/iOS/ManagedStripped/mscorlib.dll --assembly=Library/Bee/artifacts/iOS/ManagedStripped/System.Configuration.dll --assembly=Library/Bee/artifacts/iOS/ManagedStripped/System.Core.dll --assembly=Library/Bee/artifacts/iOS/ManagedStripped/System.dll --assembly=Library/Bee/artifacts/iOS/ManagedStripped/System.Runtime.CompilerServices.Unsafe.dll --assembly=Library/Bee/artifacts/iOS/ManagedStripped/System.Xml.dll --assembly=Library/Bee/artifacts/iOS/ManagedStripped/Unity.2D.Tilemap.Extras.dll --assembly=Library/Bee/artifacts/iOS/ManagedStripped/Unity.Scripting.dll --assembly=Library/Bee/artifacts/iOS/ManagedStripped/UnityEngine.AIModule.dll --assembly=Library/Bee/artifacts/iOS/ManagedStripped/UnityEngine.AndroidJNIModule.dll --assembly=Library/Bee/artifacts/iOS/ManagedStripped/UnityEngine.AnimationModule.dll --assembly=Library/Bee/artifacts/iOS/ManagedStripped/UnityEngine.AudioModule.dll --assembly=Library/Bee/artifacts/iOS/ManagedStripped/UnityEngine.ContentLoadModule.dll --assembly=Library/Bee/artifacts/iOS/ManagedStripped/UnityEngine.CoreModule.dll --assembly=Library/Bee/artifacts/iOS/ManagedStripped/UnityEngine.dll --assembly=Library/Bee/artifacts/iOS/ManagedStripped/UnityEngine.GameCenterModule.dll --assembly=Library/Bee/artifacts/iOS/ManagedStripped/UnityEngine.GridModule.dll --assembly=Library/Bee/artifacts/iOS/ManagedStripped/UnityEngine.HierarchyCoreModule.dll --assembly=Library/Bee/artifacts/iOS/ManagedStripped/UnityEngine.ImageConversionModule.dll --assembly=Library/Bee/artifacts/iOS/ManagedStripped/UnityEngine.IMGUIModule.dll --assembly=Library/Bee/artifacts/iOS/ManagedStripped/UnityEngine.InputForUIModule.dll --assembly=Library/Bee/artifacts/iOS/ManagedStripped/UnityEngine.InputLegacyModule.dll --assembly=Library/Bee/artifacts/iOS/ManagedStripped/UnityEngine.JSONSerializeModule.dll --assembly=Library/Bee/artifacts/iOS/ManagedStripped/UnityEngine.ParticleSystemModule.dll --assembly=Library/Bee/artifacts/iOS/ManagedStripped/UnityEngine.Physics2DModule.dll --assembly=Library/Bee/artifacts/iOS/ManagedStripped/UnityEngine.PhysicsCore2DModule.dll --assembly=Library/Bee/artifacts/iOS/ManagedStripped/UnityEngine.PhysicsModule.dll --assembly=Library/Bee/artifacts/iOS/ManagedStripped/UnityEngine.PropertiesModule.dll --assembly=Library/Bee/artifacts/iOS/ManagedStripped/UnityEngine.ScreenCaptureModule.dll --assembly=Library/Bee/artifacts/iOS/ManagedStripped/UnityEngine.ScriptingModule.dll --assembly=Library/Bee/artifacts/iOS/ManagedStripped/UnityEngine.SharedInternalsModule.dll --assembly=Library/Bee/artifacts/iOS/ManagedStripped/UnityEngine.SpriteShapeModule.dll --assembly=Library/Bee/artifacts/iOS/ManagedStripped/UnityEngine.TextCoreFontEngineModule.dll --assembly=Library/Bee/artifacts/iOS/ManagedStripped/UnityEngine.TextCoreTextEngineModule.dll --assembly=Library/Bee/artifacts/iOS/ManagedStripped/UnityEngine.TextRenderingModule.dll --assembly=Library/Bee/artifacts/iOS/ManagedStripped/UnityEngine.TilemapModule.dll --assembly=Library/Bee/artifacts/iOS/ManagedStripped/UnityEngine.UI.dll --assembly=Library/Bee/artifacts/iOS/ManagedStripped/UnityEngine.UIElementsModule.dll --assembly=Library/Bee/artifacts/iOS/ManagedStripped/UnityEngine.UIModule.dll --generatedcppdir=/Users/lucas-furini/repos/checkout/unity/CheckoutSimulator/Library/Bee/artifacts/iOS/il2cppOutput/cpp --symbols-folder=/Users/lucas-furini/repos/checkout/unity/CheckoutSimulator/Library/Bee/artifacts/iOS/il2cppOutput/cpp/Symbols --enable-analytics --emit-null-checks --enable-array-bounds-check --dotnetprofile=unityaot-macos --usymtool-path=/Applications/Unity/Hub/Editor/6000.5.7f1/Unity.app/Contents/Helpers/usymtool --profiler-report --profiler-output-file=/Users/lucas-furini/repos/checkout/unity/CheckoutSimulator/Library/Bee/artifacts/il2cpp_conv_rs94.traceevents --print-command-line --static-lib-il2-cpp --data-folder=/Users/lucas-furini/repos/checkout/unity/CheckoutSimulator/Library/Bee/artifacts/iOS/il2cppOutput/data
[2969/3221  0s] CopyFiles /Users/lucas-furini/repos/checkout/unity/builds/ios/Il2CppOutputProject/Source/il2cppOutput/Il2CppReversePInvokeWrapperTable.cpp
[2970/3221  0s] CopyFiles /Users/lucas-furini/repos/checkout/unity/builds/ios/Il2CppOutputProject/Source/il2cppOutput/UnityEngine.UIElementsModule__10.cpp
[2971/3221  0s] CopyFiles /Users/lucas-furini/repos/checkout/unity/builds/ios/Il2CppOutputProject/Source/il2cppOutput/UnityEngine.AndroidJNIModule_CodeGen.c
[2972/3221  0s] CopyFiles /Users/lucas-furini/repos/checkout/unity/builds/ios/Il2CppOutputProject/Source/il2cppOutput/UnityEngine.ParticleSystemModule.cpp
[2973/3221  0s] CopyFiles /Users/lucas-furini/repos/checkout/unity/builds/ios/Il2CppOutputProject/Source/il2cppOutput/UnityEngine.UIElementsModule__15.cpp
[2974/3221  0s] CopyFiles /Users/lucas-furini/repos/checkout/unity/builds/ios/Il2CppOutputProject/Source/il2cppOutput/UnityEngine.UIElementsModule__14.cpp
[2975/3221  0s] CopyFiles /Users/lucas-furini/repos/checkout/unity/builds/ios/Il2CppOutputProject/Source/il2cppOutput/UnityEngine.UIElementsModule__11.cpp
[2976/3221  0s] CopyFiles /Users/lucas-furini/repos/checkout/unity/builds/ios/Il2CppOutputProject/Source/il2cppOutput/UnityEngine.UIElementsModule__12.cpp
[2977/3221  0s] CopyFiles /Users/lucas-furini/repos/checkout/unity/builds/ios/Il2CppOutputProject/Source/il2cppOutput/UnityEngine.UIElementsModule__13.cpp
[2978/3221  0s] CopyFiles /Users/lucas-furini/repos/checkout/unity/builds/ios/Data/Managed/Metadata/global-metadata.dat
[2979/3221  0s] CopyFiles /Users/lucas-furini/repos/checkout/unity/builds/ios/Il2CppOutputProject/Source/il2cppOutput/UnityEngine.UIElementsModule_CodeGen.c
[2980/3221  0s] CopyFiles /Users/lucas-furini/repos/checkout/unity/builds/ios/Il2CppOutputProject/Source/il2cppOutput/UnityEngine.GameCenterModule_CodeGen.c
[2981/3221  0s] CopyFiles /Users/lucas-furini/repos/checkout/unity/builds/ios/Il2CppOutputProject/Source/il2cppOutput/UnityEngine.InputForUIModule_CodeGen.c
[2982/3221  0s] CopyFiles /Users/lucas-furini/repos/checkout/unity/builds/ios/Il2CppOutputProject/Source/il2cppOutput/Il2CppCodeRegistration.cpp
[2983/3221  0s] CopyFiles /Users/lucas-furini/repos/checkout/unity/builds/ios/Il2CppOutputProject/Source/il2cppOutput/UnityEngine.GridModule.cpp
[2984/3221  0s] CopyFiles /Users/lucas-furini/repos/checkout/unity/builds/ios/Il2CppOutputProject/Source/il2cppOutput/Il2CppCCFieldValuesTable.c
[2985/3221  0s] CopyFiles /Users/lucas-furini/repos/checkout/unity/builds/ios/Il2CppOutputProject/Source/il2cppOutput/UnityEngine.PropertiesModule_CodeGen.c
[2986/3221  0s] CopyFiles /Users/lucas-furini/repos/checkout/unity/builds/ios/Il2CppOutputProject/Source/il2cppOutput/UnityEngine.TextCoreFontEngineModule.cpp
[2987/3221  0s] CopyFiles /Users/lucas-furini/repos/checkout/unity/builds/ios/Il2CppOutputProject/Source/il2cppOutput/UnityEngine.TextCoreTextEngineModule.cpp
[2988/3221  0s] CopyFiles /Users/lucas-furini/repos/checkout/unity/builds/ios/Il2CppOutputProject/Source/il2cppOutput/UnityEngine.TextCoreTextEngineModule__2.cpp
[2989/3221  0s] CopyFiles /Users/lucas-furini/repos/checkout/unity/builds/ios/Il2CppOutputProject/Source/il2cppOutput/UnityEngine.CoreModule.cpp
[2990/3221  0s] CopyFiles /Users/lucas-furini/repos/checkout/unity/builds/ios/Il2CppOutputProject/Source/il2cppOutput/Il2CppGenericMethodTable.c
[2991/3221  0s] CopyFiles /Users/lucas-furini/repos/checkout/unity/builds/ios/Il2CppOutputProject/Source/il2cppOutput/Il2CppInteropDataTable.cpp
[2992/3221  0s] CopyFiles /Users/lucas-furini/repos/checkout/unity/builds/ios/Il2CppOutputProject/Source/il2cppOutput/UnityEngine.TextCoreTextEngineModule__1.cpp
[2993/3221  0s] CopyFiles /Users/lucas-furini/repos/checkout/unity/builds/ios/Il2CppOutputProject/Source/il2cppOutput/UnityEngine.TextCoreTextEngineModule__3.cpp
[2994/3221  0s] CopyFiles /Users/lucas-furini/repos/checkout/unity/builds/ios/Il2CppOutputProject/Source/il2cppOutput/UnityEngine.ImageConversionModule_CodeGen.c
[2995/3221  0s] CopyFiles /Users/lucas-furini/repos/checkout/unity/builds/ios/Il2CppOutputProject/Source/il2cppOutput/UnityEngine.ScriptingModule.cpp
[2996/3221  0s] CopyFiles /Users/lucas-furini/repos/checkout/unity/builds/ios/Il2CppOutputProject/Source/il2cppOutput/UnityEngine.SharedInternalsModule_CodeGen.c
[2997/3221  0s] CopyFiles /Users/lucas-furini/repos/checkout/unity/builds/ios/Il2CppOutputProject/Source/il2cppOutput/UnityEngine.JSONSerializeModule_CodeGen.c
[2998/3221  0s] CopyFiles /Users/lucas-furini/repos/checkout/unity/builds/ios/Il2CppOutputProject/Source/il2cppOutput/UnityEngine.TextRenderingModule_CodeGen.c
[2999/3221  0s] CopyFiles /Users/lucas-furini/repos/checkout/unity/builds/ios/Il2CppOutputProject/Source/il2cppOutput/UnityEngine.Physics2DModule.cpp
[3000/3221  0s] CopyFiles /Users/lucas-furini/repos/checkout/unity/builds/ios/Il2CppOutputProject/Source/il2cppOutput/UnityEngine.ScreenCaptureModule_CodeGen.c
[3001/3221  0s] CopyFiles /Users/lucas-furini/repos/checkout/unity/builds/ios/Il2CppOutputProject/Source/il2cppOutput/UnityEngine.PhysicsCore2DModule_CodeGen.c
[3002/3221  0s] CopyFiles /Users/lucas-furini/repos/checkout/unity/builds/ios/Il2CppOutputProject/Source/il2cppOutput/UnityEngine.HierarchyCoreModule_CodeGen.c
[3003/3221  0s] CopyFiles /Users/lucas-furini/repos/checkout/unity/builds/ios/Il2CppOutputProject/Source/il2cppOutput/Il2CppCCalculateFieldValues1.cpp
[3004/3221  0s] CopyFiles /Users/lucas-furini/repos/checkout/unity/builds/ios/Il2CppOutputProject/Source/il2cppOutput/UnityEngine.AnimationModule.cpp
[3005/3221  0s] CopyFiles /Users/lucas-furini/repos/checkout/unity/builds/ios/Il2CppOutputProject/Source/il2cppOutput/Il2CppCCalculateFieldValues.cpp
[3006/3221  0s] CopyFiles /Users/lucas-furini/repos/checkout/unity/builds/ios/Il2CppOutputProject/Source/il2cppOutput/Il2CppGenericMethodDefinitions.c
[3007/3221  0s] CopyFiles /Users/lucas-furini/repos/checkout/unity/builds/ios/Il2CppOutputProject/Source/il2cppOutput/UnityEngine.AndroidJNIModule.cpp
[3008/3221  0s] CopyFiles /Users/lucas-furini/repos/checkout/unity/builds/ios/Il2CppOutputProject/Source/il2cppOutput/UnityEngine.GridModule_CodeGen.c
[3009/3221  0s] CopyFiles /Users/lucas-furini/repos/checkout/unity/builds/ios/Il2CppOutputProject/Source/il2cppOutput/UnityEngine.SpriteShapeModule.cpp
[3010/3221  0s] CopyFiles /Users/lucas-furini/repos/checkout/unity/builds/ios/Il2CppOutputProject/Source/il2cppOutput/UnityEngine.InputForUIModule.cpp
[3011/3221  0s] CopyFiles /Users/lucas-furini/repos/checkout/unity/builds/ios/Il2CppOutputProject/Source/il2cppOutput/UnityEngine.GameCenterModule.cpp
[3012/3221  0s] CopyFiles /Users/lucas-furini/repos/checkout/unity/builds/ios/Il2CppOutputProject/Source/il2cppOutput/Unity.2D.Tilemap.Extras_CodeGen.c
[3013/3221  0s] CopyFiles /Users/lucas-furini/repos/checkout/unity/builds/ios/Il2CppOutputProject/Source/il2cppOutput/UnityEngine.IMGUIModule_CodeGen.c
[3014/3221  0s] CopyFiles /Users/lucas-furini/repos/checkout/unity/builds/ios/Il2CppOutputProject/Source/il2cppOutput/UnityEngine.AudioModule_CodeGen.c
[3015/3221  0s] CopyFiles /Users/lucas-furini/repos/checkout/unity/builds/ios/Il2CppOutputProject/Source/il2cppOutput/UnityEngine.ContentLoadModule.cpp
[3016/3221  0s] CopyFiles /Users/lucas-furini/repos/checkout/unity/builds/ios/Il2CppOutputProject/Source/il2cppOutput/UnityEngine.PropertiesModule.cpp
[3017/3221  0s] CopyFiles /Users/lucas-furini/repos/checkout/unity/builds/ios/Il2CppOutputProject/Source/il2cppOutput/UnityEngine.UIElementsModule.cpp
[3018/3221  0s] CopyFiles /Users/lucas-furini/repos/checkout/unity/builds/ios/Il2CppOutputProject/Source/il2cppOutput/UnityEngine.InputLegacyModule.cpp
[3019/3221  0s] CopyFiles /Users/lucas-furini/repos/checkout/unity/builds/ios/Il2CppOutputProject/Source/il2cppOutput/UnityEngine.CoreModule_CodeGen.c
[3020/3221  0s] CopyFiles /Users/lucas-furini/repos/checkout/unity/builds/ios/Il2CppOutputProject/Source/il2cppOutput/Il2CppGenericAdjustorThunkTable.c
[3021/3221  0s] CopyFiles /Users/lucas-furini/repos/checkout/unity/builds/ios/Il2CppOutputProject/Source/il2cppOutput/UnityEngine.SpriteShapeModule_CodeGen.c
[3022/3221  0s] CopyFiles /Users/lucas-furini/repos/checkout/unity/builds/ios/Il2CppOutputProject/Source/il2cppOutput/UnityEngine.CoreModule__3.cpp
[3023/3221  0s] CopyFiles /Users/lucas-furini/repos/checkout/unity/builds/ios/Il2CppOutputProject/Source/il2cppOutput/UnityEngine.ContentLoadModule_CodeGen.c
[3024/3221  0s] CopyFiles /Users/lucas-furini/repos/checkout/unity/builds/ios/Il2CppOutputProject/Source/il2cppOutput/UnityEngine.TextCoreFontEngineModule_CodeGen.c
[3025/3221  0s] CopyFiles /Users/lucas-furini/repos/checkout/unity/builds/ios/Il2CppOutputProject/Source/il2cppOutput/UnityEngine.TilemapModule.cpp
[3026/3221  0s] CopyFiles /Users/lucas-furini/repos/checkout/unity/builds/ios/Il2CppOutputProject/Source/il2cppOutput/UnityEngine.CoreModule__1.cpp
[3027/3221  0s] CopyFiles /Users/lucas-furini/repos/checkout/unity/builds/ios/Il2CppOutputProject/Source/il2cppOutput/Il2CppGenericMethodPointerTable.c
[3028/3221  0s] CopyFiles /Users/lucas-furini/repos/checkout/unity/builds/ios/Il2CppOutputProject/Source/il2cppOutput/UnityEngine.CoreModule__2.cpp
[3029/3221  0s] CopyFiles /Users/lucas-furini/repos/checkout/unity/builds/ios/Il2CppOutputProject/Source/il2cppOutput/UnityEngine.TextCoreTextEngineModule_CodeGen.c
[3030/3221  0s] CopyFiles /Users/lucas-furini/repos/checkout/unity/builds/ios/Il2CppOutputProject/Source/il2cppOutput/UnityEngine.InputLegacyModule_CodeGen.c
[3031/3221  0s] CopyFiles /Users/lucas-furini/repos/checkout/unity/builds/ios/Il2CppOutputProject/Source/il2cppOutput/UnityEngine.PhysicsModule.cpp
[3032/3221  0s] CopyFiles /Users/lucas-furini/repos/checkout/unity/builds/ios/Il2CppOutputProject/Source/il2cppOutput/Il2CppGenericInstDefinitions.c
[3033/3221  0s] CopyFiles /Users/lucas-furini/repos/checkout/unity/builds/ios/Il2CppOutputProject/Source/il2cppOutput/System.Configuration_CodeGen.c
[3034/3221  0s] CopyFiles /Users/lucas-furini/repos/checkout/unity/builds/ios/Il2CppOutputProject/Source/il2cppOutput/UnityEngine.UIModule_CodeGen.c
[3035/3221  0s] CopyFiles /Users/lucas-furini/repos/checkout/unity/builds/ios/Il2CppOutputProject/Source/il2cppOutput/UnityEngine.AIModule_CodeGen.c
[3036/3221  0s] CopyFiles /Users/lucas-furini/repos/checkout/unity/builds/ios/Il2CppOutputProject/Source/il2cppOutput/UnityEngine.UIElementsModule__1.cpp
[3037/3221  0s] CopyFiles /Users/lucas-furini/repos/checkout/unity/builds/ios/Il2CppOutputProject/Source/il2cppOutput/UnityEngine.UIElementsModule__2.cpp
[3038/3221  0s] CopyFiles /Users/lucas-furini/repos/checkout/unity/builds/ios/Il2CppOutputProject/Source/il2cppOutput/UnityEngine.UIElementsModule__3.cpp
[3039/3221  0s] CopyFiles /Users/lucas-furini/repos/checkout/unity/builds/ios/Il2CppOutputProject/Source/il2cppOutput/UnityEngine.UIElementsModule__5.cpp
[3040/3221  0s] CopyFiles /Users/lucas-furini/repos/checkout/unity/builds/ios/Il2CppOutputProject/Source/il2cppOutput/Il2CppCCalculateTypeValues.cpp
[3041/3221  0s] CopyFiles /Users/lucas-furini/repos/checkout/unity/builds/ios/Il2CppOutputProject/Source/il2cppOutput/UnityEngine.PhysicsModule_CodeGen.c
[3042/3221  0s] CopyFiles /Users/lucas-furini/repos/checkout/unity/builds/ios/Il2CppOutputProject/Source/il2cppOutput/UnityEngine.TilemapModule_CodeGen.c
[3043/3221  0s] CopyFiles /Users/lucas-furini/repos/checkout/unity/builds/ios/Il2CppOutputProject/Source/il2cppOutput/UnityEngine.SharedInternalsModule.cpp
[3044/3221  0s] CopyFiles /Users/lucas-furini/repos/checkout/unity/builds/ios/Il2CppOutputProject/Source/il2cppOutput/UnityEngine.JSONSerializeModule.cpp
[3045/3221  0s] CopyFiles /Users/lucas-furini/repos/checkout/unity/builds/ios/Il2CppOutputProject/Source/il2cppOutput/UnityEngine.HierarchyCoreModule.cpp
[3046/3221  0s] CopyFiles /Users/lucas-furini/repos/checkout/unity/builds/ios/Il2CppOutputProject/Source/il2cppOutput/UnityEngine.PhysicsCore2DModule.cpp
[3047/3221  0s] CopyFiles /Users/lucas-furini/repos/checkout/unity/builds/ios/Il2CppOutputProject/Source/il2cppOutput/UnityEngine.UIElementsModule__6.cpp
[3048/3221  0s] CopyFiles /Users/lucas-furini/repos/checkout/unity/builds/ios/Il2CppOutputProject/Source/il2cppOutput/UnityEngine.UIElementsModule__9.cpp
[3049/3221  0s] CopyFiles /Users/lucas-furini/repos/checkout/unity/builds/ios/Il2CppOutputProject/Source/il2cppOutput/UnityEngine.ScreenCaptureModule.cpp
[3050/3221  0s] CopyFiles /Users/lucas-furini/repos/checkout/unity/builds/ios/Il2CppOutputProject/Source/il2cppOutput/UnityEngine.TextRenderingModule.cpp
[3051/3221  0s] CopyFiles /Users/lucas-furini/repos/checkout/unity/builds/ios/Il2CppOutputProject/Source/il2cppOutput/UnityEngine.UIElementsModule__8.cpp
[3052/3221  0s] CopyFiles /Users/lucas-furini/repos/checkout/unity/builds/ios/Il2CppOutputProject/Source/il2cppOutput/UnityEngine.UIElementsModule__7.cpp
[3053/3221  0s] CopyFiles /Users/lucas-furini/repos/checkout/unity/builds/ios/Il2CppOutputProject/Source/il2cppOutput/UnityEngine.UIElementsModule__4.cpp
[3054/3221  0s] CopyFiles /Users/lucas-furini/repos/checkout/unity/builds/ios/Il2CppOutputProject/Source/il2cppOutput/UnityEngine.ImageConversionModule.cpp
[3055/3221  0s] CopyFiles /Users/lucas-furini/repos/checkout/unity/builds/ios/Data/Managed/Resources/mscorlib.dll-resources.dat
[3056/3221  0s] CopyFiles /Users/lucas-furini/repos/checkout/unity/builds/ios/Il2CppOutputProject/Source/il2cppOutput/UnityEngine.ScriptingModule_CodeGen.c
[3057/3221  0s] CopyFiles /Users/lucas-furini/repos/checkout/unity/builds/ios/Il2CppOutputProject/Source/il2cppOutput/UnityEngine.AnimationModule_CodeGen.c
[3058/3221  0s] CopyFiles /Users/lucas-furini/repos/checkout/unity/builds/ios/Il2CppOutputProject/Source/il2cppOutput/UnityEngine.IMGUIModule.cpp
[3059/3221  0s] CopyFiles /Users/lucas-furini/repos/checkout/unity/builds/ios/Il2CppOutputProject/Source/il2cppOutput/Il2CppUnresolvedIndirectCallStubs.cpp
[3060/3221  0s] CopyFiles /Users/lucas-furini/repos/checkout/unity/builds/ios/Il2CppOutputProject/Source/il2cppOutput/UnityEngine.Physics2DModule_CodeGen.c
[3061/3221  0s] CopyFiles /Users/lucas-furini/repos/checkout/unity/builds/ios/Il2CppOutputProject/Source/il2cppOutput/Unity.2D.Tilemap.Extras.cpp
[3062/3221  0s] CopyFiles /Users/lucas-furini/repos/checkout/unity/builds/ios/Il2CppOutputProject/Source/il2cppOutput/Il2CppMetadataRegistration.c
[3063/3221  0s] CopyFiles /Users/lucas-furini/repos/checkout/unity/builds/ios/Il2CppOutputProject/Source/il2cppOutput/System.Configuration.cpp
[3064/3221  0s] CopyFiles /Users/lucas-furini/repos/checkout/unity/builds/ios/Il2CppOutputProject/Source/il2cppOutput/UnityEngine.UIModule.cpp
[3065/3221  0s] CopyFiles /Users/lucas-furini/repos/checkout/unity/builds/ios/Il2CppOutputProject/Source/il2cppOutput/UnityEngine.AudioModule.cpp
[3066/3221  0s] CopyFiles /Users/lucas-furini/repos/checkout/unity/builds/ios/Il2CppOutputProject/Source/il2cppOutput/UnityEngine.AIModule.cpp
[3067/3221  0s] CopyFiles /Users/lucas-furini/repos/checkout/unity/builds/ios/Il2CppOutputProject/Source/il2cppOutput/__Generated.cpp
[3068/3221  0s] CopyFiles /Users/lucas-furini/repos/checkout/unity/builds/ios/Il2CppOutputProject/Source/il2cppOutput/System.Core.cpp
[3069/3221  0s] CopyFiles /Users/lucas-furini/repos/checkout/unity/builds/ios/Il2CppOutputProject/Source/il2cppOutput/mscorlib__6.cpp
[3070/3221  0s] CopyFiles /Users/lucas-furini/repos/checkout/unity/builds/ios/Il2CppOutputProject/Source/il2cppOutput/mscorlib__2.cpp
[3071/3221  0s] CopyFiles /Users/lucas-furini/repos/checkout/unity/builds/ios/Il2CppOutputProject/Source/il2cppOutput/Generics__6.cpp
[3072/3221  0s] CopyFiles /Users/lucas-furini/repos/checkout/unity/builds/ios/Il2CppOutputProject/Source/il2cppOutput/mscorlib__5.cpp
[3073/3221  0s] CopyFiles /Users/lucas-furini/repos/checkout/unity/builds/ios/Il2CppOutputProject/Source/il2cppOutput/UnityEngine.cpp
[3074/3221  0s] CopyFiles /Users/lucas-furini/repos/checkout/unity/builds/ios/Il2CppOutputProject/Source/il2cppOutput/Generics__2.cpp
[3075/3221  0s] CopyFiles /Users/lucas-furini/repos/checkout/unity/builds/ios/Il2CppOutputProject/Source/il2cppOutput/mscorlib__8.cpp
[3076/3221  0s] CopyFiles /Users/lucas-furini/repos/checkout/unity/builds/ios/Il2CppOutputProject/Source/il2cppOutput/mscorlib__4.cpp
[3077/3221  0s] CopyFiles /Users/lucas-furini/repos/checkout/unity/builds/ios/Il2CppOutputProject/Source/il2cppOutput/Generics__3.cpp
[3078/3221  0s] CopyFiles /Users/lucas-furini/repos/checkout/unity/builds/ios/Il2CppOutputProject/Source/il2cppOutput/UnityEngine.UI_CodeGen.c
[3079/3221  0s] CopyFiles /Users/lucas-furini/repos/checkout/unity/builds/ios/Il2CppOutputProject/Source/il2cppOutput/Generics__5.cpp
[3080/3221  0s] CopyFiles /Users/lucas-furini/repos/checkout/unity/builds/ios/Il2CppOutputProject/Source/il2cppOutput/Generics__27.cpp
[3081/3221  0s] CopyFiles /Users/lucas-furini/repos/checkout/unity/builds/ios/Il2CppOutputProject/Source/il2cppOutput/mscorlib__7.cpp
[3082/3221  0s] CopyFiles /Users/lucas-furini/repos/checkout/unity/builds/ios/Il2CppOutputProject/Source/il2cppOutput/mscorlib__17.cpp
[3083/3221  0s] CopyFiles /Users/lucas-furini/repos/checkout/unity/builds/ios/Il2CppOutputProject/Source/il2cppOutput/Generics__47.cpp
[3084/3221  0s] CopyFiles /Users/lucas-furini/repos/checkout/unity/builds/ios/Il2CppOutputProject/Source/il2cppOutput/mscorlib__3.cpp
[3085/3221  0s] CopyFiles /Users/lucas-furini/repos/checkout/unity/builds/ios/Il2CppOutputProject/Source/il2cppOutput/Generics__7.cpp
[3086/3221  0s] CopyFiles /Users/lucas-furini/repos/checkout/unity/builds/ios/Il2CppOutputProject/Source/il2cppOutput/Generics__17.cpp
[3087/3221  0s] CopyFiles /Users/lucas-furini/repos/checkout/unity/builds/ios/Il2CppOutputProject/Source/il2cppOutput/mscorlib__9.cpp
[3088/3221  0s] CopyFiles /Users/lucas-furini/repos/checkout/unity/builds/ios/Il2CppOutputProject/Source/il2cppOutput/Generics__37.cpp
[3089/3221  0s] CopyFiles /Users/lucas-furini/repos/checkout/unity/builds/ios/Il2CppOutputProject/Source/il2cppOutput/mscorlib__15.cpp
[3090/3221  0s] CopyFiles /Users/lucas-furini/repos/checkout/unity/builds/ios/Il2CppOutputProject/Source/il2cppOutput/Generics__45.cpp
[3091/3221  0s] CopyFiles /Users/lucas-furini/repos/checkout/unity/builds/ios/Il2CppOutputProject/Source/il2cppOutput/Generics__15.cpp
[3092/3221  0s] CopyFiles /Users/lucas-furini/repos/checkout/unity/builds/ios/Il2CppOutputProject/Source/il2cppOutput/Generics__35.cpp
[3093/3221  0s] CopyFiles /Users/lucas-furini/repos/checkout/unity/builds/ios/Il2CppOutputProject/Source/il2cppOutput/Generics__63.cpp
[3094/3221  0s] CopyFiles /Users/lucas-furini/repos/checkout/unity/builds/ios/Il2CppOutputProject/Source/il2cppOutput/Generics__65.cpp
[3095/3221  0s] CopyFiles /Users/lucas-furini/repos/checkout/unity/builds/ios/Il2CppOutputProject/Source/il2cppOutput/Generics__23.cpp
[3096/3221  0s] CopyFiles /Users/lucas-furini/repos/checkout/unity/builds/ios/Il2CppOutputProject/Source/il2cppOutput/Generics__25.cpp
[3097/3221  0s] CopyFiles /Users/lucas-furini/repos/checkout/unity/builds/ios/Il2CppOutputProject/Source/il2cppOutput/mscorlib__13.cpp
[3098/3221  0s] CopyFiles /Users/lucas-furini/repos/checkout/unity/builds/ios/Il2CppOutputProject/Source/il2cppOutput/Generics__43.cpp
[3099/3221  0s] CopyFiles /Users/lucas-furini/repos/checkout/unity/builds/ios/Il2CppOutputProject/Source/il2cppOutput/Generics__53.cpp
[3100/3221  0s] CopyFiles /Users/lucas-furini/repos/checkout/unity/builds/ios/Il2CppOutputProject/Source/il2cppOutput/Generics__13.cpp
[3101/3221  0s] CopyFiles /Users/lucas-furini/repos/checkout/unity/builds/ios/Il2CppOutputProject/Source/il2cppOutput/Generics__60.cpp
[3102/3221  0s] CopyFiles /Users/lucas-furini/repos/checkout/unity/builds/ios/Il2CppOutputProject/Source/il2cppOutput/Generics__33.cpp
[3103/3221  0s] CopyFiles /Users/lucas-furini/repos/checkout/unity/builds/ios/Il2CppOutputProject/Source/il2cppOutput/Generics__70.cpp
[3104/3221  0s] CopyFiles /Users/lucas-furini/repos/checkout/unity/builds/ios/Il2CppOutputProject/Source/il2cppOutput/Generics__20.cpp
[3105/3221  0s] CopyFiles /Users/lucas-furini/repos/checkout/unity/builds/ios/Il2CppOutputProject/Source/il2cppOutput/Generics__50.cpp
[3106/3221  0s] CopyFiles /Users/lucas-furini/repos/checkout/unity/builds/ios/Il2CppOutputProject/Source/il2cppOutput/Generics__40.cpp
[3107/3221  0s] CopyFiles /Users/lucas-furini/repos/checkout/unity/builds/ios/Il2CppOutputProject/Source/il2cppOutput/Generics__10.cpp
[3108/3221  0s] CopyFiles /Users/lucas-furini/repos/checkout/unity/builds/ios/Il2CppOutputProject/Source/il2cppOutput/mscorlib__10.cpp
[3109/3221  0s] CopyFiles /Users/lucas-furini/repos/checkout/unity/builds/ios/Il2CppOutputProject/Source/il2cppOutput/Generics__57.cpp
[3110/3221  0s] CopyFiles /Users/lucas-furini/repos/checkout/unity/builds/ios/Il2CppOutputProject/Source/il2cppOutput/Generics__8.cpp
[3111/3221  0s] CopyFiles /Users/lucas-furini/repos/checkout/unity/builds/ios/Il2CppOutputProject/Source/il2cppOutput/Generics__9.cpp
[3112/3221  0s] CopyFiles /Users/lucas-furini/repos/checkout/unity/builds/ios/Il2CppOutputProject/Source/il2cppOutput/Generics__1.cpp
[3113/3221  0s] CopyFiles /Users/lucas-furini/repos/checkout/unity/builds/ios/Il2CppOutputProject/Source/il2cppOutput/mscorlib__1.cpp
[3114/3221  0s] CopyFiles /Users/lucas-furini/repos/checkout/unity/builds/ios/Il2CppOutputProject/Source/il2cppOutput/Generics__69.cpp
[3115/3221  0s] CopyFiles /Users/lucas-furini/repos/checkout/unity/builds/ios/Il2CppOutputProject/Source/il2cppOutput/Generics__59.cpp
[3116/3221  0s] CopyFiles /Users/lucas-furini/repos/checkout/unity/builds/ios/Il2CppOutputProject/Source/il2cppOutput/Generics__49.cpp
[3117/3221  0s] CopyFiles /Users/lucas-furini/repos/checkout/unity/builds/ios/Il2CppOutputProject/Source/il2cppOutput/Generics__30.cpp
[3118/3221  0s] CopyFiles /Users/lucas-furini/repos/checkout/unity/builds/ios/Il2CppOutputProject/Source/il2cppOutput/Generics__29.cpp
[3119/3221  0s] CopyFiles /Users/lucas-furini/repos/checkout/unity/builds/ios/Il2CppOutputProject/Source/il2cppOutput/mscorlib__12.cpp
[3120/3221  0s] CopyFiles /Users/lucas-furini/repos/checkout/unity/builds/ios/Il2CppOutputProject/Source/il2cppOutput/Generics__22.cpp
[3121/3221  0s] CopyFiles /Users/lucas-furini/repos/checkout/unity/builds/ios/Il2CppOutputProject/Source/il2cppOutput/Generics__67.cpp
[3122/3221  0s] CopyFiles /Users/lucas-furini/repos/checkout/unity/builds/ios/Il2CppOutputProject/Source/il2cppOutput/Generics__62.cpp
[3123/3221  0s] CopyFiles /Users/lucas-furini/repos/checkout/unity/builds/ios/Il2CppOutputProject/Source/il2cppOutput/Generics__39.cpp
[3124/3221  0s] CopyFiles /Users/lucas-furini/repos/checkout/unity/builds/ios/Il2CppOutputProject/Source/il2cppOutput/Generics__19.cpp
[3125/3221  0s] CopyFiles /Users/lucas-furini/repos/checkout/unity/builds/ios/Il2CppOutputProject/Source/il2cppOutput/Generics__4.cpp
[3126/3221  0s] CopyFiles /Users/lucas-furini/repos/checkout/unity/builds/ios/Il2CppOutputProject/Source/il2cppOutput/Generics__12.cpp
[3127/3221  0s] CopyFiles /Users/lucas-furini/repos/checkout/unity/builds/ios/Il2CppOutputProject/Source/il2cppOutput/Generics__42.cpp
[3128/3221  0s] CopyFiles /Users/lucas-furini/repos/checkout/unity/builds/ios/Il2CppOutputProject/Source/il2cppOutput/Generics__52.cpp
[3129/3221  0s] CopyFiles /Users/lucas-furini/repos/checkout/unity/builds/ios/Il2CppOutputProject/Source/il2cppOutput/Generics__32.cpp
[3130/3221  0s] CopyFiles /Users/lucas-furini/repos/checkout/unity/builds/ios/Il2CppOutputProject/Source/il2cppOutput/Generics__64.cpp
[3131/3221  0s] CopyFiles /Users/lucas-furini/repos/checkout/unity/builds/ios/Il2CppOutputProject/Source/il2cppOutput/Generics__24.cpp
[3132/3221  0s] CopyFiles /Users/lucas-furini/repos/checkout/unity/builds/ios/Il2CppOutputProject/Source/il2cppOutput/Generics__14.cpp
[3133/3221  0s] CopyFiles /Users/lucas-furini/repos/checkout/unity/builds/ios/Il2CppOutputProject/Source/il2cppOutput/mscorlib__14.cpp
[3134/3221  0s] CopyFiles /Users/lucas-furini/repos/checkout/unity/builds/ios/Il2CppOutputProject/Source/il2cppOutput/mscorlib__16.cpp
[3135/3221  0s] CopyFiles /Users/lucas-furini/repos/checkout/unity/builds/ios/Il2CppOutputProject/Source/il2cppOutput/Generics__54.cpp
[3136/3221  0s] CopyFiles /Users/lucas-furini/repos/checkout/unity/builds/ios/Il2CppOutputProject/Source/il2cppOutput/Generics__44.cpp
[3137/3221  0s] CopyFiles /Users/lucas-furini/repos/checkout/unity/builds/ios/Il2CppOutputProject/Source/il2cppOutput/Generics__66.cpp
[3138/3221  0s] CopyFiles /Users/lucas-furini/repos/checkout/unity/builds/ios/Il2CppOutputProject/Source/il2cppOutput/Generics__34.cpp
[3139/3221  0s] CopyFiles /Users/lucas-furini/repos/checkout/unity/builds/ios/Il2CppOutputProject/Source/il2cppOutput/Generics__26.cpp
[3140/3221  0s] CopyFiles /Users/lucas-furini/repos/checkout/unity/builds/ios/Il2CppOutputProject/Source/il2cppOutput/System_CodeGen.c
[3141/3221  0s] CopyFiles /Users/lucas-furini/repos/checkout/unity/builds/ios/Il2CppOutputProject/Source/il2cppOutput/Generics__46.cpp
[3142/3221  0s] CopyFiles /Users/lucas-furini/repos/checkout/unity/builds/ios/Il2CppOutputProject/Source/il2cppOutput/Generics__56.cpp
[3143/3221  0s] CopyFiles /Users/lucas-furini/repos/checkout/unity/builds/ios/Il2CppOutputProject/Source/il2cppOutput/Generics__36.cpp
[3144/3221  0s] CopyFiles /Users/lucas-furini/repos/checkout/unity/builds/ios/Il2CppOutputProject/Source/il2cppOutput/Generics__21.cpp
[3145/3221  0s] CopyFiles /Users/lucas-furini/repos/checkout/unity/builds/ios/Il2CppOutputProject/Source/il2cppOutput/Generics__16.cpp
[3146/3221  0s] CopyFiles /Users/lucas-furini/repos/checkout/unity/builds/ios/Il2CppOutputProject/Source/il2cppOutput/mscorlib__11.cpp
[3147/3221  0s] CopyFiles /Users/lucas-furini/repos/checkout/unity/builds/ios/Il2CppOutputProject/Source/il2cppOutput/Generics__55.cpp
[3148/3221  0s] CopyFiles /Users/lucas-furini/repos/checkout/unity/builds/ios/Il2CppOutputProject/Source/il2cppOutput/Generics__61.cpp
[3149/3221  0s] CopyFiles /Users/lucas-furini/repos/checkout/unity/builds/ios/Il2CppOutputProject/Source/il2cppOutput/mscorlib__18.cpp
[3150/3221  0s] CopyFiles /Users/lucas-furini/repos/checkout/unity/builds/ios/Il2CppOutputProject/Source/il2cppOutput/Generics__41.cpp
[3151/3221  0s] CopyFiles /Users/lucas-furini/repos/checkout/unity/builds/ios/Il2CppOutputProject/Source/il2cppOutput/Generics__11.cpp
[3152/3221  0s] CopyFiles /Users/lucas-furini/repos/checkout/unity/builds/ios/Il2CppOutputProject/Source/il2cppOutput/Generics__51.cpp
[3153/3221  0s] CopyFiles /Users/lucas-furini/repos/checkout/unity/builds/ios/Il2CppOutputProject/Source/il2cppOutput/Generics__68.cpp
[3154/3221  0s] CopyFiles /Users/lucas-furini/repos/checkout/unity/builds/ios/Il2CppOutputProject/Source/il2cppOutput/Generics__28.cpp
[3155/3221  0s] CopyFiles /Users/lucas-furini/repos/checkout/unity/builds/ios/Il2CppOutputProject/Source/il2cppOutput/Generics__31.cpp
[3156/3221  0s] CopyFiles /Users/lucas-furini/repos/checkout/unity/builds/ios/Il2CppOutputProject/Source/il2cppOutput/Generics__48.cpp
[3157/3221  0s] CopyFiles /Users/lucas-furini/repos/checkout/unity/builds/ios/Il2CppOutputProject/Source/il2cppOutput/Generics__18.cpp
[3158/3221  0s] CopyFiles /Users/lucas-furini/repos/checkout/unity/builds/ios/Il2CppOutputProject/Source/il2cppOutput/Generics__38.cpp
[3159/3221  0s] CopyFiles /Users/lucas-furini/repos/checkout/unity/builds/ios/Il2CppOutputProject/Source/il2cppOutput/mscorlib.cpp
[3160/3221  0s] CopyFiles /Users/lucas-furini/repos/checkout/unity/builds/ios/Il2CppOutputProject/Source/il2cppOutput/Il2CppRgctxTable.c
[3161/3221  0s] CopyFiles /Users/lucas-furini/repos/checkout/unity/builds/ios/Il2CppOutputProject/Source/il2cppOutput/Mono.Security.cpp
[3162/3221  0s] CopyFiles /Users/lucas-furini/repos/checkout/unity/builds/ios/Il2CppOutputProject/Source/il2cppOutput/Generics__58.cpp
[3163/3221  0s] CopyFiles /Users/lucas-furini/repos/checkout/unity/builds/ios/Il2CppOutputProject/Source/il2cppOutput/GenericMethods.cpp
[3164/3221  0s] CopyFiles /Users/lucas-furini/repos/checkout/unity/builds/ios/Il2CppOutputProject/Source/il2cppOutput/Generics.cpp
[3165/3221  0s] CopyFiles /Users/lucas-furini/repos/checkout/unity/builds/ios/Il2CppOutputProject/Source/il2cppOutput/GenericMethods__6.cpp
[3166/3221  0s] CopyFiles /Users/lucas-furini/repos/checkout/unity/builds/ios/Il2CppOutputProject/Source/il2cppOutput/UnityEngine.UI.cpp
[3167/3221  0s] CopyFiles /Users/lucas-furini/repos/checkout/unity/builds/ios/Il2CppOutputProject/Source/il2cppOutput/mscorlib_CodeGen.c
[3168/3221  0s] CopyFiles /Users/lucas-furini/repos/checkout/unity/builds/ios/Il2CppOutputProject/Source/il2cppOutput/GenericMethods__9.cpp
[3169/3221  0s] CopyFiles /Users/lucas-furini/repos/checkout/unity/builds/ios/Il2CppOutputProject/Source/il2cppOutput/GenericMethods__4.cpp
[3170/3221  0s] CopyFiles /Users/lucas-furini/repos/checkout/unity/builds/ios/Il2CppOutputProject/Source/il2cppOutput/GenericMethods__5.cpp
[3171/3221  0s] CopyFiles /Users/lucas-furini/repos/checkout/unity/builds/ios/Il2CppOutputProject/Source/il2cppOutput/__Generated_CodeGen.c
[3172/3221  0s] CopyFiles /Users/lucas-furini/repos/checkout/unity/builds/ios/Il2CppOutputProject/Source/il2cppOutput/UnityEngine_CodeGen.c
[3173/3221  0s] CopyFiles /Users/lucas-furini/repos/checkout/unity/builds/ios/Il2CppOutputProject/Source/il2cppOutput/GenericMethods__7.cpp
[3174/3221  0s] CopyFiles /Users/lucas-furini/repos/checkout/unity/builds/ios/Il2CppOutputProject/Source/il2cppOutput/UnityEngine.UI__3.cpp
[3175/3221  0s] CopyFiles /Users/lucas-furini/repos/checkout/unity/builds/ios/Il2CppOutputProject/Source/il2cppOutput/System.Core_CodeGen.c
[3176/3221  0s] CopyFiles /Users/lucas-furini/repos/checkout/unity/builds/ios/Il2CppOutputProject/Source/il2cppOutput/GenericMethods__8.cpp
[3177/3221  0s] CopyFiles /Users/lucas-furini/repos/checkout/unity/builds/ios/Il2CppOutputProject/Source/il2cppOutput/GenericMethods__1.cpp
[3178/3221  0s] CopyFiles /Users/lucas-furini/repos/checkout/unity/builds/ios/Il2CppOutputProject/Source/il2cppOutput/Assembly-CSharp_CodeGen.c
[3179/3221  0s] CopyFiles /Users/lucas-furini/repos/checkout/unity/builds/ios/Il2CppOutputProject/Source/il2cppOutput/GenericMethods__2.cpp
[3180/3221  0s] CopyFiles /Users/lucas-furini/repos/checkout/unity/builds/ios/Il2CppOutputProject/Source/il2cppOutput/GenericMethods__3.cpp
[3181/3221  0s] CopyFiles /Users/lucas-furini/repos/checkout/unity/builds/ios/Il2CppOutputProject/Source/il2cppOutput/UnityEngine.UI__2.cpp
[3182/3221  0s] CopyFiles /Users/lucas-furini/repos/checkout/unity/builds/ios/Il2CppOutputProject/Source/il2cppOutput/UnityEngine.UI__1.cpp
[3183/3221  0s] CopyFiles /Users/lucas-furini/repos/checkout/unity/builds/ios/Il2CppOutputProject/Source/il2cppOutput/Unity.Scripting_CodeGen.c
[3184/3221  0s] CopyFiles /Users/lucas-furini/repos/checkout/unity/builds/ios/Il2CppOutputProject/Source/il2cppOutput/Il2CppMetadataUsage.c
[3185/3221  0s] CopyFiles /Users/lucas-furini/repos/checkout/unity/builds/ios/Il2CppOutputProject/Source/il2cppOutput/Il2CppCCTypeValuesTable.c
[3186/3221  0s] CopyFiles /Users/lucas-furini/repos/checkout/unity/builds/ios/Il2CppOutputProject/Source/il2cppOutput/Il2CppGenericClassTable.c
[3187/3221  0s] CopyFiles /Users/lucas-furini/repos/checkout/unity/builds/ios/Il2CppOutputProject/Source/il2cppOutput/System__2.cpp
[3188/3221  0s] CopyFiles /Users/lucas-furini/repos/checkout/unity/builds/ios/Il2CppOutputProject/Source/il2cppOutput/System__1.cpp
[3189/3221  0s] CopyFiles /Users/lucas-furini/repos/checkout/unity/builds/ios/Il2CppOutputProject/Source/il2cppOutput/Unity.Scripting.cpp
[3190/3221  0s] CopyFiles /Users/lucas-furini/repos/checkout/unity/builds/ios/Il2CppOutputProject/Source/il2cppOutput/Assembly-CSharp__2.cpp
[3191/3221  0s] CopyFiles /Users/lucas-furini/repos/checkout/unity/builds/ios/Il2CppOutputProject/Source/il2cppOutput/Assembly-CSharp__1.cpp
[3192/3221  0s] CopyFiles /Users/lucas-furini/repos/checkout/unity/builds/ios/Il2CppOutputProject/Source/il2cppOutput/Assembly-CSharp.cpp
[3193/3221  0s] CopyFiles /Users/lucas-furini/repos/checkout/unity/builds/ios/Il2CppOutputProject/Source/il2cppOutput/GenericMethods__23.cpp
[3194/3221  0s] CopyFiles /Users/lucas-furini/repos/checkout/unity/builds/ios/Il2CppOutputProject/Source/il2cppOutput/GenericMethods__20.cpp
[3195/3221  0s] CopyFiles /Users/lucas-furini/repos/checkout/unity/builds/ios/Il2CppOutputProject/Source/il2cppOutput/GenericMethods__16.cpp
[3196/3221  0s] CopyFiles /Users/lucas-furini/repos/checkout/unity/builds/ios/Il2CppOutputProject/Source/il2cppOutput/GenericMethods__13.cpp
[3197/3221  0s] CopyFiles /Users/lucas-furini/repos/checkout/unity/builds/ios/Il2CppOutputProject/Source/il2cppOutput/GenericMethods__15.cpp
[3198/3221  0s] CopyFiles /Users/lucas-furini/repos/checkout/unity/builds/ios/Il2CppOutputProject/Source/il2cppOutput/GenericMethods__14.cpp
[3199/3221  0s] CopyFiles /Users/lucas-furini/repos/checkout/unity/builds/ios/Il2CppOutputProject/Source/il2cppOutput/GenericMethods__18.cpp
[3200/3221  0s] CopyFiles /Users/lucas-furini/repos/checkout/unity/builds/ios/Il2CppOutputProject/Source/il2cppOutput/GenericMethods__17.cpp
[3201/3221  0s] CopyFiles /Users/lucas-furini/repos/checkout/unity/builds/ios/Il2CppOutputProject/Source/il2cppOutput/GenericMethods__24.cpp
[3202/3221  0s] CopyFiles /Users/lucas-furini/repos/checkout/unity/builds/ios/Il2CppOutputProject/Source/il2cppOutput/GenericMethods__12.cpp
[3203/3221  0s] CopyFiles /Users/lucas-furini/repos/checkout/unity/builds/ios/Il2CppOutputProject/Source/il2cppOutput/GenericMethods__25.cpp
[3204/3221  0s] CopyFiles /Users/lucas-furini/repos/checkout/unity/builds/ios/Il2CppOutputProject/Source/il2cppOutput/GenericMethods__26.cpp
[3205/3221  0s] CopyFiles /Users/lucas-furini/repos/checkout/unity/builds/ios/Il2CppOutputProject/Source/il2cppOutput/System.Xml_CodeGen.c
[3206/3221  0s] CopyFiles /Users/lucas-furini/repos/checkout/unity/builds/ios/Il2CppOutputProject/Source/il2cppOutput/System.Xml.cpp
[3207/3221  0s] CopyFiles /Users/lucas-furini/repos/checkout/unity/builds/ios/Il2CppOutputProject/Source/il2cppOutput/Mono.Security_CodeGen.c
[3208/3221  0s] CopyFiles /Users/lucas-furini/repos/checkout/unity/builds/ios/Il2CppOutputProject/Source/il2cppOutput/GenericMethods__11.cpp
[3209/3221  0s] CopyFiles /Users/lucas-furini/repos/checkout/unity/builds/ios/Il2CppOutputProject/Source/il2cppOutput/GenericMethods__21.cpp
[3210/3221  0s] CopyFiles /Users/lucas-furini/repos/checkout/unity/builds/ios/Il2CppOutputProject/Source/il2cppOutput/System.Runtime.CompilerServices.Unsafe.cpp
[3211/3221  0s] CopyFiles /Users/lucas-furini/repos/checkout/unity/builds/ios/Il2CppOutputProject/Source/il2cppOutput/System.Runtime.CompilerServices.Unsafe_CodeGen.c
[3212/3221  0s] CopyFiles /Users/lucas-furini/repos/checkout/unity/builds/ios/Il2CppOutputProject/Source/il2cppOutput/UnityEngine.ParticleSystemModule_CodeGen.c
[3213/3221  0s] CopyFiles /Users/lucas-furini/repos/checkout/unity/builds/ios/Il2CppOutputProject/Source/il2cppOutput/GenericMethods__19.cpp
[3214/3221  0s] CopyFiles /Users/lucas-furini/repos/checkout/unity/builds/ios/Il2CppOutputProject/Source/il2cppOutput/GenericMethods__22.cpp
[3215/3221  0s] CopyFiles /Users/lucas-furini/repos/checkout/unity/builds/ios/Il2CppOutputProject/Source/il2cppOutput/GenericMethods__10.cpp
[3216/3221  0s] CopyFiles /Users/lucas-furini/repos/checkout/unity/builds/ios/Il2CppOutputProject/Source/il2cppOutput/System.cpp
[3217/3221  0s] CopyFiles /Users/lucas-furini/repos/checkout/unity/builds/ios/Il2CppOutputProject/Source/il2cppOutput/Il2CppInvokerTable.cpp
[3218/3221  0s] CopyFiles /Users/lucas-furini/repos/checkout/unity/builds/ios/Il2CppOutputProject/Source/il2cppOutput/Il2CppTypeDefinitions.c
*** Tundra requires additional run (1060.24 seconds - 0:17:40), 258 items updated, 3221 evaluated
*** Additional run caused by: timestamp change of Library/Bee/artifacts/iOS/Features/UnityEngine-FeaturesChecked.txt
Starting: /Applications/Unity/Hub/Editor/6000.5.7f1/Unity.app/Contents/Resources/Scripting/netcorerun/netcorerun "/Applications/Unity/Hub/Editor/6000.5.7f1/PlaybackEngines/iOSSupport/iOSPlayerBuildProgram.exe" "/Applications/Unity/Hub/Editor/6000.5.7f1/PlaybackEngines/iOSSupport/Bee:/Applications/Unity/Hub/Editor/6000.5.7f1/Unity.app/Contents/Resources/BuildPipeline" "Library/Bee/Playere5eb183b.dag.json" "Library/Bee/Playere5eb183b-inputdata.json" "Library/Bee/buildprogram1.traceevents"
WorkingDir: /Users/lucas-furini/repos/checkout/unity/CheckoutSimulator
ExitCode: 4 Duration: 5s535ms
ExitCode: 0 Duration: 1s454ms
Starting: /Applications/Unity/Hub/Editor/6000.5.7f1/Unity.app/Contents/Resources/BuildPipeline/bee_backend --ipc --dagfile="Library/Bee/Playere5eb183b.dag" --dagfilejson="Library/Bee/Playere5eb183b.dag.json" --profile="Library/Bee/backend3.traceevents" Player
WorkingDir: /Users/lucas-furini/repos/checkout/unity/CheckoutSimulator
Finished compiling graph: 3222 nodes, 6781 flattened edges (6779 ToBuild, 2 ToUse), maximum node priority 301
[3220/3221  0s] CopyFiles /Users/lucas-furini/repos/checkout/unity/builds/ios/UnityFramework/AppleRequiredReasonCSharpAPIs.txt
*** Tundra build success (1.02 seconds), 1 items updated, 3221 evaluated
ExitCode: 0 Duration: 1s223ms
[Licensing::Client] Successfully resolved entitlement details
Total cache size 268348196
Total cache size after purge 268348196, took 00:00:00.6010067
Refreshing native plugins compatible for Editor in 96.36 ms, found 0 plugins.

-------------------------------------------------------------------------------
Build Report
Uncompressed usage by category (Percentages based on user generated assets only):
Textures               85.9 mb	 55.7% 
Meshes                 58.3 mb	 37.8% 
Animations             9.2 mb	 5.9% 
Sounds                 0.0 kb	 0.0% 
Shaders                177.4 kb	 0.1% 
Other Assets           406.2 kb	 0.3% 
Levels                 150.5 kb	 0.1% 
File headers           14.6 kb	 0.0% 
Total User Assets      154.1 mb	 100.0% 
Complete build size    1.0 gb
Used Assets and files from the Resources folder, sorted by uncompressed size:
 8.0 mb	 0.8% Assets/Art/TerrainTiles/Water.png
 8.0 mb	 0.8% Assets/Art/TerrainTiles/Grass.png
 8.0 mb	 0.8% Assets/Art/TerrainTiles/Road.png
 8.0 mb	 0.8% Assets/Art/Models/MarketWorld.fbx
 5.5 mb	 0.5% Assets/Art/Models/MapModels/StylizedTree/StylizedTree.fbx
 5.3 mb	 0.5% Assets/Art/Models/BakeryDisplay/bakery+display+3d+model_basecolor.jpg
 5.3 mb	 0.5% Assets/Art/Models/BakeryDisplay/bakery+display+3d+model_normal.jpg
 4.0 mb	 0.4% Assets/Art/Textures/MarketAtlas.png
 2.9 mb	 0.3% Assets/Art/Models/MapModels/MarketStructure/MarketStructureFitted.asset
 2.6 mb	 0.3% Assets/Art/Characters/Meshy/Customer_05.fbx
 2.6 mb	 0.3% Assets/Art/Characters/Meshy/Customer_02.fbx
 2.6 mb	 0.2% Assets/Art/Characters/Meshy/Customer_03.fbx
 2.6 mb	 0.2% Assets/Art/Characters/Meshy/Customer_01.fbx
 2.6 mb	 0.2% Assets/Art/Characters/Meshy/Customer_04.fbx
 2.5 mb	 0.2% Assets/Art/Models/MapModels/FlowerPlanter/FlowerPlanter.fbx
 2.4 mb	 0.2% Assets/Art/Models/MapModels/CheeseDisplay/CheeseDisplay.fbx
 2.4 mb	 0.2% Assets/Art/Models/MapModels/MarketStructure/MarketStructure_BaseColor.png
 2.4 mb	 0.2% Assets/Art/Models/MapModels/FishDeliveryTruck/FishDeliveryTruck_BaseColor.png
 2.4 mb	 0.2% Assets/Art/Models/MapModels/CheckoutCounter/CheckoutCounter_BaseColor.png
 2.4 mb	 0.2% Assets/Art/Models/MapModels/StylizedTree/StylizedTree_BaseColor.png
 2.4 mb	 0.2% Assets/Art/Models/MapModels/SeafoodCounter/SeafoodCounter_BaseColor.png
 2.4 mb	 0.2% Assets/Art/Models/MapModels/IceCreamTruck/IceCreamTruck_BaseColor.png
 2.4 mb	 0.2% Assets/Art/Models/MapModels/FlowerPlanter/FlowerPlanter_BaseColor.png
 2.4 mb	 0.2% Assets/Art/Models/MapModels/DisplayShelf/DisplayShelf_BaseColor.png
 2.4 mb	 0.2% Assets/Art/Models/MapModels/DeliveryTruck/DeliveryTruck_BaseColor.png
 2.4 mb	 0.2% Assets/Art/Models/MapModels/CheeseDisplay/CheeseDisplay_BaseColor.png
 2.4 mb	 0.2% Assets/Art/Models/MapModels/ButcherDisplay/ButcherDisplay_BaseColor.png
 2.4 mb	 0.2% Assets/Art/Models/MapModels/WineRack/WineRack_BaseColor.png
 2.4 mb	 0.2% Assets/Art/Models/MapModels/Warehouse/Warehouse_BaseColor.png
 2.4 mb	 0.2% Assets/Art/Characters/Meshy/Workers/Worker_Fishmonger.png
 2.4 mb	 0.2% Assets/Art/Models/MapModels/Cow/Cow_BaseColor.png
 2.4 mb	 0.2% Assets/Art/Characters/Meshy/Workers/Worker_Butcher.png
 2.4 mb	 0.2% Assets/Art/Characters/Meshy/CustomerChild.png
 2.4 mb	 0.2% Assets/Art/Characters/Meshy/Workers/Worker_Baker.png
 2.3 mb	 0.2% Assets/Art/Models/MapModels/Cow/Cow.fbx
 2.3 mb	 0.2% Assets/Art/Models/MapModels/ButcherDisplay/ButcherDisplay.fbx
 2.3 mb	 0.2% Assets/Art/Models/MapModels/EnvironmentWithoutTreesOrPlanters.asset
 2.2 mb	 0.2% Assets/Art/Models/MapModels/SeafoodCounter/SeafoodCounter.fbx
 2.1 mb	 0.2% Assets/Art/Models/MapModels/MarketStructure/MarketStructure.fbx
 2.1 mb	 0.2% Assets/Art/Models/MapModels/CheckoutCounter/CheckoutCounter.fbx
 2.0 mb	 0.2% Assets/Art/Characters/Meshy/Workers/Worker_Fishmonger.fbx
 1.8 mb	 0.2% Assets/Art/Characters/Worker_Stocker.fbx
 1.8 mb	 0.2% Assets/Art/Characters/Worker_Cashier.fbx
 1.8 mb	 0.2% Assets/Art/Characters/Worker_Delivery.fbx
 1.7 mb	 0.2% Assets/Art/Models/BakeryDisplay/BakeryDisplay.fbx
 1.5 mb	 0.1% Assets/Art/Models/MapModels/AccessWithoutPlanters.asset
 1.3 mb	 0.1% Assets/Art/Animals/Chickens/White/Textures/tripo_node_9ce47831-0eff-4795-be8e-d910a13ab399_BaseColor.jpg
 1.3 mb	 0.1% Assets/Art/Animals/Chickens/Brown/Textures/tripo_node_2c6a210e-60ad-4021-b96e-737470b65e6f_BaseColor.jpg
 1.3 mb	 0.1% Assets/Art/Characters/Meshy/Workers/Worker_Baker.fbx
 1.3 mb	 0.1% Assets/Art/Characters/Meshy/Workers/Worker_Butcher.fbx
 1.2 mb	 0.1% Built-in Texture2D: Splash Screen Unity Logo
 1.2 mb	 0.1% Assets/Art/Models/MapModels/SeafoodCounter/ExistingFreezers.asset
 602.6 kb	 0.1% Resources/unity_builtin_extra
 557.4 kb	 0.1% Assets/Art/Models/MapModels/Warehouse/Warehouse.fbx
 554.7 kb	 0.1% Assets/Art/Models/MapModels/WineRack/WineRack.fbx
 529.2 kb	 0.0% Assets/Art/Models/MapModels/DeliveryTruck/DeliveryTruck.fbx
 524.1 kb	 0.0% Assets/Art/Models/MapModels/IceCreamTruck/IceCreamTruck.fbx
 518.4 kb	 0.0% Assets/Art/Models/MapModels/FishDeliveryTruck/FishDeliveryTruck.fbx
 479.6 kb	 0.0% Assets/Art/Models/MapModels/DisplayShelf/DisplayShelf.fbx
 435.7 kb	 0.0% Assets/Art/Models/MapModels/GroceriesWithoutAisleFixtures.asset
 419.6 kb	 0.0% Assets/Art/Animals/Chickens/Brown/ChickenBrown.fbx
 407.8 kb	 0.0% Assets/Art/Animals/Chickens/White/ChickenWhite.fbx
 393.1 kb	 0.0% Assets/Art/TerrainTiles/DeliveryCargo.asset
 270.8 kb	 0.0% Assets/Resources/MarketRegular.ttf
 229.1 kb	 0.0% Assets/Art/TerrainTiles/YardLightLeavesGeometry.asset
 98.4 kb	 0.0% Assets/Art/TerrainTiles/YardLeavesGeometry.asset
 56.9 kb	 0.0% Assets/Art/TerrainTiles/MarketTerrain.shader
 49.0 kb	 0.0% Assets/Resources/CheckoutFredoka.ttf
 41.9 kb	 0.0% Assets/Art/TerrainTiles/RiverbankRiverReedHeadGeometry.asset
 41.9 kb	 0.0% Assets/Art/TerrainTiles/RiverbankRiverReedGeometry.asset
 39.2 kb	 0.0% Assets/Art/TerrainTiles/YardPaintGeometry.asset
 27.8 kb	 0.0% Assets/Resources/MarketBold.ttf
 26.7 kb	 0.0% Assets/Art/TerrainTiles/YardSafetyYellowGeometry.asset
 26.7 kb	 0.0% Assets/Art/MarketToon.shader
 21.2 kb	 0.0% Assets/Art/TerrainTiles/YardPaverJointGeometry.asset
 19.8 kb	 0.0% Assets/Art/TerrainTiles/RiverbankBridgeWoodGeometry.asset
 18.4 kb	 0.0% Assets/Art/TerrainTiles/YardCharcoalGeometry.asset
 14.3 kb	 0.0% Assets/Art/TerrainTiles/RiverbankRiverStoneGeometry.asset
 8.7 kb	 0.0% Assets/Art/TerrainTiles/RiverbankYardPaintGeometry.asset
 6.5 kb	 0.0% Assets/Art/TerrainTiles/CourtyardTile.asset
 6.5 kb	 0.0% Assets/Art/TerrainTiles/WaterTile.asset
 6.5 kb	 0.0% Assets/Art/TerrainTiles/GrassTile.asset
 6.0 kb	 0.0% Assets/Art/TerrainTiles/YardWoodGeometry.asset
 6.0 kb	 0.0% Assets/Art/TerrainTiles/YardCurbGeometry.asset
 4.7 kb	 0.0% Assets/Art/MarketSharpness.shader
 3.2 kb	 0.0% Assets/Art/TerrainTiles/YardPaversGeometry.asset
 3.2 kb	 0.0% Assets/Art/TerrainTiles/YardLampGeometry.asset
 1.8 kb	 0.0% Assets/Art/TerrainTiles/YardPlanterGeometry.asset
 1.8 kb	 0.0% Assets/Art/TerrainTiles/YardSoilGeometry.asset
 1.8 kb	 0.0% Assets/Art/TerrainTiles/BridgeTile.asset
 1.8 kb	 0.0% Assets/Art/TerrainTiles/RoadTile.asset
 1.8 kb	 0.0% Assets/Art/TerrainTiles/PathTile.asset
 0.9 kb	 0.0% Assets/Art/Models/MapModels/FishDeliveryTruck/FishDeliveryTruck.mat
 0.9 kb	 0.0% Assets/Resources/CheckoutSurface.mat
 0.9 kb	 0.0% Assets/Art/TerrainTiles/YardSafetyYellow.mat
 0.9 kb	 0.0% Assets/Art/TerrainTiles/YardPaverJoint.mat
 0.9 kb	 0.0% Assets/Art/TerrainTiles/YardLightLeaves.mat
 0.9 kb	 0.0% Assets/Art/TerrainTiles/RiverReedHead.mat
 0.9 kb	 0.0% Assets/Art/Models/MapModels/SeafoodCounter/SeafoodCounter.mat
 0.9 kb	 0.0% Assets/Art/Models/MapModels/MarketStructure/MarketStructure.mat
 0.9 kb	 0.0% Assets/Art/Models/MapModels/IceCreamTruck/IceCreamTruck.mat
 0.9 kb	 0.0% Assets/Art/Models/MapModels/FlowerPlanter/FlowerPlanter.mat
 0.9 kb	 0.0% Assets/Art/Models/MapModels/DeliveryTruck/DeliveryTruck.mat
 0.9 kb	 0.0% Assets/Art/Models/MapModels/CheeseDisplay/CheeseDisplay.mat
 0.9 kb	 0.0% Assets/Art/Models/MapModels/CheckoutCounter/CheckoutCounter.mat
 0.9 kb	 0.0% Assets/Art/Models/MapModels/ButcherDisplay/ButcherDisplay.mat
 0.9 kb	 0.0% Assets/Art/TerrainTiles/YardPlanter.mat
 0.9 kb	 0.0% Assets/Art/TerrainTiles/YardPavers.mat
 0.9 kb	 0.0% Assets/Art/TerrainTiles/YardPaint.mat
 0.9 kb	 0.0% Assets/Art/TerrainTiles/YardLeaves.mat
 0.9 kb	 0.0% Assets/Art/TerrainTiles/YardCharcoal.mat
 0.9 kb	 0.0% Assets/Art/TerrainTiles/RiverStone.mat
 0.9 kb	 0.0% Assets/Art/TerrainTiles/RiverReed.mat
 0.9 kb	 0.0% Assets/Art/TerrainTiles/BridgeWood.mat
 0.9 kb	 0.0% Assets/Art/Models/MapModels/Warehouse/Warehouse.mat
 0.9 kb	 0.0% Assets/Art/Models/MapModels/StylizedTree/StylizedTree.mat
 0.9 kb	 0.0% Assets/Art/Models/MapModels/DisplayShelf/DisplayShelf.mat
 0.9 kb	 0.0% Assets/Art/TerrainTiles/YardWood.mat
 0.9 kb	 0.0% Assets/Art/TerrainTiles/YardSoil.mat
 0.9 kb	 0.0% Assets/Art/TerrainTiles/YardLamp.mat
 0.9 kb	 0.0% Assets/Art/TerrainTiles/YardCurb.mat
 0.9 kb	 0.0% Assets/Art/Models/MapModels/WineRack/WineRack.mat
 0.9 kb	 0.0% Assets/Art/Models/MapModels/Cow/Cow.mat
 0.4 kb	 0.0% Built-in Sprite: 
 0.3 kb	 0.0% Assets/Art/Materials/Glass.mat
 0.2 kb	 0.0% Assets/Art/TerrainTiles/PaintedTerrain.mat
 0.2 kb	 0.0% Assets/Art/Characters/Meshy/Workers/Worker_Fishmonger.mat
 0.2 kb	 0.0% Assets/Art/Characters/Meshy/Workers/Worker_Butcher.mat
 0.2 kb	 0.0% Assets/Art/Characters/Meshy/CustomerChild.mat
 0.2 kb	 0.0% Assets/Art/Materials/MarketPaint.mat
 0.2 kb	 0.0% Assets/Art/Characters/Meshy/Workers/Worker_Baker.mat
 0.2 kb	 0.0% Assets/Art/Animals/Chickens/White/ChickenWhite.mat
 0.2 kb	 0.0% Assets/Art/Animals/Chickens/Brown/ChickenBrown.mat
 0.2 kb	 0.0% Packages/com.unity.multiplayer.center/Common/IOnboardingSectionAnalyticsProvider.cs
 0.1 kb	 0.0% Packages/com.unity.multiplayer.center/Common/SelectedSolutionsData.cs
 0.1 kb	 0.0% Packages/com.unity.ugui/Runtime/UGUI/EventSystem/UIElements/UIToolkitInteroperabilityBridge.cs
 0.1 kb	 0.0% Packages/com.unity.multiplayer.center/Common/IOnboardingSection.cs
 0.1 kb	 0.0% Packages/com.unity.ugui/Runtime/TMP/TMP_SpriteAssetImportFormats.cs
 0.1 kb	 0.0% Packages/com.unity.multiplayer.center/Common/StyleConstants.cs
 0.1 kb	 0.0% Packages/com.unity.ugui/Runtime/UGUI/UI/Core/Layout/HorizontalOrVerticalLayoutGroup.cs
 0.1 kb	 0.0% Packages/com.unity.ugui/Runtime/TMP/TMP_DynamicFontAssetUtilities.cs
 0.1 kb	 0.0% Packages/com.unity.ai.assistant/Modules/Unity.AI.MCP.Runtime/Serialization/UnityTypeConverters.cs
 0.1 kb	 0.0% Packages/com.unity.2d.tilemap.extras/Runtime/Tiles/RuleOverrideTile/AdvancedRuleOverrideTile.cs
 0.1 kb	 0.0% Packages/com.unity.ugui/Runtime/UGUI/EventSystem/UIElements/WorldDocumentRaycaster.cs
 0.1 kb	 0.0% Packages/com.unity.ugui/Runtime/UGUI/EventSystem/InputModules/StandaloneInputModule.cs
 0.1 kb	 0.0% Packages/com.unity.multiplayer.center/Common/AnswerData.cs
 0.1 kb	 0.0% Packages/com.unity.ugui/Runtime/TMP/TMP_ScrollbarEventHandler.cs
 0.1 kb	 0.0% Packages/com.unity.ugui/Runtime/TMP/TMP_PackageResourceImporter.cs
 0.1 kb	 0.0% Packages/com.unity.ugui/Runtime/InternalBridge/ObjectUtilsBridge.cs
 0.1 kb	 0.0% Packages/com.unity.ugui/Runtime/UGUI/UI/Core/Utility/ReflectionMethodsCache.cs
 0.1 kb	 0.0% Packages/com.unity.ugui/Runtime/UGUI/UI/Core/MultipleDisplayUtilities.cs
 0.1 kb	 0.0% Packages/com.unity.ugui/Runtime/UGUI/UI/Core/Layout/HorizontalLayoutGroup.cs
 0.1 kb	 0.0% Packages/com.unity.ugui/Runtime/UGUI/UI/Core/IGraphicEnabledDisabled.cs
 0.1 kb	 0.0% Packages/com.unity.ugui/Runtime/UGUI/UI/Core/GraphicRebuildTracker.cs
 0.1 kb	 0.0% Packages/com.unity.ugui/Runtime/UGUI/UI/Core/Culling/RectangularVertexClipper.cs
 0.1 kb	 0.0% Packages/com.unity.ugui/Runtime/UGUI/EventSystem/UIElements/PanelEventHandler.cs
 0.1 kb	 0.0% Packages/com.unity.ugui/Runtime/UGUI/EventSystem/Raycasters/Physics2DRaycaster.cs
 0.1 kb	 0.0% Packages/com.unity.ugui/Runtime/UGUI/EventSystem/InputModules/PointerInputModule.cs
 0.1 kb	 0.0% Packages/com.unity.ai.assistant/Modules/Unity.AI.Tracing/TraceSinkConfigManager.cs
 0.1 kb	 0.0% Packages/com.unity.ai.assistant/Modules/Unity.AI.Tracing/TraceConfigFileWriter.cs
 0.1 kb	 0.0% Packages/com.unity.ugui/Runtime/UGUI/UI/Animation/CoroutineTween.cs
 0.1 kb	 0.0% Packages/com.unity.ugui/Runtime/UGUI/EventSystem/EventInterfaces.cs
 0.1 kb	 0.0% Packages/com.unity.ugui/Runtime/TMP/TMPro_ExtensionMethods.cs
 0.1 kb	 0.0% Packages/com.unity.ugui/Runtime/TMP/TMP_TextParsingUtilities.cs
 0.1 kb	 0.0% Packages/com.unity.ugui/Runtime/TMP/TMP_TextElement_Legacy.cs
 0.1 kb	 0.0% Packages/com.unity.ugui/Runtime/TMP/TMP_FontAssetUtilities.cs
 0.1 kb	 0.0% Packages/com.unity.ugui/Runtime/TMP/MaterialReferenceManager.cs
 0.1 kb	 0.0% Packages/com.unity.ugui/Runtime/TMP/FontFeatureCommonGSUB.cs
 0.1 kb	 0.0% Packages/com.unity.ai.assistant/Modules/Unity.AI.Tracing/AssemblyInfo.cs
 0.1 kb	 0.0% Packages/com.unity.2d.tilemap.extras/Runtime/Tiles/RuleOverrideTile/RuleOverrideTile.cs
 0.1 kb	 0.0% Packages/com.unity.2d.tilemap.extras/Runtime/Tiles/IsometricRuleTile/IsometricRuleTile.cs
 0.1 kb	 0.0% Packages/com.unity.2d.tilemap.extras/Runtime/Tiles/HexagonalRuleTile/HexagonalRuleTile.cs
 0.1 kb	 0.0% Packages/com.unity.2d.tilemap.extras/Runtime/GridInformation/GridInformation.cs
 0.1 kb	 0.0% Assets/Scripts/MarketChickenAnimator.cs
 0.1 kb	 0.0% Assets/Scripts/MarketCharacterMotion.cs
 0.1 kb	 0.0% Assets/Scripts/MarketCharacterAnimator.cs
 0.1 kb	 0.0% Packages/com.unity.ugui/Runtime/UGUI/UI/Core/SetPropertyUtility.cs
 0.1 kb	 0.0% Packages/com.unity.ugui/Runtime/UGUI/UI/Core/MaterialModifiers/IMaterialModifier.cs
 0.1 kb	 0.0% Packages/com.unity.ugui/Runtime/UGUI/UI/Core/Layout/VerticalLayoutGroup.cs
 0.1 kb	 0.0% Packages/com.unity.ugui/Runtime/UGUI/UI/Core/Layout/ContentSizeFitter.cs
 0.1 kb	 0.0% Packages/com.unity.ugui/Runtime/UGUI/UI/Core/Layout/AspectRatioFitter.cs
 0.1 kb	 0.0% Packages/com.unity.ugui/Runtime/UGUI/UI/Core/FontUpdateTracker.cs
 0.1 kb	 0.0% Packages/com.unity.ugui/Runtime/UGUI/UI/Core/CanvasUpdateRegistry.cs
 0.1 kb	 0.0% Packages/com.unity.ugui/Runtime/UGUI/UI/Core/AnimationTriggers.cs
 0.1 kb	 0.0% Packages/com.unity.ugui/Runtime/UGUI/EventSystem/UIElements/PanelRaycaster.cs
 0.1 kb	 0.0% Packages/com.unity.ugui/Runtime/UGUI/EventSystem/Raycasters/PhysicsRaycaster.cs
 0.1 kb	 0.0% Packages/com.unity.ugui/Runtime/UGUI/EventSystem/Raycasters/BaseRaycaster.cs
 0.1 kb	 0.0% Packages/com.unity.ugui/Runtime/UGUI/EventSystem/RaycasterManager.cs
 0.1 kb	 0.0% Packages/com.unity.ugui/Runtime/UGUI/EventSystem/RaycastResult.cs
 0.1 kb	 0.0% Packages/com.unity.ugui/Runtime/UGUI/EventSystem/InputModules/TouchInputModule.cs
 0.1 kb	 0.0% Packages/com.unity.ugui/Runtime/UGUI/EventSystem/InputModules/BaseInputModule.cs
 0.1 kb	 0.0% Packages/com.unity.ugui/Runtime/UGUI/EventSystem/ExecuteEvents.cs
 0.1 kb	 0.0% Packages/com.unity.ugui/Runtime/UGUI/EventSystem/EventData/PointerEventData.cs
 0.1 kb	 0.0% Packages/com.unity.ugui/Runtime/UGUI/EventSystem/EventData/BaseEventData.cs
 0.1 kb	 0.0% Packages/com.unity.ugui/Runtime/UGUI/EventSystem/EventData/AxisEventData.cs
 0.1 kb	 0.0% Packages/com.unity.ugui/Runtime/TMP/TMP_TextProcessingStack.cs
 0.1 kb	 0.0% Packages/com.unity.ugui/Runtime/TMP/TMP_FontFeaturesCommon.cs
 0.1 kb	 0.0% Assets/Scripts/Checkout/CheckoutParityPlaytest.cs
 0.1 kb	 0.0% Assets/Scripts/Checkout/CheckoutExpansionPlot.cs
 0.1 kb	 0.0% Assets/Scripts/Checkout/CheckoutEventPlaytest.cs
 0.1 kb	 0.0% Packages/com.unity.ugui/Runtime/TMP/TMPro_EventManager.cs
 0.1 kb	 0.0% Packages/com.unity.ugui/Runtime/TMP/TMP_UpdateRegistery.cs
 0.1 kb	 0.0% Packages/com.unity.ugui/Runtime/TMP/TMP_UpdateManager.cs
 0.1 kb	 0.0% Packages/com.unity.ugui/Runtime/TMP/TMP_TextUtilities.cs
 0.1 kb	 0.0% Packages/com.unity.ugui/Runtime/TMP/TMP_TextProcessingCommon.cs
 0.1 kb	 0.0% Packages/com.unity.ugui/Runtime/TMP/TMP_SpriteCharacter.cs
 0.1 kb	 0.0% Packages/com.unity.ugui/Runtime/TMP/TMP_SpriteAnimator.cs
 0.1 kb	 0.0% Packages/com.unity.ugui/Runtime/TMP/TMP_SelectionCaret.cs
 0.1 kb	 0.0% Packages/com.unity.ugui/Runtime/TMP/TMP_ResourcesManager.cs
 0.1 kb	 0.0% Packages/com.unity.ugui/Runtime/TMP/TMP_MaterialManager.cs
 0.1 kb	 0.0% Packages/com.unity.ugui/Runtime/TMP/TMP_InputValidator.cs
 0.1 kb	 0.0% Packages/com.unity.ugui/Runtime/TMP/TMP_FontFeatureTable.cs
 0.1 kb	 0.0% Packages/com.unity.ugui/Runtime/TMP/TMP_DefaultControls.cs
 0.1 kb	 0.0% Packages/com.unity.ugui/Runtime/TMP/TMP_Compatibility.cs
 0.1 kb	 0.0% Packages/com.unity.ugui/Runtime/TMP/TMP_ColorGradient.cs
 0.1 kb	 0.0% Packages/com.unity.ugui/Runtime/TMP/TMP_CharacterInfo.cs
 0.1 kb	 0.0% Packages/com.unity.ugui/Runtime/TMP/ITextPreProcessor.cs
 0.1 kb	 0.0% Packages/com.unity.ugui/Runtime/TMP/FontFeatureCommonGPOS.cs
 0.1 kb	 0.0% Packages/com.unity.ugui/Runtime/InternalBridge/TMPHelpURL.cs
 0.1 kb	 0.0% Packages/com.unity.2d.tilemap.extras/Runtime/Tiles/AnimatedTile/AnimatedTile.cs
 0.1 kb	 0.0% Assets/Scripts/Terrain/MarketTerrainTile.cs
 0.1 kb	 0.0% Assets/Scripts/Terrain/MarketOutdoorLayout.cs
 0.1 kb	 0.0% Assets/Scripts/MarketAmbientLife.cs
 0.1 kb	 0.0% Packages/com.unity.ugui/Runtime/UGUI/UI/Core/VertexModifiers/PositionAsUV1.cs
 0.1 kb	 0.0% Packages/com.unity.ugui/Runtime/UGUI/UI/Core/VertexModifiers/IMeshModifier.cs
 0.1 kb	 0.0% Packages/com.unity.ugui/Runtime/UGUI/UI/Core/VertexModifiers/BaseMeshEffect.cs
 0.1 kb	 0.0% Packages/com.unity.ugui/Runtime/UGUI/UI/Core/StencilMaterial.cs
 0.1 kb	 0.0% Packages/com.unity.ugui/Runtime/UGUI/UI/Core/RaycastReceiver.cs
 0.1 kb	 0.0% Packages/com.unity.ugui/Runtime/UGUI/UI/Core/MaskableGraphic.cs
 0.1 kb	 0.0% Packages/com.unity.ugui/Runtime/UGUI/UI/Core/MaskUtilities.cs
 0.1 kb	 0.0% Packages/com.unity.ugui/Runtime/UGUI/UI/Core/Layout/LayoutUtility.cs
 0.1 kb	 0.0% Packages/com.unity.ugui/Runtime/UGUI/UI/Core/Layout/LayoutRebuilder.cs
 0.1 kb	 0.0% Packages/com.unity.ugui/Runtime/UGUI/UI/Core/Layout/LayoutElement.cs
 0.1 kb	 0.0% Packages/com.unity.ugui/Runtime/UGUI/UI/Core/Layout/ILayoutElement.cs
 0.1 kb	 0.0% Packages/com.unity.ugui/Runtime/UGUI/UI/Core/Layout/GridLayoutGroup.cs
 0.1 kb	 0.0% Packages/com.unity.ugui/Runtime/UGUI/UI/Core/GraphicRegistry.cs
 0.1 kb	 0.0% Packages/com.unity.ugui/Runtime/UGUI/UI/Core/GraphicRaycaster.cs
 0.1 kb	 0.0% Packages/com.unity.ugui/Runtime/UGUI/UI/Core/DefaultControls.cs
 0.1 kb	 0.0% Packages/com.unity.ugui/Runtime/UGUI/UI/Core/Culling/ClipperRegistry.cs
 0.1 kb	 0.0% Packages/com.unity.ugui/Runtime/UGUI/EventSystem/UIBehaviour.cs
 0.1 kb	 0.0% Packages/com.unity.ugui/Runtime/UGUI/EventSystem/InputModules/BaseInput.cs
 0.1 kb	 0.0% Packages/com.unity.ugui/Runtime/UGUI/EventSystem/EventTrigger.cs
 0.1 kb	 0.0% Packages/com.unity.ugui/Runtime/UGUI/EventSystem/EventSystem.cs
 0.1 kb	 0.0% Packages/com.unity.ugui/Runtime/TMP/TMPro_MeshUtilities.cs
 0.1 kb	 0.0% Packages/com.unity.ugui/Runtime/TMP/TMP_ShaderUtilities.cs
 0.1 kb	 0.0% Packages/com.unity.ugui/Runtime/TMP/TMP_RichTextTagsCommon.cs
 0.1 kb	 0.0% Packages/com.unity.ugui/Runtime/TMP/TMP_FontAssetCommon.cs
 0.1 kb	 0.0% Packages/com.unity.ai.assistant/Modules/Unity.AI.Tracing/TraceCategories.cs
 0.1 kb	 0.0% Assets/Scripts/Checkout/CheckoutStatusMarker.cs
 0.1 kb	 0.0% Assets/Scripts/Checkout/CheckoutEventVisuals.cs
 0.1 kb	 0.0% Assets/Scripts/Checkout/CheckoutEventAssets.cs
 0.1 kb	 0.0% Packages/com.unity.ugui/Runtime/TMP/TextMeshProUGUI.cs
 0.1 kb	 0.0% Packages/com.unity.ugui/Runtime/TMP/TextContainer.cs
 0.1 kb	 0.0% Packages/com.unity.ugui/Runtime/TMP/TMP_TextElement.cs
 0.1 kb	 0.0% Packages/com.unity.ugui/Runtime/TMP/TMP_SubMeshUI.cs
 0.1 kb	 0.0% Packages/com.unity.ugui/Runtime/TMP/TMP_StyleSheet.cs
 0.1 kb	 0.0% Packages/com.unity.ugui/Runtime/TMP/TMP_SpriteGlyph.cs
 0.1 kb	 0.0% Packages/com.unity.ugui/Runtime/TMP/TMP_SpriteAsset.cs
 0.1 kb	 0.0% Packages/com.unity.ugui/Runtime/TMP/TMP_InputField.cs
 0.1 kb	 0.0% Packages/com.unity.ugui/Runtime/TMP/TMP_FontAsset.cs
 0.1 kb	 0.0% Packages/com.unity.ugui/Runtime/TMP/TMP_CoroutineTween.cs
 0.1 kb	 0.0% Packages/com.unity.ugui/Runtime/TMP/TMP_Character.cs
 0.1 kb	 0.0% Packages/com.unity.ai.assistant/Modules/Unity.AI.Tracing/TraceTypes.cs
 0.1 kb	 0.0% Packages/com.unity.2d.tilemap.extras/Runtime/Tiles/AutoTile/AutoTile.cs
 0.1 kb	 0.0% Assets/Scripts/MarketSimulation.cs
 0.1 kb	 0.0% Assets/Scripts/MarketSharpness.cs
 0.1 kb	 0.0% Assets/Scripts/MarketPlaytest.cs
 0.1 kb	 0.0% Assets/Scripts/MarketEconomy.cs
 0.1 kb	 0.0% Assets/Scripts/DepartmentTarget.cs
 0.1 kb	 0.0% Packages/com.unity.ugui/Runtime/UGUI/UI/Core/Utility/VertexHelper.cs
 0.1 kb	 0.0% Packages/com.unity.ugui/Runtime/UGUI/UI/Core/ToggleGroup.cs
 0.1 kb	 0.0% Packages/com.unity.ugui/Runtime/UGUI/UI/Core/SpriteState.cs
 0.1 kb	 0.0% Packages/com.unity.ugui/Runtime/UGUI/UI/Core/Selectable.cs
 0.1 kb	 0.0% Packages/com.unity.ugui/Runtime/UGUI/UI/Core/Scrollbar.cs
 0.1 kb	 0.0% Packages/com.unity.ugui/Runtime/UGUI/UI/Core/ScrollRect.cs
 0.1 kb	 0.0% Packages/com.unity.ugui/Runtime/UGUI/UI/Core/RectMask2D.cs
 0.1 kb	 0.0% Packages/com.unity.ugui/Runtime/UGUI/UI/Core/Navigation.cs
 0.1 kb	 0.0% Packages/com.unity.ugui/Runtime/UGUI/UI/Core/Layout/LayoutGroup.cs
 0.1 kb	 0.0% Packages/com.unity.ugui/Runtime/UGUI/UI/Core/Layout/CanvasScaler.cs
 0.1 kb	 0.0% Packages/com.unity.ugui/Runtime/UGUI/UI/Core/InputField.cs
 0.1 kb	 0.0% Packages/com.unity.ugui/Runtime/UGUI/UI/Core/IMaskable.cs
 0.1 kb	 0.0% Packages/com.unity.ugui/Runtime/UGUI/UI/Core/ColorBlock.cs
 0.1 kb	 0.0% Packages/com.unity.ai.assistant/Modules/Unity.AI.Tracing/TraceWriter.cs
 0.1 kb	 0.0% Packages/com.unity.ai.assistant/Modules/Unity.AI.Tracing/TraceLogger.cs
 0.1 kb	 0.0% Packages/com.unity.ai.assistant/Modules/Unity.AI.Tracing/TraceLogDir.cs
 0.1 kb	 0.0% Assets/Scripts/Checkout/CheckoutWalker.cs
 0.1 kb	 0.0% Assets/Scripts/Checkout/CheckoutBridge.cs
 0.1 kb	 0.0% Packages/com.unity.ugui/Runtime/UGUI/UI/Core/Culling/IClipRegion.cs
 0.1 kb	 0.0% Packages/com.unity.ugui/Runtime/TMP/TextMeshPro.cs
 0.1 kb	 0.0% Packages/com.unity.ugui/Runtime/TMP/TMP_TextInfo.cs
 0.1 kb	 0.0% Packages/com.unity.ugui/Runtime/TMP/TMP_SubMesh.cs
 0.1 kb	 0.0% Packages/com.unity.ugui/Runtime/TMP/TMP_Style.cs
 0.1 kb	 0.0% Packages/com.unity.ugui/Runtime/TMP/TMP_Sprite.cs
 0.1 kb	 0.0% Packages/com.unity.ugui/Runtime/TMP/TMP_Settings.cs
 0.1 kb	 0.0% Packages/com.unity.ugui/Runtime/TMP/TMP_MeshInfo.cs
 0.1 kb	 0.0% Packages/com.unity.ugui/Runtime/TMP/TMP_LineInfo.cs
 0.1 kb	 0.0% Packages/com.unity.ugui/Runtime/TMP/TMP_Dropdown.cs
 0.1 kb	 0.0% Packages/com.unity.ugui/Runtime/TMP/TMP_Asset.cs
 0.1 kb	 0.0% Packages/com.unity.ugui/Runtime/TMP/FastAction.cs
 0.1 kb	 0.0% Packages/com.unity.ai.assistant/Modules/Unity.AI.Tracing/TraceSinks.cs
 0.1 kb	 0.0% Packages/com.unity.2d.tilemap.extras/Runtime/Tiles/RuleTile/RuleTile.cs
 0.1 kb	 0.0% Assets/Scripts/MarketHUD.cs
 0.1 kb	 0.0% Packages/com.unity.ugui/Runtime/UGUI/UI/Core/VertexModifiers/Shadow.cs
 0.1 kb	 0.0% Packages/com.unity.ugui/Runtime/UGUI/UI/Core/VertexModifiers/Outline.cs
 0.1 kb	 0.0% Packages/com.unity.ugui/Runtime/UGUI/UI/Core/Toggle.cs
 0.1 kb	 0.0% Packages/com.unity.ugui/Runtime/UGUI/UI/Core/Slider.cs
 0.1 kb	 0.0% Packages/com.unity.ugui/Runtime/UGUI/UI/Core/RawImage.cs
 0.1 kb	 0.0% Packages/com.unity.ugui/Runtime/UGUI/UI/Core/Image.cs
 0.1 kb	 0.0% Packages/com.unity.ugui/Runtime/UGUI/UI/Core/IMask.cs
 0.1 kb	 0.0% Packages/com.unity.ugui/Runtime/UGUI/UI/Core/Graphic.cs
 0.1 kb	 0.0% Packages/com.unity.ugui/Runtime/UGUI/UI/Core/FontData.cs
 0.1 kb	 0.0% Packages/com.unity.ugui/Runtime/UGUI/UI/Core/Dropdown.cs
 0.1 kb	 0.0% Packages/com.unity.ugui/Runtime/UGUI/UI/Core/Culling/Clipping.cs
 0.1 kb	 0.0% Packages/com.unity.ugui/Runtime/UGUI/UI/Core/Button.cs
 0.1 kb	 0.0% Packages/com.unity.ai.assistant/Modules/Unity.AI.Tracing/Trace.cs
 0.1 kb	 0.0% Assets/Scripts/Checkout/CheckoutSnapshot.cs
 0.1 kb	 0.0% Assets/Scripts/Checkout/CheckoutMap.cs
 0.1 kb	 0.0% Assets/ButtonBehavior.cs
 0.1 kb	 0.0% Packages/com.unity.ugui/Runtime/TMP/TMP_Text.cs
 0.1 kb	 0.0% Packages/com.unity.ugui/Runtime/UGUI/UI/Core/Text.cs
 0.1 kb	 0.0% Packages/com.unity.ugui/Runtime/UGUI/UI/Core/Misc.cs
 0.1 kb	 0.0% Packages/com.unity.ugui/Runtime/UGUI/UI/Core/Mask.cs
-------------------------------------------------------------------------------
Unloading 131 Unused Serialized files (Serialized files now loaded: 0)
Unloading 168 unused Assets / (0.5 MB). Loaded Objects now: 3433.
Memory consumption went from 215.6 MB to 215.1 MB.
Total: 21.882500 ms (FindLiveObjects: 0.273166 ms CreateObjectMapping: 0.170667 ms MarkObjects: 20.305292 ms  DeleteObjects: 1.131667 ms)

Build Finished, Result: Success.
##utp:{"success":true,"type":"PlayerBuildInfo","version":2,"phase":"Immediate","time":1789062085844,"processId":40265,"steps":[{"description":"Preprocess Player","duration":8},{"description":"Prepare For Build","duration":12},{"description":"ProducePlayerScriptAssemblies","duration":1828690},{"description":"Verify Build setup","duration":79},{"description":"Prepare assets for target platform","duration":940342},{"description":"Prepare splash screen","duration":19},{"description":"Build scripts DLLs","duration":12},{"description":"Building scenes","duration":931},{"description":"Build GlobalGameManagers file","duration":82},{"description":"Writing asset files","duration":658},{"description":"Building Resources/unity_builtin_extra","duration":919},{"description":"Write data build dirty tracking information","duration":29},{"description":"Postprocess built player","duration":4521414}],"duration":7293195}
Unloading 0 Unused Serialized files (Serialized files now loaded: 0)
Loaded scene 'Temp/__Backupscenes/0.backup'
	Deserialize:            26.832 ms
	Integration:            4.919 ms
	Integration of assets:  0.009 ms
	Thread Wait Time:       -0.003 ms
	Total Operation Time:   31.758 ms
Unloading 0 unused Assets / (0 B). Loaded Objects now: 3426.
Memory consumption went from 193.7 MB to 193.7 MB.
Total: 20.790625 ms (FindLiveObjects: 0.104542 ms CreateObjectMapping: 0.143875 ms MarkObjects: 20.536625 ms  DeleteObjects: 0.005375 ms)

Launching external process: /Applications/Unity/Hub/Editor/6000.5.7f1/Unity.app/Contents/Resources/Scripting/il2cpp/build/deploy/Analytics
CHECKOUT_VISUAL_BUILD_OK iOS
UnityEngine.Debug:ExtractStackTraceNoAlloc (byte*,int,string)
UnityEngine.StackTraceUtility:ExtractStackTrace () (at /Users/bokken/build/output/unity/unity/Runtime/Export/Scripting/StackTrace.cs:35)
UnityEngine.DebugLogHandler:Internal_Log (UnityEngine.LogType,UnityEngine.LogOption,string,UnityEngine.Object)
UnityEngine.DebugLogHandler:LogFormat (UnityEngine.LogType,UnityEngine.Object,string,object[])
UnityEngine.Logger:Log (UnityEngine.LogType,object)
UnityEngine.Debug:Log (object)
CheckoutVisualBuilder:Build (UnityEditor.BuildTarget,string) (at Assets/Editor/CheckoutVisualBuilder.cs:9)
CheckoutVisualBuilder:IOS () (at Assets/Editor/CheckoutVisualBuilder.cs:8)

(Filename: Assets/Editor/CheckoutVisualBuilder.cs Line: 9)

Thread 0x17a49f000 may have been prematurely finalized
Batchmode quit successfully invoked - shutting down!
Thread 0x17ba93000 may have been prematurely finalized
Input System module state changed to: ShutdownInProgress.
Input Polling Thread exited.
Input System module state changed to: Shutdown.
[Physics::Module] Cleanup current backend.
[Physics::Module] Id: 0xf2b8ea05
[Licensing::IpcConnector] LicenseClient-lucas-furini-6000.5.7-notifications channel disconnected successfully.
[Licensing::IpcConnector] LicenseClient-lucas-furini-6000.5.7 channel disconnected successfully.
Thread 0x16e153000 may have been prematurely finalized
AcceleratorClientConnectionCallback - disconnected - :0
Thread 0x1723ff000 may have been prematurely finalized
Cleanup mono
CodeReloadManager destroyed
info: Microsoft.Hosting.Lifetime[0]
      Application is shutting down...
debugger-agent: Unable to listen on 44
[usbmuxd] Stop listen thread
[usbmuxd] Error: 
[usbmuxd] Listen thread exiting
Exiting batchmode successfully now!
[Package Manager] Server process was shutdown
Shutting down MSBuild server...
Shutting down VB/C# compiler server...
MSBuild server shut down successfully.
VB/C# compiler server shut down successfully.
